{"center": [0.010443230499797004, 0.022578317103821337, 1.0, 56.09372690325155, 0.23678739319465691, 0.23267529646717738, -0.0018131964697049863, 0.05303714083314162, 0.6938867518444964, 0.45537144797188894, 0.0008227420558142295, 0.004693802739227815, 0.007869799704251284, 0.000901179756201298, 17.510000228881836, -0.006670313141271755], "scale": [0.026266108660306722, 0.03649122497145836, 1.0, 23.08360748792596, 0.3481516724964706, 0.3432385110692991, 0.12628839994677954, 0.0281567561196057, 0.4591463962518936, 0.2088146209716797, 0.010612258375278794, 0.02512653567058376, 0.0037320749802053675, 0.009091272416789753, 4.370000839233398, 0.08284527127969754], "features": ["SMA20_dist", "SMA50_dist", "sma_cross", "RSI14", "MACD", "MACD_sig", "MACD_hist", "BB_width", "BB_pos", "ATR14", "ret_1d", "ret_5d", "vol_10d", "spy_ret_1d", "vix_level", "vix_change"]}