{"center": [0.007991199447832682, 0.01731686152524007, 1.0, 53.99142122437678, 0.5000255799379616, 0.5405987084004864, 0.02715713212415266, 0.08143147994609101, 0.5859909723864021, 2.2096561216215624, 0.0009789595140364815, 0.004342939204734497, 0.01352256599267837, 0.0011227628468546413, 17.494999885559082, -0.0067330833557224246], "scale": [0.03750227410860959, 0.05606493220972724, 1.0, 18.9703795518066, 1.6947606185816078, 1.5900208660527395, 0.6736587562688171, 0.06171256855237389, 0.4789412372872953, 0.6724415802022745, 0.01786766520182953, 0.04612085986428052, 0.005102877196127726, 0.009256296312887213, 4.387499809265137, 0.08227740127633695], "features": ["SMA20_dist", "SMA50_dist", "sma_cross", "RSI14", "MACD", "MACD_sig", "MACD_hist", "BB_width", "BB_pos", "ATR14", "ret_1d", "ret_5d", "vol_10d", "spy_ret_1d", "vix_level", "vix_change"]}