week_date,ticker,family,prob_d1,direction_d1,prob_d2,direction_d2,prob_d3,direction_d3,ref_price,actual_d1,actual_d2,actual_d3,correct_d1,correct_d2,correct_d3,validated
2026-06-01,LLY,classico_avancado,0.354,down,0.7217,up,0.7089,up,930.1508286483324,1122.5,1122.5,1122.5,False,True,True,True
2026-06-01,LLY,estado_oculto,0.7462,up,0.8418,up,0.625,up,930.1508286483324,1122.5,1122.5,1122.5,True,True,True,True
2026-06-01,LLY,series_temporais,0.5222,up,0.4955,down,0.546,up,930.1508286483324,1122.5,1122.5,1122.5,True,False,True,True
2026-06-01,LLY,neural_recorrente,0.5254,up,0.5196,up,0.5222,up,930.1508286483324,1122.5,1122.5,1122.5,True,True,True,True
2026-06-01,LLY,neural_atencao,0.5254,up,0.5196,up,0.5222,up,930.1508286483324,1122.5,1122.5,1122.5,True,True,True,True
2026-06-01,LLY,bayesiano,0.582,up,0.7165,up,0.6537,up,930.1508286483324,1122.5,1122.5,1122.5,True,True,True,True
2026-06-01,LLY,generativo,0.5926,up,0.6273,up,0.57,up,930.1508286483324,1122.5,1122.5,1122.5,True,True,True,True
2026-06-01,LLY,reinforcement,0.7413,up,0.7607,up,0.7374,up,930.1508286483324,1122.5,1122.5,1122.5,True,True,True,True
2026-06-01,NVDA,classico_avancado,0.4092,down,0.8057,up,0.6483,up,192.8374144327742,207.4100036621093,207.4100036621093,207.4100036621093,False,True,True,True
2026-06-01,NVDA,estado_oculto,0.2617,down,0.3675,down,0.1423,down,192.8374144327742,207.4100036621093,207.4100036621093,207.4100036621093,False,False,False,True
2026-06-01,NVDA,series_temporais,0.5593,up,0.5551,up,0.5485,up,192.8374144327742,207.4100036621093,207.4100036621093,207.4100036621093,True,True,True,True
2026-06-01,NVDA,neural_recorrente,0.5536,up,0.5589,up,0.5618,up,192.8374144327742,207.4100036621093,207.4100036621093,207.4100036621093,True,True,True,True
2026-06-01,NVDA,neural_atencao,0.5536,up,0.5589,up,0.5618,up,192.8374144327742,207.4100036621093,207.4100036621093,207.4100036621093,True,True,True,True
2026-06-01,NVDA,bayesiano,0.4895,down,0.6468,up,0.471,down,192.8374144327742,207.4100036621093,207.4100036621093,207.4100036621093,False,True,False,True
2026-06-01,NVDA,generativo,0.547,up,0.5956,up,0.5515,up,192.8374144327742,207.4100036621093,207.4100036621093,207.4100036621093,True,True,True,True
2026-06-01,NVDA,reinforcement,0.7472,up,0.247,down,0.2381,down,192.8374144327742,207.4100036621093,207.4100036621093,207.4100036621093,True,False,False,True
2026-06-01,ALV.DE,classico_avancado,0.3241,down,0.4118,down,0.4037,down,374.8999938964844,399.2999877929688,399.2999877929688,399.2999877929688,False,False,False,True
2026-06-01,ALV.DE,estado_oculto,0.2795,down,0.1923,down,0.4119,down,374.8999938964844,399.2999877929688,399.2999877929688,399.2999877929688,False,False,False,True
2026-06-01,ALV.DE,series_temporais,0.5788,up,0.633,up,0.6684,up,374.8999938964844,399.2999877929688,399.2999877929688,399.2999877929688,True,True,True,True
2026-06-01,ALV.DE,neural_recorrente,0.5629,up,0.6169,up,0.6328,up,374.8999938964844,399.2999877929688,399.2999877929688,399.2999877929688,True,True,True,True
2026-06-01,ALV.DE,neural_atencao,0.5629,up,0.6169,up,0.6328,up,374.8999938964844,399.2999877929688,399.2999877929688,399.2999877929688,True,True,True,True
2026-06-01,ALV.DE,bayesiano,0.3496,down,0.5413,up,0.5133,up,374.8999938964844,399.2999877929688,399.2999877929688,399.2999877929688,False,True,True,True
2026-06-01,ALV.DE,generativo,0.5137,up,0.5036,up,0.5033,up,374.8999938964844,399.2999877929688,399.2999877929688,399.2999877929688,True,True,True,True
2026-06-01,ALV.DE,reinforcement,0.2662,down,0.2445,down,0.7086,up,374.8999938964844,399.2999877929688,399.2999877929688,399.2999877929688,False,False,True,True
2026-06-01,BTC-USD,classico_avancado,0.6303,up,0.5822,up,0.4894,down,61125.91906900399,65436.0,65436.0,65436.0,True,True,False,True
2026-06-01,BTC-USD,estado_oculto,0.7618,up,0.8398,up,0.6357,up,61125.91906900399,65436.0,65436.0,65436.0,True,True,True,True
2026-06-01,BTC-USD,series_temporais,0.5172,up,0.5267,up,0.5245,up,61125.91906900399,65436.0,65436.0,65436.0,True,True,True,True
2026-06-01,BTC-USD,neural_recorrente,0.5026,up,0.5086,up,0.5122,up,61125.91906900399,65436.0,65436.0,65436.0,True,True,True,True
2026-06-01,BTC-USD,neural_atencao,0.5026,up,0.5086,up,0.5122,up,61125.91906900399,65436.0,65436.0,65436.0,True,True,True,True
2026-06-01,BTC-USD,bayesiano,0.5611,up,0.5911,up,0.5675,up,61125.91906900399,65436.0,65436.0,65436.0,True,True,True,True
2026-06-01,BTC-USD,generativo,0.5638,up,0.5538,up,0.5543,up,61125.91906900399,65436.0,65436.0,65436.0,True,True,True,True
2026-06-01,BTC-USD,reinforcement,0.275,down,0.2738,down,0.27,down,61125.91906900399,65436.0,65436.0,65436.0,False,False,False,True
2026-06-01,BABA,classico_avancado,0.4305,down,0.2223,down,0.1315,down,107.78129790663196,110.97000122070312,110.97000122070312,110.97000122070312,False,False,False,True
2026-06-01,BABA,estado_oculto,0.74,up,0.6688,up,0.6201,up,107.78129790663196,110.97000122070312,110.97000122070312,110.97000122070312,True,True,True,True
2026-06-01,BABA,series_temporais,0.4926,down,0.5242,up,0.5289,up,107.78129790663196,110.97000122070312,110.97000122070312,110.97000122070312,False,True,True,True
2026-06-01,BABA,neural_recorrente,0.4829,down,0.5016,up,0.5095,up,107.78129790663196,110.97000122070312,110.97000122070312,110.97000122070312,False,True,True,True
2026-06-01,BABA,neural_atencao,0.4829,down,0.5016,up,0.5095,up,107.78129790663196,110.97000122070312,110.97000122070312,110.97000122070312,False,True,True,True
2026-06-01,BABA,bayesiano,0.4453,down,0.3922,down,0.1914,down,107.78129790663196,110.97000122070312,110.97000122070312,110.97000122070312,False,False,False,True
2026-06-01,BABA,generativo,0.4938,down,0.5226,up,0.5109,up,107.78129790663196,110.97000122070312,110.97000122070312,110.97000122070312,False,True,True,True
2026-06-01,BABA,reinforcement,0.2695,down,0.2622,down,0.2321,down,107.78129790663196,110.97000122070312,110.97000122070312,110.97000122070312,False,False,False,True
2026-06-17,LLY,classico_avancado,0.7253,up,0.7014,up,0.7697,up,1122.5,1229.9300537109375,1229.9300537109375,1229.9300537109375,True,True,True,True
2026-06-17,LLY,estado_oculto,0.2808,down,0.8418,up,0.8871,up,1122.5,1229.9300537109375,1229.9300537109375,1229.9300537109375,False,True,True,True
2026-06-17,LLY,series_temporais,0.512,up,0.4968,down,0.5034,up,1122.5,1229.9300537109375,1229.9300537109375,1229.9300537109375,True,False,True,True
2026-06-17,LLY,neural_recorrente,0.525,up,0.5162,up,0.5235,up,1122.5,1229.9300537109375,1229.9300537109375,1229.9300537109375,True,True,True,True
2026-06-17,LLY,neural_atencao,0.525,up,0.5162,up,0.5235,up,1122.5,1229.9300537109375,1229.9300537109375,1229.9300537109375,True,True,True,True
2026-06-17,LLY,bayesiano,0.6852,up,0.6907,up,0.7762,up,1122.5,1229.9300537109375,1229.9300537109375,1229.9300537109375,True,True,True,True
2026-06-17,LLY,generativo,0.5965,up,0.5,up,0.5151,up,1122.5,1229.9300537109375,1229.9300537109375,1229.9300537109375,True,True,True,True
2026-06-17,LLY,reinforcement,0.2615,down,0.7334,up,0.7473,up,1122.5,1229.9300537109375,1229.9300537109375,1229.9300537109375,False,True,True,True
2026-06-17,LLY,contrarian,0.4676,down,0.5191,up,0.5773,up,1122.5,1229.9300537109375,1229.9300537109375,1229.9300537109375,False,True,True,True
2026-06-17,LLY,eficiente,0.525,up,0.5162,up,0.5235,up,1122.5,1229.9300537109375,1229.9300537109375,1229.9300537109375,True,True,True,True
2026-06-17,LLY,foundation,0.4667,down,0.4108,down,0.349,down,1122.5,1229.9300537109375,1229.9300537109375,1229.9300537109375,False,False,False,True
2026-06-17,LLY,conformal,0.9326,up,0.675,up,0.6322,up,1122.5,1229.9300537109375,1229.9300537109375,1229.9300537109375,True,True,True,True
2026-06-17,LLY,drift,0.5029,up,0.503,up,0.5046,up,1122.5,1229.9300537109375,1229.9300537109375,1229.9300537109375,True,True,True,True
2026-06-17,NVDA,classico_avancado,0.4379,down,0.3757,down,0.5201,up,207.4100036621093,194.97000122070312,194.97000122070312,194.97000122070312,True,True,False,True
2026-06-17,NVDA,estado_oculto,0.2875,down,0.3667,down,0.64,up,207.4100036621093,194.97000122070312,194.97000122070312,194.97000122070312,True,True,False,True
2026-06-17,NVDA,series_temporais,0.5405,up,0.5447,up,0.5452,up,207.4100036621093,194.97000122070312,194.97000122070312,194.97000122070312,False,False,False,True
2026-06-17,NVDA,neural_recorrente,0.5552,up,0.5515,up,0.5563,up,207.4100036621093,194.97000122070312,194.97000122070312,194.97000122070312,False,False,False,True
2026-06-17,NVDA,neural_atencao,0.5552,up,0.5515,up,0.5563,up,207.4100036621093,194.97000122070312,194.97000122070312,194.97000122070312,False,False,False,True
2026-06-17,NVDA,bayesiano,0.4847,down,0.5495,up,0.553,up,207.4100036621093,194.97000122070312,194.97000122070312,194.97000122070312,True,False,False,True
2026-06-17,NVDA,generativo,0.5696,up,0.6235,up,0.6044,up,207.4100036621093,194.97000122070312,194.97000122070312,194.97000122070312,False,False,False,True
2026-06-17,NVDA,reinforcement,0.2713,down,0.7107,up,0.7728,up,207.4100036621093,194.97000122070312,194.97000122070312,194.97000122070312,True,False,False,True
2026-06-17,NVDA,contrarian,0.5013,up,0.3758,down,0.3034,down,207.4100036621093,194.97000122070312,194.97000122070312,194.97000122070312,False,True,True,True
2026-06-17,NVDA,eficiente,0.5552,up,0.5515,up,0.5563,up,207.4100036621093,194.97000122070312,194.97000122070312,194.97000122070312,False,False,False,True
2026-06-17,NVDA,foundation,0.3868,down,0.651,up,0.6876,up,207.4100036621093,194.97000122070312,194.97000122070312,194.97000122070312,True,False,False,True
2026-06-17,NVDA,conformal,0.6747,up,0.7879,up,0.7531,up,207.4100036621093,194.97000122070312,194.97000122070312,194.97000122070312,False,False,False,True
2026-06-17,NVDA,drift,0.5065,up,0.5081,up,0.5126,up,207.4100036621093,194.97000122070312,194.97000122070312,194.97000122070312,False,False,False,True
2026-06-17,ALV.DE,classico_avancado,0.6509,up,0.6334,up,0.723,up,399.2999877929688,407.8999938964844,407.8999938964844,407.8999938964844,True,True,True,True
2026-06-17,ALV.DE,estado_oculto,0.7814,up,,down,0.9086,up,399.2999877929688,407.8999938964844,407.8999938964844,407.8999938964844,True,False,True,True
2026-06-17,ALV.DE,series_temporais,0.5588,up,0.6195,up,0.6368,up,399.2999877929688,407.8999938964844,407.8999938964844,407.8999938964844,True,True,True,True
2026-06-17,ALV.DE,neural_recorrente,0.5638,up,0.6086,up,0.6233,up,399.2999877929688,407.8999938964844,407.8999938964844,407.8999938964844,True,True,True,True
2026-06-17,ALV.DE,neural_atencao,0.5638,up,0.6086,up,0.6233,up,399.2999877929688,407.8999938964844,407.8999938964844,407.8999938964844,True,True,True,True
2026-06-17,ALV.DE,bayesiano,0.5952,up,0.3887,down,0.4785,down,399.2999877929688,407.8999938964844,407.8999938964844,407.8999938964844,True,False,False,True
2026-06-17,ALV.DE,generativo,0.5,up,0.5,up,0.5,up,399.2999877929688,407.8999938964844,407.8999938964844,407.8999938964844,True,True,True,True
2026-06-17,ALV.DE,reinforcement,0.7775,up,0.7144,up,0.2305,down,399.2999877929688,407.8999938964844,407.8999938964844,407.8999938964844,True,True,False,True
2026-06-17,ALV.DE,contrarian,0.4996,down,0.5552,up,0.5914,up,399.2999877929688,407.8999938964844,407.8999938964844,407.8999938964844,False,True,True,True
2026-06-17,ALV.DE,eficiente,0.5638,up,0.6086,up,0.6233,up,399.2999877929688,407.8999938964844,407.8999938964844,407.8999938964844,True,True,True,True
2026-06-17,ALV.DE,foundation,0.4592,down,0.539,up,0.5822,up,399.2999877929688,407.8999938964844,407.8999938964844,407.8999938964844,False,True,True,True
2026-06-17,ALV.DE,conformal,0.5875,up,0.7308,up,0.7414,up,399.2999877929688,407.8999938964844,407.8999938964844,407.8999938964844,True,True,True,True
2026-06-17,ALV.DE,drift,0.5026,up,0.5055,up,0.5068,up,399.2999877929688,407.8999938964844,407.8999938964844,407.8999938964844,True,True,True,True
2026-06-17,BTC-USD,classico_avancado,0.6566,up,0.7932,up,0.8227,up,65436.0,60122.6484375,60122.6484375,60122.6484375,False,False,False,True
2026-06-17,BTC-USD,estado_oculto,0.2435,down,0.3413,down,0.1378,down,65436.0,60122.6484375,60122.6484375,60122.6484375,True,True,True,True
2026-06-17,BTC-USD,series_temporais,0.5159,up,0.533,up,0.535,up,65436.0,60122.6484375,60122.6484375,60122.6484375,False,False,False,True
2026-06-17,BTC-USD,neural_recorrente,0.5052,up,0.5135,up,0.5184,up,65436.0,60122.6484375,60122.6484375,60122.6484375,False,False,False,True
2026-06-17,BTC-USD,neural_atencao,0.5052,up,0.5135,up,0.5184,up,65436.0,60122.6484375,60122.6484375,60122.6484375,False,False,False,True
2026-06-17,BTC-USD,bayesiano,0.6507,up,0.655,up,0.6344,up,65436.0,60122.6484375,60122.6484375,60122.6484375,False,False,False,True
2026-06-17,BTC-USD,generativo,0.5756,up,0.4948,down,0.5764,up,65436.0,60122.6484375,60122.6484375,60122.6484375,False,True,False,True
2026-06-17,BTC-USD,reinforcement,0.2332,down,0.2561,down,0.2652,down,65436.0,60122.6484375,60122.6484375,60122.6484375,True,True,True,True
2026-06-17,BTC-USD,contrarian,0.4736,down,0.4927,down,0.5445,up,65436.0,60122.6484375,60122.6484375,60122.6484375,True,True,False,True
2026-06-17,BTC-USD,eficiente,0.5052,up,0.5135,up,0.5184,up,65436.0,60122.6484375,60122.6484375,60122.6484375,False,False,False,True
2026-06-17,BTC-USD,foundation,0.5368,up,0.509,up,0.429,down,65436.0,60122.6484375,60122.6484375,60122.6484375,False,False,True,True
2026-06-17,BTC-USD,conformal,0.7317,up,0.9077,up,0.7405,up,65436.0,60122.6484375,60122.6484375,60122.6484375,False,False,False,True
2026-06-17,BTC-USD,drift,0.5026,up,0.5199,up,0.5034,up,65436.0,60122.6484375,60122.6484375,60122.6484375,False,False,False,True
2026-06-17,BABA,classico_avancado,0.4067,down,0.5713,up,0.5321,up,110.97000122070312,95.51000213623048,95.51000213623048,95.51000213623048,True,False,False,True
2026-06-17,BABA,estado_oculto,0.2336,down,0.3333,down,0.1178,down,110.97000122070312,95.51000213623048,95.51000213623048,95.51000213623048,True,True,True,True
2026-06-17,BABA,series_temporais,0.4902,down,0.5235,up,0.5335,up,110.97000122070312,95.51000213623048,95.51000213623048,95.51000213623048,True,False,False,True
2026-06-17,BABA,neural_recorrente,0.4742,down,0.4951,down,0.5016,up,110.97000122070312,95.51000213623048,95.51000213623048,95.51000213623048,True,True,False,True
2026-06-17,BABA,neural_atencao,0.4742,down,0.4951,down,0.5016,up,110.97000122070312,95.51000213623048,95.51000213623048,95.51000213623048,True,True,False,True
2026-06-17,BABA,bayesiano,0.3978,down,0.5459,up,0.517,up,110.97000122070312,95.51000213623048,95.51000213623048,95.51000213623048,True,False,False,True
2026-06-17,BABA,generativo,0.5875,up,0.517,up,0.5853,up,110.97000122070312,95.51000213623048,95.51000213623048,95.51000213623048,False,False,False,True
2026-06-17,BABA,reinforcement,0.2612,down,0.2569,down,0.2599,down,110.97000122070312,95.51000213623048,95.51000213623048,95.51000213623048,True,True,True,True
2026-06-17,BABA,contrarian,0.5129,up,0.4006,down,0.4077,down,110.97000122070312,95.51000213623048,95.51000213623048,95.51000213623048,False,True,True,True
2026-06-17,BABA,eficiente,0.4742,down,0.4951,down,0.5016,up,110.97000122070312,95.51000213623048,95.51000213623048,95.51000213623048,True,True,False,True
2026-06-17,BABA,foundation,0.6495,up,0.4634,down,0.6677,up,110.97000122070312,95.51000213623048,95.51000213623048,95.51000213623048,False,True,False,True
2026-06-17,BABA,conformal,0.913,up,0.9247,up,0.989,up,110.97000122070312,95.51000213623048,95.51000213623048,95.51000213623048,False,False,False,True
2026-06-17,BABA,drift,0.4841,down,0.5009,up,0.5005,up,110.97000122070312,95.51000213623048,95.51000213623048,95.51000213623048,True,False,False,True
2026-06-30,LLY,classico_avancado,0.5028,up,0.7281,up,0.6261,up,1229.9300537109375,1199.4300537109375,1199.4300537109375,1199.4300537109375,False,False,False,True
2026-06-30,LLY,estado_oculto,0.7808,up,0.8408,up,0.8839,up,1229.9300537109375,1199.4300537109375,1199.4300537109375,1199.4300537109375,False,False,False,True
2026-06-30,LLY,series_temporais,0.5462,up,0.4889,down,0.5335,up,1229.9300537109375,1199.4300537109375,1199.4300537109375,1199.4300537109375,False,True,False,True
2026-06-30,LLY,neural_recorrente,0.5307,up,0.518,up,0.527,up,1229.9300537109375,1199.4300537109375,1199.4300537109375,1199.4300537109375,False,False,False,True
2026-06-30,LLY,neural_atencao,0.5307,up,0.518,up,0.527,up,1229.9300537109375,1199.4300537109375,1199.4300537109375,1199.4300537109375,False,False,False,True
2026-06-30,LLY,bayesiano,0.6617,up,0.7654,up,0.7792,up,1229.9300537109375,1199.4300537109375,1199.4300537109375,1199.4300537109375,False,False,False,True
2026-06-30,LLY,generativo,0.7091,up,0.5,up,0.5,up,1229.9300537109375,1199.4300537109375,1199.4300537109375,1199.4300537109375,False,False,False,True
2026-06-30,LLY,reinforcement,0.2359,down,0.7454,up,0.2278,down,1229.9300537109375,1199.4300537109375,1199.4300537109375,1199.4300537109375,True,False,True,True
2026-06-30,LLY,contrarian,0.4988,down,0.4405,down,0.4064,down,1229.9300537109375,1199.4300537109375,1199.4300537109375,1199.4300537109375,True,True,True,True
2026-06-30,LLY,eficiente,0.5307,up,0.518,up,0.527,up,1229.9300537109375,1199.4300537109375,1199.4300537109375,1199.4300537109375,False,False,False,True
2026-06-30,LLY,foundation,0.4871,down,0.5787,up,0.5514,up,1229.9300537109375,1199.4300537109375,1199.4300537109375,1199.4300537109375,True,False,False,True
2026-06-30,LLY,conformal,0.9884,up,0.2917,down,0.5644,up,1229.9300537109375,1199.4300537109375,1199.4300537109375,1199.4300537109375,False,True,False,True
2026-06-30,LLY,drift,0.5035,up,0.5029,up,0.5027,up,1229.9300537109375,1199.4300537109375,1199.4300537109375,1199.4300537109375,False,False,False,True
2026-06-30,NVDA,classico_avancado,0.6092,up,0.7391,up,0.6977,up,194.97000122070312,200.08999633789065,200.08999633789065,200.08999633789065,True,True,True,True
2026-06-30,NVDA,estado_oculto,0.2636,down,0.1692,down,0.1411,down,194.97000122070312,200.08999633789065,200.08999633789065,200.08999633789065,False,False,False,True
2026-06-30,NVDA,series_temporais,0.5417,up,0.5585,up,0.5639,up,194.97000122070312,200.08999633789065,200.08999633789065,200.08999633789065,True,True,True,True
2026-06-30,NVDA,neural_recorrente,0.5517,up,0.5533,up,0.5567,up,194.97000122070312,200.08999633789065,200.08999633789065,200.08999633789065,True,True,True,True
2026-06-30,NVDA,neural_atencao,0.5517,up,0.5533,up,0.5567,up,194.97000122070312,200.08999633789065,200.08999633789065,200.08999633789065,True,True,True,True
2026-06-30,NVDA,bayesiano,0.6123,up,0.5048,up,0.5203,up,194.97000122070312,200.08999633789065,200.08999633789065,200.08999633789065,True,True,True,True
2026-06-30,NVDA,generativo,0.6212,up,0.5652,up,0.5912,up,194.97000122070312,200.08999633789065,200.08999633789065,200.08999633789065,True,True,True,True
2026-06-30,NVDA,reinforcement,0.2346,down,0.731,up,0.2635,down,194.97000122070312,200.08999633789065,200.08999633789065,200.08999633789065,False,True,False,True
2026-06-30,NVDA,contrarian,0.4913,down,0.3727,down,0.3533,down,194.97000122070312,200.08999633789065,200.08999633789065,200.08999633789065,False,False,False,True
2026-06-30,NVDA,eficiente,0.5517,up,0.5533,up,0.5567,up,194.97000122070312,200.08999633789065,200.08999633789065,200.08999633789065,True,True,True,True
2026-06-30,NVDA,foundation,0.7011,up,0.6189,up,0.6045,up,194.97000122070312,200.08999633789065,200.08999633789065,200.08999633789065,True,True,True,True
2026-06-30,NVDA,conformal,0.9205,up,0.8247,up,0.9647,up,194.97000122070312,200.08999633789065,200.08999633789065,200.08999633789065,True,True,True,True
2026-06-30,NVDA,drift,0.5026,up,0.5057,up,0.5132,up,194.97000122070312,200.08999633789065,200.08999633789065,200.08999633789065,True,True,True,True
2026-06-30,ALV.DE,classico_avancado,0.5244,up,0.5208,up,0.7602,up,407.8999938964844,408.7999877929688,408.7999877929688,408.7999877929688,True,True,True,True
2026-06-30,ALV.DE,estado_oculto,0.7795,up,0.6849,up,0.9108,up,407.8999938964844,408.7999877929688,408.7999877929688,408.7999877929688,True,True,True,True
2026-06-30,ALV.DE,series_temporais,0.5693,up,0.6218,up,0.6167,up,407.8999938964844,408.7999877929688,408.7999877929688,408.7999877929688,True,True,True,True
2026-06-30,ALV.DE,neural_recorrente,0.5666,up,0.6086,up,0.6242,up,407.8999938964844,408.7999877929688,408.7999877929688,408.7999877929688,True,True,True,True
2026-06-30,ALV.DE,neural_atencao,0.5666,up,0.6086,up,0.6242,up,407.8999938964844,408.7999877929688,408.7999877929688,408.7999877929688,True,True,True,True
2026-06-30,ALV.DE,bayesiano,0.5946,up,0.6316,up,0.6571,up,407.8999938964844,408.7999877929688,408.7999877929688,408.7999877929688,True,True,True,True
2026-06-30,ALV.DE,generativo,0.4655,down,0.5423,up,0.4898,down,407.8999938964844,408.7999877929688,408.7999877929688,408.7999877929688,False,True,False,True
2026-06-30,ALV.DE,reinforcement,0.7317,up,0.7725,up,0.7644,up,407.8999938964844,408.7999877929688,408.7999877929688,408.7999877929688,True,True,True,True
2026-06-30,ALV.DE,contrarian,0.5263,up,0.5969,up,0.5599,up,407.8999938964844,408.7999877929688,408.7999877929688,408.7999877929688,True,True,True,True
2026-06-30,ALV.DE,eficiente,0.5666,up,0.6086,up,0.6242,up,407.8999938964844,408.7999877929688,408.7999877929688,408.7999877929688,True,True,True,True
2026-06-30,ALV.DE,foundation,0.4277,down,0.489,down,0.4161,down,407.8999938964844,408.7999877929688,408.7999877929688,408.7999877929688,False,False,False,True
2026-06-30,ALV.DE,conformal,0.1461,down,0.1154,down,0.2632,down,407.8999938964844,408.7999877929688,408.7999877929688,408.7999877929688,False,False,False,True
2026-06-30,ALV.DE,drift,0.4249,down,0.4228,down,0.5022,up,407.8999938964844,408.7999877929688,408.7999877929688,408.7999877929688,False,False,True,True
2026-06-30,BTC-USD,classico_avancado,0.4754,down,0.6024,up,0.3651,down,60122.6484375,58539.48828125,58539.48828125,58539.48828125,True,False,True,True
2026-06-30,BTC-USD,estado_oculto,0.2579,down,0.1641,down,0.1325,down,60122.6484375,58539.48828125,58539.48828125,58539.48828125,True,True,True,True
2026-06-30,BTC-USD,series_temporais,0.5171,up,0.534,up,0.5316,up,60122.6484375,58539.48828125,58539.48828125,58539.48828125,False,False,False,True
2026-06-30,BTC-USD,neural_recorrente,0.5026,up,0.5099,up,0.5098,up,60122.6484375,58539.48828125,58539.48828125,58539.48828125,False,False,False,True
2026-06-30,BTC-USD,neural_atencao,0.5026,up,0.5099,up,0.5098,up,60122.6484375,58539.48828125,58539.48828125,58539.48828125,False,False,False,True
2026-06-30,BTC-USD,bayesiano,0.4857,down,0.3873,down,0.4427,down,60122.6484375,58539.48828125,58539.48828125,58539.48828125,True,True,True,True
2026-06-30,BTC-USD,generativo,0.6068,up,0.5586,up,0.5403,up,60122.6484375,58539.48828125,58539.48828125,58539.48828125,False,False,False,True
2026-06-30,BTC-USD,reinforcement,0.267,down,0.2445,down,0.2791,down,60122.6484375,58539.48828125,58539.48828125,58539.48828125,True,True,True,True
2026-06-30,BTC-USD,contrarian,0.5031,up,0.5511,up,0.3791,down,60122.6484375,58539.48828125,58539.48828125,58539.48828125,False,False,True,True
2026-06-30,BTC-USD,eficiente,0.5026,up,0.5099,up,0.5098,up,60122.6484375,58539.48828125,58539.48828125,58539.48828125,False,False,False,True
2026-06-30,BTC-USD,foundation,0.4351,down,0.4732,down,0.4398,down,60122.6484375,58539.48828125,58539.48828125,58539.48828125,True,True,True,True
2026-06-30,BTC-USD,conformal,0.5034,up,0.6471,up,0.5615,up,60122.6484375,58539.48828125,58539.48828125,58539.48828125,False,False,False,True
2026-06-30,BTC-USD,drift,0.5003,up,0.501,up,0.5002,up,60122.6484375,58539.48828125,58539.48828125,58539.48828125,False,False,False,True
2026-06-30,BABA,classico_avancado,0.3602,down,0.5403,up,0.4237,down,95.51000213623048,95.9800033569336,95.9800033569336,95.9800033569336,False,True,False,True
2026-06-30,BABA,estado_oculto,0.724,up,0.6522,up,0.6121,up,95.51000213623048,95.9800033569336,95.9800033569336,95.9800033569336,True,True,True,True
2026-06-30,BABA,series_temporais,0.4797,down,0.5124,up,0.5057,up,95.51000213623048,95.9800033569336,95.9800033569336,95.9800033569336,False,True,True,True
2026-06-30,BABA,neural_recorrente,0.4655,down,0.4791,down,0.4796,down,95.51000213623048,95.9800033569336,95.9800033569336,95.9800033569336,False,False,False,True
2026-06-30,BABA,neural_atencao,0.4655,down,0.4791,down,0.4796,down,95.51000213623048,95.9800033569336,95.9800033569336,95.9800033569336,False,False,False,True
2026-06-30,BABA,bayesiano,0.3228,down,0.3955,down,0.4118,down,95.51000213623048,95.9800033569336,95.9800033569336,95.9800033569336,False,False,False,True
2026-06-30,BABA,generativo,0.5704,up,0.6343,up,0.5505,up,95.51000213623048,95.9800033569336,95.9800033569336,95.9800033569336,True,True,True,True
2026-06-30,BABA,reinforcement,0.2529,down,0.7287,up,0.2558,down,95.51000213623048,95.9800033569336,95.9800033569336,95.9800033569336,False,True,False,True
2026-06-30,BABA,contrarian,0.4916,down,0.3992,down,0.3522,down,95.51000213623048,95.9800033569336,95.9800033569336,95.9800033569336,False,False,False,True
2026-06-30,BABA,eficiente,0.4655,down,0.4791,down,0.4796,down,95.51000213623048,95.9800033569336,95.9800033569336,95.9800033569336,False,False,False,True
2026-06-30,BABA,foundation,0.4937,down,0.5694,up,0.4697,down,95.51000213623048,95.9800033569336,95.9800033569336,95.9800033569336,False,True,False,True
2026-06-30,BABA,conformal,0.9451,up,0.9684,up,0.97,up,95.51000213623048,95.9800033569336,95.9800033569336,95.9800033569336,True,True,True,True
2026-06-30,BABA,drift,0.5105,up,0.4999,down,0.5004,up,95.51000213623048,95.9800033569336,95.9800033569336,95.9800033569336,True,False,True,True
2026-07-01,LLY,classico_avancado,0.4391,down,0.7281,up,0.5078,up,1199.4300537109375,1191.739990234375,1191.739990234375,1191.739990234375,True,False,False,True
2026-07-01,LLY,estado_oculto,0.7808,up,0.8408,up,0.8839,up,1199.4300537109375,1191.739990234375,1191.739990234375,1191.739990234375,False,False,False,True
2026-07-01,LLY,series_temporais,0.5462,up,0.4889,down,0.5335,up,1199.4300537109375,1191.739990234375,1191.739990234375,1191.739990234375,False,True,False,True
2026-07-01,LLY,neural_recorrente,0.5307,up,0.518,up,0.527,up,1199.4300537109375,1191.739990234375,1191.739990234375,1191.739990234375,False,False,False,True
2026-07-01,LLY,neural_atencao,0.5307,up,0.518,up,0.527,up,1199.4300537109375,1191.739990234375,1191.739990234375,1191.739990234375,False,False,False,True
2026-07-01,LLY,bayesiano,0.5802,up,0.7767,up,0.7677,up,1199.4300537109375,1191.739990234375,1191.739990234375,1191.739990234375,False,False,False,True
2026-07-01,LLY,generativo,0.6856,up,0.5,up,0.5,up,1199.4300537109375,1191.739990234375,1191.739990234375,1191.739990234375,False,False,False,True
2026-07-01,LLY,reinforcement,0.2337,down,0.7454,up,0.2212,down,1199.4300537109375,1191.739990234375,1191.739990234375,1191.739990234375,True,False,True,True
2026-07-01,LLY,contrarian,0.4963,down,0.4405,down,0.4028,down,1199.4300537109375,1191.739990234375,1191.739990234375,1191.739990234375,True,True,True,True
2026-07-01,LLY,eficiente,0.5307,up,0.518,up,0.527,up,1199.4300537109375,1191.739990234375,1191.739990234375,1191.739990234375,False,False,False,True
2026-07-01,LLY,foundation,0.6205,up,0.562,up,0.5514,up,1199.4300537109375,1191.739990234375,1191.739990234375,1191.739990234375,False,False,False,True
2026-07-01,LLY,conformal,0.977,up,0.2917,down,0.6162,up,1199.4300537109375,1191.739990234375,1191.739990234375,1191.739990234375,False,True,False,True
2026-07-01,LLY,drift,0.5086,up,0.5029,up,0.5024,up,1199.4300537109375,1191.739990234375,1191.739990234375,1191.739990234375,False,False,False,True
2026-07-01,NVDA,classico_avancado,0.6831,up,0.7415,up,0.7931,up,200.08999633789065,197.5800018310547,197.5800018310547,197.5800018310547,False,False,False,True
2026-07-01,NVDA,estado_oculto,0.2844,down,0.1692,down,0.1411,down,200.08999633789065,197.5800018310547,197.5800018310547,197.5800018310547,True,True,True,True
2026-07-01,NVDA,series_temporais,0.5417,up,0.5585,up,0.5639,up,200.08999633789065,197.5800018310547,197.5800018310547,197.5800018310547,False,False,False,True
2026-07-01,NVDA,neural_recorrente,0.5517,up,0.5533,up,0.5567,up,200.08999633789065,197.5800018310547,197.5800018310547,197.5800018310547,False,False,False,True
2026-07-01,NVDA,neural_atencao,0.5517,up,0.5533,up,0.5567,up,200.08999633789065,197.5800018310547,197.5800018310547,197.5800018310547,False,False,False,True
2026-07-01,NVDA,bayesiano,0.5346,up,0.6181,up,0.6013,up,200.08999633789065,197.5800018310547,197.5800018310547,197.5800018310547,False,False,False,True
2026-07-01,NVDA,generativo,0.604,up,0.5293,up,0.5914,up,200.08999633789065,197.5800018310547,197.5800018310547,197.5800018310547,False,False,False,True
2026-07-01,NVDA,reinforcement,0.249,down,0.7444,up,0.2623,down,200.08999633789065,197.5800018310547,197.5800018310547,197.5800018310547,True,False,True,True
2026-07-01,NVDA,contrarian,0.4748,down,0.3702,down,0.3175,down,200.08999633789065,197.5800018310547,197.5800018310547,197.5800018310547,True,True,True,True
2026-07-01,NVDA,eficiente,0.5517,up,0.5533,up,0.5567,up,200.08999633789065,197.5800018310547,197.5800018310547,197.5800018310547,False,False,False,True
2026-07-01,NVDA,foundation,0.7011,up,0.7022,up,0.7045,up,200.08999633789065,197.5800018310547,197.5800018310547,197.5800018310547,False,False,False,True
2026-07-01,NVDA,conformal,0.9535,up,0.6337,up,0.9647,up,200.08999633789065,197.5800018310547,197.5800018310547,197.5800018310547,False,False,False,True
2026-07-01,NVDA,drift,0.5049,up,0.5046,up,0.5163,up,200.08999633789065,197.5800018310547,197.5800018310547,197.5800018310547,False,False,False,True
2026-07-01,ALV.DE,classico_avancado,0.5244,up,0.5208,up,0.2531,down,408.7999877929688,414.1000061035156,414.1000061035156,414.1000061035156,True,True,False,True
2026-07-01,ALV.DE,estado_oculto,0.7795,up,0.6849,up,0.6473,up,408.7999877929688,414.1000061035156,414.1000061035156,414.1000061035156,True,True,True,True
2026-07-01,ALV.DE,series_temporais,0.5693,up,0.6218,up,0.6167,up,408.7999877929688,414.1000061035156,414.1000061035156,414.1000061035156,True,True,True,True
2026-07-01,ALV.DE,neural_recorrente,0.5666,up,0.6086,up,0.6242,up,408.7999877929688,414.1000061035156,414.1000061035156,414.1000061035156,True,True,True,True
2026-07-01,ALV.DE,neural_atencao,0.5666,up,0.6086,up,0.6242,up,408.7999877929688,414.1000061035156,414.1000061035156,414.1000061035156,True,True,True,True
2026-07-01,ALV.DE,bayesiano,0.556,up,0.6673,up,0.4477,down,408.7999877929688,414.1000061035156,414.1000061035156,414.1000061035156,True,True,False,True
2026-07-01,ALV.DE,generativo,0.4655,down,0.5423,up,0.5351,up,408.7999877929688,414.1000061035156,414.1000061035156,414.1000061035156,False,True,True,True
2026-07-01,ALV.DE,reinforcement,0.7317,up,0.7725,up,0.7769,up,408.7999877929688,414.1000061035156,414.1000061035156,414.1000061035156,True,True,True,True
2026-07-01,ALV.DE,contrarian,0.5263,up,0.5969,up,0.65,up,408.7999877929688,414.1000061035156,414.1000061035156,414.1000061035156,True,True,True,True
2026-07-01,ALV.DE,eficiente,0.5666,up,0.6086,up,0.6242,up,408.7999877929688,414.1000061035156,414.1000061035156,414.1000061035156,True,True,True,True
2026-07-01,ALV.DE,foundation,0.3944,down,0.539,up,0.4161,down,408.7999877929688,414.1000061035156,414.1000061035156,414.1000061035156,False,True,False,True
2026-07-01,ALV.DE,conformal,0.1461,down,0.1154,down,0.0972,down,408.7999877929688,414.1000061035156,414.1000061035156,414.1000061035156,False,False,False,True
2026-07-01,ALV.DE,drift,0.4249,down,0.4228,down,0.4833,down,408.7999877929688,414.1000061035156,414.1000061035156,414.1000061035156,False,False,False,True
2026-07-01,BTC-USD,classico_avancado,0.6448,up,0.7909,up,0.6977,up,58539.48828125,59873.76171875,59873.76171875,59873.76171875,True,True,True,True
2026-07-01,BTC-USD,estado_oculto,0.2435,down,0.1641,down,0.1325,down,58539.48828125,59873.76171875,59873.76171875,59873.76171875,False,False,False,True
2026-07-01,BTC-USD,series_temporais,0.5171,up,0.534,up,0.5316,up,58539.48828125,59873.76171875,59873.76171875,59873.76171875,True,True,True,True
2026-07-01,BTC-USD,neural_recorrente,0.5026,up,0.5099,up,0.5098,up,58539.48828125,59873.76171875,59873.76171875,59873.76171875,True,True,True,True
2026-07-01,BTC-USD,neural_atencao,0.5026,up,0.5099,up,0.5098,up,58539.48828125,59873.76171875,59873.76171875,59873.76171875,True,True,True,True
2026-07-01,BTC-USD,bayesiano,0.4706,down,0.5449,up,0.6184,up,58539.48828125,59873.76171875,59873.76171875,59873.76171875,False,True,True,True
2026-07-01,BTC-USD,generativo,0.5951,up,0.5231,up,0.5752,up,58539.48828125,59873.76171875,59873.76171875,59873.76171875,True,True,True,True
2026-07-01,BTC-USD,reinforcement,0.2586,down,0.2392,down,0.266,down,58539.48828125,59873.76171875,59873.76171875,59873.76171875,False,False,False,True
2026-07-01,BTC-USD,contrarian,0.4664,down,0.4937,down,0.3241,down,58539.48828125,59873.76171875,59873.76171875,59873.76171875,False,False,False,True
2026-07-01,BTC-USD,eficiente,0.5026,up,0.5099,up,0.5098,up,58539.48828125,59873.76171875,59873.76171875,59873.76171875,True,True,True,True
2026-07-01,BTC-USD,foundation,0.6184,up,0.6232,up,0.6232,up,58539.48828125,59873.76171875,59873.76171875,59873.76171875,True,True,True,True
2026-07-01,BTC-USD,conformal,0.9339,up,0.9084,up,0.8444,up,58539.48828125,59873.76171875,59873.76171875,59873.76171875,True,True,True,True
2026-07-01,BTC-USD,drift,0.5014,up,0.5185,up,0.5032,up,58539.48828125,59873.76171875,59873.76171875,59873.76171875,True,True,True,True
2026-07-01,BABA,classico_avancado,0.3602,down,0.5403,up,0.4237,down,95.9800033569336,97.98999786376952,97.98999786376952,97.98999786376952,False,True,False,True
2026-07-01,BABA,estado_oculto,0.724,up,0.6522,up,0.6121,up,95.9800033569336,97.98999786376952,97.98999786376952,97.98999786376952,True,True,True,True
2026-07-01,BABA,series_temporais,0.4797,down,0.5124,up,0.5057,up,95.9800033569336,97.98999786376952,97.98999786376952,97.98999786376952,False,True,True,True
2026-07-01,BABA,neural_recorrente,0.4655,down,0.4791,down,0.4796,down,95.9800033569336,97.98999786376952,97.98999786376952,97.98999786376952,False,False,False,True
2026-07-01,BABA,neural_atencao,0.4655,down,0.4791,down,0.4796,down,95.9800033569336,97.98999786376952,97.98999786376952,97.98999786376952,False,False,False,True
2026-07-01,BABA,bayesiano,0.3042,down,0.3813,down,0.396,down,95.9800033569336,97.98999786376952,97.98999786376952,97.98999786376952,False,False,False,True
2026-07-01,BABA,generativo,0.5704,up,0.6343,up,0.5505,up,95.9800033569336,97.98999786376952,97.98999786376952,97.98999786376952,True,True,True,True
2026-07-01,BABA,reinforcement,0.2529,down,0.7287,up,0.2558,down,95.9800033569336,97.98999786376952,97.98999786376952,97.98999786376952,False,True,False,True
2026-07-01,BABA,contrarian,0.4916,down,0.3992,down,0.3522,down,95.9800033569336,97.98999786376952,97.98999786376952,97.98999786376952,False,False,False,True
2026-07-01,BABA,eficiente,0.4655,down,0.4791,down,0.4796,down,95.9800033569336,97.98999786376952,97.98999786376952,97.98999786376952,False,False,False,True
2026-07-01,BABA,foundation,0.5437,up,0.6027,up,0.5531,up,95.9800033569336,97.98999786376952,97.98999786376952,97.98999786376952,True,True,True,True
2026-07-01,BABA,conformal,0.9451,up,0.9684,up,0.97,up,95.9800033569336,97.98999786376952,97.98999786376952,97.98999786376952,True,True,True,True
2026-07-01,BABA,drift,0.5105,up,0.4999,down,0.5004,up,95.9800033569336,97.98999786376952,97.98999786376952,97.98999786376952,True,False,True,True
2026-07-02,LLY,classico_avancado,0.4391,down,0.5334,up,0.5078,up,1191.739990234375,1213.9100341796875,1213.9100341796875,1213.9100341796875,False,True,True,True
2026-07-02,LLY,estado_oculto,0.7808,up,0.8408,up,0.8839,up,1191.739990234375,1213.9100341796875,1213.9100341796875,1213.9100341796875,True,True,True,True
2026-07-02,LLY,series_temporais,0.5462,up,0.4889,down,0.5335,up,1191.739990234375,1213.9100341796875,1213.9100341796875,1213.9100341796875,True,False,True,True
2026-07-02,LLY,neural_recorrente,0.5307,up,0.518,up,0.527,up,1191.739990234375,1213.9100341796875,1213.9100341796875,1213.9100341796875,True,True,True,True
2026-07-02,LLY,neural_atencao,0.5307,up,0.518,up,0.527,up,1191.739990234375,1213.9100341796875,1213.9100341796875,1213.9100341796875,True,True,True,True
2026-07-02,LLY,bayesiano,0.59,up,0.6307,up,0.7628,up,1191.739990234375,1213.9100341796875,1213.9100341796875,1213.9100341796875,True,True,True,True
2026-07-02,LLY,generativo,0.6855,up,0.596,up,0.5455,up,1191.739990234375,1213.9100341796875,1213.9100341796875,1213.9100341796875,True,True,True,True
2026-07-02,LLY,reinforcement,0.2337,down,0.2316,down,0.2213,down,1191.739990234375,1213.9100341796875,1213.9100341796875,1213.9100341796875,False,False,False,True
2026-07-02,LLY,contrarian,0.4963,down,0.4452,down,0.4028,down,1191.739990234375,1213.9100341796875,1213.9100341796875,1213.9100341796875,False,False,False,True
2026-07-02,LLY,eficiente,0.5307,up,0.518,up,0.527,up,1191.739990234375,1213.9100341796875,1213.9100341796875,1213.9100341796875,True,True,True,True
2026-07-02,LLY,foundation,0.5705,up,0.362,down,0.6514,up,1191.739990234375,1213.9100341796875,1213.9100341796875,1213.9100341796875,True,False,True,True
2026-07-02,LLY,conformal,0.977,up,0.9894,up,0.6162,up,1191.739990234375,1213.9100341796875,1213.9100341796875,1213.9100341796875,True,True,True,True
2026-07-02,LLY,drift,0.5086,up,0.5032,up,0.5024,up,1191.739990234375,1213.9100341796875,1213.9100341796875,1213.9100341796875,True,True,True,True
2026-07-02,NVDA,classico_avancado,0.7696,up,0.7409,up,0.8253,up,197.5800018310547,194.8300018310547,194.8300018310547,194.8300018310547,False,False,False,True
2026-07-02,NVDA,estado_oculto,0.2844,down,0.1692,down,0.1411,down,197.5800018310547,194.8300018310547,194.8300018310547,194.8300018310547,True,True,True,True
2026-07-02,NVDA,series_temporais,0.5417,up,0.5585,up,0.5639,up,197.5800018310547,194.8300018310547,194.8300018310547,194.8300018310547,False,False,False,True
2026-07-02,NVDA,neural_recorrente,0.5517,up,0.5533,up,0.5567,up,197.5800018310547,194.8300018310547,194.8300018310547,194.8300018310547,False,False,False,True
2026-07-02,NVDA,neural_atencao,0.5517,up,0.5533,up,0.5567,up,197.5800018310547,194.8300018310547,194.8300018310547,194.8300018310547,False,False,False,True
2026-07-02,NVDA,bayesiano,0.6831,up,0.6172,up,0.7949,up,197.5800018310547,194.8300018310547,194.8300018310547,194.8300018310547,False,False,False,True
2026-07-02,NVDA,generativo,0.6005,up,0.5295,up,0.6207,up,197.5800018310547,194.8300018310547,194.8300018310547,194.8300018310547,False,False,False,True
2026-07-02,NVDA,reinforcement,0.2544,down,0.7443,up,0.2735,down,197.5800018310547,194.8300018310547,194.8300018310547,194.8300018310547,True,False,True,True
2026-07-02,NVDA,contrarian,0.4923,down,0.3702,down,0.3253,down,197.5800018310547,194.8300018310547,194.8300018310547,194.8300018310547,True,True,True,True
2026-07-02,NVDA,eficiente,0.5517,up,0.5533,up,0.5567,up,197.5800018310547,194.8300018310547,194.8300018310547,194.8300018310547,False,False,False,True
2026-07-02,NVDA,foundation,0.6345,up,0.6856,up,0.6545,up,197.5800018310547,194.8300018310547,194.8300018310547,194.8300018310547,False,False,False,True
2026-07-02,NVDA,conformal,0.967,up,0.6337,up,0.7561,up,197.5800018310547,194.8300018310547,194.8300018310547,194.8300018310547,False,False,False,True
2026-07-02,NVDA,drift,0.5047,up,0.5046,up,0.5141,up,197.5800018310547,194.8300018310547,194.8300018310547,194.8300018310547,False,False,False,True
2026-07-02,ALV.DE,classico_avancado,0.4597,down,0.2864,down,0.1842,down,414.1000061035156,414.1000061035156,414.1000061035156,414.1000061035156,False,False,False,True
2026-07-02,ALV.DE,estado_oculto,0.7848,up,0.8804,up,0.9108,up,414.1000061035156,414.1000061035156,414.1000061035156,414.1000061035156,True,True,True,True
2026-07-02,ALV.DE,series_temporais,0.5693,up,0.6218,up,0.6167,up,414.1000061035156,414.1000061035156,414.1000061035156,414.1000061035156,True,True,True,True
2026-07-02,ALV.DE,neural_recorrente,0.5666,up,0.6086,up,0.6242,up,414.1000061035156,414.1000061035156,414.1000061035156,414.1000061035156,True,True,True,True
2026-07-02,ALV.DE,neural_atencao,0.5666,up,0.6086,up,0.6242,up,414.1000061035156,414.1000061035156,414.1000061035156,414.1000061035156,True,True,True,True
2026-07-02,ALV.DE,bayesiano,0.4486,down,0.4037,down,0.4012,down,414.1000061035156,414.1000061035156,414.1000061035156,414.1000061035156,False,False,False,True
2026-07-02,ALV.DE,generativo,0.4212,down,0.5128,up,0.5486,up,414.1000061035156,414.1000061035156,414.1000061035156,414.1000061035156,False,True,True,True
2026-07-02,ALV.DE,reinforcement,0.7329,up,0.7692,up,0.7779,up,414.1000061035156,414.1000061035156,414.1000061035156,414.1000061035156,True,True,True,True
2026-07-02,ALV.DE,contrarian,0.5634,up,0.628,up,0.6883,up,414.1000061035156,414.1000061035156,414.1000061035156,414.1000061035156,True,True,True,True
2026-07-02,ALV.DE,eficiente,0.5666,up,0.6086,up,0.6242,up,414.1000061035156,414.1000061035156,414.1000061035156,414.1000061035156,True,True,True,True
2026-07-02,ALV.DE,foundation,0.3777,down,0.4557,down,0.4161,down,414.1000061035156,414.1000061035156,414.1000061035156,414.1000061035156,False,False,False,True
2026-07-02,ALV.DE,conformal,0.1529,down,0.093,down,0.0933,down,414.1000061035156,414.1000061035156,414.1000061035156,414.1000061035156,False,False,False,True
2026-07-02,ALV.DE,drift,0.3905,down,0.3796,down,0.4819,down,414.1000061035156,414.1000061035156,414.1000061035156,414.1000061035156,False,False,False,True
2026-07-02,BTC-USD,classico_avancado,0.3833,down,0.7909,up,0.6977,up,59873.76171875,61361.171875,61361.171875,61361.171875,False,True,True,True
2026-07-02,BTC-USD,estado_oculto,0.2579,down,0.1641,down,0.1325,down,59873.76171875,61361.171875,61361.171875,61361.171875,False,False,False,True
2026-07-02,BTC-USD,series_temporais,0.5171,up,0.534,up,0.5316,up,59873.76171875,61361.171875,61361.171875,61361.171875,True,True,True,True
2026-07-02,BTC-USD,neural_recorrente,0.5026,up,0.5099,up,0.5098,up,59873.76171875,61361.171875,61361.171875,61361.171875,True,True,True,True
2026-07-02,BTC-USD,neural_atencao,0.5026,up,0.5099,up,0.5098,up,59873.76171875,61361.171875,61361.171875,61361.171875,True,True,True,True
2026-07-02,BTC-USD,bayesiano,0.4564,down,0.5158,up,0.6458,up,59873.76171875,61361.171875,61361.171875,61361.171875,False,True,True,True
2026-07-02,BTC-USD,generativo,0.5763,up,0.5231,up,0.5751,up,59873.76171875,61361.171875,61361.171875,61361.171875,True,True,True,True
2026-07-02,BTC-USD,reinforcement,0.2735,down,0.2392,down,0.266,down,59873.76171875,61361.171875,61361.171875,61361.171875,False,False,False,True
2026-07-02,BTC-USD,contrarian,0.5044,up,0.4937,down,0.3241,down,59873.76171875,61361.171875,61361.171875,61361.171875,True,False,False,True
2026-07-02,BTC-USD,eficiente,0.5026,up,0.5099,up,0.5098,up,59873.76171875,61361.171875,61361.171875,61361.171875,True,True,True,True
2026-07-02,BTC-USD,foundation,0.4517,down,0.5732,up,0.5065,up,59873.76171875,61361.171875,61361.171875,61361.171875,False,True,True,True
2026-07-02,BTC-USD,conformal,0.7323,up,0.9084,up,0.8444,up,59873.76171875,61361.171875,61361.171875,61361.171875,True,True,True,True
2026-07-02,BTC-USD,drift,0.4994,down,0.5185,up,0.5032,up,59873.76171875,61361.171875,61361.171875,61361.171875,False,True,True,True
2026-07-02,BABA,classico_avancado,0.5828,up,0.4212,down,0.5507,up,97.98999786376952,96.13999938964844,96.13999938964844,96.13999938964844,False,True,False,True
2026-07-02,BABA,estado_oculto,0.7407,up,0.8322,up,0.6121,up,97.98999786376952,96.13999938964844,96.13999938964844,96.13999938964844,False,False,False,True
2026-07-02,BABA,series_temporais,0.4797,down,0.5124,up,0.5057,up,97.98999786376952,96.13999938964844,96.13999938964844,96.13999938964844,True,False,False,True
2026-07-02,BABA,neural_recorrente,0.4655,down,0.4791,down,0.4796,down,97.98999786376952,96.13999938964844,96.13999938964844,96.13999938964844,True,True,True,True
2026-07-02,BABA,neural_atencao,0.4655,down,0.4791,down,0.4796,down,97.98999786376952,96.13999938964844,96.13999938964844,96.13999938964844,True,True,True,True
2026-07-02,BABA,bayesiano,0.3864,down,0.3449,down,0.5683,up,97.98999786376952,96.13999938964844,96.13999938964844,96.13999938964844,True,True,False,True
2026-07-02,BABA,generativo,0.5698,up,0.6001,up,0.6248,up,97.98999786376952,96.13999938964844,96.13999938964844,96.13999938964844,False,False,False,True
2026-07-02,BABA,reinforcement,0.2522,down,0.7231,up,0.758,up,97.98999786376952,96.13999938964844,96.13999938964844,96.13999938964844,True,False,False,True
2026-07-02,BABA,contrarian,0.4846,down,0.398,down,0.352,down,97.98999786376952,96.13999938964844,96.13999938964844,96.13999938964844,True,True,True,True
2026-07-02,BABA,eficiente,0.4655,down,0.4791,down,0.4796,down,97.98999786376952,96.13999938964844,96.13999938964844,96.13999938964844,True,True,True,True
2026-07-02,BABA,foundation,0.6437,up,0.6194,up,0.4697,down,97.98999786376952,96.13999938964844,96.13999938964844,96.13999938964844,False,False,True,True
2026-07-02,BABA,conformal,0.967,up,0.9684,up,0.9898,up,97.98999786376952,96.13999938964844,96.13999938964844,96.13999938964844,False,False,False,True
2026-07-02,BABA,drift,0.5151,up,0.4989,down,0.501,up,97.98999786376952,96.13999938964844,96.13999938964844,96.13999938964844,False,True,False,True
2026-07-03,LLY,classico_avancado,0.4751,down,0.5334,up,0.5078,up,1213.9100341796875,1213.9100341796875,1213.9100341796875,1213.9100341796875,False,True,True,True
2026-07-03,LLY,estado_oculto,0.7461,up,0.8408,up,0.8839,up,1213.9100341796875,1213.9100341796875,1213.9100341796875,1213.9100341796875,True,True,True,True
2026-07-03,LLY,series_temporais,0.5462,up,0.4889,down,0.5335,up,1213.9100341796875,1213.9100341796875,1213.9100341796875,1213.9100341796875,True,False,True,True
2026-07-03,LLY,neural_recorrente,0.5307,up,0.518,up,0.527,up,1213.9100341796875,1213.9100341796875,1213.9100341796875,1213.9100341796875,True,True,True,True
2026-07-03,LLY,neural_atencao,0.5307,up,0.518,up,0.527,up,1213.9100341796875,1213.9100341796875,1213.9100341796875,1213.9100341796875,True,True,True,True
2026-07-03,LLY,bayesiano,0.4969,down,0.6218,up,0.7478,up,1213.9100341796875,1213.9100341796875,1213.9100341796875,1213.9100341796875,False,True,True,True
2026-07-03,LLY,generativo,0.6138,up,0.6532,up,0.507,up,1213.9100341796875,1213.9100341796875,1213.9100341796875,1213.9100341796875,True,True,True,True
2026-07-03,LLY,reinforcement,0.2339,down,0.2317,down,0.2213,down,1213.9100341796875,1213.9100341796875,1213.9100341796875,1213.9100341796875,False,False,False,True
2026-07-03,LLY,contrarian,0.4942,down,0.4452,down,0.4028,down,1213.9100341796875,1213.9100341796875,1213.9100341796875,1213.9100341796875,False,False,False,True
2026-07-03,LLY,eficiente,0.5307,up,0.518,up,0.527,up,1213.9100341796875,1213.9100341796875,1213.9100341796875,1213.9100341796875,True,True,True,True
2026-07-03,LLY,foundation,0.5371,up,0.3954,down,0.5514,up,1213.9100341796875,1213.9100341796875,1213.9100341796875,1213.9100341796875,True,False,True,True
2026-07-03,LLY,conformal,0.6667,up,0.9894,up,0.6162,up,1213.9100341796875,1213.9100341796875,1213.9100341796875,1213.9100341796875,True,True,True,True
2026-07-03,LLY,drift,0.5045,up,0.5032,up,0.5024,up,1213.9100341796875,1213.9100341796875,1213.9100341796875,1213.9100341796875,True,True,True,True
2026-07-03,NVDA,classico_avancado,0.6601,up,0.7595,up,0.8242,up,194.8300018310547,194.8300018310547,194.8300018310547,194.8300018310547,True,True,True,True
2026-07-03,NVDA,estado_oculto,0.2636,down,0.3614,down,0.1411,down,194.8300018310547,194.8300018310547,194.8300018310547,194.8300018310547,False,False,False,True
2026-07-03,NVDA,series_temporais,0.5417,up,0.5585,up,0.5639,up,194.8300018310547,194.8300018310547,194.8300018310547,194.8300018310547,True,True,True,True
2026-07-03,NVDA,neural_recorrente,0.5517,up,0.5533,up,0.5567,up,194.8300018310547,194.8300018310547,194.8300018310547,194.8300018310547,True,True,True,True
2026-07-03,NVDA,neural_atencao,0.5517,up,0.5533,up,0.5567,up,194.8300018310547,194.8300018310547,194.8300018310547,194.8300018310547,True,True,True,True
2026-07-03,NVDA,bayesiano,0.5525,up,0.6265,up,0.7928,up,194.8300018310547,194.8300018310547,194.8300018310547,194.8300018310547,True,True,True,True
2026-07-03,NVDA,generativo,0.5822,up,0.4965,down,0.6205,up,194.8300018310547,194.8300018310547,194.8300018310547,194.8300018310547,True,False,True,True
2026-07-03,NVDA,reinforcement,0.247,down,0.7516,up,0.2735,down,194.8300018310547,194.8300018310547,194.8300018310547,194.8300018310547,False,True,False,True
2026-07-03,NVDA,contrarian,0.4791,down,0.3778,down,0.3221,down,194.8300018310547,194.8300018310547,194.8300018310547,194.8300018310547,False,False,False,True
2026-07-03,NVDA,eficiente,0.5517,up,0.5533,up,0.5567,up,194.8300018310547,194.8300018310547,194.8300018310547,194.8300018310547,True,True,True,True
2026-07-03,NVDA,foundation,0.7011,up,0.6022,up,0.6712,up,194.8300018310547,194.8300018310547,194.8300018310547,194.8300018310547,True,True,True,True
2026-07-03,NVDA,conformal,0.9778,up,0.9551,up,0.7561,up,194.8300018310547,194.8300018310547,194.8300018310547,194.8300018310547,True,True,True,True
2026-07-03,NVDA,drift,0.5048,up,0.5044,up,0.5141,up,194.8300018310547,194.8300018310547,194.8300018310547,194.8300018310547,True,True,True,True
2026-07-03,ALV.DE,classico_avancado,0.4597,down,0.2865,down,0.1843,down,414.1000061035156,414.1000061035156,414.1000061035156,414.1000061035156,False,False,False,True
2026-07-03,ALV.DE,estado_oculto,0.7848,up,0.8804,up,0.9108,up,414.1000061035156,414.1000061035156,414.1000061035156,414.1000061035156,True,True,True,True
2026-07-03,ALV.DE,series_temporais,0.5693,up,0.6218,up,0.6167,up,414.1000061035156,414.1000061035156,414.1000061035156,414.1000061035156,True,True,True,True
2026-07-03,ALV.DE,neural_recorrente,0.5666,up,0.6086,up,0.6242,up,414.1000061035156,414.1000061035156,414.1000061035156,414.1000061035156,True,True,True,True
2026-07-03,ALV.DE,neural_atencao,0.5666,up,0.6086,up,0.6242,up,414.1000061035156,414.1000061035156,414.1000061035156,414.1000061035156,True,True,True,True
2026-07-03,ALV.DE,bayesiano,0.4327,down,0.4478,down,0.3836,down,414.1000061035156,414.1000061035156,414.1000061035156,414.1000061035156,False,False,False,True
2026-07-03,ALV.DE,generativo,0.4212,down,0.5123,up,0.5482,up,414.1000061035156,414.1000061035156,414.1000061035156,414.1000061035156,False,True,True,True
2026-07-03,ALV.DE,reinforcement,0.7329,up,0.7692,up,0.7779,up,414.1000061035156,414.1000061035156,414.1000061035156,414.1000061035156,True,True,True,True
2026-07-03,ALV.DE,contrarian,0.5634,up,0.628,up,0.6883,up,414.1000061035156,414.1000061035156,414.1000061035156,414.1000061035156,True,True,True,True
2026-07-03,ALV.DE,eficiente,0.5666,up,0.6086,up,0.6242,up,414.1000061035156,414.1000061035156,414.1000061035156,414.1000061035156,True,True,True,True
2026-07-03,ALV.DE,foundation,0.411,down,0.4724,down,0.4161,down,414.1000061035156,414.1000061035156,414.1000061035156,414.1000061035156,False,False,False,True
2026-07-03,ALV.DE,conformal,0.1529,down,0.093,down,0.0933,down,414.1000061035156,414.1000061035156,414.1000061035156,414.1000061035156,False,False,False,True
2026-07-03,ALV.DE,drift,0.3905,down,0.3796,down,0.4819,down,414.1000061035156,414.1000061035156,414.1000061035156,414.1000061035156,False,False,False,True
2026-07-03,BTC-USD,classico_avancado,0.361,down,0.5361,up,0.6349,up,61361.171875,62780.9296875,62780.9296875,62780.9296875,False,True,True,True
2026-07-03,BTC-USD,estado_oculto,0.2435,down,0.1641,down,0.3708,down,61361.171875,62780.9296875,62780.9296875,62780.9296875,False,False,False,True
2026-07-03,BTC-USD,series_temporais,0.5171,up,0.534,up,0.5316,up,61361.171875,62780.9296875,62780.9296875,62780.9296875,True,True,True,True
2026-07-03,BTC-USD,neural_recorrente,0.5026,up,0.5099,up,0.5098,up,61361.171875,62780.9296875,62780.9296875,62780.9296875,True,True,True,True
2026-07-03,BTC-USD,neural_atencao,0.5026,up,0.5099,up,0.5098,up,61361.171875,62780.9296875,62780.9296875,62780.9296875,True,True,True,True
2026-07-03,BTC-USD,bayesiano,0.4202,down,0.3958,down,0.4941,down,61361.171875,62780.9296875,62780.9296875,62780.9296875,False,False,False,True
2026-07-03,BTC-USD,generativo,0.5511,up,0.5018,up,0.557,up,61361.171875,62780.9296875,62780.9296875,62780.9296875,True,True,True,True
2026-07-03,BTC-USD,reinforcement,0.2702,down,0.2258,down,0.2644,down,61361.171875,62780.9296875,62780.9296875,62780.9296875,False,False,False,True
2026-07-03,BTC-USD,contrarian,0.4957,down,0.5454,up,0.3427,down,61361.171875,62780.9296875,62780.9296875,62780.9296875,False,True,False,True
2026-07-03,BTC-USD,eficiente,0.5026,up,0.5099,up,0.5098,up,61361.171875,62780.9296875,62780.9296875,62780.9296875,True,True,True,True
2026-07-03,BTC-USD,foundation,0.5184,up,0.4899,down,0.5232,up,61361.171875,62780.9296875,62780.9296875,62780.9296875,True,False,True,True
2026-07-03,BTC-USD,conformal,0.879,up,0.8561,up,0.8947,up,61361.171875,62780.9296875,62780.9296875,62780.9296875,True,True,True,True
2026-07-03,BTC-USD,drift,0.5007,up,0.5024,up,0.5034,up,61361.171875,62780.9296875,62780.9296875,62780.9296875,True,True,True,True
2026-07-03,BABA,classico_avancado,0.5176,up,0.4255,down,0.5512,up,96.13999938964844,96.13999938964844,96.13999938964844,96.13999938964844,True,False,True,True
2026-07-03,BABA,estado_oculto,0.7407,up,0.8322,up,0.6121,up,96.13999938964844,96.13999938964844,96.13999938964844,96.13999938964844,True,True,True,True
2026-07-03,BABA,series_temporais,0.4797,down,0.5124,up,0.5057,up,96.13999938964844,96.13999938964844,96.13999938964844,96.13999938964844,False,True,True,True
2026-07-03,BABA,neural_recorrente,0.4655,down,0.4791,down,0.4796,down,96.13999938964844,96.13999938964844,96.13999938964844,96.13999938964844,False,False,False,True
2026-07-03,BABA,neural_atencao,0.4655,down,0.4791,down,0.4796,down,96.13999938964844,96.13999938964844,96.13999938964844,96.13999938964844,False,False,False,True
2026-07-03,BABA,bayesiano,0.3679,down,0.3432,down,0.605,up,96.13999938964844,96.13999938964844,96.13999938964844,96.13999938964844,False,False,True,True
2026-07-03,BABA,generativo,0.5424,up,0.6001,up,0.6251,up,96.13999938964844,96.13999938964844,96.13999938964844,96.13999938964844,True,True,True,True
2026-07-03,BABA,reinforcement,0.2486,down,0.723,up,0.758,up,96.13999938964844,96.13999938964844,96.13999938964844,96.13999938964844,False,True,True,True
2026-07-03,BABA,contrarian,0.484,down,0.398,down,0.352,down,96.13999938964844,96.13999938964844,96.13999938964844,96.13999938964844,False,False,False,True
2026-07-03,BABA,eficiente,0.4655,down,0.4791,down,0.4796,down,96.13999938964844,96.13999938964844,96.13999938964844,96.13999938964844,False,False,False,True
2026-07-03,BABA,foundation,0.6103,up,0.5194,up,0.5197,up,96.13999938964844,96.13999938964844,96.13999938964844,96.13999938964844,True,True,True,True
2026-07-03,BABA,conformal,0.967,up,0.9684,up,0.9898,up,96.13999938964844,96.13999938964844,96.13999938964844,96.13999938964844,True,True,True,True
2026-07-03,BABA,drift,0.517,up,0.4989,down,0.501,up,96.13999938964844,96.13999938964844,96.13999938964844,96.13999938964844,True,False,True,True
2026-07-04,LLY,classico_avancado,0.4751,down,0.5334,up,0.5078,up,1213.9100341796875,1200.06005859375,1200.06005859375,1200.06005859375,True,False,False,True
2026-07-04,LLY,estado_oculto,0.7461,up,0.8408,up,0.8839,up,1213.9100341796875,1200.06005859375,1200.06005859375,1200.06005859375,False,False,False,True
2026-07-04,LLY,series_temporais,0.5462,up,0.4889,down,0.5335,up,1213.9100341796875,1200.06005859375,1200.06005859375,1200.06005859375,False,True,False,True
2026-07-04,LLY,neural_recorrente,0.5307,up,0.518,up,0.527,up,1213.9100341796875,1200.06005859375,1200.06005859375,1200.06005859375,False,False,False,True
2026-07-04,LLY,neural_atencao,0.5307,up,0.518,up,0.527,up,1213.9100341796875,1200.06005859375,1200.06005859375,1200.06005859375,False,False,False,True
2026-07-04,LLY,bayesiano,0.5262,up,0.5987,up,0.7361,up,1213.9100341796875,1200.06005859375,1200.06005859375,1200.06005859375,False,False,False,True
2026-07-04,LLY,generativo,0.6138,up,0.5008,up,0.5084,up,1213.9100341796875,1200.06005859375,1200.06005859375,1200.06005859375,False,False,False,True
2026-07-04,LLY,reinforcement,0.2339,down,0.2317,down,0.2213,down,1213.9100341796875,1200.06005859375,1200.06005859375,1200.06005859375,True,True,True,True
2026-07-04,LLY,contrarian,0.4942,down,0.4452,down,0.4028,down,1213.9100341796875,1200.06005859375,1200.06005859375,1200.06005859375,True,True,True,True
2026-07-04,LLY,eficiente,0.5307,up,0.518,up,0.527,up,1213.9100341796875,1200.06005859375,1200.06005859375,1200.06005859375,False,False,False,True
2026-07-04,LLY,foundation,0.5371,up,0.412,down,0.5514,up,1213.9100341796875,1200.06005859375,1200.06005859375,1200.06005859375,False,True,False,True
2026-07-04,LLY,conformal,0.6667,up,0.9894,up,0.6162,up,1213.9100341796875,1200.06005859375,1200.06005859375,1200.06005859375,False,False,False,True
2026-07-04,LLY,drift,0.5045,up,0.5032,up,0.5024,up,1213.9100341796875,1200.06005859375,1200.06005859375,1200.06005859375,False,False,False,True
2026-07-04,NVDA,classico_avancado,0.6601,up,0.7595,up,0.8242,up,194.8300018310547,195.5500030517578,195.5500030517578,195.5500030517578,True,True,True,True
2026-07-04,NVDA,estado_oculto,0.2636,down,0.3614,down,0.1411,down,194.8300018310547,195.5500030517578,195.5500030517578,195.5500030517578,False,False,False,True
2026-07-04,NVDA,series_temporais,0.5417,up,0.5585,up,0.5639,up,194.8300018310547,195.5500030517578,195.5500030517578,195.5500030517578,True,True,True,True
2026-07-04,NVDA,neural_recorrente,0.5517,up,0.5533,up,0.5567,up,194.8300018310547,195.5500030517578,195.5500030517578,195.5500030517578,True,True,True,True
2026-07-04,NVDA,neural_atencao,0.5517,up,0.5533,up,0.5567,up,194.8300018310547,195.5500030517578,195.5500030517578,195.5500030517578,True,True,True,True
2026-07-04,NVDA,bayesiano,0.5368,up,0.578,up,0.7979,up,194.8300018310547,195.5500030517578,195.5500030517578,195.5500030517578,True,True,True,True
2026-07-04,NVDA,generativo,0.5822,up,0.4965,down,0.6205,up,194.8300018310547,195.5500030517578,195.5500030517578,195.5500030517578,True,False,True,True
2026-07-04,NVDA,reinforcement,0.247,down,0.7516,up,0.2735,down,194.8300018310547,195.5500030517578,195.5500030517578,195.5500030517578,False,True,False,True
2026-07-04,NVDA,contrarian,0.4791,down,0.3778,down,0.3221,down,194.8300018310547,195.5500030517578,195.5500030517578,195.5500030517578,False,False,False,True
2026-07-04,NVDA,eficiente,0.5517,up,0.5533,up,0.5567,up,194.8300018310547,195.5500030517578,195.5500030517578,195.5500030517578,True,True,True,True
2026-07-04,NVDA,foundation,0.7011,up,0.6189,up,0.6378,up,194.8300018310547,195.5500030517578,195.5500030517578,195.5500030517578,True,True,True,True
2026-07-04,NVDA,conformal,0.9778,up,0.9551,up,0.7561,up,194.8300018310547,195.5500030517578,195.5500030517578,195.5500030517578,True,True,True,True
2026-07-04,NVDA,drift,0.5048,up,0.5044,up,0.5141,up,194.8300018310547,195.5500030517578,195.5500030517578,195.5500030517578,True,True,True,True
2026-07-04,ALV.DE,classico_avancado,0.4597,down,0.2526,down,0.137,down,414.1000061035156,419.7999877929688,419.7999877929688,419.7999877929688,False,False,False,True
2026-07-04,ALV.DE,estado_oculto,0.7848,up,0.8804,up,0.9108,up,414.1000061035156,419.7999877929688,419.7999877929688,419.7999877929688,True,True,True,True
2026-07-04,ALV.DE,series_temporais,0.5693,up,0.6218,up,0.6167,up,414.1000061035156,419.7999877929688,419.7999877929688,419.7999877929688,True,True,True,True
2026-07-04,ALV.DE,neural_recorrente,0.5666,up,0.6086,up,0.6242,up,414.1000061035156,419.7999877929688,419.7999877929688,419.7999877929688,True,True,True,True
2026-07-04,ALV.DE,neural_atencao,0.5666,up,0.6086,up,0.6242,up,414.1000061035156,419.7999877929688,419.7999877929688,419.7999877929688,True,True,True,True
2026-07-04,ALV.DE,bayesiano,0.4367,down,0.4689,down,0.3355,down,414.1000061035156,419.7999877929688,419.7999877929688,419.7999877929688,False,False,False,True
2026-07-04,ALV.DE,generativo,0.4212,down,0.505,up,0.5212,up,414.1000061035156,419.7999877929688,419.7999877929688,419.7999877929688,False,True,True,True
2026-07-04,ALV.DE,reinforcement,0.7329,up,0.7657,up,0.7818,up,414.1000061035156,419.7999877929688,419.7999877929688,419.7999877929688,True,True,True,True
2026-07-04,ALV.DE,contrarian,0.5634,up,0.6351,up,0.6865,up,414.1000061035156,419.7999877929688,419.7999877929688,419.7999877929688,True,True,True,True
2026-07-04,ALV.DE,eficiente,0.5666,up,0.6086,up,0.6242,up,414.1000061035156,419.7999877929688,419.7999877929688,419.7999877929688,True,True,True,True
2026-07-04,ALV.DE,foundation,0.3944,down,0.539,up,0.4161,down,414.1000061035156,419.7999877929688,419.7999877929688,419.7999877929688,False,True,False,True
2026-07-04,ALV.DE,conformal,0.1529,down,0.0976,down,0.0972,down,414.1000061035156,419.7999877929688,419.7999877929688,419.7999877929688,False,False,False,True
2026-07-04,ALV.DE,drift,0.3905,down,0.3875,down,0.4838,down,414.1000061035156,419.7999877929688,419.7999877929688,419.7999877929688,False,False,False,True
2026-07-04,BTC-USD,classico_avancado,0.4256,down,0.4462,down,0.4642,down,62780.9296875,64155.26171875,64155.26171875,64155.26171875,False,False,False,True
2026-07-04,BTC-USD,estado_oculto,0.2435,down,0.3406,down,0.1325,down,62780.9296875,64155.26171875,64155.26171875,64155.26171875,False,False,False,True
2026-07-04,BTC-USD,series_temporais,0.5171,up,0.534,up,0.5316,up,62780.9296875,64155.26171875,64155.26171875,64155.26171875,True,True,True,True
2026-07-04,BTC-USD,neural_recorrente,0.5026,up,0.5099,up,0.5098,up,62780.9296875,64155.26171875,64155.26171875,64155.26171875,True,True,True,True
2026-07-04,BTC-USD,neural_atencao,0.5026,up,0.5099,up,0.5098,up,62780.9296875,64155.26171875,64155.26171875,64155.26171875,True,True,True,True
2026-07-04,BTC-USD,bayesiano,0.431,down,0.3353,down,0.274,down,62780.9296875,64155.26171875,64155.26171875,64155.26171875,False,False,False,True
2026-07-04,BTC-USD,generativo,0.5575,up,0.5249,up,0.6226,up,62780.9296875,64155.26171875,64155.26171875,64155.26171875,True,True,True,True
2026-07-04,BTC-USD,reinforcement,0.2687,down,0.2371,down,0.2661,down,62780.9296875,64155.26171875,64155.26171875,64155.26171875,False,False,False,True
2026-07-04,BTC-USD,contrarian,0.5027,up,0.5664,up,0.3766,down,62780.9296875,64155.26171875,64155.26171875,64155.26171875,True,True,False,True
2026-07-04,BTC-USD,eficiente,0.5026,up,0.5099,up,0.5098,up,62780.9296875,64155.26171875,64155.26171875,64155.26171875,True,True,True,True
2026-07-04,BTC-USD,foundation,0.5351,up,0.5899,up,0.5065,up,62780.9296875,64155.26171875,64155.26171875,64155.26171875,True,True,True,True
2026-07-04,BTC-USD,conformal,0.7846,up,0.7536,up,0.8931,up,62780.9296875,64155.26171875,64155.26171875,64155.26171875,True,True,True,True
2026-07-04,BTC-USD,drift,0.4992,down,0.4952,down,0.5012,up,62780.9296875,64155.26171875,64155.26171875,64155.26171875,False,False,True,True
2026-07-04,BABA,classico_avancado,0.5176,up,0.4255,down,0.5512,up,96.13999938964844,97.91000366210938,97.91000366210938,97.91000366210938,True,False,True,True
2026-07-04,BABA,estado_oculto,0.7407,up,0.8322,up,0.6121,up,96.13999938964844,97.91000366210938,97.91000366210938,97.91000366210938,True,True,True,True
2026-07-04,BABA,series_temporais,0.4797,down,0.5124,up,0.5057,up,96.13999938964844,97.91000366210938,97.91000366210938,97.91000366210938,False,True,True,True
2026-07-04,BABA,neural_recorrente,0.4655,down,0.4791,down,0.4796,down,96.13999938964844,97.91000366210938,97.91000366210938,97.91000366210938,False,False,False,True
2026-07-04,BABA,neural_atencao,0.4655,down,0.4791,down,0.4796,down,96.13999938964844,97.91000366210938,97.91000366210938,97.91000366210938,False,False,False,True
2026-07-04,BABA,bayesiano,0.3539,down,0.3863,down,0.5569,up,96.13999938964844,97.91000366210938,97.91000366210938,97.91000366210938,False,False,True,True
2026-07-04,BABA,generativo,0.5424,up,0.6001,up,0.6251,up,96.13999938964844,97.91000366210938,97.91000366210938,97.91000366210938,True,True,True,True
2026-07-04,BABA,reinforcement,0.2486,down,0.723,up,0.758,up,96.13999938964844,97.91000366210938,97.91000366210938,97.91000366210938,False,True,True,True
2026-07-04,BABA,contrarian,0.484,down,0.398,down,0.352,down,96.13999938964844,97.91000366210938,97.91000366210938,97.91000366210938,False,False,False,True
2026-07-04,BABA,eficiente,0.4655,down,0.4791,down,0.4796,down,96.13999938964844,97.91000366210938,97.91000366210938,97.91000366210938,False,False,False,True
2026-07-04,BABA,foundation,0.6103,up,0.5194,up,0.4531,down,96.13999938964844,97.91000366210938,97.91000366210938,97.91000366210938,True,True,False,True
2026-07-04,BABA,conformal,0.967,up,0.9684,up,0.9898,up,96.13999938964844,97.91000366210938,97.91000366210938,97.91000366210938,True,True,True,True
2026-07-04,BABA,drift,0.517,up,0.4989,down,0.501,up,96.13999938964844,97.91000366210938,97.91000366210938,97.91000366210938,True,False,True,True
2026-07-07,LLY,classico_avancado,0.566,up,0.5334,up,0.5078,up,1200.06005859375,1235.56005859375,1235.56005859375,1235.56005859375,True,True,True,True
2026-07-07,LLY,estado_oculto,0.7808,up,0.8408,up,0.8839,up,1200.06005859375,1235.56005859375,1235.56005859375,1235.56005859375,True,True,True,True
2026-07-07,LLY,series_temporais,0.5462,up,0.4889,down,0.5335,up,1200.06005859375,1235.56005859375,1235.56005859375,1235.56005859375,True,False,True,True
2026-07-07,LLY,neural_recorrente,0.5307,up,0.518,up,0.527,up,1200.06005859375,1235.56005859375,1235.56005859375,1235.56005859375,True,True,True,True
2026-07-07,LLY,neural_atencao,0.5307,up,0.518,up,0.527,up,1200.06005859375,1235.56005859375,1235.56005859375,1235.56005859375,True,True,True,True
2026-07-07,LLY,bayesiano,0.5619,up,0.6287,up,0.7082,up,1200.06005859375,1235.56005859375,1235.56005859375,1235.56005859375,True,True,True,True
2026-07-07,LLY,generativo,0.6254,up,0.5,up,0.5282,up,1200.06005859375,1235.56005859375,1235.56005859375,1235.56005859375,True,True,True,True
2026-07-07,LLY,reinforcement,0.2385,down,0.2316,down,0.2212,down,1200.06005859375,1235.56005859375,1235.56005859375,1235.56005859375,False,False,False,True
2026-07-07,LLY,contrarian,0.4881,down,0.4452,down,0.4028,down,1200.06005859375,1235.56005859375,1235.56005859375,1235.56005859375,False,False,False,True
2026-07-07,LLY,eficiente,0.5307,up,0.518,up,0.527,up,1200.06005859375,1235.56005859375,1235.56005859375,1235.56005859375,True,True,True,True
2026-07-07,LLY,foundation,0.6038,up,0.3454,down,0.5847,up,1200.06005859375,1235.56005859375,1235.56005859375,1235.56005859375,True,False,True,True
2026-07-07,LLY,conformal,0.9659,up,0.9894,up,0.6162,up,1200.06005859375,1235.56005859375,1235.56005859375,1235.56005859375,True,True,True,True
2026-07-07,LLY,drift,0.5099,up,0.5032,up,0.5024,up,1200.06005859375,1235.56005859375,1235.56005859375,1235.56005859375,True,True,True,True
2026-07-07,NVDA,classico_avancado,0.6601,up,0.7595,up,0.8255,up,195.5500030517578,196.92999267578125,196.92999267578125,196.92999267578125,True,True,True,True
2026-07-07,NVDA,estado_oculto,0.2636,down,0.3614,down,0.3854,down,195.5500030517578,196.92999267578125,196.92999267578125,196.92999267578125,False,False,False,True
2026-07-07,NVDA,series_temporais,0.5417,up,0.5585,up,0.5639,up,195.5500030517578,196.92999267578125,196.92999267578125,196.92999267578125,True,True,True,True
2026-07-07,NVDA,neural_recorrente,0.5517,up,0.5533,up,0.5567,up,195.5500030517578,196.92999267578125,196.92999267578125,196.92999267578125,True,True,True,True
2026-07-07,NVDA,neural_atencao,0.5517,up,0.5533,up,0.5567,up,195.5500030517578,196.92999267578125,196.92999267578125,196.92999267578125,True,True,True,True
2026-07-07,NVDA,bayesiano,0.5512,up,0.6005,up,0.6399,up,195.5500030517578,196.92999267578125,196.92999267578125,196.92999267578125,True,True,True,True
2026-07-07,NVDA,generativo,0.5827,up,0.4965,down,0.5777,up,195.5500030517578,196.92999267578125,196.92999267578125,196.92999267578125,True,False,True,True
2026-07-07,NVDA,reinforcement,0.2471,down,0.7519,up,0.2719,down,195.5500030517578,196.92999267578125,196.92999267578125,196.92999267578125,False,True,False,True
2026-07-07,NVDA,contrarian,0.4791,down,0.3778,down,0.3523,down,195.5500030517578,196.92999267578125,196.92999267578125,196.92999267578125,False,False,False,True
2026-07-07,NVDA,eficiente,0.5517,up,0.5533,up,0.5567,up,195.5500030517578,196.92999267578125,196.92999267578125,196.92999267578125,True,True,True,True
2026-07-07,NVDA,foundation,0.7011,up,0.6356,up,0.6045,up,195.5500030517578,196.92999267578125,196.92999267578125,196.92999267578125,True,True,True,True
2026-07-07,NVDA,conformal,0.9778,up,0.9551,up,0.9647,up,195.5500030517578,196.92999267578125,196.92999267578125,196.92999267578125,True,True,True,True
2026-07-07,NVDA,drift,0.5048,up,0.5044,up,0.5122,up,195.5500030517578,196.92999267578125,196.92999267578125,196.92999267578125,True,True,True,True
2026-07-07,ALV.DE,classico_avancado,0.4095,down,0.1853,down,0.0808,down,419.7999877929688,420.2000122070313,420.2000122070313,420.2000122070313,False,False,False,True
2026-07-07,ALV.DE,estado_oculto,0.7848,up,0.8804,up,0.9108,up,419.7999877929688,420.2000122070313,420.2000122070313,420.2000122070313,True,True,True,True
2026-07-07,ALV.DE,series_temporais,0.5693,up,0.6218,up,0.6167,up,419.7999877929688,420.2000122070313,420.2000122070313,420.2000122070313,True,True,True,True
2026-07-07,ALV.DE,neural_recorrente,0.5666,up,0.6086,up,0.6242,up,419.7999877929688,420.2000122070313,420.2000122070313,420.2000122070313,True,True,True,True
2026-07-07,ALV.DE,neural_atencao,0.5666,up,0.6086,up,0.6242,up,419.7999877929688,420.2000122070313,420.2000122070313,420.2000122070313,True,True,True,True
2026-07-07,ALV.DE,bayesiano,0.381,down,0.3494,down,0.3361,down,419.7999877929688,420.2000122070313,420.2000122070313,420.2000122070313,False,False,False,True
2026-07-07,ALV.DE,generativo,0.4172,down,0.4937,down,0.5332,up,419.7999877929688,420.2000122070313,420.2000122070313,420.2000122070313,False,False,True,True
2026-07-07,ALV.DE,reinforcement,0.7325,up,0.7689,up,0.794,up,419.7999877929688,420.2000122070313,420.2000122070313,420.2000122070313,True,True,True,True
2026-07-07,ALV.DE,contrarian,0.546,up,0.617,up,0.6942,up,419.7999877929688,420.2000122070313,420.2000122070313,420.2000122070313,True,True,True,True
2026-07-07,ALV.DE,eficiente,0.5666,up,0.6086,up,0.6242,up,419.7999877929688,420.2000122070313,420.2000122070313,420.2000122070313,True,True,True,True
2026-07-07,ALV.DE,foundation,0.4444,down,0.4557,down,0.4161,down,419.7999877929688,420.2000122070313,420.2000122070313,420.2000122070313,False,False,False,True
2026-07-07,ALV.DE,conformal,0.1529,down,0.093,down,0.0959,down,419.7999877929688,420.2000122070313,420.2000122070313,420.2000122070313,False,False,False,True
2026-07-07,ALV.DE,drift,0.3698,down,0.3176,down,0.4799,down,419.7999877929688,420.2000122070313,420.2000122070313,420.2000122070313,False,False,False,True
2026-07-07,BTC-USD,classico_avancado,0.4257,down,0.4171,down,0.2845,down,64155.26171875,63372.55078125,63372.55078125,63372.55078125,True,True,True,True
2026-07-07,BTC-USD,estado_oculto,0.2435,down,0.3406,down,0.3708,down,64155.26171875,63372.55078125,63372.55078125,63372.55078125,True,True,True,True
2026-07-07,BTC-USD,series_temporais,0.5171,up,0.534,up,0.5316,up,64155.26171875,63372.55078125,63372.55078125,63372.55078125,False,False,False,True
2026-07-07,BTC-USD,neural_recorrente,0.5026,up,0.5099,up,0.5098,up,64155.26171875,63372.55078125,63372.55078125,63372.55078125,False,False,False,True
2026-07-07,BTC-USD,neural_atencao,0.5026,up,0.5099,up,0.5098,up,64155.26171875,63372.55078125,63372.55078125,63372.55078125,False,False,False,True
2026-07-07,BTC-USD,bayesiano,0.4458,down,0.5385,up,0.4641,down,64155.26171875,63372.55078125,63372.55078125,63372.55078125,True,False,True,True
2026-07-07,BTC-USD,generativo,0.5575,up,0.5399,up,0.5152,up,64155.26171875,63372.55078125,63372.55078125,63372.55078125,False,False,False,True
2026-07-07,BTC-USD,reinforcement,0.2687,down,0.247,down,0.267,down,64155.26171875,63372.55078125,63372.55078125,63372.55078125,True,True,True,True
2026-07-07,BTC-USD,contrarian,0.5027,up,0.5621,up,0.407,down,64155.26171875,63372.55078125,63372.55078125,63372.55078125,False,False,True,True
2026-07-07,BTC-USD,eficiente,0.5026,up,0.5099,up,0.5098,up,64155.26171875,63372.55078125,63372.55078125,63372.55078125,False,False,False,True
2026-07-07,BTC-USD,foundation,0.5351,up,0.5732,up,0.6065,up,64155.26171875,63372.55078125,63372.55078125,63372.55078125,False,False,False,True
2026-07-07,BTC-USD,conformal,0.7846,up,0.6715,up,0.5846,up,64155.26171875,63372.55078125,63372.55078125,63372.55078125,False,False,False,True
2026-07-07,BTC-USD,drift,0.4992,down,0.5006,up,0.4991,down,64155.26171875,63372.55078125,63372.55078125,63372.55078125,True,False,True,True
2026-07-07,BABA,classico_avancado,0.5048,up,0.421,down,0.2809,down,97.91000366210938,98.13999938964844,98.13999938964844,98.13999938964844,True,False,False,True
2026-07-07,BABA,estado_oculto,0.724,up,0.8322,up,0.8791,up,97.91000366210938,98.13999938964844,98.13999938964844,98.13999938964844,True,True,True,True
2026-07-07,BABA,series_temporais,0.4797,down,0.5124,up,0.5057,up,97.91000366210938,98.13999938964844,98.13999938964844,98.13999938964844,False,True,True,True
2026-07-07,BABA,neural_recorrente,0.4655,down,0.4791,down,0.4796,down,97.91000366210938,98.13999938964844,98.13999938964844,98.13999938964844,False,False,False,True
2026-07-07,BABA,neural_atencao,0.4655,down,0.4791,down,0.4796,down,97.91000366210938,98.13999938964844,98.13999938964844,98.13999938964844,False,False,False,True
2026-07-07,BABA,bayesiano,0.3217,down,0.3385,down,0.3968,down,97.91000366210938,98.13999938964844,98.13999938964844,98.13999938964844,False,False,False,True
2026-07-07,BABA,generativo,0.5748,up,0.6002,up,0.5429,up,97.91000366210938,98.13999938964844,98.13999938964844,98.13999938964844,True,True,True,True
2026-07-07,BABA,reinforcement,0.2596,down,0.7231,up,0.7692,up,97.91000366210938,98.13999938964844,98.13999938964844,98.13999938964844,False,True,True,True
2026-07-07,BABA,contrarian,0.4996,down,0.398,down,0.3806,down,97.91000366210938,98.13999938964844,98.13999938964844,98.13999938964844,False,False,False,True
2026-07-07,BABA,eficiente,0.4655,down,0.4791,down,0.4796,down,97.91000366210938,98.13999938964844,98.13999938964844,98.13999938964844,False,False,False,True
2026-07-07,BABA,foundation,0.5437,up,0.5527,up,0.6031,up,97.91000366210938,98.13999938964844,98.13999938964844,98.13999938964844,True,True,True,True
2026-07-07,BABA,conformal,0.9451,up,0.9684,up,0.9406,up,97.91000366210938,98.13999938964844,98.13999938964844,98.13999938964844,True,True,True,True
2026-07-07,BABA,drift,0.4871,down,0.4989,down,0.4993,down,97.91000366210938,98.13999938964844,98.13999938964844,98.13999938964844,False,False,False,True
2026-07-08,LLY,classico_avancado,0.3022,down,0.5755,up,0.3727,down,1235.56005859375,1215.8299560546875,1215.8299560546875,1215.8299560546875,True,False,True,True
2026-07-08,LLY,estado_oculto,0.7461,up,0.8408,up,0.6286,up,1235.56005859375,1215.8299560546875,1215.8299560546875,1215.8299560546875,False,False,False,True
2026-07-08,LLY,series_temporais,0.5462,up,0.4889,down,0.5335,up,1235.56005859375,1215.8299560546875,1215.8299560546875,1215.8299560546875,False,True,False,True
2026-07-08,LLY,neural_recorrente,0.5307,up,0.518,up,0.527,up,1235.56005859375,1215.8299560546875,1215.8299560546875,1215.8299560546875,False,False,False,True
2026-07-08,LLY,neural_atencao,0.5307,up,0.518,up,0.527,up,1235.56005859375,1215.8299560546875,1215.8299560546875,1215.8299560546875,False,False,False,True
2026-07-08,LLY,bayesiano,0.3921,down,0.5356,up,0.6141,up,1235.56005859375,1215.8299560546875,1215.8299560546875,1215.8299560546875,True,False,False,True
2026-07-08,LLY,generativo,0.5887,up,0.5428,up,0.6027,up,1235.56005859375,1215.8299560546875,1215.8299560546875,1215.8299560546875,False,False,False,True
2026-07-08,LLY,reinforcement,0.2323,down,0.747,up,0.2298,down,1235.56005859375,1215.8299560546875,1215.8299560546875,1215.8299560546875,True,False,True,True
2026-07-08,LLY,contrarian,0.5412,up,0.4603,down,0.4418,down,1235.56005859375,1215.8299560546875,1215.8299560546875,1215.8299560546875,False,True,True,True
2026-07-08,LLY,eficiente,0.5307,up,0.518,up,0.527,up,1235.56005859375,1215.8299560546875,1215.8299560546875,1215.8299560546875,False,False,False,True
2026-07-08,LLY,foundation,0.5538,up,0.362,down,0.5347,up,1235.56005859375,1215.8299560546875,1215.8299560546875,1215.8299560546875,False,True,False,True
2026-07-08,LLY,conformal,0.4762,down,0.9583,up,0.9362,up,1235.56005859375,1215.8299560546875,1215.8299560546875,1215.8299560546875,True,False,False,True
2026-07-08,LLY,drift,0.4928,down,0.5024,up,0.5032,up,1235.56005859375,1215.8299560546875,1215.8299560546875,1215.8299560546875,True,False,False,True
2026-07-08,NVDA,classico_avancado,0.6601,up,0.7595,up,0.8255,up,196.92999267578125,204.1199951171875,204.1199951171875,204.1199951171875,True,True,True,True
2026-07-08,NVDA,estado_oculto,0.2636,down,0.3614,down,0.3854,down,196.92999267578125,204.1199951171875,204.1199951171875,204.1199951171875,False,False,False,True
2026-07-08,NVDA,series_temporais,0.5417,up,0.5585,up,0.5639,up,196.92999267578125,204.1199951171875,204.1199951171875,204.1199951171875,True,True,True,True
2026-07-08,NVDA,neural_recorrente,0.5517,up,0.5533,up,0.5567,up,196.92999267578125,204.1199951171875,204.1199951171875,204.1199951171875,True,True,True,True
2026-07-08,NVDA,neural_atencao,0.5517,up,0.5533,up,0.5567,up,196.92999267578125,204.1199951171875,204.1199951171875,204.1199951171875,True,True,True,True
2026-07-08,NVDA,bayesiano,0.5235,up,0.6055,up,0.6377,up,196.92999267578125,204.1199951171875,204.1199951171875,204.1199951171875,True,True,True,True
2026-07-08,NVDA,generativo,0.5827,up,0.4965,down,0.5777,up,196.92999267578125,204.1199951171875,204.1199951171875,204.1199951171875,True,False,True,True
2026-07-08,NVDA,reinforcement,0.2471,down,0.7519,up,0.2719,down,196.92999267578125,204.1199951171875,204.1199951171875,204.1199951171875,False,True,False,True
2026-07-08,NVDA,contrarian,0.4791,down,0.3778,down,0.3523,down,196.92999267578125,204.1199951171875,204.1199951171875,204.1199951171875,False,False,False,True
2026-07-08,NVDA,eficiente,0.5517,up,0.5533,up,0.5567,up,196.92999267578125,204.1199951171875,204.1199951171875,204.1199951171875,True,True,True,True
2026-07-08,NVDA,foundation,0.7011,up,0.5856,up,0.6045,up,196.92999267578125,204.1199951171875,204.1199951171875,204.1199951171875,True,True,True,True
2026-07-08,NVDA,conformal,0.9778,up,0.9551,up,0.9647,up,196.92999267578125,204.1199951171875,204.1199951171875,204.1199951171875,True,True,True,True
2026-07-08,NVDA,drift,0.5048,up,0.5044,up,0.5122,up,196.92999267578125,204.1199951171875,204.1199951171875,204.1199951171875,True,True,True,True
2026-07-08,ALV.DE,classico_avancado,0.4095,down,0.1853,down,0.0828,down,420.2000122070313,422.7999877929688,422.7999877929688,422.7999877929688,False,False,False,True
2026-07-08,ALV.DE,estado_oculto,0.7848,up,0.8804,up,0.9108,up,420.2000122070313,422.7999877929688,422.7999877929688,422.7999877929688,True,True,True,True
2026-07-08,ALV.DE,series_temporais,0.5693,up,0.6218,up,0.6167,up,420.2000122070313,422.7999877929688,422.7999877929688,422.7999877929688,True,True,True,True
2026-07-08,ALV.DE,neural_recorrente,0.5666,up,0.6086,up,0.6242,up,420.2000122070313,422.7999877929688,422.7999877929688,422.7999877929688,True,True,True,True
2026-07-08,ALV.DE,neural_atencao,0.5666,up,0.6086,up,0.6242,up,420.2000122070313,422.7999877929688,422.7999877929688,422.7999877929688,True,True,True,True
2026-07-08,ALV.DE,bayesiano,0.3768,down,0.3434,down,0.3264,down,420.2000122070313,422.7999877929688,422.7999877929688,422.7999877929688,False,False,False,True
2026-07-08,ALV.DE,generativo,0.4172,down,0.4937,down,0.522,up,420.2000122070313,422.7999877929688,422.7999877929688,422.7999877929688,False,False,True,True
2026-07-08,ALV.DE,reinforcement,0.7325,up,0.7689,up,0.7863,up,420.2000122070313,422.7999877929688,422.7999877929688,422.7999877929688,True,True,True,True
2026-07-08,ALV.DE,contrarian,0.546,up,0.617,up,0.6789,up,420.2000122070313,422.7999877929688,422.7999877929688,422.7999877929688,True,True,True,True
2026-07-08,ALV.DE,eficiente,0.5666,up,0.6086,up,0.6242,up,420.2000122070313,422.7999877929688,422.7999877929688,422.7999877929688,True,True,True,True
2026-07-08,ALV.DE,foundation,0.4944,down,0.5057,up,0.4161,down,420.2000122070313,422.7999877929688,422.7999877929688,422.7999877929688,False,True,False,True
2026-07-08,ALV.DE,conformal,0.1529,down,0.093,down,0.0959,down,420.2000122070313,422.7999877929688,422.7999877929688,422.7999877929688,False,False,False,True
2026-07-08,ALV.DE,drift,0.3698,down,0.3176,down,0.4816,down,420.2000122070313,422.7999877929688,422.7999877929688,422.7999877929688,False,False,False,True
2026-07-08,BTC-USD,classico_avancado,0.4256,down,0.3767,down,0.2846,down,63372.55078125,62145.9296875,62145.9296875,62145.9296875,True,True,True,True
2026-07-08,BTC-USD,estado_oculto,0.2435,down,0.3406,down,0.3708,down,63372.55078125,62145.9296875,62145.9296875,62145.9296875,True,True,True,True
2026-07-08,BTC-USD,series_temporais,0.5171,up,0.534,up,0.5316,up,63372.55078125,62145.9296875,62145.9296875,62145.9296875,False,False,False,True
2026-07-08,BTC-USD,neural_recorrente,0.5026,up,0.5099,up,0.5098,up,63372.55078125,62145.9296875,62145.9296875,62145.9296875,False,False,False,True
2026-07-08,BTC-USD,neural_atencao,0.5026,up,0.5099,up,0.5098,up,63372.55078125,62145.9296875,62145.9296875,62145.9296875,False,False,False,True
2026-07-08,BTC-USD,bayesiano,0.4254,down,0.5192,up,0.4746,down,63372.55078125,62145.9296875,62145.9296875,62145.9296875,True,False,True,True
2026-07-08,BTC-USD,generativo,0.5575,up,0.5276,up,0.5151,up,63372.55078125,62145.9296875,62145.9296875,62145.9296875,False,False,False,True
2026-07-08,BTC-USD,reinforcement,0.2687,down,0.244,down,0.2669,down,63372.55078125,62145.9296875,62145.9296875,62145.9296875,True,True,True,True
2026-07-08,BTC-USD,contrarian,0.5027,up,0.5751,up,0.407,down,63372.55078125,62145.9296875,62145.9296875,62145.9296875,False,False,True,True
2026-07-08,BTC-USD,eficiente,0.5026,up,0.5099,up,0.5098,up,63372.55078125,62145.9296875,62145.9296875,62145.9296875,False,False,False,True
2026-07-08,BTC-USD,foundation,0.5351,up,0.5566,up,0.5232,up,63372.55078125,62145.9296875,62145.9296875,62145.9296875,False,False,False,True
2026-07-08,BTC-USD,conformal,0.7846,up,0.5515,up,0.5846,up,63372.55078125,62145.9296875,62145.9296875,62145.9296875,False,False,False,True
2026-07-08,BTC-USD,drift,0.4992,down,0.4963,down,0.4991,down,63372.55078125,62145.9296875,62145.9296875,62145.9296875,True,True,True,True
2026-07-08,BABA,classico_avancado,0.5048,up,0.6788,up,0.2809,down,98.13999938964844,108.9800033569336,108.9800033569336,108.9800033569336,True,True,False,True
2026-07-08,BABA,estado_oculto,0.724,up,0.6522,up,0.8791,up,98.13999938964844,108.9800033569336,108.9800033569336,108.9800033569336,True,True,True,True
2026-07-08,BABA,series_temporais,0.4797,down,0.5124,up,0.5057,up,98.13999938964844,108.9800033569336,108.9800033569336,108.9800033569336,False,True,True,True
2026-07-08,BABA,neural_recorrente,0.4655,down,0.4791,down,0.4796,down,98.13999938964844,108.9800033569336,108.9800033569336,108.9800033569336,False,False,False,True
2026-07-08,BABA,neural_atencao,0.4655,down,0.4791,down,0.4796,down,98.13999938964844,108.9800033569336,108.9800033569336,108.9800033569336,False,False,False,True
2026-07-08,BABA,bayesiano,0.3253,down,0.4315,down,0.3391,down,98.13999938964844,108.9800033569336,108.9800033569336,108.9800033569336,False,False,False,True
2026-07-08,BABA,generativo,0.5748,up,0.5503,up,0.5429,up,98.13999938964844,108.9800033569336,108.9800033569336,108.9800033569336,True,True,True,True
2026-07-08,BABA,reinforcement,0.2596,down,0.734,up,0.7692,up,98.13999938964844,108.9800033569336,108.9800033569336,108.9800033569336,False,True,True,True
2026-07-08,BABA,contrarian,0.4996,down,0.3855,down,0.3806,down,98.13999938964844,108.9800033569336,108.9800033569336,108.9800033569336,False,False,False,True
2026-07-08,BABA,eficiente,0.4655,down,0.4791,down,0.4796,down,98.13999938964844,108.9800033569336,108.9800033569336,108.9800033569336,False,False,False,True
2026-07-08,BABA,foundation,0.527,up,0.5194,up,0.5531,up,98.13999938964844,108.9800033569336,108.9800033569336,108.9800033569336,True,True,True,True
2026-07-08,BABA,conformal,0.9451,up,0.9684,up,0.9406,up,98.13999938964844,108.9800033569336,108.9800033569336,108.9800033569336,True,True,True,True
2026-07-08,BABA,drift,0.4871,down,0.5009,up,0.4993,down,98.13999938964844,108.9800033569336,108.9800033569336,108.9800033569336,False,True,False,True
2026-07-09,LLY,classico_avancado,0.4377,down,0.5755,up,0.3727,down,1215.8299560546875,1216.949951171875,1216.949951171875,1216.949951171875,False,True,False,True
2026-07-09,LLY,estado_oculto,0.7808,up,0.8408,up,0.6286,up,1215.8299560546875,1216.949951171875,1216.949951171875,1216.949951171875,True,True,True,True
2026-07-09,LLY,series_temporais,0.5462,up,0.4889,down,0.5335,up,1215.8299560546875,1216.949951171875,1216.949951171875,1216.949951171875,True,False,True,True
2026-07-09,LLY,neural_recorrente,0.5307,up,0.518,up,0.527,up,1215.8299560546875,1216.949951171875,1216.949951171875,1216.949951171875,True,True,True,True
2026-07-09,LLY,neural_atencao,0.5307,up,0.518,up,0.527,up,1215.8299560546875,1216.949951171875,1216.949951171875,1216.949951171875,True,True,True,True
2026-07-09,LLY,bayesiano,0.6292,up,0.5577,up,0.611,up,1215.8299560546875,1216.949951171875,1216.949951171875,1216.949951171875,True,True,True,True
2026-07-09,LLY,generativo,0.6197,up,0.5,up,0.6027,up,1215.8299560546875,1216.949951171875,1216.949951171875,1216.949951171875,True,True,True,True
2026-07-09,LLY,reinforcement,0.2312,down,0.747,up,0.2298,down,1215.8299560546875,1216.949951171875,1216.949951171875,1216.949951171875,False,True,False,True
2026-07-09,LLY,contrarian,0.5215,up,0.4603,down,0.4418,down,1215.8299560546875,1216.949951171875,1216.949951171875,1216.949951171875,True,False,False,True
2026-07-09,LLY,eficiente,0.5307,up,0.518,up,0.527,up,1215.8299560546875,1216.949951171875,1216.949951171875,1216.949951171875,True,True,True,True
2026-07-09,LLY,foundation,0.6038,up,0.3454,down,0.518,up,1215.8299560546875,1216.949951171875,1216.949951171875,1216.949951171875,True,False,True,True
2026-07-09,LLY,conformal,0.9545,up,0.9583,up,0.9362,up,1215.8299560546875,1216.949951171875,1216.949951171875,1216.949951171875,True,True,True,True
2026-07-09,LLY,drift,0.5037,up,0.5024,up,0.5032,up,1215.8299560546875,1216.949951171875,1216.949951171875,1216.949951171875,True,True,True,True
2026-07-09,NVDA,classico_avancado,0.6988,up,0.6469,up,0.7752,up,204.1199951171875,202.77999877929688,202.77999877929688,202.77999877929688,False,False,False,True
2026-07-09,NVDA,estado_oculto,0.2844,down,0.3614,down,0.1411,down,204.1199951171875,202.77999877929688,202.77999877929688,202.77999877929688,True,True,True,True
2026-07-09,NVDA,series_temporais,0.5417,up,0.5585,up,0.5639,up,204.1199951171875,202.77999877929688,202.77999877929688,202.77999877929688,False,False,False,True
2026-07-09,NVDA,neural_recorrente,0.5517,up,0.5533,up,0.5567,up,204.1199951171875,202.77999877929688,202.77999877929688,202.77999877929688,False,False,False,True
2026-07-09,NVDA,neural_atencao,0.5517,up,0.5533,up,0.5567,up,204.1199951171875,202.77999877929688,202.77999877929688,202.77999877929688,False,False,False,True
2026-07-09,NVDA,bayesiano,0.6032,up,0.5307,up,0.5337,up,204.1199951171875,202.77999877929688,202.77999877929688,202.77999877929688,False,False,False,True
2026-07-09,NVDA,generativo,0.6284,up,0.5103,up,0.6022,up,204.1199951171875,202.77999877929688,202.77999877929688,202.77999877929688,False,False,False,True
2026-07-09,NVDA,reinforcement,0.254,down,0.7642,up,0.2694,down,204.1199951171875,202.77999877929688,202.77999877929688,202.77999877929688,True,False,True,True
2026-07-09,NVDA,contrarian,0.4611,down,0.3886,down,0.3622,down,204.1199951171875,202.77999877929688,202.77999877929688,202.77999877929688,True,True,True,True
2026-07-09,NVDA,eficiente,0.5517,up,0.5533,up,0.5567,up,204.1199951171875,202.77999877929688,202.77999877929688,202.77999877929688,False,False,False,True
2026-07-09,NVDA,foundation,0.7011,up,0.6856,up,0.5878,up,204.1199951171875,202.77999877929688,202.77999877929688,202.77999877929688,False,False,False,True
2026-07-09,NVDA,conformal,0.967,up,0.7019,up,0.9186,up,204.1199951171875,202.77999877929688,202.77999877929688,202.77999877929688,False,False,False,True
2026-07-09,NVDA,drift,0.5056,up,0.5033,up,0.5104,up,204.1199951171875,202.77999877929688,202.77999877929688,202.77999877929688,False,False,False,True
2026-07-09,ALV.DE,classico_avancado,0.425,down,0.1896,down,0.1003,down,422.7999877929688,418.5,418.5,418.5,True,True,True,True
2026-07-09,ALV.DE,estado_oculto,0.7848,up,0.8804,up,0.9108,up,422.7999877929688,418.5,418.5,418.5,False,False,False,True
2026-07-09,ALV.DE,series_temporais,0.5693,up,0.6218,up,0.6167,up,422.7999877929688,418.5,418.5,418.5,False,False,False,True
2026-07-09,ALV.DE,neural_recorrente,0.5666,up,0.6086,up,0.6242,up,422.7999877929688,418.5,418.5,418.5,False,False,False,True
2026-07-09,ALV.DE,neural_atencao,0.5666,up,0.6086,up,0.6242,up,422.7999877929688,418.5,418.5,418.5,False,False,False,True
2026-07-09,ALV.DE,bayesiano,0.3724,down,0.3535,down,0.3317,down,422.7999877929688,418.5,418.5,418.5,True,True,True,True
2026-07-09,ALV.DE,generativo,0.4392,down,0.5022,up,0.5094,up,422.7999877929688,418.5,418.5,418.5,True,False,False,True
2026-07-09,ALV.DE,reinforcement,0.7325,up,0.7677,up,0.7898,up,422.7999877929688,418.5,418.5,418.5,False,False,False,True
2026-07-09,ALV.DE,contrarian,0.5307,up,0.6135,up,0.6772,up,422.7999877929688,418.5,418.5,418.5,False,False,False,True
2026-07-09,ALV.DE,eficiente,0.5666,up,0.6086,up,0.6242,up,422.7999877929688,418.5,418.5,418.5,False,False,False,True
2026-07-09,ALV.DE,foundation,0.4777,down,0.4224,down,0.4161,down,422.7999877929688,418.5,418.5,418.5,True,True,True,True
2026-07-09,ALV.DE,conformal,0.1529,down,0.0952,down,0.0875,down,422.7999877929688,418.5,418.5,418.5,True,True,True,True
2026-07-09,ALV.DE,drift,0.3725,down,0.3586,down,0.4784,down,422.7999877929688,418.5,418.5,418.5,True,True,True,True
2026-07-09,BTC-USD,classico_avancado,0.3473,down,0.4015,down,0.4025,down,62145.9296875,63124.640625,63124.640625,63124.640625,False,False,False,True
2026-07-09,BTC-USD,estado_oculto,0.2579,down,0.3406,down,0.3708,down,62145.9296875,63124.640625,63124.640625,63124.640625,False,False,False,True
2026-07-09,BTC-USD,series_temporais,0.5171,up,0.534,up,0.5316,up,62145.9296875,63124.640625,63124.640625,63124.640625,True,True,True,True
2026-07-09,BTC-USD,neural_recorrente,0.5026,up,0.5099,up,0.5098,up,62145.9296875,63124.640625,63124.640625,63124.640625,True,True,True,True
2026-07-09,BTC-USD,neural_atencao,0.5026,up,0.5099,up,0.5098,up,62145.9296875,63124.640625,63124.640625,63124.640625,True,True,True,True
2026-07-09,BTC-USD,bayesiano,0.4456,down,0.528,up,0.5182,up,62145.9296875,63124.640625,63124.640625,63124.640625,False,True,True,True
2026-07-09,BTC-USD,generativo,0.5401,up,0.5591,up,0.5175,up,62145.9296875,63124.640625,63124.640625,63124.640625,True,True,True,True
2026-07-09,BTC-USD,reinforcement,0.2752,down,0.2472,down,0.2677,down,62145.9296875,63124.640625,63124.640625,63124.640625,False,False,False,True
2026-07-09,BTC-USD,contrarian,0.5208,up,0.5659,up,0.4097,down,62145.9296875,63124.640625,63124.640625,63124.640625,True,True,False,True
2026-07-09,BTC-USD,eficiente,0.5026,up,0.5099,up,0.5098,up,62145.9296875,63124.640625,63124.640625,63124.640625,True,True,True,True
2026-07-09,BTC-USD,foundation,0.4851,down,0.5899,up,0.5065,up,62145.9296875,63124.640625,63124.640625,63124.640625,False,True,True,True
2026-07-09,BTC-USD,conformal,0.8629,up,0.6324,up,0.5039,up,62145.9296875,63124.640625,63124.640625,63124.640625,True,True,True,True
2026-07-09,BTC-USD,drift,0.4993,down,0.4948,down,0.4992,down,62145.9296875,63124.640625,63124.640625,63124.640625,False,False,False,True
2026-07-09,BABA,classico_avancado,0.4187,down,0.5671,up,0.4426,down,108.9800033569336,111.13999938964844,111.13999938964844,111.13999938964844,False,True,False,True
2026-07-09,BABA,estado_oculto,0.7407,up,0.8322,up,0.6121,up,108.9800033569336,111.13999938964844,111.13999938964844,111.13999938964844,True,True,True,True
2026-07-09,BABA,series_temporais,0.4797,down,0.5124,up,0.5057,up,108.9800033569336,111.13999938964844,111.13999938964844,111.13999938964844,False,True,True,True
2026-07-09,BABA,neural_recorrente,0.4655,down,0.4791,down,0.4796,down,108.9800033569336,111.13999938964844,111.13999938964844,111.13999938964844,False,False,False,True
2026-07-09,BABA,neural_atencao,0.4655,down,0.4791,down,0.4796,down,108.9800033569336,111.13999938964844,111.13999938964844,111.13999938964844,False,False,False,True
2026-07-09,BABA,bayesiano,0.3569,down,0.3645,down,0.4861,down,108.9800033569336,111.13999938964844,111.13999938964844,111.13999938964844,False,False,False,True
2026-07-09,BABA,generativo,0.538,up,0.5037,up,0.5582,up,108.9800033569336,111.13999938964844,111.13999938964844,111.13999938964844,True,True,True,True
2026-07-09,BABA,reinforcement,0.2517,down,0.7342,up,0.7708,up,108.9800033569336,111.13999938964844,111.13999938964844,111.13999938964844,False,True,True,True
2026-07-09,BABA,contrarian,0.4968,down,0.3896,down,0.3309,down,108.9800033569336,111.13999938964844,111.13999938964844,111.13999938964844,False,False,False,True
2026-07-09,BABA,eficiente,0.4655,down,0.4791,down,0.4796,down,108.9800033569336,111.13999938964844,111.13999938964844,111.13999938964844,False,False,False,True
2026-07-09,BABA,foundation,0.477,down,0.3861,down,0.5197,up,108.9800033569336,111.13999938964844,111.13999938964844,111.13999938964844,False,False,True,True
2026-07-09,BABA,conformal,0.9451,up,0.9175,up,0.97,up,108.9800033569336,111.13999938964844,111.13999938964844,111.13999938964844,True,True,True,True
2026-07-09,BABA,drift,0.4822,down,0.5,up,0.5001,up,108.9800033569336,111.13999938964844,111.13999938964844,111.13999938964844,False,True,True,True
2026-07-10,LLY,classico_avancado,0.4377,down,0.4609,down,0.3727,down,1216.949951171875,1188.5799560546875,1188.5799560546875,1188.5799560546875,True,True,True,True
2026-07-10,LLY,estado_oculto,0.7808,up,0.8408,up,0.6286,up,1216.949951171875,1188.5799560546875,1188.5799560546875,1188.5799560546875,False,False,False,True
2026-07-10,LLY,series_temporais,0.5462,up,0.4889,down,0.5335,up,1216.949951171875,1188.5799560546875,1188.5799560546875,1188.5799560546875,False,True,False,True
2026-07-10,LLY,neural_recorrente,0.5307,up,0.518,up,0.527,up,1216.949951171875,1188.5799560546875,1188.5799560546875,1188.5799560546875,False,False,False,True
2026-07-10,LLY,neural_atencao,0.5307,up,0.518,up,0.527,up,1216.949951171875,1188.5799560546875,1188.5799560546875,1188.5799560546875,False,False,False,True
2026-07-10,LLY,bayesiano,0.6394,up,0.5202,up,0.6243,up,1216.949951171875,1188.5799560546875,1188.5799560546875,1188.5799560546875,False,False,False,True
2026-07-10,LLY,generativo,0.6197,up,0.6281,up,0.6027,up,1216.949951171875,1188.5799560546875,1188.5799560546875,1188.5799560546875,False,False,False,True
2026-07-10,LLY,reinforcement,0.2312,down,0.73,up,0.2298,down,1216.949951171875,1188.5799560546875,1188.5799560546875,1188.5799560546875,True,False,True,True
2026-07-10,LLY,contrarian,0.5215,up,0.4673,down,0.4418,down,1216.949951171875,1188.5799560546875,1188.5799560546875,1188.5799560546875,False,True,True,True
2026-07-10,LLY,eficiente,0.5307,up,0.518,up,0.527,up,1216.949951171875,1188.5799560546875,1188.5799560546875,1188.5799560546875,False,False,False,True
2026-07-10,LLY,foundation,0.5371,up,0.3454,down,0.5347,up,1216.949951171875,1188.5799560546875,1188.5799560546875,1188.5799560546875,False,True,False,True
2026-07-10,LLY,conformal,0.9545,up,0.8478,up,0.9362,up,1216.949951171875,1188.5799560546875,1188.5799560546875,1188.5799560546875,False,False,False,True
2026-07-10,LLY,drift,0.5037,up,0.5021,up,0.5032,up,1216.949951171875,1188.5799560546875,1188.5799560546875,1188.5799560546875,False,False,False,True
2026-07-10,NVDA,classico_avancado,0.6989,up,0.588,up,0.7614,up,202.77999877929688,210.9600067138672,210.9600067138672,210.9600067138672,True,True,True,True
2026-07-10,NVDA,estado_oculto,0.2844,down,0.3614,down,0.3854,down,202.77999877929688,210.9600067138672,210.9600067138672,210.9600067138672,False,False,False,True
2026-07-10,NVDA,series_temporais,0.5417,up,0.5585,up,0.5639,up,202.77999877929688,210.9600067138672,210.9600067138672,210.9600067138672,True,True,True,True
2026-07-10,NVDA,neural_recorrente,0.5517,up,0.5533,up,0.5567,up,202.77999877929688,210.9600067138672,210.9600067138672,210.9600067138672,True,True,True,True
2026-07-10,NVDA,neural_atencao,0.5517,up,0.5533,up,0.5567,up,202.77999877929688,210.9600067138672,210.9600067138672,210.9600067138672,True,True,True,True
2026-07-10,NVDA,bayesiano,0.6095,up,0.5492,up,0.6799,up,202.77999877929688,210.9600067138672,210.9600067138672,210.9600067138672,True,True,True,True
2026-07-10,NVDA,generativo,0.6285,up,0.5046,up,0.57,up,202.77999877929688,210.9600067138672,210.9600067138672,210.9600067138672,True,True,True,True
2026-07-10,NVDA,reinforcement,0.254,down,0.7566,up,0.2699,down,202.77999877929688,210.9600067138672,210.9600067138672,210.9600067138672,False,True,False,True
2026-07-10,NVDA,contrarian,0.4611,down,0.3848,down,0.3538,down,202.77999877929688,210.9600067138672,210.9600067138672,210.9600067138672,False,False,False,True
2026-07-10,NVDA,eficiente,0.5517,up,0.5533,up,0.5567,up,202.77999877929688,210.9600067138672,210.9600067138672,210.9600067138672,True,True,True,True
2026-07-10,NVDA,foundation,0.7011,up,0.7022,up,0.6712,up,202.77999877929688,210.9600067138672,210.9600067138672,210.9600067138672,True,True,True,True
2026-07-10,NVDA,conformal,0.967,up,0.74,up,0.9167,up,202.77999877929688,210.9600067138672,210.9600067138672,210.9600067138672,True,True,True,True
2026-07-10,NVDA,drift,0.5056,up,0.504,up,0.5102,up,202.77999877929688,210.9600067138672,210.9600067138672,210.9600067138672,True,True,True,True
2026-07-10,ALV.DE,classico_avancado,0.3601,down,0.1908,down,0.1003,down,418.5,422.7000122070313,422.7000122070313,422.7000122070313,False,False,False,True
2026-07-10,ALV.DE,estado_oculto,0.7848,up,0.8804,up,0.9108,up,418.5,422.7000122070313,422.7000122070313,422.7000122070313,True,True,True,True
2026-07-10,ALV.DE,series_temporais,0.5693,up,0.6218,up,0.6167,up,418.5,422.7000122070313,422.7000122070313,422.7000122070313,True,True,True,True
2026-07-10,ALV.DE,neural_recorrente,0.5666,up,0.6086,up,0.6242,up,418.5,422.7000122070313,422.7000122070313,422.7000122070313,True,True,True,True
2026-07-10,ALV.DE,neural_atencao,0.5666,up,0.6086,up,0.6242,up,418.5,422.7000122070313,422.7000122070313,422.7000122070313,True,True,True,True
2026-07-10,ALV.DE,bayesiano,0.3441,down,0.3569,down,0.3455,down,418.5,422.7000122070313,422.7000122070313,422.7000122070313,False,False,False,True
2026-07-10,ALV.DE,generativo,0.4403,down,0.502,up,0.5092,up,418.5,422.7000122070313,422.7000122070313,422.7000122070313,False,True,True,True
2026-07-10,ALV.DE,reinforcement,0.729,up,0.7676,up,0.7899,up,418.5,422.7000122070313,422.7000122070313,422.7000122070313,True,True,True,True
2026-07-10,ALV.DE,contrarian,0.5397,up,0.6135,up,0.6772,up,418.5,422.7000122070313,422.7000122070313,422.7000122070313,True,True,True,True
2026-07-10,ALV.DE,eficiente,0.5666,up,0.6086,up,0.6242,up,418.5,422.7000122070313,422.7000122070313,422.7000122070313,True,True,True,True
2026-07-10,ALV.DE,foundation,0.611,up,0.439,down,0.4161,down,418.5,422.7000122070313,422.7000122070313,422.7000122070313,True,False,False,True
2026-07-10,ALV.DE,conformal,0.1529,down,0.0952,down,0.0875,down,418.5,422.7000122070313,422.7000122070313,422.7000122070313,False,False,False,True
2026-07-10,ALV.DE,drift,0.3616,down,0.3586,down,0.4784,down,418.5,422.7000122070313,422.7000122070313,422.7000122070313,False,False,False,True
2026-07-10,BTC-USD,classico_avancado,0.348,down,0.4015,down,0.4024,down,63124.640625,64082.19140625,64082.19140625,64082.19140625,False,False,False,True
2026-07-10,BTC-USD,estado_oculto,0.2579,down,0.3406,down,0.3708,down,63124.640625,64082.19140625,64082.19140625,64082.19140625,False,False,False,True
2026-07-10,BTC-USD,series_temporais,0.5171,up,0.534,up,0.5316,up,63124.640625,64082.19140625,64082.19140625,64082.19140625,True,True,True,True
2026-07-10,BTC-USD,neural_recorrente,0.5026,up,0.5099,up,0.5098,up,63124.640625,64082.19140625,64082.19140625,64082.19140625,True,True,True,True
2026-07-10,BTC-USD,neural_atencao,0.5026,up,0.5099,up,0.5098,up,63124.640625,64082.19140625,64082.19140625,64082.19140625,True,True,True,True
2026-07-10,BTC-USD,bayesiano,0.5275,up,0.5184,up,0.5049,up,63124.640625,64082.19140625,64082.19140625,64082.19140625,True,True,True,True
2026-07-10,BTC-USD,generativo,0.5512,up,0.5592,up,0.5176,up,63124.640625,64082.19140625,64082.19140625,64082.19140625,True,True,True,True
2026-07-10,BTC-USD,reinforcement,0.2719,down,0.2471,down,0.2678,down,63124.640625,64082.19140625,64082.19140625,64082.19140625,False,False,False,True
2026-07-10,BTC-USD,contrarian,0.51,up,0.5659,up,0.4097,down,63124.640625,64082.19140625,64082.19140625,64082.19140625,True,True,False,True
2026-07-10,BTC-USD,eficiente,0.5026,up,0.5099,up,0.5098,up,63124.640625,64082.19140625,64082.19140625,64082.19140625,True,True,True,True
2026-07-10,BTC-USD,foundation,0.5517,up,0.5899,up,0.5732,up,63124.640625,64082.19140625,64082.19140625,64082.19140625,True,True,True,True
2026-07-10,BTC-USD,conformal,0.7846,up,0.6324,up,0.5039,up,63124.640625,64082.19140625,64082.19140625,64082.19140625,True,True,True,True
2026-07-10,BTC-USD,drift,0.4991,down,0.4948,down,0.4992,down,63124.640625,64082.19140625,64082.19140625,64082.19140625,False,False,False,True
2026-07-10,BABA,classico_avancado,0.4451,down,0.5464,up,0.4163,down,111.13999938964844,112.33000183105467,112.33000183105467,112.33000183105467,False,True,False,True
2026-07-10,BABA,estado_oculto,0.7407,up,0.8322,up,0.8791,up,111.13999938964844,112.33000183105467,112.33000183105467,112.33000183105467,True,True,True,True
2026-07-10,BABA,series_temporais,0.4797,down,0.5124,up,0.5057,up,111.13999938964844,112.33000183105467,112.33000183105467,112.33000183105467,False,True,True,True
2026-07-10,BABA,neural_recorrente,0.4655,down,0.4791,down,0.4796,down,111.13999938964844,112.33000183105467,112.33000183105467,112.33000183105467,False,False,False,True
2026-07-10,BABA,neural_atencao,0.4655,down,0.4791,down,0.4796,down,111.13999938964844,112.33000183105467,112.33000183105467,112.33000183105467,False,False,False,True
2026-07-10,BABA,bayesiano,0.3448,down,0.3342,down,0.5353,up,111.13999938964844,112.33000183105467,112.33000183105467,112.33000183105467,False,False,True,True
2026-07-10,BABA,generativo,0.5258,up,0.5123,up,0.584,up,111.13999938964844,112.33000183105467,112.33000183105467,112.33000183105467,True,True,True,True
2026-07-10,BABA,reinforcement,0.7272,up,0.7329,up,0.7777,up,111.13999938964844,112.33000183105467,112.33000183105467,112.33000183105467,True,True,True,True
2026-07-10,BABA,contrarian,0.5016,up,0.41,down,0.3439,down,111.13999938964844,112.33000183105467,112.33000183105467,112.33000183105467,True,False,False,True
2026-07-10,BABA,eficiente,0.4655,down,0.4791,down,0.4796,down,111.13999938964844,112.33000183105467,112.33000183105467,112.33000183105467,False,False,False,True
2026-07-10,BABA,foundation,0.3103,down,0.4361,down,0.4864,down,111.13999938964844,112.33000183105467,112.33000183105467,112.33000183105467,False,False,False,True
2026-07-10,BABA,conformal,0.8469,up,0.8469,up,0.9118,up,111.13999938964844,112.33000183105467,112.33000183105467,112.33000183105467,True,True,True,True
2026-07-10,BABA,drift,0.5276,up,0.4993,down,0.5004,up,111.13999938964844,112.33000183105467,112.33000183105467,112.33000183105467,True,False,True,True
2026-07-11,LLY,classico_avancado,0.4078,down,0.4226,down,0.3519,down,1188.5799560546875,1181.8699951171875,1181.8699951171875,1181.8699951171875,True,True,True,True
2026-07-11,LLY,estado_oculto,0.7808,up,0.6701,up,0.8839,up,1188.5799560546875,1181.8699951171875,1181.8699951171875,1181.8699951171875,False,False,False,True
2026-07-11,LLY,series_temporais,0.5462,up,0.4889,down,0.5335,up,1188.5799560546875,1181.8699951171875,1181.8699951171875,1181.8699951171875,False,True,False,True
2026-07-11,LLY,neural_recorrente,0.5307,up,0.518,up,0.527,up,1188.5799560546875,1181.8699951171875,1181.8699951171875,1181.8699951171875,False,False,False,True
2026-07-11,LLY,neural_atencao,0.5307,up,0.518,up,0.527,up,1188.5799560546875,1181.8699951171875,1181.8699951171875,1181.8699951171875,False,False,False,True
2026-07-11,LLY,bayesiano,0.6081,up,0.6894,up,0.6266,up,1188.5799560546875,1181.8699951171875,1181.8699951171875,1181.8699951171875,False,False,False,True
2026-07-11,LLY,generativo,0.5863,up,0.559,up,0.5369,up,1188.5799560546875,1181.8699951171875,1181.8699951171875,1181.8699951171875,False,False,False,True
2026-07-11,LLY,reinforcement,0.2317,down,0.7288,up,0.2374,down,1188.5799560546875,1181.8699951171875,1181.8699951171875,1181.8699951171875,True,False,True,True
2026-07-11,LLY,contrarian,0.5015,up,0.458,down,0.4636,down,1188.5799560546875,1181.8699951171875,1181.8699951171875,1181.8699951171875,False,True,True,True
2026-07-11,LLY,eficiente,0.5307,up,0.518,up,0.527,up,1188.5799560546875,1181.8699951171875,1181.8699951171875,1181.8699951171875,False,False,False,True
2026-07-11,LLY,foundation,0.5871,up,0.4454,down,0.4514,down,1188.5799560546875,1181.8699951171875,1181.8699951171875,1181.8699951171875,False,True,True,True
2026-07-11,LLY,conformal,0.4143,down,0.5208,up,0.957,up,1188.5799560546875,1181.8699951171875,1181.8699951171875,1181.8699951171875,True,False,False,True
2026-07-11,LLY,drift,0.4913,down,0.5034,up,0.5023,up,1188.5799560546875,1181.8699951171875,1181.8699951171875,1181.8699951171875,True,False,False,True
2026-07-11,NVDA,classico_avancado,0.3365,down,0.5686,up,0.4411,down,210.9600067138672,203.52999877929688,203.52999877929688,203.52999877929688,True,False,True,True
2026-07-11,NVDA,estado_oculto,0.2636,down,0.3614,down,0.3854,down,210.9600067138672,203.52999877929688,203.52999877929688,203.52999877929688,True,True,True,True
2026-07-11,NVDA,series_temporais,0.5417,up,0.5585,up,0.5639,up,210.9600067138672,203.52999877929688,203.52999877929688,203.52999877929688,False,False,False,True
2026-07-11,NVDA,neural_recorrente,0.5517,up,0.5533,up,0.5567,up,210.9600067138672,203.52999877929688,203.52999877929688,203.52999877929688,False,False,False,True
2026-07-11,NVDA,neural_atencao,0.5517,up,0.5533,up,0.5567,up,210.9600067138672,203.52999877929688,203.52999877929688,203.52999877929688,False,False,False,True
2026-07-11,NVDA,bayesiano,0.491,down,0.4439,down,0.6787,up,210.9600067138672,203.52999877929688,203.52999877929688,203.52999877929688,True,True,False,True
2026-07-11,NVDA,generativo,0.56,up,0.52,up,0.5682,up,210.9600067138672,203.52999877929688,203.52999877929688,203.52999877929688,False,False,False,True
2026-07-11,NVDA,reinforcement,0.2436,down,0.7452,up,0.2764,down,210.9600067138672,203.52999877929688,203.52999877929688,203.52999877929688,True,False,True,True
2026-07-11,NVDA,contrarian,0.5119,up,0.4237,down,0.3642,down,210.9600067138672,203.52999877929688,203.52999877929688,203.52999877929688,False,True,True,True
2026-07-11,NVDA,eficiente,0.5517,up,0.5533,up,0.5567,up,210.9600067138672,203.52999877929688,203.52999877929688,203.52999877929688,False,False,False,True
2026-07-11,NVDA,foundation,0.5845,up,0.6522,up,0.5878,up,210.9600067138672,203.52999877929688,203.52999877929688,203.52999877929688,False,False,False,True
2026-07-11,NVDA,conformal,0.75,up,0.5745,up,0.7683,up,210.9600067138672,203.52999877929688,203.52999877929688,203.52999877929688,False,False,False,True
2026-07-11,NVDA,drift,0.5022,up,0.5016,up,0.5107,up,210.9600067138672,203.52999877929688,203.52999877929688,203.52999877929688,False,False,False,True
2026-07-11,ALV.DE,classico_avancado,0.2777,down,0.1896,down,0.1445,down,422.7000122070313,421.6000061035156,421.6000061035156,421.6000061035156,True,True,True,True
2026-07-11,ALV.DE,estado_oculto,0.7795,up,0.8804,up,0.9108,up,422.7000122070313,421.6000061035156,421.6000061035156,421.6000061035156,False,False,False,True
2026-07-11,ALV.DE,series_temporais,0.5693,up,0.6218,up,0.6167,up,422.7000122070313,421.6000061035156,421.6000061035156,421.6000061035156,False,False,False,True
2026-07-11,ALV.DE,neural_recorrente,0.5666,up,0.6086,up,0.6242,up,422.7000122070313,421.6000061035156,421.6000061035156,421.6000061035156,False,False,False,True
2026-07-11,ALV.DE,neural_atencao,0.5666,up,0.6086,up,0.6242,up,422.7000122070313,421.6000061035156,421.6000061035156,421.6000061035156,False,False,False,True
2026-07-11,ALV.DE,bayesiano,0.4156,down,0.3516,down,0.3179,down,422.7000122070313,421.6000061035156,421.6000061035156,421.6000061035156,True,True,True,True
2026-07-11,ALV.DE,generativo,0.4566,down,0.5022,up,0.5113,up,422.7000122070313,421.6000061035156,421.6000061035156,421.6000061035156,True,False,False,True
2026-07-11,ALV.DE,reinforcement,0.7365,up,0.7677,up,0.7788,up,422.7000122070313,421.6000061035156,421.6000061035156,421.6000061035156,False,False,False,True
2026-07-11,ALV.DE,contrarian,0.5546,up,0.6135,up,0.6635,up,422.7000122070313,421.6000061035156,421.6000061035156,421.6000061035156,False,False,False,True
2026-07-11,ALV.DE,eficiente,0.5666,up,0.6086,up,0.6242,up,422.7000122070313,421.6000061035156,421.6000061035156,421.6000061035156,False,False,False,True
2026-07-11,ALV.DE,foundation,0.3777,down,0.4057,down,0.4161,down,422.7000122070313,421.6000061035156,421.6000061035156,421.6000061035156,True,True,True,True
2026-07-11,ALV.DE,conformal,0.1529,down,0.0952,down,0.1077,down,422.7000122070313,421.6000061035156,421.6000061035156,421.6000061035156,True,True,True,True
2026-07-11,ALV.DE,drift,0.3724,down,0.3586,down,0.4813,down,422.7000122070313,421.6000061035156,421.6000061035156,421.6000061035156,True,True,True,True
2026-07-11,BTC-USD,classico_avancado,0.5189,up,0.3809,down,0.4023,down,64082.19140625,62232.05859375,62232.05859375,62232.05859375,False,True,True,True
2026-07-11,BTC-USD,estado_oculto,0.2435,down,0.1641,down,0.3708,down,64082.19140625,62232.05859375,62232.05859375,62232.05859375,True,True,True,True
2026-07-11,BTC-USD,series_temporais,0.5171,up,0.534,up,0.5316,up,64082.19140625,62232.05859375,62232.05859375,62232.05859375,False,False,False,True
2026-07-11,BTC-USD,neural_recorrente,0.5026,up,0.5099,up,0.5098,up,64082.19140625,62232.05859375,62232.05859375,62232.05859375,False,False,False,True
2026-07-11,BTC-USD,neural_atencao,0.5026,up,0.5099,up,0.5098,up,64082.19140625,62232.05859375,62232.05859375,62232.05859375,False,False,False,True
2026-07-11,BTC-USD,bayesiano,0.5521,up,0.455,down,0.509,up,64082.19140625,62232.05859375,62232.05859375,62232.05859375,False,True,False,True
2026-07-11,BTC-USD,generativo,0.5394,up,0.543,up,0.5176,up,64082.19140625,62232.05859375,62232.05859375,62232.05859375,False,False,False,True
2026-07-11,BTC-USD,reinforcement,0.2736,down,0.2473,down,0.2678,down,64082.19140625,62232.05859375,62232.05859375,62232.05859375,True,True,True,True
2026-07-11,BTC-USD,contrarian,0.491,down,0.5654,up,0.4097,down,64082.19140625,62232.05859375,62232.05859375,62232.05859375,True,False,True,True
2026-07-11,BTC-USD,eficiente,0.5026,up,0.5099,up,0.5098,up,64082.19140625,62232.05859375,62232.05859375,62232.05859375,False,False,False,True
2026-07-11,BTC-USD,foundation,0.4517,down,0.5232,up,0.6065,up,64082.19140625,62232.05859375,62232.05859375,62232.05859375,True,False,False,True
2026-07-11,BTC-USD,conformal,0.8425,up,0.7246,up,0.5039,up,64082.19140625,62232.05859375,62232.05859375,62232.05859375,False,False,False,True
2026-07-11,BTC-USD,drift,0.5,up,0.4955,down,0.4992,down,64082.19140625,62232.05859375,62232.05859375,62232.05859375,False,True,True,True
2026-07-11,BABA,classico_avancado,0.5844,up,0.4979,down,0.3855,down,112.33000183105467,112.3499984741211,112.3499984741211,112.3499984741211,True,False,False,True
2026-07-11,BABA,estado_oculto,0.7407,up,0.8322,up,0.8791,up,112.33000183105467,112.3499984741211,112.3499984741211,112.3499984741211,True,True,True,True
2026-07-11,BABA,series_temporais,0.4797,down,0.5124,up,0.5057,up,112.33000183105467,112.3499984741211,112.3499984741211,112.3499984741211,False,True,True,True
2026-07-11,BABA,neural_recorrente,0.4655,down,0.4791,down,0.4796,down,112.33000183105467,112.3499984741211,112.3499984741211,112.3499984741211,False,False,False,True
2026-07-11,BABA,neural_atencao,0.4655,down,0.4791,down,0.4796,down,112.33000183105467,112.3499984741211,112.3499984741211,112.3499984741211,False,False,False,True
2026-07-11,BABA,bayesiano,0.5691,up,0.4441,down,0.3831,down,112.33000183105467,112.3499984741211,112.3499984741211,112.3499984741211,True,False,False,True
2026-07-11,BABA,generativo,0.5177,up,0.5063,up,0.546,up,112.33000183105467,112.3499984741211,112.3499984741211,112.3499984741211,True,True,True,True
2026-07-11,BABA,reinforcement,0.7359,up,0.7472,up,0.7799,up,112.33000183105467,112.3499984741211,112.3499984741211,112.3499984741211,True,True,True,True
2026-07-11,BABA,contrarian,0.4736,down,0.386,down,0.3533,down,112.33000183105467,112.3499984741211,112.3499984741211,112.3499984741211,False,False,False,True
2026-07-11,BABA,eficiente,0.4655,down,0.4791,down,0.4796,down,112.33000183105467,112.3499984741211,112.3499984741211,112.3499984741211,False,False,False,True
2026-07-11,BABA,foundation,0.3103,down,0.3194,down,0.4364,down,112.33000183105467,112.3499984741211,112.3499984741211,112.3499984741211,False,False,False,True
2026-07-11,BABA,conformal,0.8351,up,0.8889,up,0.9118,up,112.33000183105467,112.3499984741211,112.3499984741211,112.3499984741211,True,True,True,True
2026-07-11,BABA,drift,0.5347,up,0.5016,up,0.5002,up,112.33000183105467,112.3499984741211,112.3499984741211,112.3499984741211,True,True,True,True
2026-07-14,LLY,classico_avancado,0.4077,down,0.4031,down,0.4229,down,1181.8699951171875,1156.6300048828125,1156.6300048828125,1156.6300048828125,True,True,True,True
2026-07-14,LLY,estado_oculto,0.7808,up,0.8408,up,0.6286,up,1181.8699951171875,1156.6300048828125,1156.6300048828125,1156.6300048828125,False,False,False,True
2026-07-14,LLY,series_temporais,0.5462,up,0.4889,down,0.5335,up,1181.8699951171875,1156.6300048828125,1156.6300048828125,1156.6300048828125,False,True,False,True
2026-07-14,LLY,neural_recorrente,0.5307,up,0.518,up,0.527,up,1181.8699951171875,1156.6300048828125,1156.6300048828125,1156.6300048828125,False,False,False,True
2026-07-14,LLY,neural_atencao,0.5307,up,0.518,up,0.527,up,1181.8699951171875,1156.6300048828125,1156.6300048828125,1156.6300048828125,False,False,False,True
2026-07-14,LLY,bayesiano,0.6074,up,0.615,up,0.7037,up,1181.8699951171875,1156.6300048828125,1156.6300048828125,1156.6300048828125,False,False,False,True
2026-07-14,LLY,generativo,0.5862,up,0.6034,up,0.6261,up,1181.8699951171875,1156.6300048828125,1156.6300048828125,1156.6300048828125,False,False,False,True
2026-07-14,LLY,reinforcement,0.2317,down,0.7346,up,0.2354,down,1181.8699951171875,1156.6300048828125,1156.6300048828125,1156.6300048828125,True,False,True,True
2026-07-14,LLY,contrarian,0.5015,up,0.4502,down,0.4208,down,1181.8699951171875,1156.6300048828125,1156.6300048828125,1156.6300048828125,False,True,True,True
2026-07-14,LLY,eficiente,0.5307,up,0.518,up,0.527,up,1181.8699951171875,1156.6300048828125,1156.6300048828125,1156.6300048828125,False,False,False,True
2026-07-14,LLY,foundation,0.5538,up,0.4454,down,0.4514,down,1181.8699951171875,1156.6300048828125,1156.6300048828125,1156.6300048828125,False,True,True,True
2026-07-14,LLY,conformal,0.4143,down,0.5,up,0.9362,up,1181.8699951171875,1156.6300048828125,1156.6300048828125,1156.6300048828125,True,False,False,True
2026-07-14,LLY,drift,0.4913,down,0.5025,up,0.5031,up,1181.8699951171875,1156.6300048828125,1156.6300048828125,1156.6300048828125,True,False,False,True
2026-07-14,NVDA,classico_avancado,0.7617,up,0.5686,up,0.4411,down,203.52999877929688,212.5,212.5,212.5,True,True,False,True
2026-07-14,NVDA,estado_oculto,0.2844,down,0.3614,down,0.3854,down,203.52999877929688,212.5,212.5,212.5,False,False,False,True
2026-07-14,NVDA,series_temporais,0.5417,up,0.5585,up,0.5639,up,203.52999877929688,212.5,212.5,212.5,True,True,True,True
2026-07-14,NVDA,neural_recorrente,0.5517,up,0.5533,up,0.5567,up,203.52999877929688,212.5,212.5,212.5,True,True,True,True
2026-07-14,NVDA,neural_atencao,0.5517,up,0.5533,up,0.5567,up,203.52999877929688,212.5,212.5,212.5,True,True,True,True
2026-07-14,NVDA,bayesiano,0.6475,up,0.4309,down,0.6591,up,203.52999877929688,212.5,212.5,212.5,True,False,True,True
2026-07-14,NVDA,generativo,0.6048,up,0.52,up,0.5682,up,203.52999877929688,212.5,212.5,212.5,True,True,True,True
2026-07-14,NVDA,reinforcement,0.2601,down,0.7452,up,0.2764,down,203.52999877929688,212.5,212.5,212.5,False,True,False,True
2026-07-14,NVDA,contrarian,0.492,down,0.4237,down,0.3642,down,203.52999877929688,212.5,212.5,212.5,False,False,False,True
2026-07-14,NVDA,eficiente,0.5517,up,0.5533,up,0.5567,up,203.52999877929688,212.5,212.5,212.5,True,True,True,True
2026-07-14,NVDA,foundation,0.3678,down,0.5522,up,0.5878,up,203.52999877929688,212.5,212.5,212.5,False,True,True,True
2026-07-14,NVDA,conformal,0.5111,up,0.5745,up,0.7683,up,203.52999877929688,212.5,212.5,212.5,True,True,True,True
2026-07-14,NVDA,drift,0.5028,up,0.5016,up,0.5107,up,203.52999877929688,212.5,212.5,212.5,True,True,True,True
2026-07-14,ALV.DE,classico_avancado,0.2777,down,0.2918,down,0.1444,down,421.6000061035156,421.0,421.0,421.0,True,True,True,True
2026-07-14,ALV.DE,estado_oculto,0.7795,up,0.6849,up,0.9108,up,421.6000061035156,421.0,421.0,421.0,False,False,False,True
2026-07-14,ALV.DE,series_temporais,0.5693,up,0.6218,up,0.6167,up,421.6000061035156,421.0,421.0,421.0,False,False,False,True
2026-07-14,ALV.DE,neural_recorrente,0.5666,up,0.6086,up,0.6242,up,421.6000061035156,421.0,421.0,421.0,False,False,False,True
2026-07-14,ALV.DE,neural_atencao,0.5666,up,0.6086,up,0.6242,up,421.6000061035156,421.0,421.0,421.0,False,False,False,True
2026-07-14,ALV.DE,bayesiano,0.4074,down,0.419,down,0.3266,down,421.6000061035156,421.0,421.0,421.0,True,True,True,True
2026-07-14,ALV.DE,generativo,0.4566,down,0.4648,down,0.5116,up,421.6000061035156,421.0,421.0,421.0,True,True,False,True
2026-07-14,ALV.DE,reinforcement,0.7365,up,0.7669,up,0.7788,up,421.6000061035156,421.0,421.0,421.0,False,False,False,True
2026-07-14,ALV.DE,contrarian,0.5546,up,0.6207,up,0.6635,up,421.6000061035156,421.0,421.0,421.0,False,False,False,True
2026-07-14,ALV.DE,eficiente,0.5666,up,0.6086,up,0.6242,up,421.6000061035156,421.0,421.0,421.0,False,False,False,True
2026-07-14,ALV.DE,foundation,0.3777,down,0.539,up,0.4161,down,421.6000061035156,421.0,421.0,421.0,True,False,True,True
2026-07-14,ALV.DE,conformal,0.1529,down,0.1538,down,0.1077,down,421.6000061035156,421.0,421.0,421.0,True,True,True,True
2026-07-14,ALV.DE,drift,0.3724,down,0.4074,down,0.4813,down,421.6000061035156,421.0,421.0,421.0,True,True,True,True
2026-07-14,BTC-USD,classico_avancado,0.5018,up,0.4714,down,0.5532,up,62232.05859375,64803.76953125,64803.76953125,64803.76953125,True,False,True,True
2026-07-14,BTC-USD,estado_oculto,0.2579,down,0.1641,down,0.3708,down,62232.05859375,64803.76953125,64803.76953125,64803.76953125,False,False,False,True
2026-07-14,BTC-USD,series_temporais,0.5171,up,0.534,up,0.5316,up,62232.05859375,64803.76953125,64803.76953125,64803.76953125,True,True,True,True
2026-07-14,BTC-USD,neural_recorrente,0.5026,up,0.5099,up,0.5098,up,62232.05859375,64803.76953125,64803.76953125,64803.76953125,True,True,True,True
2026-07-14,BTC-USD,neural_atencao,0.5026,up,0.5099,up,0.5098,up,62232.05859375,64803.76953125,64803.76953125,64803.76953125,True,True,True,True
2026-07-14,BTC-USD,bayesiano,0.4729,down,0.6468,up,0.5989,up,62232.05859375,64803.76953125,64803.76953125,64803.76953125,False,True,True,True
2026-07-14,BTC-USD,generativo,0.539,up,0.5523,up,0.5496,up,62232.05859375,64803.76953125,64803.76953125,64803.76953125,True,True,True,True
2026-07-14,BTC-USD,reinforcement,0.2767,down,0.2531,down,0.2547,down,62232.05859375,64803.76953125,64803.76953125,64803.76953125,False,False,False,True
2026-07-14,BTC-USD,contrarian,0.5159,up,0.5709,up,0.3939,down,62232.05859375,64803.76953125,64803.76953125,64803.76953125,True,True,False,True
2026-07-14,BTC-USD,eficiente,0.5026,up,0.5099,up,0.5098,up,62232.05859375,64803.76953125,64803.76953125,64803.76953125,True,True,True,True
2026-07-14,BTC-USD,foundation,0.5517,up,0.5899,up,0.6565,up,62232.05859375,64803.76953125,64803.76953125,64803.76953125,True,True,True,True
2026-07-14,BTC-USD,conformal,0.8943,up,0.4599,down,0.7252,up,62232.05859375,64803.76953125,64803.76953125,64803.76953125,True,False,True,True
2026-07-14,BTC-USD,drift,0.4997,down,0.4978,down,0.4996,down,62232.05859375,64803.76953125,64803.76953125,64803.76953125,False,False,False,True
2026-07-14,BABA,classico_avancado,0.5844,up,0.4979,down,0.6108,up,112.3499984741211,117.69000244140624,117.69000244140624,117.69000244140624,True,False,True,True
2026-07-14,BABA,estado_oculto,0.7407,up,0.8322,up,0.8791,up,112.3499984741211,117.69000244140624,117.69000244140624,117.69000244140624,True,True,True,True
2026-07-14,BABA,series_temporais,0.4797,down,0.5124,up,0.5057,up,112.3499984741211,117.69000244140624,117.69000244140624,117.69000244140624,False,True,True,True
2026-07-14,BABA,neural_recorrente,0.4655,down,0.4791,down,0.4796,down,112.3499984741211,117.69000244140624,117.69000244140624,117.69000244140624,False,False,False,True
2026-07-14,BABA,neural_atencao,0.4655,down,0.4791,down,0.4796,down,112.3499984741211,117.69000244140624,117.69000244140624,117.69000244140624,False,False,False,True
2026-07-14,BABA,bayesiano,0.5334,up,0.4301,down,0.5213,up,112.3499984741211,117.69000244140624,117.69000244140624,117.69000244140624,True,False,True,True
2026-07-14,BABA,generativo,0.5177,up,0.5063,up,0.604,up,112.3499984741211,117.69000244140624,117.69000244140624,117.69000244140624,True,True,True,True
2026-07-14,BABA,reinforcement,0.7359,up,0.7472,up,0.7848,up,112.3499984741211,117.69000244140624,117.69000244140624,117.69000244140624,True,True,True,True
2026-07-14,BABA,contrarian,0.4736,down,0.386,down,0.3126,down,112.3499984741211,117.69000244140624,117.69000244140624,117.69000244140624,False,False,False,True
2026-07-14,BABA,eficiente,0.4655,down,0.4791,down,0.4796,down,112.3499984741211,117.69000244140624,117.69000244140624,117.69000244140624,False,False,False,True
2026-07-14,BABA,foundation,0.3103,down,0.3194,down,0.3197,down,112.3499984741211,117.69000244140624,117.69000244140624,117.69000244140624,False,False,False,True
2026-07-14,BABA,conformal,0.8163,up,0.8889,up,0.9118,up,112.3499984741211,117.69000244140624,117.69000244140624,117.69000244140624,True,True,True,True
2026-07-14,BABA,drift,0.5347,up,0.5016,up,0.5034,up,112.3499984741211,117.69000244140624,117.69000244140624,117.69000244140624,True,True,True,True
2026-07-16,LLY,classico_avancado,0.2459,down,0.4587,down,0.2461,down,1156.6300048828125,1169.1700439453125,1169.1700439453125,1169.1700439453125,False,False,False,True
2026-07-16,LLY,estado_oculto,0.2524,down,0.6701,up,0.6286,up,1156.6300048828125,1169.1700439453125,1169.1700439453125,1169.1700439453125,False,True,True,True
2026-07-16,LLY,series_temporais,0.5462,up,0.4889,down,0.5335,up,1156.6300048828125,1169.1700439453125,1169.1700439453125,1169.1700439453125,True,False,True,True
2026-07-16,LLY,neural_recorrente,0.5307,up,0.518,up,0.527,up,1156.6300048828125,1169.1700439453125,1169.1700439453125,1169.1700439453125,True,True,True,True
2026-07-16,LLY,neural_atencao,0.5307,up,0.518,up,0.527,up,1156.6300048828125,1169.1700439453125,1169.1700439453125,1169.1700439453125,True,True,True,True
2026-07-16,LLY,bayesiano,0.5702,up,0.7044,up,0.5165,up,1156.6300048828125,1169.1700439453125,1169.1700439453125,1169.1700439453125,True,True,True,True
2026-07-16,LLY,generativo,0.5537,up,0.5639,up,0.5519,up,1156.6300048828125,1169.1700439453125,1169.1700439453125,1169.1700439453125,True,True,True,True
2026-07-16,LLY,reinforcement,0.229,down,0.7301,up,0.2271,down,1156.6300048828125,1169.1700439453125,1169.1700439453125,1169.1700439453125,False,True,False,True
2026-07-16,LLY,contrarian,0.5257,up,0.461,down,0.4815,down,1156.6300048828125,1169.1700439453125,1169.1700439453125,1169.1700439453125,True,False,False,True
2026-07-16,LLY,eficiente,0.5307,up,0.518,up,0.527,up,1156.6300048828125,1169.1700439453125,1169.1700439453125,1169.1700439453125,True,True,True,True
2026-07-16,LLY,foundation,0.5205,up,0.562,up,0.5347,up,1156.6300048828125,1169.1700439453125,1169.1700439453125,1169.1700439453125,True,True,True,True
2026-07-16,LLY,conformal,0.2857,down,0.3158,down,0.7955,up,1156.6300048828125,1169.1700439453125,1169.1700439453125,1169.1700439453125,False,False,True,True
2026-07-16,LLY,drift,0.4906,down,0.5013,up,0.4962,down,1156.6300048828125,1169.1700439453125,1169.1700439453125,1169.1700439453125,False,True,False,True
2026-07-16,NVDA,classico_avancado,0.4475,down,0.4981,down,0.4522,down,212.5,207.3999938964844,207.3999938964844,207.3999938964844,True,True,True,True
2026-07-16,NVDA,estado_oculto,0.2636,down,0.1692,down,0.1411,down,212.5,207.3999938964844,207.3999938964844,207.3999938964844,True,True,True,True
2026-07-16,NVDA,series_temporais,0.5417,up,0.5585,up,0.5639,up,212.5,207.3999938964844,207.3999938964844,207.3999938964844,False,False,False,True
2026-07-16,NVDA,neural_recorrente,0.5517,up,0.5533,up,0.5567,up,212.5,207.3999938964844,207.3999938964844,207.3999938964844,False,False,False,True
2026-07-16,NVDA,neural_atencao,0.5517,up,0.5533,up,0.5567,up,212.5,207.3999938964844,207.3999938964844,207.3999938964844,False,False,False,True
2026-07-16,NVDA,bayesiano,0.4531,down,0.3789,down,0.2592,down,212.5,207.3999938964844,207.3999938964844,207.3999938964844,True,True,True,True
2026-07-16,NVDA,generativo,0.5803,up,0.5047,up,0.542,up,212.5,207.3999938964844,207.3999938964844,207.3999938964844,False,False,False,True
2026-07-16,NVDA,reinforcement,0.2662,down,0.7389,up,0.2668,down,212.5,207.3999938964844,207.3999938964844,207.3999938964844,True,False,True,True
2026-07-16,NVDA,contrarian,0.5175,up,0.4386,down,0.3985,down,212.5,207.3999938964844,207.3999938964844,207.3999938964844,False,True,True,True
2026-07-16,NVDA,eficiente,0.5517,up,0.5533,up,0.5567,up,212.5,207.3999938964844,207.3999938964844,207.3999938964844,False,False,False,True
2026-07-16,NVDA,foundation,0.6678,up,0.6856,up,0.5878,up,212.5,207.3999938964844,207.3999938964844,207.3999938964844,False,False,False,True
2026-07-16,NVDA,conformal,0.5455,up,0.4891,down,0.6024,up,212.5,207.3999938964844,207.3999938964844,207.3999938964844,False,True,False,True
2026-07-16,NVDA,drift,0.4999,down,0.4975,down,0.5026,up,212.5,207.3999938964844,207.3999938964844,207.3999938964844,True,True,False,True
2026-07-16,ALV.DE,classico_avancado,0.2777,down,0.2918,down,0.1444,down,421.0,416.3999938964844,416.3999938964844,416.3999938964844,True,True,True,True
2026-07-16,ALV.DE,estado_oculto,0.7795,up,0.6849,up,0.9108,up,421.0,416.3999938964844,416.3999938964844,416.3999938964844,False,False,False,True
2026-07-16,ALV.DE,series_temporais,0.5693,up,0.6218,up,0.6167,up,421.0,416.3999938964844,416.3999938964844,416.3999938964844,False,False,False,True
2026-07-16,ALV.DE,neural_recorrente,0.5666,up,0.6086,up,0.6242,up,421.0,416.3999938964844,416.3999938964844,416.3999938964844,False,False,False,True
2026-07-16,ALV.DE,neural_atencao,0.5666,up,0.6086,up,0.6242,up,421.0,416.3999938964844,416.3999938964844,416.3999938964844,False,False,False,True
2026-07-16,ALV.DE,bayesiano,0.4174,down,0.3712,down,0.3252,down,421.0,416.3999938964844,416.3999938964844,416.3999938964844,True,True,True,True
2026-07-16,ALV.DE,generativo,0.4566,down,0.4648,down,0.5116,up,421.0,416.3999938964844,416.3999938964844,416.3999938964844,True,True,False,True
2026-07-16,ALV.DE,reinforcement,0.7365,up,0.7669,up,0.7788,up,421.0,416.3999938964844,416.3999938964844,416.3999938964844,False,False,False,True
2026-07-16,ALV.DE,contrarian,0.5546,up,0.6207,up,0.6635,up,421.0,416.3999938964844,416.3999938964844,416.3999938964844,False,False,False,True
2026-07-16,ALV.DE,eficiente,0.5666,up,0.6086,up,0.6242,up,421.0,416.3999938964844,416.3999938964844,416.3999938964844,False,False,False,True
2026-07-16,ALV.DE,foundation,0.3777,down,0.539,up,0.4161,down,421.0,416.3999938964844,416.3999938964844,416.3999938964844,True,False,True,True
2026-07-16,ALV.DE,conformal,0.1529,down,0.1538,down,0.1077,down,421.0,416.3999938964844,416.3999938964844,416.3999938964844,True,True,True,True
2026-07-16,ALV.DE,drift,0.3724,down,0.4074,down,0.4813,down,421.0,416.3999938964844,416.3999938964844,416.3999938964844,True,True,True,True
2026-07-16,BTC-USD,classico_avancado,0.4779,down,0.5551,up,0.5405,up,64803.76953125,63737.01171875,63737.01171875,63737.01171875,True,False,False,True
2026-07-16,BTC-USD,estado_oculto,0.2579,down,0.1641,down,0.1325,down,64803.76953125,63737.01171875,63737.01171875,63737.01171875,True,True,True,True
2026-07-16,BTC-USD,series_temporais,0.5171,up,0.534,up,0.5316,up,64803.76953125,63737.01171875,63737.01171875,63737.01171875,False,False,False,True
2026-07-16,BTC-USD,neural_recorrente,0.5026,up,0.5099,up,0.5098,up,64803.76953125,63737.01171875,63737.01171875,63737.01171875,False,False,False,True
2026-07-16,BTC-USD,neural_atencao,0.5026,up,0.5099,up,0.5098,up,64803.76953125,63737.01171875,63737.01171875,63737.01171875,False,False,False,True
2026-07-16,BTC-USD,bayesiano,0.4686,down,0.3989,down,0.7171,up,64803.76953125,63737.01171875,63737.01171875,63737.01171875,True,True,False,True
2026-07-16,BTC-USD,generativo,0.5503,up,0.537,up,0.5474,up,64803.76953125,63737.01171875,63737.01171875,63737.01171875,False,False,False,True
2026-07-16,BTC-USD,reinforcement,0.2743,down,0.246,down,0.2561,down,64803.76953125,63737.01171875,63737.01171875,63737.01171875,True,True,True,True
2026-07-16,BTC-USD,contrarian,0.4988,down,0.5424,up,0.3745,down,64803.76953125,63737.01171875,63737.01171875,63737.01171875,True,False,True,True
2026-07-16,BTC-USD,eficiente,0.5026,up,0.5099,up,0.5098,up,64803.76953125,63737.01171875,63737.01171875,63737.01171875,False,False,False,True
2026-07-16,BTC-USD,foundation,0.6684,up,0.6732,up,0.5565,up,64803.76953125,63737.01171875,63737.01171875,63737.01171875,False,False,False,True
2026-07-16,BTC-USD,conformal,0.8862,up,0.7536,up,0.7333,up,64803.76953125,63737.01171875,63737.01171875,63737.01171875,False,False,False,True
2026-07-16,BTC-USD,drift,0.5001,up,0.4996,down,0.4999,down,64803.76953125,63737.01171875,63737.01171875,63737.01171875,False,True,True,True
2026-07-16,BABA,classico_avancado,0.5638,up,0.5099,up,0.761,up,117.69000244140624,117.48999786376952,117.48999786376952,117.48999786376952,False,False,False,True
2026-07-16,BABA,estado_oculto,0.724,up,0.8322,up,0.8791,up,117.69000244140624,117.48999786376952,117.48999786376952,117.48999786376952,False,False,False,True
2026-07-16,BABA,series_temporais,0.4797,down,0.5124,up,0.5057,up,117.69000244140624,117.48999786376952,117.48999786376952,117.48999786376952,True,False,False,True
2026-07-16,BABA,neural_recorrente,0.4655,down,0.4791,down,0.4796,down,117.69000244140624,117.48999786376952,117.48999786376952,117.48999786376952,True,True,True,True
2026-07-16,BABA,neural_atencao,0.4655,down,0.4791,down,0.4796,down,117.69000244140624,117.48999786376952,117.48999786376952,117.48999786376952,True,True,True,True
2026-07-16,BABA,bayesiano,0.544,up,0.474,down,0.6327,up,117.69000244140624,117.48999786376952,117.48999786376952,117.48999786376952,False,True,False,True
2026-07-16,BABA,generativo,0.5427,up,0.5187,up,0.5204,up,117.69000244140624,117.48999786376952,117.48999786376952,117.48999786376952,False,False,False,True
2026-07-16,BABA,reinforcement,0.7289,up,0.7479,up,0.7845,up,117.69000244140624,117.48999786376952,117.48999786376952,117.48999786376952,False,False,False,True
2026-07-16,BABA,contrarian,0.4867,down,0.3744,down,0.2914,down,117.69000244140624,117.48999786376952,117.48999786376952,117.48999786376952,True,True,True,True
2026-07-16,BABA,eficiente,0.4655,down,0.4791,down,0.4796,down,117.69000244140624,117.48999786376952,117.48999786376952,117.48999786376952,True,True,True,True
2026-07-16,BABA,foundation,0.3103,down,0.3194,down,0.3197,down,117.69000244140624,117.48999786376952,117.48999786376952,117.48999786376952,True,True,True,True
2026-07-16,BABA,conformal,0.8163,up,0.8485,up,0.9118,up,117.69000244140624,117.48999786376952,117.48999786376952,117.48999786376952,False,False,False,True
2026-07-16,BABA,drift,0.5053,up,0.5022,up,0.5037,up,117.69000244140624,117.48999786376952,117.48999786376952,117.48999786376952,False,False,False,True
2026-07-17,LLY,classico_avancado,0.3095,down,0.4587,down,0.2461,down,1169.1700439453125,1146.9000244140625,1146.9000244140625,1146.9000244140625,True,True,True,True
2026-07-17,LLY,estado_oculto,0.2808,down,0.6701,up,0.6286,up,1169.1700439453125,1146.9000244140625,1146.9000244140625,1146.9000244140625,True,False,False,True
2026-07-17,LLY,series_temporais,0.5462,up,0.4889,down,0.5335,up,1169.1700439453125,1146.9000244140625,1146.9000244140625,1146.9000244140625,False,True,False,True
2026-07-17,LLY,neural_recorrente,0.5307,up,0.518,up,0.527,up,1169.1700439453125,1146.9000244140625,1146.9000244140625,1146.9000244140625,False,False,False,True
2026-07-17,LLY,neural_atencao,0.5307,up,0.518,up,0.527,up,1169.1700439453125,1146.9000244140625,1146.9000244140625,1146.9000244140625,False,False,False,True
2026-07-17,LLY,bayesiano,0.5853,up,0.7074,up,0.5234,up,1169.1700439453125,1146.9000244140625,1146.9000244140625,1146.9000244140625,False,False,False,True
2026-07-17,LLY,generativo,0.5208,up,0.5639,up,0.5519,up,1169.1700439453125,1146.9000244140625,1146.9000244140625,1146.9000244140625,False,False,False,True
2026-07-17,LLY,reinforcement,0.2164,down,0.7301,up,0.2271,down,1169.1700439453125,1146.9000244140625,1146.9000244140625,1146.9000244140625,True,False,True,True
2026-07-17,LLY,contrarian,0.5206,up,0.461,down,0.4815,down,1169.1700439453125,1146.9000244140625,1146.9000244140625,1146.9000244140625,False,True,True,True
2026-07-17,LLY,eficiente,0.5307,up,0.518,up,0.527,up,1169.1700439453125,1146.9000244140625,1146.9000244140625,1146.9000244140625,False,False,False,True
2026-07-17,LLY,foundation,0.6205,up,0.5787,up,0.4847,down,1169.1700439453125,1146.9000244140625,1146.9000244140625,1146.9000244140625,False,False,True,True
2026-07-17,LLY,conformal,0.5156,up,0.3158,down,0.7955,up,1169.1700439453125,1146.9000244140625,1146.9000244140625,1146.9000244140625,False,True,False,True
2026-07-17,LLY,drift,0.4914,down,0.5013,up,0.4964,down,1169.1700439453125,1146.9000244140625,1146.9000244140625,1146.9000244140625,True,False,True,True
2026-07-17,NVDA,classico_avancado,0.5165,up,0.2726,down,0.2566,down,207.3999938964844,203.27999877929688,203.27999877929688,203.27999877929688,False,True,True,True
2026-07-17,NVDA,estado_oculto,0.2844,down,0.3614,down,0.1411,down,207.3999938964844,203.27999877929688,203.27999877929688,203.27999877929688,True,True,True,True
2026-07-17,NVDA,series_temporais,0.5417,up,0.5585,up,0.5639,up,207.3999938964844,203.27999877929688,203.27999877929688,203.27999877929688,False,False,False,True
2026-07-17,NVDA,neural_recorrente,0.5517,up,0.5533,up,0.5567,up,207.3999938964844,203.27999877929688,203.27999877929688,203.27999877929688,False,False,False,True
2026-07-17,NVDA,neural_atencao,0.5517,up,0.5533,up,0.5567,up,207.3999938964844,203.27999877929688,203.27999877929688,203.27999877929688,False,False,False,True
2026-07-17,NVDA,bayesiano,0.5881,up,0.3447,down,0.2643,down,207.3999938964844,203.27999877929688,203.27999877929688,203.27999877929688,False,True,True,True
2026-07-17,NVDA,generativo,0.595,up,0.5612,up,0.5197,up,207.3999938964844,203.27999877929688,203.27999877929688,203.27999877929688,False,False,False,True
2026-07-17,NVDA,reinforcement,0.2675,down,0.7284,up,0.2707,down,207.3999938964844,203.27999877929688,203.27999877929688,203.27999877929688,True,False,True,True
2026-07-17,NVDA,contrarian,0.4977,down,0.4386,down,0.4253,down,207.3999938964844,203.27999877929688,203.27999877929688,203.27999877929688,True,True,True,True
2026-07-17,NVDA,eficiente,0.5517,up,0.5533,up,0.5567,up,207.3999938964844,203.27999877929688,203.27999877929688,203.27999877929688,False,False,False,True
2026-07-17,NVDA,foundation,0.3678,down,0.4689,down,0.6378,up,207.3999938964844,203.27999877929688,203.27999877929688,203.27999877929688,True,True,False,True
2026-07-17,NVDA,conformal,0.7473,up,0.0778,down,0.1395,down,207.3999938964844,203.27999877929688,203.27999877929688,203.27999877929688,False,True,True,True
2026-07-17,NVDA,drift,0.5033,up,0.4971,down,0.4951,down,207.3999938964844,203.27999877929688,203.27999877929688,203.27999877929688,False,True,True,True
2026-07-17,ALV.DE,classico_avancado,0.424,down,0.2398,down,0.113,down,416.3999938964844,422.8999938964844,422.8999938964844,422.8999938964844,False,False,False,True
2026-07-17,ALV.DE,estado_oculto,0.7848,up,0.6849,up,0.6473,up,416.3999938964844,422.8999938964844,422.8999938964844,422.8999938964844,True,True,True,True
2026-07-17,ALV.DE,series_temporais,0.5693,up,0.6218,up,0.6167,up,416.3999938964844,422.8999938964844,422.8999938964844,422.8999938964844,True,True,True,True
2026-07-17,ALV.DE,neural_recorrente,0.5666,up,0.6086,up,0.6242,up,416.3999938964844,422.8999938964844,422.8999938964844,422.8999938964844,True,True,True,True
2026-07-17,ALV.DE,neural_atencao,0.5666,up,0.6086,up,0.6242,up,416.3999938964844,422.8999938964844,422.8999938964844,422.8999938964844,True,True,True,True
2026-07-17,ALV.DE,bayesiano,0.3842,down,0.3599,down,0.3182,down,416.3999938964844,422.8999938964844,422.8999938964844,422.8999938964844,False,False,False,True
2026-07-17,ALV.DE,generativo,0.4854,down,0.4858,down,0.4677,down,416.3999938964844,422.8999938964844,422.8999938964844,422.8999938964844,False,False,False,True
2026-07-17,ALV.DE,reinforcement,0.7274,up,0.762,up,0.7848,up,416.3999938964844,422.8999938964844,422.8999938964844,422.8999938964844,True,True,True,True
2026-07-17,ALV.DE,contrarian,0.5351,up,0.626,up,0.6719,up,416.3999938964844,422.8999938964844,422.8999938964844,422.8999938964844,True,True,True,True
2026-07-17,ALV.DE,eficiente,0.5666,up,0.6086,up,0.6242,up,416.3999938964844,422.8999938964844,422.8999938964844,422.8999938964844,True,True,True,True
2026-07-17,ALV.DE,foundation,0.3777,down,0.5224,up,0.4161,down,416.3999938964844,422.8999938964844,422.8999938964844,422.8999938964844,False,True,False,True
2026-07-17,ALV.DE,conformal,0.1529,down,0.1538,down,0.3036,down,416.3999938964844,422.8999938964844,422.8999938964844,422.8999938964844,False,False,False,True
2026-07-17,ALV.DE,drift,0.4117,down,0.3725,down,0.4838,down,416.3999938964844,422.8999938964844,422.8999938964844,422.8999938964844,False,False,False,True
2026-07-17,BTC-USD,classico_avancado,0.515,up,0.3941,down,0.4797,down,63737.01171875,65131.58984375,65131.58984375,65131.58984375,True,False,False,True
2026-07-17,BTC-USD,estado_oculto,0.2579,down,0.3406,down,0.1325,down,63737.01171875,65131.58984375,65131.58984375,65131.58984375,False,False,False,True
2026-07-17,BTC-USD,series_temporais,0.5171,up,0.534,up,0.5316,up,63737.01171875,65131.58984375,65131.58984375,65131.58984375,True,True,True,True
2026-07-17,BTC-USD,neural_recorrente,0.5026,up,0.5099,up,0.5098,up,63737.01171875,65131.58984375,65131.58984375,65131.58984375,True,True,True,True
2026-07-17,BTC-USD,neural_atencao,0.5026,up,0.5099,up,0.5098,up,63737.01171875,65131.58984375,65131.58984375,65131.58984375,True,True,True,True
2026-07-17,BTC-USD,bayesiano,0.4034,down,0.504,up,0.4694,down,63737.01171875,65131.58984375,65131.58984375,65131.58984375,False,True,False,True
2026-07-17,BTC-USD,generativo,0.5261,up,0.5767,up,0.5539,up,63737.01171875,65131.58984375,65131.58984375,65131.58984375,True,True,True,True
2026-07-17,BTC-USD,reinforcement,0.2739,down,0.2587,down,0.2622,down,63737.01171875,65131.58984375,65131.58984375,65131.58984375,False,False,False,True
2026-07-17,BTC-USD,contrarian,0.5053,up,0.5709,up,0.41,down,63737.01171875,65131.58984375,65131.58984375,65131.58984375,True,True,False,True
2026-07-17,BTC-USD,eficiente,0.5026,up,0.5099,up,0.5098,up,63737.01171875,65131.58984375,65131.58984375,65131.58984375,True,True,True,True
2026-07-17,BTC-USD,foundation,0.4184,down,0.5232,up,0.6398,up,63737.01171875,65131.58984375,65131.58984375,65131.58984375,False,True,True,True
2026-07-17,BTC-USD,conformal,0.9032,up,0.3778,down,0.7273,up,63737.01171875,65131.58984375,65131.58984375,65131.58984375,True,False,True,True
2026-07-17,BTC-USD,drift,0.4994,down,0.4888,down,0.499,down,63737.01171875,65131.58984375,65131.58984375,65131.58984375,False,False,False,True
2026-07-17,BABA,classico_avancado,0.5637,up,0.3315,down,0.726,up,117.48999786376952,120.33999633789062,120.33999633789062,120.33999633789062,True,False,True,True
2026-07-17,BABA,estado_oculto,0.724,up,0.6522,up,0.8791,up,117.48999786376952,120.33999633789062,120.33999633789062,120.33999633789062,True,True,True,True
2026-07-17,BABA,series_temporais,0.4797,down,0.5124,up,0.5057,up,117.48999786376952,120.33999633789062,120.33999633789062,120.33999633789062,False,True,True,True
2026-07-17,BABA,neural_recorrente,0.4655,down,0.4791,down,0.4796,down,117.48999786376952,120.33999633789062,120.33999633789062,120.33999633789062,False,False,False,True
2026-07-17,BABA,neural_atencao,0.4655,down,0.4791,down,0.4796,down,117.48999786376952,120.33999633789062,120.33999633789062,120.33999633789062,False,False,False,True
2026-07-17,BABA,bayesiano,0.5555,up,0.6278,up,0.5977,up,117.48999786376952,120.33999633789062,120.33999633789062,120.33999633789062,True,True,True,True
2026-07-17,BABA,generativo,0.5424,up,0.5364,up,0.5022,up,117.48999786376952,120.33999633789062,120.33999633789062,120.33999633789062,True,True,True,True
2026-07-17,BABA,reinforcement,0.729,up,0.7453,up,0.7854,up,117.48999786376952,120.33999633789062,120.33999633789062,120.33999633789062,True,True,True,True
2026-07-17,BABA,contrarian,0.4867,down,0.3902,down,0.2948,down,117.48999786376952,120.33999633789062,120.33999633789062,120.33999633789062,False,False,False,True
2026-07-17,BABA,eficiente,0.4655,down,0.4791,down,0.4796,down,117.48999786376952,120.33999633789062,120.33999633789062,120.33999633789062,False,False,False,True
2026-07-17,BABA,foundation,0.3103,down,0.3194,down,0.3197,down,117.48999786376952,120.33999633789062,120.33999633789062,120.33999633789062,False,False,False,True
2026-07-17,BABA,conformal,0.8163,up,0.82,up,0.9118,up,117.48999786376952,120.33999633789062,120.33999633789062,120.33999633789062,True,True,True,True
2026-07-17,BABA,drift,0.5053,up,0.5001,up,0.5046,up,117.48999786376952,120.33999633789062,120.33999633789062,120.33999633789062,True,True,True,True
2026-07-21,LLY,classico_avancado,0.4678,down,0.6668,up,0.5354,up,1146.9000244140625,1163.010009765625,1163.010009765625,1163.010009765625,False,True,True,True
2026-07-21,LLY,estado_oculto,0.2808,down,0.8408,up,0.6286,up,1146.9000244140625,1163.010009765625,1163.010009765625,1163.010009765625,False,True,True,True
2026-07-21,LLY,series_temporais,0.5462,up,0.4889,down,0.5335,up,1146.9000244140625,1163.010009765625,1163.010009765625,1163.010009765625,True,False,True,True
2026-07-21,LLY,neural_recorrente,0.5307,up,0.518,up,0.527,up,1146.9000244140625,1163.010009765625,1163.010009765625,1163.010009765625,True,True,True,True
2026-07-21,LLY,neural_atencao,0.5307,up,0.518,up,0.527,up,1146.9000244140625,1163.010009765625,1163.010009765625,1163.010009765625,True,True,True,True
2026-07-21,LLY,bayesiano,0.6949,up,0.7762,up,0.7732,up,1146.9000244140625,1163.010009765625,1163.010009765625,1163.010009765625,True,True,True,True
2026-07-21,LLY,generativo,0.5481,up,0.6165,up,0.6607,up,1146.9000244140625,1163.010009765625,1163.010009765625,1163.010009765625,True,True,True,True
2026-07-21,LLY,reinforcement,0.221,down,0.7365,up,0.2401,down,1146.9000244140625,1163.010009765625,1163.010009765625,1163.010009765625,False,True,False,True
2026-07-21,LLY,contrarian,0.474,down,0.4298,down,0.4253,down,1146.9000244140625,1163.010009765625,1163.010009765625,1163.010009765625,False,False,False,True
2026-07-21,LLY,eficiente,0.5307,up,0.518,up,0.527,up,1146.9000244140625,1163.010009765625,1163.010009765625,1163.010009765625,True,True,True,True
2026-07-21,LLY,foundation,0.5538,up,0.5454,up,0.5847,up,1146.9000244140625,1163.010009765625,1163.010009765625,1163.010009765625,True,True,True,True
2026-07-21,LLY,conformal,0.8049,up,0.5426,up,0.8068,up,1146.9000244140625,1163.010009765625,1163.010009765625,1163.010009765625,True,True,True,True
2026-07-21,LLY,drift,0.5033,up,0.5037,up,0.503,up,1146.9000244140625,1163.010009765625,1163.010009765625,1163.010009765625,True,True,True,True
2026-07-21,NVDA,classico_avancado,0.3034,down,0.3748,down,0.4169,down,203.27999877929688,212.0599975585937,212.0599975585937,212.0599975585937,False,False,False,True
2026-07-21,NVDA,estado_oculto,0.2636,down,0.1692,down,0.3854,down,203.27999877929688,212.0599975585937,212.0599975585937,212.0599975585937,False,False,False,True
2026-07-21,NVDA,series_temporais,0.5417,up,0.5585,up,0.5639,up,203.27999877929688,212.0599975585937,212.0599975585937,212.0599975585937,True,True,True,True
2026-07-21,NVDA,neural_recorrente,0.5517,up,0.5533,up,0.5567,up,203.27999877929688,212.0599975585937,212.0599975585937,212.0599975585937,True,True,True,True
2026-07-21,NVDA,neural_atencao,0.5517,up,0.5533,up,0.5567,up,203.27999877929688,212.0599975585937,212.0599975585937,212.0599975585937,True,True,True,True
2026-07-21,NVDA,bayesiano,0.4538,down,0.4003,down,0.2827,down,203.27999877929688,212.0599975585937,212.0599975585937,212.0599975585937,False,False,False,True
2026-07-21,NVDA,generativo,0.5483,up,0.5406,up,0.5088,up,203.27999877929688,212.0599975585937,212.0599975585937,212.0599975585937,True,True,True,True
2026-07-21,NVDA,reinforcement,0.2557,down,0.7358,up,0.2672,down,203.27999877929688,212.0599975585937,212.0599975585937,212.0599975585937,False,True,False,True
2026-07-21,NVDA,contrarian,0.5313,up,0.4405,down,0.4408,down,203.27999877929688,212.0599975585937,212.0599975585937,212.0599975585937,True,False,False,True
2026-07-21,NVDA,eficiente,0.5517,up,0.5533,up,0.5567,up,203.27999877929688,212.0599975585937,212.0599975585937,212.0599975585937,True,True,True,True
2026-07-21,NVDA,foundation,0.4345,down,0.4522,down,0.3712,down,203.27999877929688,212.0599975585937,212.0599975585937,212.0599975585937,False,False,False,True
2026-07-21,NVDA,conformal,0.7065,up,0.5161,up,0.2317,down,203.27999877929688,212.0599975585937,212.0599975585937,212.0599975585937,True,True,False,True
2026-07-21,NVDA,drift,0.5,up,0.4966,down,0.4936,down,203.27999877929688,212.0599975585937,212.0599975585937,212.0599975585937,True,False,False,True
2026-07-21,ALV.DE,classico_avancado,0.452,down,0.351,down,0.1131,down,422.8999938964844,422.7999877929688,422.7999877929688,422.7999877929688,True,True,True,True
2026-07-21,ALV.DE,estado_oculto,0.7848,up,0.6849,up,0.6473,up,422.8999938964844,422.7999877929688,422.7999877929688,422.7999877929688,False,False,False,True
2026-07-21,ALV.DE,series_temporais,0.5693,up,0.6218,up,0.6167,up,422.8999938964844,422.7999877929688,422.7999877929688,422.7999877929688,False,False,False,True
2026-07-21,ALV.DE,neural_recorrente,0.5666,up,0.6086,up,0.6242,up,422.8999938964844,422.7999877929688,422.7999877929688,422.7999877929688,False,False,False,True
2026-07-21,ALV.DE,neural_atencao,0.5666,up,0.6086,up,0.6242,up,422.8999938964844,422.7999877929688,422.7999877929688,422.7999877929688,False,False,False,True
2026-07-21,ALV.DE,bayesiano,0.4074,down,0.3725,down,0.3283,down,422.8999938964844,422.7999877929688,422.7999877929688,422.7999877929688,True,True,True,True
2026-07-21,ALV.DE,generativo,0.4575,down,0.5142,up,0.4674,down,422.8999938964844,422.7999877929688,422.7999877929688,422.7999877929688,True,False,True,True
2026-07-21,ALV.DE,reinforcement,0.7301,up,0.2605,down,0.7848,up,422.8999938964844,422.7999877929688,422.7999877929688,422.7999877929688,False,True,False,True
2026-07-21,ALV.DE,contrarian,0.5229,up,0.611,up,0.6719,up,422.8999938964844,422.7999877929688,422.7999877929688,422.7999877929688,False,False,False,True
2026-07-21,ALV.DE,eficiente,0.5666,up,0.6086,up,0.6242,up,422.8999938964844,422.7999877929688,422.7999877929688,422.7999877929688,False,False,False,True
2026-07-21,ALV.DE,foundation,0.3777,down,0.539,up,0.4161,down,422.8999938964844,422.7999877929688,422.7999877929688,422.7999877929688,True,False,True,True
2026-07-21,ALV.DE,conformal,0.4286,down,0.4167,down,0.3036,down,422.8999938964844,422.7999877929688,422.7999877929688,422.7999877929688,True,True,True,True
2026-07-21,ALV.DE,drift,0.493,down,0.3841,down,0.4838,down,422.8999938964844,422.7999877929688,422.7999877929688,422.7999877929688,True,True,True,True
2026-07-21,BTC-USD,classico_avancado,0.4123,down,0.2985,down,0.2102,down,65131.58984375,66177.578125,66177.578125,66177.578125,False,False,False,True
2026-07-21,BTC-USD,estado_oculto,0.2435,down,0.3406,down,0.3708,down,65131.58984375,66177.578125,66177.578125,66177.578125,False,False,False,True
2026-07-21,BTC-USD,series_temporais,0.5171,up,0.534,up,0.5316,up,65131.58984375,66177.578125,66177.578125,66177.578125,True,True,True,True
2026-07-21,BTC-USD,neural_recorrente,0.5026,up,0.5099,up,0.5098,up,65131.58984375,66177.578125,66177.578125,66177.578125,True,True,True,True
2026-07-21,BTC-USD,neural_atencao,0.5026,up,0.5099,up,0.5098,up,65131.58984375,66177.578125,66177.578125,66177.578125,True,True,True,True
2026-07-21,BTC-USD,bayesiano,0.4245,down,0.3652,down,0.2892,down,65131.58984375,66177.578125,66177.578125,66177.578125,False,False,False,True
2026-07-21,BTC-USD,generativo,0.5378,up,0.5653,up,0.5229,up,65131.58984375,66177.578125,66177.578125,66177.578125,True,True,True,True
2026-07-21,BTC-USD,reinforcement,0.2714,down,0.256,down,0.2733,down,65131.58984375,66177.578125,66177.578125,66177.578125,False,False,False,True
2026-07-21,BTC-USD,contrarian,0.5086,up,0.5921,up,0.4226,down,65131.58984375,66177.578125,66177.578125,66177.578125,True,True,False,True
2026-07-21,BTC-USD,eficiente,0.5026,up,0.5099,up,0.5098,up,65131.58984375,66177.578125,66177.578125,66177.578125,True,True,True,True
2026-07-21,BTC-USD,foundation,0.5017,up,0.5232,up,0.5732,up,65131.58984375,66177.578125,66177.578125,66177.578125,True,True,True,True
2026-07-21,BTC-USD,conformal,0.4966,down,0.4161,down,0.5878,up,65131.58984375,66177.578125,66177.578125,66177.578125,False,False,True,True
2026-07-21,BTC-USD,drift,0.4988,down,0.4925,down,0.497,down,65131.58984375,66177.578125,66177.578125,66177.578125,False,False,False,True
2026-07-21,BABA,classico_avancado,0.6161,up,0.4684,down,0.5473,up,120.33999633789062,116.55999755859376,116.55999755859376,116.55999755859376,False,True,False,True
2026-07-21,BABA,estado_oculto,0.724,up,0.6522,up,0.8791,up,120.33999633789062,116.55999755859376,116.55999755859376,116.55999755859376,False,False,False,True
2026-07-21,BABA,series_temporais,0.4797,down,0.5124,up,0.5057,up,120.33999633789062,116.55999755859376,116.55999755859376,116.55999755859376,True,False,False,True
2026-07-21,BABA,neural_recorrente,0.4655,down,0.4791,down,0.4796,down,120.33999633789062,116.55999755859376,116.55999755859376,116.55999755859376,True,True,True,True
2026-07-21,BABA,neural_atencao,0.4655,down,0.4791,down,0.4796,down,120.33999633789062,116.55999755859376,116.55999755859376,116.55999755859376,True,True,True,True
2026-07-21,BABA,bayesiano,0.5068,up,0.4122,down,0.3302,down,120.33999633789062,116.55999755859376,116.55999755859376,116.55999755859376,False,True,True,True
2026-07-21,BABA,generativo,0.5414,up,0.5204,up,0.5219,up,120.33999633789062,116.55999755859376,116.55999755859376,116.55999755859376,False,False,False,True
2026-07-21,BABA,reinforcement,0.2388,down,0.7537,up,0.7825,up,120.33999633789062,116.55999755859376,116.55999755859376,116.55999755859376,True,False,False,True
2026-07-21,BABA,contrarian,0.4759,down,0.386,down,0.2876,down,120.33999633789062,116.55999755859376,116.55999755859376,116.55999755859376,True,True,True,True
2026-07-21,BABA,eficiente,0.4655,down,0.4791,down,0.4796,down,120.33999633789062,116.55999755859376,116.55999755859376,116.55999755859376,True,True,True,True
2026-07-21,BABA,foundation,0.3103,down,0.3194,down,0.3197,down,120.33999633789062,116.55999755859376,116.55999755859376,116.55999755859376,True,True,True,True
2026-07-21,BABA,conformal,0.8673,up,0.88,up,0.96,up,120.33999633789062,116.55999755859376,116.55999755859376,116.55999755859376,False,False,False,True
2026-07-21,BABA,drift,0.5303,up,0.5004,up,0.5052,up,120.33999633789062,116.55999755859376,116.55999755859376,116.55999755859376,False,False,False,True
2026-07-23,LLY,classico_avancado,0.6146,up,0.6668,up,0.5354,up,1163.010009765625,1185.8699951171875,1185.8699951171875,1185.8699951171875,True,True,True,True
2026-07-23,LLY,estado_oculto,0.2808,down,0.8408,up,0.6286,up,1163.010009765625,1185.8699951171875,1185.8699951171875,1185.8699951171875,False,True,True,True
2026-07-23,LLY,series_temporais,0.5462,up,0.4889,down,0.5335,up,1163.010009765625,1185.8699951171875,1185.8699951171875,1185.8699951171875,True,False,True,True
2026-07-23,LLY,neural_recorrente,0.5307,up,0.518,up,0.527,up,1163.010009765625,1185.8699951171875,1185.8699951171875,1185.8699951171875,True,True,True,True
2026-07-23,LLY,neural_atencao,0.5307,up,0.518,up,0.527,up,1163.010009765625,1185.8699951171875,1185.8699951171875,1185.8699951171875,True,True,True,True
2026-07-23,LLY,bayesiano,0.5645,up,0.7608,up,0.7679,up,1163.010009765625,1185.8699951171875,1185.8699951171875,1185.8699951171875,True,True,True,True
2026-07-23,LLY,generativo,0.5601,up,0.6166,up,0.6607,up,1163.010009765625,1185.8699951171875,1185.8699951171875,1185.8699951171875,True,True,True,True
2026-07-23,LLY,reinforcement,0.2308,down,0.7365,up,0.2401,down,1163.010009765625,1185.8699951171875,1185.8699951171875,1185.8699951171875,False,True,False,True
2026-07-23,LLY,contrarian,0.5079,up,0.4298,down,0.4253,down,1163.010009765625,1185.8699951171875,1185.8699951171875,1185.8699951171875,True,False,False,True
2026-07-23,LLY,eficiente,0.5307,up,0.518,up,0.527,up,1163.010009765625,1185.8699951171875,1185.8699951171875,1185.8699951171875,True,True,True,True
2026-07-23,LLY,foundation,0.6371,up,0.4954,down,0.5847,up,1163.010009765625,1185.8699951171875,1185.8699951171875,1185.8699951171875,True,False,True,True
2026-07-23,LLY,conformal,0.908,up,0.5426,up,0.8068,up,1163.010009765625,1185.8699951171875,1185.8699951171875,1185.8699951171875,True,True,True,True
2026-07-23,LLY,drift,0.5017,up,0.5037,up,0.503,up,1163.010009765625,1185.8699951171875,1185.8699951171875,1185.8699951171875,True,True,True,True
2026-07-23,NVDA,classico_avancado,0.6925,up,0.5858,up,0.6291,up,212.0599975585937,208.759994506836,208.759994506836,208.759994506836,False,False,False,True
2026-07-23,NVDA,estado_oculto,0.2844,down,0.3614,down,0.1411,down,212.0599975585937,208.759994506836,208.759994506836,208.759994506836,True,True,True,True
2026-07-23,NVDA,series_temporais,0.5417,up,0.5585,up,0.5639,up,212.0599975585937,208.759994506836,208.759994506836,208.759994506836,False,False,False,True
2026-07-23,NVDA,neural_recorrente,0.5517,up,0.5533,up,0.5567,up,212.0599975585937,208.759994506836,208.759994506836,208.759994506836,False,False,False,True
2026-07-23,NVDA,neural_atencao,0.5517,up,0.5533,up,0.5567,up,212.0599975585937,208.759994506836,208.759994506836,208.759994506836,False,False,False,True
2026-07-23,NVDA,bayesiano,0.5079,up,0.393,down,0.2609,down,212.0599975585937,208.759994506836,208.759994506836,208.759994506836,False,True,True,True
2026-07-23,NVDA,generativo,0.544,up,0.5227,up,0.5509,up,212.0599975585937,208.759994506836,208.759994506836,208.759994506836,False,False,False,True
2026-07-23,NVDA,reinforcement,0.2544,down,0.7322,up,0.2663,down,212.0599975585937,208.759994506836,208.759994506836,208.759994506836,True,False,True,True
2026-07-23,NVDA,contrarian,0.5098,up,0.4249,down,0.4105,down,212.0599975585937,208.759994506836,208.759994506836,208.759994506836,False,True,True,True
2026-07-23,NVDA,eficiente,0.5517,up,0.5533,up,0.5567,up,212.0599975585937,208.759994506836,208.759994506836,208.759994506836,False,False,False,True
2026-07-23,NVDA,foundation,0.5011,up,0.5022,up,0.5045,up,212.0599975585937,208.759994506836,208.759994506836,208.759994506836,False,False,False,True
2026-07-23,NVDA,conformal,0.9101,up,0.5938,up,0.5783,up,212.0599975585937,208.759994506836,208.759994506836,208.759994506836,False,False,False,True
2026-07-23,NVDA,drift,0.5016,up,0.5018,up,0.5001,up,212.0599975585937,208.759994506836,208.759994506836,208.759994506836,False,False,False,True
2026-07-23,ALV.DE,classico_avancado,0.452,down,0.321,down,0.1631,down,422.7999877929688,426.1000061035156,426.1000061035156,426.1000061035156,False,False,False,True
2026-07-23,ALV.DE,estado_oculto,0.7848,up,0.8804,up,0.9108,up,422.7999877929688,426.1000061035156,426.1000061035156,426.1000061035156,True,True,True,True
2026-07-23,ALV.DE,series_temporais,0.5693,up,0.6218,up,0.6167,up,422.7999877929688,426.1000061035156,426.1000061035156,426.1000061035156,True,True,True,True
2026-07-23,ALV.DE,neural_recorrente,0.5666,up,0.6086,up,0.6242,up,422.7999877929688,426.1000061035156,426.1000061035156,426.1000061035156,True,True,True,True
2026-07-23,ALV.DE,neural_atencao,0.5666,up,0.6086,up,0.6242,up,422.7999877929688,426.1000061035156,426.1000061035156,426.1000061035156,True,True,True,True
2026-07-23,ALV.DE,bayesiano,0.4118,down,0.4129,down,0.3549,down,422.7999877929688,426.1000061035156,426.1000061035156,426.1000061035156,False,False,False,True
2026-07-23,ALV.DE,generativo,0.4575,down,0.4929,down,0.4772,down,422.7999877929688,426.1000061035156,426.1000061035156,426.1000061035156,False,False,False,True
2026-07-23,ALV.DE,reinforcement,0.7301,up,0.7618,up,0.7697,up,422.7999877929688,426.1000061035156,426.1000061035156,426.1000061035156,True,True,True,True
2026-07-23,ALV.DE,contrarian,0.5229,up,0.6282,up,0.6476,up,422.7999877929688,426.1000061035156,426.1000061035156,426.1000061035156,True,True,True,True
2026-07-23,ALV.DE,eficiente,0.5666,up,0.6086,up,0.6242,up,422.7999877929688,426.1000061035156,426.1000061035156,426.1000061035156,True,True,True,True
2026-07-23,ALV.DE,foundation,0.3777,down,0.539,up,0.4161,down,422.7999877929688,426.1000061035156,426.1000061035156,426.1000061035156,False,True,False,True
2026-07-23,ALV.DE,conformal,0.4286,down,0.2222,down,0.2778,down,422.7999877929688,426.1000061035156,426.1000061035156,426.1000061035156,False,False,False,True
2026-07-23,ALV.DE,drift,0.493,down,0.3535,down,0.4855,down,422.7999877929688,426.1000061035156,426.1000061035156,426.1000061035156,False,False,False,True
2026-07-23,BTC-USD,classico_avancado,0.4936,down,0.5412,up,0.1805,down,66177.578125,64944.7890625,64944.7890625,64944.7890625,True,False,True,True
2026-07-23,BTC-USD,estado_oculto,0.2435,down,0.3406,down,0.1325,down,66177.578125,64944.7890625,64944.7890625,64944.7890625,True,True,True,True
2026-07-23,BTC-USD,series_temporais,0.5171,up,0.534,up,0.5316,up,66177.578125,64944.7890625,64944.7890625,64944.7890625,False,False,False,True
2026-07-23,BTC-USD,neural_recorrente,0.5026,up,0.5099,up,0.5098,up,66177.578125,64944.7890625,64944.7890625,64944.7890625,False,False,False,True
2026-07-23,BTC-USD,neural_atencao,0.5026,up,0.5099,up,0.5098,up,66177.578125,64944.7890625,64944.7890625,64944.7890625,False,False,False,True
2026-07-23,BTC-USD,bayesiano,0.6482,up,0.6237,up,0.2587,down,66177.578125,64944.7890625,64944.7890625,64944.7890625,False,False,True,True
2026-07-23,BTC-USD,generativo,0.5244,up,0.5913,up,0.4974,down,66177.578125,64944.7890625,64944.7890625,64944.7890625,False,False,True,True
2026-07-23,BTC-USD,reinforcement,0.2554,down,0.2675,down,0.2719,down,66177.578125,64944.7890625,64944.7890625,64944.7890625,True,True,True,True
2026-07-23,BTC-USD,contrarian,0.4976,down,0.5592,up,0.4208,down,66177.578125,64944.7890625,64944.7890625,64944.7890625,True,False,True,True
2026-07-23,BTC-USD,eficiente,0.5026,up,0.5099,up,0.5098,up,66177.578125,64944.7890625,64944.7890625,64944.7890625,False,False,False,True
2026-07-23,BTC-USD,foundation,0.5351,up,0.5399,up,0.5898,up,66177.578125,64944.7890625,64944.7890625,64944.7890625,False,False,False,True
2026-07-23,BTC-USD,conformal,0.4437,down,0.5441,up,0.5878,up,66177.578125,64944.7890625,64944.7890625,64944.7890625,True,False,False,True
2026-07-23,BTC-USD,drift,0.4993,down,0.4978,down,0.497,down,66177.578125,64944.7890625,64944.7890625,64944.7890625,True,True,True,True
2026-07-23,BABA,classico_avancado,0.5832,up,0.2895,down,0.547,up,116.55999755859376,114.05999755859376,114.05999755859376,114.05999755859376,False,True,False,True
2026-07-23,BABA,estado_oculto,0.724,up,0.8322,up,0.8791,up,116.55999755859376,114.05999755859376,114.05999755859376,114.05999755859376,False,False,False,True
2026-07-23,BABA,series_temporais,0.4797,down,0.5124,up,0.5057,up,116.55999755859376,114.05999755859376,114.05999755859376,114.05999755859376,True,False,False,True
2026-07-23,BABA,neural_recorrente,0.4655,down,0.4791,down,0.4796,down,116.55999755859376,114.05999755859376,114.05999755859376,114.05999755859376,True,True,True,True
2026-07-23,BABA,neural_atencao,0.4655,down,0.4791,down,0.4796,down,116.55999755859376,114.05999755859376,114.05999755859376,114.05999755859376,True,True,True,True
2026-07-23,BABA,bayesiano,0.5155,up,0.5085,up,0.294,down,116.55999755859376,114.05999755859376,114.05999755859376,114.05999755859376,False,False,True,True
2026-07-23,BABA,generativo,0.538,up,0.4834,down,0.5213,up,116.55999755859376,114.05999755859376,114.05999755859376,114.05999755859376,False,True,False,True
2026-07-23,BABA,reinforcement,0.745,up,0.746,up,0.7825,up,116.55999755859376,114.05999755859376,114.05999755859376,114.05999755859376,False,False,False,True
2026-07-23,BABA,contrarian,0.4638,down,0.41,down,0.2876,down,116.55999755859376,114.05999755859376,114.05999755859376,114.05999755859376,True,True,True,True
2026-07-23,BABA,eficiente,0.4655,down,0.4791,down,0.4796,down,116.55999755859376,114.05999755859376,114.05999755859376,114.05999755859376,True,True,True,True
2026-07-23,BABA,foundation,0.3103,down,0.3194,down,0.3197,down,116.55999755859376,114.05999755859376,114.05999755859376,114.05999755859376,True,True,True,True
2026-07-23,BABA,conformal,0.8673,up,0.7843,up,0.96,up,116.55999755859376,114.05999755859376,114.05999755859376,114.05999755859376,False,False,False,True
2026-07-23,BABA,drift,0.5348,up,0.4991,down,0.5052,up,116.55999755859376,114.05999755859376,114.05999755859376,114.05999755859376,False,True,False,True
2026-07-24,LLY,classico_avancado,0.3622,down,0.6668,up,0.505,up,1185.8699951171875,1196.030029296875,1196.030029296875,1196.030029296875,False,True,True,True
2026-07-24,LLY,estado_oculto,0.2462,down,0.8408,up,0.6286,up,1185.8699951171875,1196.030029296875,1196.030029296875,1196.030029296875,False,True,True,True
2026-07-24,LLY,series_temporais,0.5462,up,0.4889,down,0.5335,up,1185.8699951171875,1196.030029296875,1196.030029296875,1196.030029296875,True,False,True,True
2026-07-24,LLY,neural_recorrente,0.5307,up,0.518,up,0.527,up,1185.8699951171875,1196.030029296875,1196.030029296875,1196.030029296875,True,True,True,True
2026-07-24,LLY,neural_atencao,0.5307,up,0.518,up,0.527,up,1185.8699951171875,1196.030029296875,1196.030029296875,1196.030029296875,True,True,True,True
2026-07-24,LLY,bayesiano,0.4307,down,0.7619,up,0.7396,up,1185.8699951171875,1196.030029296875,1196.030029296875,1196.030029296875,False,True,True,True
2026-07-24,LLY,generativo,0.5286,up,0.6165,up,0.5933,up,1185.8699951171875,1196.030029296875,1196.030029296875,1196.030029296875,True,True,True,True
2026-07-24,LLY,reinforcement,0.2242,down,0.7365,up,0.2397,down,1185.8699951171875,1196.030029296875,1196.030029296875,1196.030029296875,False,True,False,True
2026-07-24,LLY,contrarian,0.5322,up,0.4298,down,0.4222,down,1185.8699951171875,1196.030029296875,1196.030029296875,1196.030029296875,True,False,False,True
2026-07-24,LLY,eficiente,0.5307,up,0.518,up,0.527,up,1185.8699951171875,1196.030029296875,1196.030029296875,1196.030029296875,True,True,True,True
2026-07-24,LLY,foundation,0.5705,up,0.5787,up,0.4847,down,1185.8699951171875,1196.030029296875,1196.030029296875,1196.030029296875,True,True,False,True
2026-07-24,LLY,conformal,0.7237,up,0.5426,up,0.7614,up,1185.8699951171875,1196.030029296875,1196.030029296875,1196.030029296875,True,True,True,True
2026-07-24,LLY,drift,0.484,down,0.5037,up,0.5016,up,1185.8699951171875,1196.030029296875,1196.030029296875,1196.030029296875,False,True,True,True
2026-07-24,NVDA,classico_avancado,0.7175,up,0.5858,up,0.7235,up,208.759994506836,206.83999633789065,206.83999633789065,206.83999633789065,False,False,False,True
2026-07-24,NVDA,estado_oculto,0.2844,down,0.3614,down,0.3854,down,208.759994506836,206.83999633789065,206.83999633789065,206.83999633789065,True,True,True,True
2026-07-24,NVDA,series_temporais,0.5417,up,0.5585,up,0.5639,up,208.759994506836,206.83999633789065,206.83999633789065,206.83999633789065,False,False,False,True
2026-07-24,NVDA,neural_recorrente,0.5517,up,0.5533,up,0.5567,up,208.759994506836,206.83999633789065,206.83999633789065,206.83999633789065,False,False,False,True
2026-07-24,NVDA,neural_atencao,0.5517,up,0.5533,up,0.5567,up,208.759994506836,206.83999633789065,206.83999633789065,206.83999633789065,False,False,False,True
2026-07-24,NVDA,bayesiano,0.628,up,0.3747,down,0.4708,down,208.759994506836,206.83999633789065,206.83999633789065,206.83999633789065,False,True,True,True
2026-07-24,NVDA,generativo,0.602,up,0.5227,up,0.5278,up,208.759994506836,206.83999633789065,206.83999633789065,206.83999633789065,False,False,False,True
2026-07-24,NVDA,reinforcement,0.2689,down,0.7322,up,0.2672,down,208.759994506836,206.83999633789065,206.83999633789065,206.83999633789065,True,False,True,True
2026-07-24,NVDA,contrarian,0.4951,down,0.4249,down,0.3896,down,208.759994506836,206.83999633789065,206.83999633789065,206.83999633789065,True,True,True,True
2026-07-24,NVDA,eficiente,0.5517,up,0.5533,up,0.5567,up,208.759994506836,206.83999633789065,206.83999633789065,206.83999633789065,False,False,False,True
2026-07-24,NVDA,foundation,0.3678,down,0.5356,up,0.5378,up,208.759994506836,206.83999633789065,206.83999633789065,206.83999633789065,True,False,False,True
2026-07-24,NVDA,conformal,0.8298,up,0.5938,up,0.5952,up,208.759994506836,206.83999633789065,206.83999633789065,206.83999633789065,False,False,False,True
2026-07-24,NVDA,drift,0.5029,up,0.5018,up,0.5027,up,208.759994506836,206.83999633789065,206.83999633789065,206.83999633789065,False,False,False,True
2026-07-24,ALV.DE,classico_avancado,0.5058,up,0.4313,down,0.3032,down,426.1000061035156,424.3999938964844,424.3999938964844,424.3999938964844,False,True,True,True
2026-07-24,ALV.DE,estado_oculto,0.7848,up,0.6849,up,0.9108,up,426.1000061035156,424.3999938964844,424.3999938964844,424.3999938964844,False,False,False,True
2026-07-24,ALV.DE,series_temporais,0.5693,up,0.6218,up,0.6167,up,426.1000061035156,424.3999938964844,424.3999938964844,424.3999938964844,False,False,False,True
2026-07-24,ALV.DE,neural_recorrente,0.5666,up,0.6086,up,0.6242,up,426.1000061035156,424.3999938964844,424.3999938964844,424.3999938964844,False,False,False,True
2026-07-24,ALV.DE,neural_atencao,0.5666,up,0.6086,up,0.6242,up,426.1000061035156,424.3999938964844,424.3999938964844,424.3999938964844,False,False,False,True
2026-07-24,ALV.DE,bayesiano,0.5655,up,0.3938,down,0.5274,up,426.1000061035156,424.3999938964844,424.3999938964844,424.3999938964844,False,True,False,True
2026-07-24,ALV.DE,generativo,0.5142,up,0.4933,down,0.4938,down,426.1000061035156,424.3999938964844,424.3999938964844,424.3999938964844,False,True,True,True
2026-07-24,ALV.DE,reinforcement,0.7336,up,0.7614,up,0.7674,up,426.1000061035156,424.3999938964844,424.3999938964844,424.3999938964844,False,False,False,True
2026-07-24,ALV.DE,contrarian,0.5325,up,0.6102,up,0.6462,up,426.1000061035156,424.3999938964844,424.3999938964844,424.3999938964844,False,False,False,True
2026-07-24,ALV.DE,eficiente,0.5666,up,0.6086,up,0.6242,up,426.1000061035156,424.3999938964844,424.3999938964844,424.3999938964844,False,False,False,True
2026-07-24,ALV.DE,foundation,0.3777,down,0.4557,down,0.4161,down,426.1000061035156,424.3999938964844,424.3999938964844,424.3999938964844,True,True,True,True
2026-07-24,ALV.DE,conformal,0.2381,down,0.2877,down,0.2909,down,426.1000061035156,424.3999938964844,424.3999938964844,424.3999938964844,True,True,True,True
2026-07-24,ALV.DE,drift,0.4918,down,0.4676,down,0.4864,down,426.1000061035156,424.3999938964844,424.3999938964844,424.3999938964844,True,True,True,True
2026-07-24,BTC-USD,classico_avancado,0.2879,down,0.3304,down,0.1805,down,64944.7890625,64085.48046875,64085.48046875,64085.48046875,True,True,True,True
2026-07-24,BTC-USD,estado_oculto,0.2579,down,0.3406,down,0.1325,down,64944.7890625,64085.48046875,64085.48046875,64085.48046875,True,True,True,True
2026-07-24,BTC-USD,series_temporais,0.5171,up,0.534,up,0.5316,up,64944.7890625,64085.48046875,64085.48046875,64085.48046875,False,False,False,True
2026-07-24,BTC-USD,neural_recorrente,0.5026,up,0.5099,up,0.5098,up,64944.7890625,64085.48046875,64085.48046875,64085.48046875,False,False,False,True
2026-07-24,BTC-USD,neural_atencao,0.5026,up,0.5099,up,0.5098,up,64944.7890625,64085.48046875,64085.48046875,64085.48046875,False,False,False,True
2026-07-24,BTC-USD,bayesiano,0.4894,down,0.4273,down,0.2483,down,64944.7890625,64085.48046875,64085.48046875,64085.48046875,True,True,True,True
2026-07-24,BTC-USD,generativo,0.5375,up,0.5785,up,0.4974,down,64944.7890625,64085.48046875,64085.48046875,64085.48046875,False,False,True,True
2026-07-24,BTC-USD,reinforcement,0.2567,down,0.2665,down,0.2719,down,64944.7890625,64085.48046875,64085.48046875,64085.48046875,True,True,True,True
2026-07-24,BTC-USD,contrarian,0.5202,up,0.5956,up,0.4208,down,64944.7890625,64085.48046875,64085.48046875,64085.48046875,False,False,True,True
2026-07-24,BTC-USD,eficiente,0.5026,up,0.5099,up,0.5098,up,64944.7890625,64085.48046875,64085.48046875,64085.48046875,False,False,False,True
2026-07-24,BTC-USD,foundation,0.3351,down,0.3399,down,0.6398,up,64944.7890625,64085.48046875,64085.48046875,64085.48046875,True,True,False,True
2026-07-24,BTC-USD,conformal,0.704,up,0.6861,up,0.5878,up,64944.7890625,64085.48046875,64085.48046875,64085.48046875,False,False,False,True
2026-07-24,BTC-USD,drift,0.4987,down,0.4922,down,0.497,down,64944.7890625,64085.48046875,64085.48046875,64085.48046875,True,True,True,True
2026-07-24,BABA,classico_avancado,0.5181,up,0.4712,down,0.4706,down,114.05999755859376,112.13999938964844,112.13999938964844,112.13999938964844,False,True,True,True
2026-07-24,BABA,estado_oculto,0.724,up,0.6522,up,0.8791,up,114.05999755859376,112.13999938964844,112.13999938964844,112.13999938964844,False,False,False,True
2026-07-24,BABA,series_temporais,0.4797,down,0.5124,up,0.5057,up,114.05999755859376,112.13999938964844,112.13999938964844,112.13999938964844,True,False,False,True
2026-07-24,BABA,neural_recorrente,0.4655,down,0.4791,down,0.4796,down,114.05999755859376,112.13999938964844,112.13999938964844,112.13999938964844,True,True,True,True
2026-07-24,BABA,neural_atencao,0.4655,down,0.4791,down,0.4796,down,114.05999755859376,112.13999938964844,112.13999938964844,112.13999938964844,True,True,True,True
2026-07-24,BABA,bayesiano,0.5047,up,0.4403,down,0.4937,down,114.05999755859376,112.13999938964844,112.13999938964844,112.13999938964844,False,True,True,True
2026-07-24,BABA,generativo,0.5331,up,0.5006,up,0.5486,up,114.05999755859376,112.13999938964844,112.13999938964844,112.13999938964844,False,False,False,True
2026-07-24,BABA,reinforcement,0.7491,up,0.7475,up,0.7788,up,114.05999755859376,112.13999938964844,112.13999938964844,112.13999938964844,False,False,False,True
2026-07-24,BABA,contrarian,0.4869,down,0.3672,down,0.2947,down,114.05999755859376,112.13999938964844,112.13999938964844,112.13999938964844,True,True,True,True
2026-07-24,BABA,eficiente,0.4655,down,0.4791,down,0.4796,down,114.05999755859376,112.13999938964844,112.13999938964844,112.13999938964844,True,True,True,True
2026-07-24,BABA,foundation,0.3103,down,0.3194,down,0.3197,down,114.05999755859376,112.13999938964844,112.13999938964844,112.13999938964844,True,True,True,True
2026-07-24,BABA,conformal,0.699,up,0.8469,up,0.8654,up,114.05999755859376,112.13999938964844,112.13999938964844,112.13999938964844,False,False,False,True
2026-07-24,BABA,drift,0.5133,up,0.5019,up,0.5039,up,114.05999755859376,112.13999938964844,112.13999938964844,112.13999938964844,False,False,False,True
2026-07-25,LLY,classico_avancado,0.3622,down,0.3814,down,0.4979,down,1196.030029296875,1197.530029296875,1197.530029296875,1197.530029296875,False,False,False,True
2026-07-25,LLY,estado_oculto,0.2462,down,0.6701,up,0.8839,up,1196.030029296875,1197.530029296875,1197.530029296875,1197.530029296875,False,True,True,True
2026-07-25,LLY,series_temporais,0.5462,up,0.4889,down,0.5335,up,1196.030029296875,1197.530029296875,1197.530029296875,1197.530029296875,True,False,True,True
2026-07-25,LLY,neural_recorrente,0.5307,up,0.518,up,0.527,up,1196.030029296875,1197.530029296875,1197.530029296875,1197.530029296875,True,True,True,True
2026-07-25,LLY,neural_atencao,0.5307,up,0.518,up,0.527,up,1196.030029296875,1197.530029296875,1197.530029296875,1197.530029296875,True,True,True,True
2026-07-25,LLY,bayesiano,0.4257,down,0.5212,up,0.661,up,1196.030029296875,1197.530029296875,1197.530029296875,1197.530029296875,False,True,True,True
2026-07-25,LLY,generativo,0.5286,up,0.5826,up,0.469,down,1196.030029296875,1197.530029296875,1197.530029296875,1197.530029296875,True,True,False,True
2026-07-25,LLY,reinforcement,0.2242,down,0.7382,up,0.2317,down,1196.030029296875,1197.530029296875,1197.530029296875,1197.530029296875,False,True,False,True
2026-07-25,LLY,contrarian,0.5322,up,0.4918,down,0.4275,down,1196.030029296875,1197.530029296875,1197.530029296875,1197.530029296875,True,False,False,True
2026-07-25,LLY,eficiente,0.5307,up,0.518,up,0.527,up,1196.030029296875,1197.530029296875,1197.530029296875,1197.530029296875,True,True,True,True
2026-07-25,LLY,foundation,0.5038,up,0.5787,up,0.518,up,1196.030029296875,1197.530029296875,1197.530029296875,1197.530029296875,True,True,True,True
2026-07-25,LLY,conformal,0.7237,up,0.3511,down,0.8764,up,1196.030029296875,1197.530029296875,1197.530029296875,1197.530029296875,True,False,True,True
2026-07-25,LLY,drift,0.484,down,0.4979,down,0.5015,up,1196.030029296875,1197.530029296875,1197.530029296875,1197.530029296875,False,False,True,True
2026-07-25,NVDA,classico_avancado,0.7175,up,0.562,up,0.7235,up,206.83999633789065,196.509994506836,196.509994506836,196.509994506836,False,False,False,True
2026-07-25,NVDA,estado_oculto,0.2844,down,0.3614,down,0.3854,down,206.83999633789065,196.509994506836,196.509994506836,196.509994506836,True,True,True,True
2026-07-25,NVDA,series_temporais,0.5417,up,0.5585,up,0.5639,up,206.83999633789065,196.509994506836,196.509994506836,196.509994506836,False,False,False,True
2026-07-25,NVDA,neural_recorrente,0.5517,up,0.5533,up,0.5567,up,206.83999633789065,196.509994506836,196.509994506836,196.509994506836,False,False,False,True
2026-07-25,NVDA,neural_atencao,0.5517,up,0.5533,up,0.5567,up,206.83999633789065,196.509994506836,196.509994506836,196.509994506836,False,False,False,True
2026-07-25,NVDA,bayesiano,0.6275,up,0.4446,down,0.4588,down,206.83999633789065,196.509994506836,196.509994506836,196.509994506836,False,True,True,True
2026-07-25,NVDA,generativo,0.602,up,0.5042,up,0.5278,up,206.83999633789065,196.509994506836,196.509994506836,196.509994506836,False,False,False,True
2026-07-25,NVDA,reinforcement,0.2688,down,0.7317,up,0.2672,down,206.83999633789065,196.509994506836,196.509994506836,196.509994506836,True,False,True,True
2026-07-25,NVDA,contrarian,0.4951,down,0.429,down,0.3896,down,206.83999633789065,196.509994506836,196.509994506836,196.509994506836,True,True,True,True
2026-07-25,NVDA,eficiente,0.5517,up,0.5533,up,0.5567,up,206.83999633789065,196.509994506836,196.509994506836,196.509994506836,False,False,False,True
2026-07-25,NVDA,foundation,0.3678,down,0.4022,down,0.4878,down,206.83999633789065,196.509994506836,196.509994506836,196.509994506836,True,True,True,True
2026-07-25,NVDA,conformal,0.8191,up,0.4516,down,0.5952,up,206.83999633789065,196.509994506836,196.509994506836,196.509994506836,False,True,False,True
2026-07-25,NVDA,drift,0.5029,up,0.499,down,0.5027,up,206.83999633789065,196.509994506836,196.509994506836,196.509994506836,False,True,False,True
2026-07-25,ALV.DE,classico_avancado,0.481,down,0.4313,down,0.3032,down,424.3999938964844,427.1000061035156,427.1000061035156,427.1000061035156,False,False,False,True
2026-07-25,ALV.DE,estado_oculto,0.7848,up,0.6849,up,0.9108,up,424.3999938964844,427.1000061035156,427.1000061035156,427.1000061035156,True,True,True,True
2026-07-25,ALV.DE,series_temporais,0.5693,up,0.6218,up,0.6167,up,424.3999938964844,427.1000061035156,427.1000061035156,427.1000061035156,True,True,True,True
2026-07-25,ALV.DE,neural_recorrente,0.5666,up,0.6086,up,0.6242,up,424.3999938964844,427.1000061035156,427.1000061035156,427.1000061035156,True,True,True,True
2026-07-25,ALV.DE,neural_atencao,0.5666,up,0.6086,up,0.6242,up,424.3999938964844,427.1000061035156,427.1000061035156,427.1000061035156,True,True,True,True
2026-07-25,ALV.DE,bayesiano,0.3926,down,0.3917,down,0.5697,up,424.3999938964844,427.1000061035156,427.1000061035156,427.1000061035156,False,False,True,True
2026-07-25,ALV.DE,generativo,0.4836,down,0.4932,down,0.4937,down,424.3999938964844,427.1000061035156,427.1000061035156,427.1000061035156,False,False,False,True
2026-07-25,ALV.DE,reinforcement,0.7208,up,0.7614,up,0.7674,up,424.3999938964844,427.1000061035156,427.1000061035156,427.1000061035156,True,True,True,True
2026-07-25,ALV.DE,contrarian,0.4944,down,0.6102,up,0.6462,up,424.3999938964844,427.1000061035156,427.1000061035156,427.1000061035156,False,True,True,True
2026-07-25,ALV.DE,eficiente,0.5666,up,0.6086,up,0.6242,up,424.3999938964844,427.1000061035156,427.1000061035156,427.1000061035156,True,True,True,True
2026-07-25,ALV.DE,foundation,0.411,down,0.489,down,0.4161,down,424.3999938964844,427.1000061035156,427.1000061035156,427.1000061035156,False,False,False,True
2026-07-25,ALV.DE,conformal,0.7619,up,0.2877,down,0.2909,down,424.3999938964844,427.1000061035156,427.1000061035156,427.1000061035156,True,False,False,True
2026-07-25,ALV.DE,drift,0.5379,up,0.4676,down,0.4864,down,424.3999938964844,427.1000061035156,427.1000061035156,427.1000061035156,True,False,False,True
2026-07-25,BTC-USD,classico_avancado,0.4981,down,0.2677,down,0.3278,down,64085.48046875,63491.8515625,63491.8515625,63491.8515625,True,True,True,True
2026-07-25,BTC-USD,estado_oculto,0.2579,down,0.1641,down,0.3708,down,64085.48046875,63491.8515625,63491.8515625,63491.8515625,True,True,True,True
2026-07-25,BTC-USD,series_temporais,0.5171,up,0.534,up,0.5316,up,64085.48046875,63491.8515625,63491.8515625,63491.8515625,False,False,False,True
2026-07-25,BTC-USD,neural_recorrente,0.5026,up,0.5099,up,0.5098,up,64085.48046875,63491.8515625,63491.8515625,63491.8515625,False,False,False,True
2026-07-25,BTC-USD,neural_atencao,0.5026,up,0.5099,up,0.5098,up,64085.48046875,63491.8515625,63491.8515625,63491.8515625,False,False,False,True
2026-07-25,BTC-USD,bayesiano,0.5591,up,0.524,up,0.51,up,64085.48046875,63491.8515625,63491.8515625,63491.8515625,False,False,False,True
2026-07-25,BTC-USD,generativo,0.5305,up,0.5696,up,0.5444,up,64085.48046875,63491.8515625,63491.8515625,63491.8515625,False,False,False,True
2026-07-25,BTC-USD,reinforcement,0.2573,down,0.2643,down,0.2525,down,64085.48046875,63491.8515625,63491.8515625,63491.8515625,True,True,True,True
2026-07-25,BTC-USD,contrarian,0.4909,down,0.5965,up,0.4049,down,64085.48046875,63491.8515625,63491.8515625,63491.8515625,True,False,True,True
2026-07-25,BTC-USD,eficiente,0.5026,up,0.5099,up,0.5098,up,64085.48046875,63491.8515625,63491.8515625,63491.8515625,False,False,False,True
2026-07-25,BTC-USD,foundation,0.5017,up,0.3399,down,0.4565,down,64085.48046875,63491.8515625,63491.8515625,63491.8515625,False,True,True,True
2026-07-25,BTC-USD,conformal,0.7846,up,0.6715,up,0.7313,up,64085.48046875,63491.8515625,63491.8515625,63491.8515625,False,False,False,True
2026-07-25,BTC-USD,drift,0.4999,down,0.4904,down,0.4987,down,64085.48046875,63491.8515625,63491.8515625,63491.8515625,True,True,True,True
2026-07-25,BABA,classico_avancado,0.5695,up,0.3099,down,0.485,down,112.13999938964844,115.0,115.0,115.0,True,False,False,True
2026-07-25,BABA,estado_oculto,0.724,up,0.6522,up,0.6121,up,112.13999938964844,115.0,115.0,115.0,True,True,True,True
2026-07-25,BABA,series_temporais,0.4797,down,0.5124,up,0.5057,up,112.13999938964844,115.0,115.0,115.0,False,True,True,True
2026-07-25,BABA,neural_recorrente,0.4655,down,0.4791,down,0.4796,down,112.13999938964844,115.0,115.0,115.0,False,False,False,True
2026-07-25,BABA,neural_atencao,0.4655,down,0.4791,down,0.4796,down,112.13999938964844,115.0,115.0,115.0,False,False,False,True
2026-07-25,BABA,bayesiano,0.4592,down,0.3154,down,0.4247,down,112.13999938964844,115.0,115.0,115.0,False,False,False,True
2026-07-25,BABA,generativo,0.5017,up,0.5064,up,0.4533,down,112.13999938964844,115.0,115.0,115.0,True,True,False,True
2026-07-25,BABA,reinforcement,0.2502,down,0.7401,up,0.7731,up,112.13999938964844,115.0,115.0,115.0,False,True,True,True
2026-07-25,BABA,contrarian,0.473,down,0.3849,down,0.2867,down,112.13999938964844,115.0,115.0,115.0,False,False,False,True
2026-07-25,BABA,eficiente,0.4655,down,0.4791,down,0.4796,down,112.13999938964844,115.0,115.0,115.0,False,False,False,True
2026-07-25,BABA,foundation,0.3103,down,0.3194,down,0.3197,down,112.13999938964844,115.0,115.0,115.0,False,False,False,True
2026-07-25,BABA,conformal,0.6961,up,0.6765,up,0.7981,up,112.13999938964844,115.0,115.0,115.0,True,True,True,True
2026-07-25,BABA,drift,0.5137,up,0.5001,up,0.5042,up,112.13999938964844,115.0,115.0,115.0,True,True,True,True
2026-07-28,LLY,classico_avancado,0.388,down,0.3814,down,0.4979,down,1197.530029296875,1210.02001953125,1210.02001953125,1210.02001953125,False,False,False,True
2026-07-28,LLY,estado_oculto,0.2808,down,0.6701,up,0.8839,up,1197.530029296875,1210.02001953125,1210.02001953125,1210.02001953125,False,True,True,True
2026-07-28,LLY,series_temporais,0.5462,up,0.4889,down,0.5335,up,1197.530029296875,1210.02001953125,1210.02001953125,1210.02001953125,True,False,True,True
2026-07-28,LLY,neural_recorrente,0.5307,up,0.518,up,0.527,up,1197.530029296875,1210.02001953125,1210.02001953125,1210.02001953125,True,True,True,True
2026-07-28,LLY,neural_atencao,0.5307,up,0.518,up,0.527,up,1197.530029296875,1210.02001953125,1210.02001953125,1210.02001953125,True,True,True,True
2026-07-28,LLY,bayesiano,0.5674,up,0.5327,up,0.6857,up,1197.530029296875,1210.02001953125,1210.02001953125,1210.02001953125,True,True,True,True
2026-07-28,LLY,generativo,0.5559,up,0.5826,up,0.469,down,1197.530029296875,1210.02001953125,1210.02001953125,1210.02001953125,True,True,False,True
2026-07-28,LLY,reinforcement,0.2256,down,0.7382,up,0.2317,down,1197.530029296875,1210.02001953125,1210.02001953125,1210.02001953125,False,True,False,True
2026-07-28,LLY,contrarian,0.5212,up,0.4918,down,0.4275,down,1197.530029296875,1210.02001953125,1210.02001953125,1210.02001953125,True,False,False,True
2026-07-28,LLY,eficiente,0.5307,up,0.518,up,0.527,up,1197.530029296875,1210.02001953125,1210.02001953125,1210.02001953125,True,True,True,True
2026-07-28,LLY,foundation,0.5538,up,0.5787,up,0.6014,up,1197.530029296875,1210.02001953125,1210.02001953125,1210.02001953125,True,True,True,True
2026-07-28,LLY,conformal,0.7927,up,0.3511,down,0.8764,up,1197.530029296875,1210.02001953125,1210.02001953125,1210.02001953125,True,False,True,True
2026-07-28,LLY,drift,0.4953,down,0.4979,down,0.5015,up,1197.530029296875,1210.02001953125,1210.02001953125,1210.02001953125,False,False,True,True
2026-07-28,NVDA,classico_avancado,0.6689,up,0.562,up,0.6926,up,196.509994506836,190.009994506836,190.009994506836,190.009994506836,False,False,False,True
2026-07-28,NVDA,estado_oculto,0.2636,down,0.3614,down,0.3854,down,196.509994506836,190.009994506836,190.009994506836,190.009994506836,True,True,True,True
2026-07-28,NVDA,series_temporais,0.5417,up,0.5585,up,0.5639,up,196.509994506836,190.009994506836,190.009994506836,190.009994506836,False,False,False,True
2026-07-28,NVDA,neural_recorrente,0.5517,up,0.5533,up,0.5567,up,196.509994506836,190.009994506836,190.009994506836,190.009994506836,False,False,False,True
2026-07-28,NVDA,neural_atencao,0.5517,up,0.5533,up,0.5567,up,196.509994506836,190.009994506836,190.009994506836,190.009994506836,False,False,False,True
2026-07-28,NVDA,bayesiano,0.5027,up,0.4521,down,0.3779,down,196.509994506836,190.009994506836,190.009994506836,190.009994506836,False,True,True,True
2026-07-28,NVDA,generativo,0.567,up,0.5042,up,0.4953,down,196.509994506836,190.009994506836,190.009994506836,190.009994506836,False,False,True,True
2026-07-28,NVDA,reinforcement,0.2523,down,0.7317,up,0.265,down,196.509994506836,190.009994506836,190.009994506836,190.009994506836,True,False,True,True
2026-07-28,NVDA,contrarian,0.4997,down,0.429,down,0.4023,down,196.509994506836,190.009994506836,190.009994506836,190.009994506836,True,True,True,True
2026-07-28,NVDA,eficiente,0.5517,up,0.5533,up,0.5567,up,196.509994506836,190.009994506836,190.009994506836,190.009994506836,False,False,False,True
2026-07-28,NVDA,foundation,0.3678,down,0.4022,down,0.4878,down,196.509994506836,190.009994506836,190.009994506836,190.009994506836,True,True,True,True
2026-07-28,NVDA,conformal,0.8191,up,0.4516,down,0.4824,down,196.509994506836,190.009994506836,190.009994506836,190.009994506836,False,True,True,True
2026-07-28,NVDA,drift,0.5018,up,0.499,down,0.5013,up,196.509994506836,190.009994506836,190.009994506836,190.009994506836,False,True,False,True
2026-07-28,ALV.DE,classico_avancado,0.431,down,0.4313,down,0.4805,down,427.1000061035156,432.3999938964844,432.3999938964844,432.3999938964844,False,False,False,True
2026-07-28,ALV.DE,estado_oculto,0.7795,up,0.6849,up,0.9108,up,427.1000061035156,432.3999938964844,432.3999938964844,432.3999938964844,True,True,True,True
2026-07-28,ALV.DE,series_temporais,0.5693,up,0.6218,up,0.6167,up,427.1000061035156,432.3999938964844,432.3999938964844,432.3999938964844,True,True,True,True
2026-07-28,ALV.DE,neural_recorrente,0.5666,up,0.6086,up,0.6242,up,427.1000061035156,432.3999938964844,432.3999938964844,432.3999938964844,True,True,True,True
2026-07-28,ALV.DE,neural_atencao,0.5666,up,0.6086,up,0.6242,up,427.1000061035156,432.3999938964844,432.3999938964844,432.3999938964844,True,True,True,True
2026-07-28,ALV.DE,bayesiano,0.4204,down,0.3995,down,0.354,down,427.1000061035156,432.3999938964844,432.3999938964844,432.3999938964844,False,False,False,True
2026-07-28,ALV.DE,generativo,0.4795,down,0.4932,down,0.5007,up,427.1000061035156,432.3999938964844,432.3999938964844,432.3999938964844,False,False,True,True
2026-07-28,ALV.DE,reinforcement,0.7246,up,0.7614,up,0.7683,up,427.1000061035156,432.3999938964844,432.3999938964844,432.3999938964844,True,True,True,True
2026-07-28,ALV.DE,contrarian,0.5388,up,0.6102,up,0.6394,up,427.1000061035156,432.3999938964844,432.3999938964844,432.3999938964844,True,True,True,True
2026-07-28,ALV.DE,eficiente,0.5666,up,0.6086,up,0.6242,up,427.1000061035156,432.3999938964844,432.3999938964844,432.3999938964844,True,True,True,True
2026-07-28,ALV.DE,foundation,0.3777,down,0.4724,down,0.4161,down,427.1000061035156,432.3999938964844,432.3999938964844,432.3999938964844,False,False,False,True
2026-07-28,ALV.DE,conformal,0.4483,down,0.2877,down,0.2632,down,427.1000061035156,432.3999938964844,432.3999938964844,432.3999938964844,False,False,False,True
2026-07-28,ALV.DE,drift,0.5389,up,0.4676,down,0.4898,down,427.1000061035156,432.3999938964844,432.3999938964844,432.3999938964844,True,False,False,True
2026-07-28,BTC-USD,classico_avancado,0.6177,up,0.4941,down,0.5401,up,63491.8515625,63903.83984375,63903.83984375,63903.83984375,True,False,True,True
2026-07-28,BTC-USD,estado_oculto,0.2435,down,0.3406,down,0.1325,down,63491.8515625,63903.83984375,63903.83984375,63903.83984375,False,False,False,True
2026-07-28,BTC-USD,series_temporais,0.5171,up,0.534,up,0.5316,up,63491.8515625,63903.83984375,63903.83984375,63903.83984375,True,True,True,True
2026-07-28,BTC-USD,neural_recorrente,0.5026,up,0.5099,up,0.5098,up,63491.8515625,63903.83984375,63903.83984375,63903.83984375,True,True,True,True
2026-07-28,BTC-USD,neural_atencao,0.5026,up,0.5099,up,0.5098,up,63491.8515625,63903.83984375,63903.83984375,63903.83984375,True,True,True,True
2026-07-28,BTC-USD,bayesiano,0.566,up,0.6592,up,0.6875,up,63491.8515625,63903.83984375,63903.83984375,63903.83984375,True,True,True,True
2026-07-28,BTC-USD,generativo,0.5346,up,0.5635,up,0.5482,up,63491.8515625,63903.83984375,63903.83984375,63903.83984375,True,True,True,True
2026-07-28,BTC-USD,reinforcement,0.2726,down,0.2608,down,0.2498,down,63491.8515625,63903.83984375,63903.83984375,63903.83984375,False,False,False,True
2026-07-28,BTC-USD,contrarian,0.4926,down,0.5702,up,0.3828,down,63491.8515625,63903.83984375,63903.83984375,63903.83984375,False,True,False,True
2026-07-28,BTC-USD,eficiente,0.5026,up,0.5099,up,0.5098,up,63491.8515625,63903.83984375,63903.83984375,63903.83984375,True,True,True,True
2026-07-28,BTC-USD,foundation,0.5351,up,0.6566,up,0.4065,down,63491.8515625,63903.83984375,63903.83984375,63903.83984375,True,True,False,True
2026-07-28,BTC-USD,conformal,0.7538,up,0.6617,up,0.8154,up,63491.8515625,63903.83984375,63903.83984375,63903.83984375,True,True,True,True
2026-07-28,BTC-USD,drift,0.5,up,0.5004,up,0.5005,up,63491.8515625,63903.83984375,63903.83984375,63903.83984375,True,True,True,True
2026-07-28,BABA,classico_avancado,0.5182,up,0.4738,down,0.4901,down,115.0,115.02999877929688,115.02999877929688,115.02999877929688,True,False,False,True
2026-07-28,BABA,estado_oculto,0.724,up,0.6522,up,0.6121,up,115.0,115.02999877929688,115.02999877929688,115.02999877929688,True,True,True,True
2026-07-28,BABA,series_temporais,0.4797,down,0.5124,up,0.5057,up,115.0,115.02999877929688,115.02999877929688,115.02999877929688,False,True,True,True
2026-07-28,BABA,neural_recorrente,0.4655,down,0.4791,down,0.4796,down,115.0,115.02999877929688,115.02999877929688,115.02999877929688,False,False,False,True
2026-07-28,BABA,neural_atencao,0.4655,down,0.4791,down,0.4796,down,115.0,115.02999877929688,115.02999877929688,115.02999877929688,False,False,False,True
2026-07-28,BABA,bayesiano,0.4993,down,0.4487,down,0.496,down,115.0,115.02999877929688,115.02999877929688,115.02999877929688,False,False,False,True
2026-07-28,BABA,generativo,0.5334,up,0.5014,up,0.4546,down,115.0,115.02999877929688,115.02999877929688,115.02999877929688,True,True,False,True
2026-07-28,BABA,reinforcement,0.749,up,0.7476,up,0.773,up,115.0,115.02999877929688,115.02999877929688,115.02999877929688,True,True,True,True
2026-07-28,BABA,contrarian,0.4869,down,0.3637,down,0.2845,down,115.0,115.02999877929688,115.02999877929688,115.02999877929688,False,False,False,True
2026-07-28,BABA,eficiente,0.4655,down,0.4791,down,0.4796,down,115.0,115.02999877929688,115.02999877929688,115.02999877929688,False,False,False,True
2026-07-28,BABA,foundation,0.3103,down,0.3194,down,0.3197,down,115.0,115.02999877929688,115.02999877929688,115.02999877929688,False,False,False,True
2026-07-28,BABA,conformal,0.6961,up,0.8485,up,0.8,up,115.0,115.02999877929688,115.02999877929688,115.02999877929688,True,True,True,True
2026-07-28,BABA,drift,0.5133,up,0.5023,up,0.5044,up,115.0,115.02999877929688,115.02999877929688,115.02999877929688,True,True,True,True
2026-07-30,ICGA.DE,classico_avancado,0.2341,down,0.1503,down,0.3553,down,4.973999977111816,4.973999977111816,4.973999977111816,4.973999977111816,False,False,False,True
2026-07-30,ICGA.DE,estado_oculto,0.75,up,0.8313,up,0.8758,up,4.973999977111816,4.973999977111816,4.973999977111816,4.973999977111816,True,True,True,True
2026-07-30,ICGA.DE,series_temporais,0.536,up,0.5264,up,0.5023,up,4.973999977111816,4.973999977111816,4.973999977111816,4.973999977111816,True,True,True,True
2026-07-30,ICGA.DE,neural_recorrente,0.5179,up,0.5063,up,0.4968,down,4.973999977111816,4.973999977111816,4.973999977111816,4.973999977111816,True,True,False,True
2026-07-30,ICGA.DE,neural_atencao,0.5179,up,0.5063,up,0.4968,down,4.973999977111816,4.973999977111816,4.973999977111816,4.973999977111816,True,True,False,True
2026-07-30,ICGA.DE,bayesiano,0.4812,down,0.3544,down,0.3264,down,4.973999977111816,4.973999977111816,4.973999977111816,4.973999977111816,False,False,False,True
2026-07-30,ICGA.DE,generativo,0.5259,up,0.4759,down,0.5459,up,4.973999977111816,4.973999977111816,4.973999977111816,4.973999977111816,True,False,True,True
2026-07-30,ICGA.DE,reinforcement,0.2757,down,0.748,up,0.2437,down,4.973999977111816,4.973999977111816,4.973999977111816,4.973999977111816,False,True,False,True
2026-07-30,ICGA.DE,contrarian,0.5329,up,0.4784,down,0.4045,down,4.973999977111816,4.973999977111816,4.973999977111816,4.973999977111816,True,False,False,True
2026-07-30,ICGA.DE,eficiente,0.5179,up,0.5063,up,0.4968,down,4.973999977111816,4.973999977111816,4.973999977111816,4.973999977111816,True,True,False,True
2026-07-30,ICGA.DE,foundation,0.3953,down,0.3375,down,0.3645,down,4.973999977111816,4.973999977111816,4.973999977111816,4.973999977111816,False,False,False,True
2026-07-30,ICGA.DE,conformal,0.6629,up,0.449,down,0.557,up,4.973999977111816,4.973999977111816,4.973999977111816,4.973999977111816,True,False,True,True
2026-07-30,ICGA.DE,drift,0.4917,down,0.4976,down,0.499,down,4.973999977111816,4.973999977111816,4.973999977111816,4.973999977111816,False,False,False,True
2026-07-30,PPFB.DE,classico_avancado,0.3734,down,0.1583,down,0.2548,down,68.38500213623047,68.38500213623047,68.38500213623047,68.38500213623047,False,False,False,True
2026-07-30,PPFB.DE,estado_oculto,0.7881,up,0.8743,up,0.9136,up,68.38500213623047,68.38500213623047,68.38500213623047,68.38500213623047,True,True,True,True
2026-07-30,PPFB.DE,series_temporais,0.5787,up,0.6053,up,0.6213,up,68.38500213623047,68.38500213623047,68.38500213623047,68.38500213623047,True,True,True,True
2026-07-30,PPFB.DE,neural_recorrente,0.5861,up,0.5993,up,0.6161,up,68.38500213623047,68.38500213623047,68.38500213623047,68.38500213623047,True,True,True,True
2026-07-30,PPFB.DE,neural_atencao,0.5861,up,0.5993,up,0.6161,up,68.38500213623047,68.38500213623047,68.38500213623047,68.38500213623047,True,True,True,True
2026-07-30,PPFB.DE,bayesiano,0.4983,down,0.3271,down,0.3406,down,68.38500213623047,68.38500213623047,68.38500213623047,68.38500213623047,False,False,False,True
2026-07-30,PPFB.DE,generativo,0.5474,up,0.4887,down,0.5482,up,68.38500213623047,68.38500213623047,68.38500213623047,68.38500213623047,True,False,True,True
2026-07-30,PPFB.DE,reinforcement,0.2131,down,0.2581,down,0.212,down,68.38500213623047,68.38500213623047,68.38500213623047,68.38500213623047,False,False,False,True
2026-07-30,PPFB.DE,contrarian,0.5416,up,0.584,up,0.6171,up,68.38500213623047,68.38500213623047,68.38500213623047,68.38500213623047,True,True,True,True
2026-07-30,PPFB.DE,eficiente,0.5861,up,0.5993,up,0.6161,up,68.38500213623047,68.38500213623047,68.38500213623047,68.38500213623047,True,True,True,True
2026-07-30,PPFB.DE,foundation,0.5741,up,0.5495,up,0.6774,up,68.38500213623047,68.38500213623047,68.38500213623047,68.38500213623047,True,True,True,True
2026-07-30,PPFB.DE,conformal,0.6667,up,0.8387,up,0.8505,up,68.38500213623047,68.38500213623047,68.38500213623047,68.38500213623047,True,True,True,True
2026-07-30,PPFB.DE,drift,0.4957,down,0.4708,down,0.4715,down,68.38500213623047,68.38500213623047,68.38500213623047,68.38500213623047,False,False,False,True
2026-07-30,SGLN.L,classico_avancado,0.5239,up,0.1888,down,0.1847,down,5856.0,5856.0,5856.0,5856.0,True,False,False,True
2026-07-30,SGLN.L,estado_oculto,0.8153,up,0.8866,up,0.9212,up,5856.0,5856.0,5856.0,5856.0,True,True,True,True
2026-07-30,SGLN.L,series_temporais,0.5939,up,0.6193,up,0.6455,up,5856.0,5856.0,5856.0,5856.0,True,True,True,True
2026-07-30,SGLN.L,neural_recorrente,0.5836,up,0.6099,up,0.6237,up,5856.0,5856.0,5856.0,5856.0,True,True,True,True
2026-07-30,SGLN.L,neural_atencao,0.5836,up,0.6099,up,0.6237,up,5856.0,5856.0,5856.0,5856.0,True,True,True,True
2026-07-30,SGLN.L,bayesiano,0.3587,down,0.3365,down,0.3682,down,5856.0,5856.0,5856.0,5856.0,False,False,False,True
2026-07-30,SGLN.L,generativo,0.5633,up,0.482,down,0.5503,up,5856.0,5856.0,5856.0,5856.0,True,False,True,True
2026-07-30,SGLN.L,reinforcement,0.7391,up,0.2525,down,0.742,up,5856.0,5856.0,5856.0,5856.0,True,False,True,True
2026-07-30,SGLN.L,contrarian,0.5529,up,0.5796,up,0.6167,up,5856.0,5856.0,5856.0,5856.0,True,True,True,True
2026-07-30,SGLN.L,eficiente,0.5836,up,0.6099,up,0.6237,up,5856.0,5856.0,5856.0,5856.0,True,True,True,True
2026-07-30,SGLN.L,foundation,0.6224,up,0.49,down,0.6325,up,5856.0,5856.0,5856.0,5856.0,True,False,True,True
2026-07-30,SGLN.L,conformal,0.8824,up,0.9341,up,0.7879,up,5856.0,5856.0,5856.0,5856.0,True,True,True,True
2026-07-30,SGLN.L,drift,0.4859,down,0.4849,down,0.4615,down,5856.0,5856.0,5856.0,5856.0,False,False,False,True
2026-07-30,EXUS.MI,classico_avancado,0.5694,up,0.7833,up,0.812,up,39.56499862670898,39.56499862670898,39.56499862670898,39.56499862670898,True,True,True,True
2026-07-30,EXUS.MI,estado_oculto,0.7733,up,0.713,up,0.6504,up,39.56499862670898,39.56499862670898,39.56499862670898,39.56499862670898,True,True,True,True
2026-07-30,EXUS.MI,series_temporais,0.5557,up,0.6004,up,0.5912,up,39.56499862670898,39.56499862670898,39.56499862670898,39.56499862670898,True,True,True,True
2026-07-30,EXUS.MI,neural_recorrente,0.5704,up,0.6,up,0.613,up,39.56499862670898,39.56499862670898,39.56499862670898,39.56499862670898,True,True,True,True
2026-07-30,EXUS.MI,neural_atencao,0.5704,up,0.6,up,0.613,up,39.56499862670898,39.56499862670898,39.56499862670898,39.56499862670898,True,True,True,True
2026-07-30,EXUS.MI,bayesiano,0.6682,up,0.7552,up,0.8255,up,39.56499862670898,39.56499862670898,39.56499862670898,39.56499862670898,True,True,True,True
2026-07-30,EXUS.MI,generativo,0.5883,up,0.5831,up,0.5409,up,39.56499862670898,39.56499862670898,39.56499862670898,39.56499862670898,True,True,True,True
2026-07-30,EXUS.MI,reinforcement,0.2715,down,0.247,down,0.2551,down,39.56499862670898,39.56499862670898,39.56499862670898,39.56499862670898,False,False,False,True
2026-07-30,EXUS.MI,contrarian,0.4831,down,0.4943,down,0.3951,down,39.56499862670898,39.56499862670898,39.56499862670898,39.56499862670898,False,False,False,True
2026-07-30,EXUS.MI,eficiente,0.5704,up,0.6,up,0.613,up,39.56499862670898,39.56499862670898,39.56499862670898,39.56499862670898,True,True,True,True
2026-07-30,EXUS.MI,foundation,0.5803,up,0.6167,up,0.7253,up,39.56499862670898,39.56499862670898,39.56499862670898,39.56499862670898,True,True,True,True
2026-07-30,EXUS.MI,conformal,0.4535,down,0.8171,up,0.6207,up,39.56499862670898,39.56499862670898,39.56499862670898,39.56499862670898,False,True,True,True
2026-07-30,EXUS.MI,drift,0.5104,up,0.5208,up,0.509,up,39.56499862670898,39.56499862670898,39.56499862670898,39.56499862670898,True,True,True,True
2026-07-30,LYP6.DE,classico_avancado,0.6119,up,0.4817,down,0.7834,up,317.45001220703125,317.45001220703125,317.45001220703125,317.45001220703125,True,False,True,True
2026-07-30,LYP6.DE,estado_oculto,0.775,up,0.8559,up,0.6483,up,317.45001220703125,317.45001220703125,317.45001220703125,317.45001220703125,True,True,True,True
2026-07-30,LYP6.DE,series_temporais,0.5614,up,0.6057,up,0.6142,up,317.45001220703125,317.45001220703125,317.45001220703125,317.45001220703125,True,True,True,True
2026-07-30,LYP6.DE,neural_recorrente,0.5649,up,0.5914,up,0.6169,up,317.45001220703125,317.45001220703125,317.45001220703125,317.45001220703125,True,True,True,True
2026-07-30,LYP6.DE,neural_atencao,0.5649,up,0.5914,up,0.6169,up,317.45001220703125,317.45001220703125,317.45001220703125,317.45001220703125,True,True,True,True
2026-07-30,LYP6.DE,bayesiano,0.538,up,0.4553,down,0.6364,up,317.45001220703125,317.45001220703125,317.45001220703125,317.45001220703125,True,False,True,True
2026-07-30,LYP6.DE,generativo,0.5712,up,0.5311,up,0.5791,up,317.45001220703125,317.45001220703125,317.45001220703125,317.45001220703125,True,True,True,True
2026-07-30,LYP6.DE,reinforcement,0.2441,down,0.2653,down,0.2341,down,317.45001220703125,317.45001220703125,317.45001220703125,317.45001220703125,False,False,False,True
2026-07-30,LYP6.DE,contrarian,0.5104,up,0.6083,up,0.5725,up,317.45001220703125,317.45001220703125,317.45001220703125,317.45001220703125,True,True,True,True
2026-07-30,LYP6.DE,eficiente,0.5649,up,0.5914,up,0.6169,up,317.45001220703125,317.45001220703125,317.45001220703125,317.45001220703125,True,True,True,True
2026-07-30,LYP6.DE,foundation,0.6266,up,0.5776,up,0.6113,up,317.45001220703125,317.45001220703125,317.45001220703125,317.45001220703125,True,True,True,True
2026-07-30,LYP6.DE,conformal,0.4947,down,0.1591,down,0.1443,down,317.45001220703125,317.45001220703125,317.45001220703125,317.45001220703125,False,False,False,True
2026-07-30,LYP6.DE,drift,0.5047,up,0.5001,up,0.5027,up,317.45001220703125,317.45001220703125,317.45001220703125,317.45001220703125,True,True,True,True
2026-07-30,IS3N.DE,classico_avancado,0.7355,up,0.7135,up,0.5733,up,44.04600143432617,44.04600143432617,44.04600143432617,44.04600143432617,True,True,True,True
2026-07-30,IS3N.DE,estado_oculto,0.7537,up,0.6932,up,0.625,up,44.04600143432617,44.04600143432617,44.04600143432617,44.04600143432617,True,True,True,True
2026-07-30,IS3N.DE,series_temporais,0.5389,up,0.5775,up,0.5614,up,44.04600143432617,44.04600143432617,44.04600143432617,44.04600143432617,True,True,True,True
2026-07-30,IS3N.DE,neural_recorrente,0.553,up,0.5804,up,0.5798,up,44.04600143432617,44.04600143432617,44.04600143432617,44.04600143432617,True,True,True,True
2026-07-30,IS3N.DE,neural_atencao,0.553,up,0.5804,up,0.5798,up,44.04600143432617,44.04600143432617,44.04600143432617,44.04600143432617,True,True,True,True
2026-07-30,IS3N.DE,bayesiano,0.4837,down,0.5458,up,0.4711,down,44.04600143432617,44.04600143432617,44.04600143432617,44.04600143432617,False,True,False,True
2026-07-30,IS3N.DE,generativo,0.5641,up,0.6878,up,0.677,up,44.04600143432617,44.04600143432617,44.04600143432617,44.04600143432617,True,True,True,True
2026-07-30,IS3N.DE,reinforcement,0.2175,down,0.2623,down,0.2065,down,44.04600143432617,44.04600143432617,44.04600143432617,44.04600143432617,False,False,False,True
2026-07-30,IS3N.DE,contrarian,0.4299,down,0.3358,down,0.3607,down,44.04600143432617,44.04600143432617,44.04600143432617,44.04600143432617,False,False,False,True
2026-07-30,IS3N.DE,eficiente,0.553,up,0.5804,up,0.5798,up,44.04600143432617,44.04600143432617,44.04600143432617,44.04600143432617,True,True,True,True
2026-07-30,IS3N.DE,foundation,0.3853,down,0.5536,up,0.6032,up,44.04600143432617,44.04600143432617,44.04600143432617,44.04600143432617,False,True,True,True
2026-07-30,IS3N.DE,conformal,0.9333,up,0.9278,up,0.9895,up,44.04600143432617,44.04600143432617,44.04600143432617,44.04600143432617,True,True,True,True
2026-07-30,IS3N.DE,drift,0.514,up,0.5123,up,0.5177,up,44.04600143432617,44.04600143432617,44.04600143432617,44.04600143432617,True,True,True,True
2026-07-30,EUNN.DE,classico_avancado,0.6165,up,0.634,up,0.8884,up,68.1500015258789,68.1500015258789,68.1500015258789,68.1500015258789,True,True,True,True
2026-07-30,EUNN.DE,estado_oculto,0.769,up,0.686,up,0.8955,up,68.1500015258789,68.1500015258789,68.1500015258789,68.1500015258789,True,True,True,True
2026-07-30,EUNN.DE,series_temporais,0.5091,up,0.5495,up,0.537,up,68.1500015258789,68.1500015258789,68.1500015258789,68.1500015258789,True,True,True,True
2026-07-30,EUNN.DE,neural_recorrente,0.5321,up,0.5623,up,0.5633,up,68.1500015258789,68.1500015258789,68.1500015258789,68.1500015258789,True,True,True,True
2026-07-30,EUNN.DE,neural_atencao,0.5321,up,0.5623,up,0.5633,up,68.1500015258789,68.1500015258789,68.1500015258789,68.1500015258789,True,True,True,True
2026-07-30,EUNN.DE,bayesiano,0.6489,up,0.8087,up,0.8587,up,68.1500015258789,68.1500015258789,68.1500015258789,68.1500015258789,True,True,True,True
2026-07-30,EUNN.DE,generativo,0.6184,up,0.6255,up,0.616,up,68.1500015258789,68.1500015258789,68.1500015258789,68.1500015258789,True,True,True,True
2026-07-30,EUNN.DE,reinforcement,0.2049,down,0.2636,down,0.2676,down,68.1500015258789,68.1500015258789,68.1500015258789,68.1500015258789,False,False,False,True
2026-07-30,EUNN.DE,contrarian,0.428,down,0.5099,up,0.2847,down,68.1500015258789,68.1500015258789,68.1500015258789,68.1500015258789,False,True,False,True
2026-07-30,EUNN.DE,eficiente,0.5321,up,0.5623,up,0.5633,up,68.1500015258789,68.1500015258789,68.1500015258789,68.1500015258789,True,True,True,True
2026-07-30,EUNN.DE,foundation,0.638,up,0.6082,up,0.5422,up,68.1500015258789,68.1500015258789,68.1500015258789,68.1500015258789,True,True,True,True
2026-07-30,EUNN.DE,conformal,0.9432,up,0.9286,up,0.9271,up,68.1500015258789,68.1500015258789,68.1500015258789,68.1500015258789,True,True,True,True
2026-07-30,EUNN.DE,drift,0.503,up,0.5061,up,0.5191,up,68.1500015258789,68.1500015258789,68.1500015258789,68.1500015258789,True,True,True,True
2026-07-31,ICGA.DE,classico_avancado,0.2593,down,0.1417,down,0.3704,down,4.973999977111816,4.941999912261963,4.941999912261963,4.941999912261963,True,True,True,True
2026-07-31,ICGA.DE,estado_oculto,0.7516,up,0.8313,up,0.8758,up,4.973999977111816,4.941999912261963,4.941999912261963,4.941999912261963,False,False,False,True
2026-07-31,ICGA.DE,series_temporais,0.5067,up,0.516,up,0.4886,down,4.973999977111816,4.941999912261963,4.941999912261963,4.941999912261963,False,False,True,True
2026-07-31,ICGA.DE,neural_recorrente,0.5163,up,0.5079,up,0.4984,down,4.973999977111816,4.941999912261963,4.941999912261963,4.941999912261963,False,False,True,True
2026-07-31,ICGA.DE,neural_atencao,0.5163,up,0.5079,up,0.4984,down,4.973999977111816,4.941999912261963,4.941999912261963,4.941999912261963,False,False,True,True
2026-07-31,ICGA.DE,bayesiano,0.3422,down,0.3258,down,0.2929,down,4.973999977111816,4.941999912261963,4.941999912261963,4.941999912261963,True,True,True,True
2026-07-31,ICGA.DE,generativo,0.5014,up,0.4921,down,0.4939,down,4.973999977111816,4.941999912261963,4.941999912261963,4.941999912261963,False,True,True,True
2026-07-31,ICGA.DE,reinforcement,0.7384,up,0.7351,up,0.2375,down,4.973999977111816,4.941999912261963,4.941999912261963,4.941999912261963,False,False,True,True
2026-07-31,ICGA.DE,contrarian,0.5228,up,0.4848,down,0.4187,down,4.973999977111816,4.941999912261963,4.941999912261963,4.941999912261963,False,True,True,True
2026-07-31,ICGA.DE,eficiente,0.5163,up,0.5079,up,0.4984,down,4.973999977111816,4.941999912261963,4.941999912261963,4.941999912261963,False,False,True,True
2026-07-31,ICGA.DE,foundation,0.3776,down,0.3386,down,0.3823,down,4.973999977111816,4.941999912261963,4.941999912261963,4.941999912261963,True,True,True,True
2026-07-31,ICGA.DE,conformal,0.6629,up,0.7674,up,0.4559,down,4.973999977111816,4.941999912261963,4.941999912261963,4.941999912261963,False,False,True,True
2026-07-31,ICGA.DE,drift,0.4932,down,0.4976,down,0.4987,down,4.973999977111816,4.941999912261963,4.941999912261963,4.941999912261963,True,True,True,True
2026-07-31,PPFB.DE,classico_avancado,0.2951,down,0.1839,down,0.2661,down,68.38500213623047,69.02999877929688,69.02999877929688,69.02999877929688,False,False,False,True
2026-07-31,PPFB.DE,estado_oculto,0.7881,up,0.3743,down,0.4136,down,68.38500213623047,69.02999877929688,69.02999877929688,69.02999877929688,True,False,False,True
2026-07-31,PPFB.DE,series_temporais,0.5898,up,0.6107,up,0.6142,up,68.38500213623047,69.02999877929688,69.02999877929688,69.02999877929688,True,True,True,True
2026-07-31,PPFB.DE,neural_recorrente,0.588,up,0.6014,up,0.6181,up,68.38500213623047,69.02999877929688,69.02999877929688,69.02999877929688,True,True,True,True
2026-07-31,PPFB.DE,neural_atencao,0.588,up,0.6014,up,0.6181,up,68.38500213623047,69.02999877929688,69.02999877929688,69.02999877929688,True,True,True,True
2026-07-31,PPFB.DE,bayesiano,0.4996,down,0.3322,down,0.3561,down,68.38500213623047,69.02999877929688,69.02999877929688,69.02999877929688,False,False,False,True
2026-07-31,PPFB.DE,generativo,0.6353,up,0.497,down,0.5793,up,68.38500213623047,69.02999877929688,69.02999877929688,69.02999877929688,True,False,True,True
2026-07-31,PPFB.DE,reinforcement,0.711,up,0.1911,down,0.2625,down,68.38500213623047,69.02999877929688,69.02999877929688,69.02999877929688,True,False,False,True
2026-07-31,PPFB.DE,contrarian,0.5442,up,0.5693,up,0.6202,up,68.38500213623047,69.02999877929688,69.02999877929688,69.02999877929688,True,True,True,True
2026-07-31,PPFB.DE,eficiente,0.588,up,0.6014,up,0.6181,up,68.38500213623047,69.02999877929688,69.02999877929688,69.02999877929688,True,True,True,True
2026-07-31,PPFB.DE,foundation,0.6754,up,0.5842,up,0.5954,up,68.38500213623047,69.02999877929688,69.02999877929688,69.02999877929688,True,True,True,True
2026-07-31,PPFB.DE,conformal,0.7528,up,0.8947,up,0.781,up,68.38500213623047,69.02999877929688,69.02999877929688,69.02999877929688,True,True,True,True
2026-07-31,PPFB.DE,drift,0.4927,down,0.4789,down,0.4767,down,68.38500213623047,69.02999877929688,69.02999877929688,69.02999877929688,False,False,False,True
2026-07-31,SGLN.L,classico_avancado,0.5358,up,0.2185,down,0.2872,down,5856.0,5911.0,5911.0,5911.0,True,False,False,True
2026-07-31,SGLN.L,estado_oculto,0.8153,up,0.8866,up,0.9212,up,5856.0,5911.0,5911.0,5911.0,True,True,True,True
2026-07-31,SGLN.L,series_temporais,0.5848,up,0.629,up,0.6591,up,5856.0,5911.0,5911.0,5911.0,True,True,True,True
2026-07-31,SGLN.L,neural_recorrente,0.5858,up,0.6121,up,0.6259,up,5856.0,5911.0,5911.0,5911.0,True,True,True,True
2026-07-31,SGLN.L,neural_atencao,0.5858,up,0.6121,up,0.6259,up,5856.0,5911.0,5911.0,5911.0,True,True,True,True
2026-07-31,SGLN.L,bayesiano,0.3929,down,0.3336,down,0.3392,down,5856.0,5911.0,5911.0,5911.0,False,False,False,True
2026-07-31,SGLN.L,generativo,0.6012,up,0.5503,up,0.4987,down,5856.0,5911.0,5911.0,5911.0,True,True,False,True
2026-07-31,SGLN.L,reinforcement,0.7583,up,0.218,down,0.2677,down,5856.0,5911.0,5911.0,5911.0,True,False,False,True
2026-07-31,SGLN.L,contrarian,0.5458,up,0.6016,up,0.6292,up,5856.0,5911.0,5911.0,5911.0,True,True,True,True
2026-07-31,SGLN.L,eficiente,0.5858,up,0.6121,up,0.6259,up,5856.0,5911.0,5911.0,5911.0,True,True,True,True
2026-07-31,SGLN.L,foundation,0.5239,up,0.5414,up,0.6172,up,5856.0,5911.0,5911.0,5911.0,True,True,True,True
2026-07-31,SGLN.L,conformal,0.8161,up,0.977,up,0.7048,up,5856.0,5911.0,5911.0,5911.0,True,True,True,True
2026-07-31,SGLN.L,drift,0.4931,down,0.4802,down,0.4633,down,5856.0,5911.0,5911.0,5911.0,False,False,False,True
2026-07-31,EXUS.MI,classico_avancado,0.6217,up,0.7564,up,0.7837,up,39.56499862670898,39.86000061035156,39.86000061035156,39.86000061035156,True,True,True,True
2026-07-31,EXUS.MI,estado_oculto,0.7733,up,0.713,up,0.6504,up,39.56499862670898,39.86000061035156,39.86000061035156,39.86000061035156,True,True,True,True
2026-07-31,EXUS.MI,series_temporais,0.5557,up,0.6004,up,0.5912,up,39.56499862670898,39.86000061035156,39.86000061035156,39.86000061035156,True,True,True,True
2026-07-31,EXUS.MI,neural_recorrente,0.5704,up,0.6,up,0.613,up,39.56499862670898,39.86000061035156,39.86000061035156,39.86000061035156,True,True,True,True
2026-07-31,EXUS.MI,neural_atencao,0.5704,up,0.6,up,0.613,up,39.56499862670898,39.86000061035156,39.86000061035156,39.86000061035156,True,True,True,True
2026-07-31,EXUS.MI,bayesiano,0.642,up,0.7704,up,0.7887,up,39.56499862670898,39.86000061035156,39.86000061035156,39.86000061035156,True,True,True,True
2026-07-31,EXUS.MI,generativo,0.5678,up,0.6105,up,0.5742,up,39.56499862670898,39.86000061035156,39.86000061035156,39.86000061035156,True,True,True,True
2026-07-31,EXUS.MI,reinforcement,0.2405,down,0.2753,down,0.2494,down,39.56499862670898,39.86000061035156,39.86000061035156,39.86000061035156,False,False,False,True
2026-07-31,EXUS.MI,contrarian,0.4836,down,0.4909,down,0.3942,down,39.56499862670898,39.86000061035156,39.86000061035156,39.86000061035156,False,False,False,True
2026-07-31,EXUS.MI,eficiente,0.5704,up,0.6,up,0.613,up,39.56499862670898,39.86000061035156,39.86000061035156,39.86000061035156,True,True,True,True
2026-07-31,EXUS.MI,foundation,0.5803,up,0.6167,up,0.7253,up,39.56499862670898,39.86000061035156,39.86000061035156,39.86000061035156,True,True,True,True
2026-07-31,EXUS.MI,conformal,0.4535,down,0.8148,up,0.5682,up,39.56499862670898,39.86000061035156,39.86000061035156,39.86000061035156,False,True,True,True
2026-07-31,EXUS.MI,drift,0.5102,up,0.5209,up,0.5091,up,39.56499862670898,39.86000061035156,39.86000061035156,39.86000061035156,True,True,True,True
2026-07-31,LYP6.DE,classico_avancado,0.6114,up,0.5894,up,0.7722,up,317.45001220703125,319.95001220703125,319.95001220703125,319.95001220703125,True,True,True,True
2026-07-31,LYP6.DE,estado_oculto,0.775,up,0.8559,up,0.6483,up,317.45001220703125,319.95001220703125,319.95001220703125,319.95001220703125,True,True,True,True
2026-07-31,LYP6.DE,series_temporais,0.5614,up,0.6057,up,0.6142,up,317.45001220703125,319.95001220703125,319.95001220703125,319.95001220703125,True,True,True,True
2026-07-31,LYP6.DE,neural_recorrente,0.5649,up,0.5914,up,0.6169,up,317.45001220703125,319.95001220703125,319.95001220703125,319.95001220703125,True,True,True,True
2026-07-31,LYP6.DE,neural_atencao,0.5649,up,0.5914,up,0.6169,up,317.45001220703125,319.95001220703125,319.95001220703125,319.95001220703125,True,True,True,True
2026-07-31,LYP6.DE,bayesiano,0.5194,up,0.4688,down,0.6519,up,317.45001220703125,319.95001220703125,319.95001220703125,319.95001220703125,True,False,True,True
2026-07-31,LYP6.DE,generativo,0.5517,up,0.5396,up,0.5366,up,317.45001220703125,319.95001220703125,319.95001220703125,319.95001220703125,True,True,True,True
2026-07-31,LYP6.DE,reinforcement,0.7467,up,0.2688,down,0.2366,down,317.45001220703125,319.95001220703125,319.95001220703125,319.95001220703125,True,False,False,True
2026-07-31,LYP6.DE,contrarian,0.507,up,0.6117,up,0.5774,up,317.45001220703125,319.95001220703125,319.95001220703125,319.95001220703125,True,True,True,True
2026-07-31,LYP6.DE,eficiente,0.5649,up,0.5914,up,0.6169,up,317.45001220703125,319.95001220703125,319.95001220703125,319.95001220703125,True,True,True,True
2026-07-31,LYP6.DE,foundation,0.6266,up,0.5609,up,0.5779,up,317.45001220703125,319.95001220703125,319.95001220703125,319.95001220703125,True,True,True,True
2026-07-31,LYP6.DE,conformal,0.4946,down,0.1522,down,0.1064,down,317.45001220703125,319.95001220703125,319.95001220703125,319.95001220703125,False,False,False,True
2026-07-31,LYP6.DE,drift,0.5052,up,0.5009,up,0.5023,up,317.45001220703125,319.95001220703125,319.95001220703125,319.95001220703125,True,True,True,True
2026-07-31,IS3N.DE,classico_avancado,0.7458,up,0.7174,up,0.558,up,44.04600143432617,44.73699951171875,44.73699951171875,44.73699951171875,True,True,True,True
2026-07-31,IS3N.DE,estado_oculto,0.7537,up,0.6947,up,0.626,up,44.04600143432617,44.73699951171875,44.73699951171875,44.73699951171875,True,True,True,True
2026-07-31,IS3N.DE,series_temporais,0.5405,up,0.5595,up,0.5662,up,44.04600143432617,44.73699951171875,44.73699951171875,44.73699951171875,True,True,True,True
2026-07-31,IS3N.DE,neural_recorrente,0.5515,up,0.5823,up,0.5817,up,44.04600143432617,44.73699951171875,44.73699951171875,44.73699951171875,True,True,True,True
2026-07-31,IS3N.DE,neural_atencao,0.5515,up,0.5823,up,0.5817,up,44.04600143432617,44.73699951171875,44.73699951171875,44.73699951171875,True,True,True,True
2026-07-31,IS3N.DE,bayesiano,0.577,up,0.5051,up,0.6123,up,44.04600143432617,44.73699951171875,44.73699951171875,44.73699951171875,True,True,True,True
2026-07-31,IS3N.DE,generativo,0.6357,up,0.6274,up,0.6398,up,44.04600143432617,44.73699951171875,44.73699951171875,44.73699951171875,True,True,True,True
2026-07-31,IS3N.DE,reinforcement,0.2607,down,0.2002,down,0.2654,down,44.04600143432617,44.73699951171875,44.73699951171875,44.73699951171875,False,False,False,True
2026-07-31,IS3N.DE,contrarian,0.3976,down,0.3259,down,0.3101,down,44.04600143432617,44.73699951171875,44.73699951171875,44.73699951171875,False,False,False,True
2026-07-31,IS3N.DE,eficiente,0.5515,up,0.5823,up,0.5817,up,44.04600143432617,44.73699951171875,44.73699951171875,44.73699951171875,True,True,True,True
2026-07-31,IS3N.DE,foundation,0.4177,down,0.5049,up,0.5711,up,44.04600143432617,44.73699951171875,44.73699951171875,44.73699951171875,False,True,True,True
2026-07-31,IS3N.DE,conformal,0.8723,up,0.9684,up,0.9789,up,44.04600143432617,44.73699951171875,44.73699951171875,44.73699951171875,True,True,True,True
2026-07-31,IS3N.DE,drift,0.5102,up,0.5139,up,0.5131,up,44.04600143432617,44.73699951171875,44.73699951171875,44.73699951171875,True,True,True,True
2026-07-31,EUNN.DE,classico_avancado,0.5383,up,0.6089,up,0.9008,up,68.1500015258789,69.3499984741211,69.3499984741211,69.3499984741211,True,True,True,True
2026-07-31,EUNN.DE,estado_oculto,0.7674,up,0.686,up,0.8955,up,68.1500015258789,69.3499984741211,69.3499984741211,69.3499984741211,True,True,True,True
2026-07-31,EUNN.DE,series_temporais,0.541,up,0.5495,up,0.537,up,68.1500015258789,69.3499984741211,69.3499984741211,69.3499984741211,True,True,True,True
2026-07-31,EUNN.DE,neural_recorrente,0.5338,up,0.5623,up,0.5633,up,68.1500015258789,69.3499984741211,69.3499984741211,69.3499984741211,True,True,True,True
2026-07-31,EUNN.DE,neural_atencao,0.5338,up,0.5623,up,0.5633,up,68.1500015258789,69.3499984741211,69.3499984741211,69.3499984741211,True,True,True,True
2026-07-31,EUNN.DE,bayesiano,0.6263,up,0.8004,up,0.6948,up,68.1500015258789,69.3499984741211,69.3499984741211,69.3499984741211,True,True,True,True
2026-07-31,EUNN.DE,generativo,0.6046,up,0.6258,up,0.5988,up,68.1500015258789,69.3499984741211,69.3499984741211,69.3499984741211,True,True,True,True
2026-07-31,EUNN.DE,reinforcement,0.2465,down,0.25,down,0.2396,down,68.1500015258789,69.3499984741211,69.3499984741211,69.3499984741211,False,False,False,True
2026-07-31,EUNN.DE,contrarian,0.4256,down,0.51,up,0.2874,down,68.1500015258789,69.3499984741211,69.3499984741211,69.3499984741211,False,True,False,True
2026-07-31,EUNN.DE,eficiente,0.5338,up,0.5623,up,0.5633,up,68.1500015258789,69.3499984741211,69.3499984741211,69.3499984741211,True,True,True,True
2026-07-31,EUNN.DE,foundation,0.6892,up,0.6082,up,0.6422,up,68.1500015258789,69.3499984741211,69.3499984741211,69.3499984741211,True,True,True,True
2026-07-31,EUNN.DE,conformal,0.8652,up,0.9444,up,0.9278,up,68.1500015258789,69.3499984741211,69.3499984741211,69.3499984741211,True,True,True,True
2026-07-31,EUNN.DE,drift,0.5067,up,0.506,up,0.519,up,68.1500015258789,69.3499984741211,69.3499984741211,69.3499984741211,True,True,True,True
2026-08-01,ICGA.DE,classico_avancado,0.3175,down,0.1782,down,0.2571,down,4.941999912261963,4.963500022888184,4.963500022888184,4.963500022888184,False,False,False,True
2026-08-01,ICGA.DE,estado_oculto,0.7532,up,0.8313,up,0.8766,up,4.941999912261963,4.963500022888184,4.963500022888184,4.963500022888184,True,True,True,True
2026-08-01,ICGA.DE,series_temporais,0.5358,up,0.5035,up,0.5014,up,4.941999912261963,4.963500022888184,4.963500022888184,4.963500022888184,True,True,True,True
2026-08-01,ICGA.DE,neural_recorrente,0.5196,up,0.5095,up,0.5016,up,4.941999912261963,4.963500022888184,4.963500022888184,4.963500022888184,True,True,True,True
2026-08-01,ICGA.DE,neural_atencao,0.5196,up,0.5095,up,0.5016,up,4.941999912261963,4.963500022888184,4.963500022888184,4.963500022888184,True,True,True,True
2026-08-01,ICGA.DE,bayesiano,0.3161,down,0.3497,down,0.3493,down,4.941999912261963,4.963500022888184,4.963500022888184,4.963500022888184,False,False,False,True
2026-08-01,ICGA.DE,generativo,0.454,down,0.4871,down,0.4278,down,4.941999912261963,4.963500022888184,4.963500022888184,4.963500022888184,False,False,False,True
2026-08-01,ICGA.DE,reinforcement,0.7936,up,0.7411,up,0.2568,down,4.941999912261963,4.963500022888184,4.963500022888184,4.963500022888184,True,True,False,True
2026-08-01,ICGA.DE,contrarian,0.5048,up,0.4835,down,0.5996,up,4.941999912261963,4.963500022888184,4.963500022888184,4.963500022888184,True,False,True,True
2026-08-01,ICGA.DE,eficiente,0.5196,up,0.5095,up,0.5016,up,4.941999912261963,4.963500022888184,4.963500022888184,4.963500022888184,True,True,True,True
2026-08-01,ICGA.DE,foundation,0.3464,down,0.3397,down,0.3344,down,4.941999912261963,4.963500022888184,4.963500022888184,4.963500022888184,False,False,False,True
2026-08-01,ICGA.DE,conformal,0.7333,up,0.369,down,0.44,down,4.941999912261963,4.963500022888184,4.963500022888184,4.963500022888184,True,False,False,True
2026-08-01,ICGA.DE,drift,0.4995,down,0.497,down,0.4979,down,4.941999912261963,4.963500022888184,4.963500022888184,4.963500022888184,False,False,False,True
2026-08-01,PPFB.DE,classico_avancado,0.314,down,0.1749,down,0.2636,down,69.02999877929688,68.1050033569336,68.1050033569336,68.1050033569336,True,True,True,True
2026-08-01,PPFB.DE,estado_oculto,0.3008,down,0.3743,down,0.4136,down,69.02999877929688,68.1050033569336,68.1050033569336,68.1050033569336,True,True,True,True
2026-08-01,PPFB.DE,series_temporais,0.5885,up,0.6242,up,0.6405,up,69.02999877929688,68.1050033569336,68.1050033569336,68.1050033569336,False,False,False,True
2026-08-01,PPFB.DE,neural_recorrente,0.588,up,0.6034,up,0.6201,up,69.02999877929688,68.1050033569336,68.1050033569336,68.1050033569336,False,False,False,True
2026-08-01,PPFB.DE,neural_atencao,0.588,up,0.6034,up,0.6201,up,69.02999877929688,68.1050033569336,68.1050033569336,68.1050033569336,False,False,False,True
2026-08-01,PPFB.DE,bayesiano,0.5487,up,0.349,down,0.37,down,69.02999877929688,68.1050033569336,68.1050033569336,68.1050033569336,False,True,True,True
2026-08-01,PPFB.DE,generativo,0.554,up,0.5108,up,0.4917,down,69.02999877929688,68.1050033569336,68.1050033569336,68.1050033569336,False,False,True,True
2026-08-01,PPFB.DE,reinforcement,0.2524,down,0.246,down,0.2609,down,69.02999877929688,68.1050033569336,68.1050033569336,68.1050033569336,True,True,True,True
2026-08-01,PPFB.DE,contrarian,0.4746,down,0.5904,up,0.5961,up,69.02999877929688,68.1050033569336,68.1050033569336,68.1050033569336,True,False,False,True
2026-08-01,PPFB.DE,eficiente,0.588,up,0.6034,up,0.6201,up,69.02999877929688,68.1050033569336,68.1050033569336,68.1050033569336,False,False,False,True
2026-08-01,PPFB.DE,foundation,0.642,up,0.5023,up,0.6634,up,69.02999877929688,68.1050033569336,68.1050033569336,68.1050033569336,False,False,False,True
2026-08-01,PPFB.DE,conformal,0.6818,up,0.914,up,0.8878,up,69.02999877929688,68.1050033569336,68.1050033569336,68.1050033569336,False,False,False,True
2026-08-01,PPFB.DE,drift,0.4978,down,0.4773,down,0.471,down,69.02999877929688,68.1050033569336,68.1050033569336,68.1050033569336,True,True,True,True
2026-08-01,SGLN.L,classico_avancado,0.3001,down,0.2311,down,0.1545,down,5911.0,5819.0,5819.0,5819.0,True,True,True,True
2026-08-01,SGLN.L,estado_oculto,0.7568,up,0.886,up,0.4208,down,5911.0,5819.0,5819.0,5819.0,False,False,True,True
2026-08-01,SGLN.L,series_temporais,0.5839,up,0.6368,up,0.6655,up,5911.0,5819.0,5819.0,5819.0,False,False,False,True
2026-08-01,SGLN.L,neural_recorrente,0.5836,up,0.6107,up,0.6246,up,5911.0,5819.0,5819.0,5819.0,False,False,False,True
2026-08-01,SGLN.L,neural_atencao,0.5836,up,0.6107,up,0.6246,up,5911.0,5819.0,5819.0,5819.0,False,False,False,True
2026-08-01,SGLN.L,bayesiano,0.3602,down,0.332,down,0.3464,down,5911.0,5819.0,5819.0,5819.0,True,True,True,True
2026-08-01,SGLN.L,generativo,0.5105,up,0.5137,up,0.4781,down,5911.0,5819.0,5819.0,5819.0,False,False,True,True
2026-08-01,SGLN.L,reinforcement,0.7733,up,0.2427,down,0.7806,up,5911.0,5819.0,5819.0,5819.0,False,True,False,True
2026-08-01,SGLN.L,contrarian,0.5455,up,0.5938,up,0.5908,up,5911.0,5819.0,5819.0,5819.0,False,False,False,True
2026-08-01,SGLN.L,eficiente,0.5836,up,0.6107,up,0.6246,up,5911.0,5819.0,5819.0,5819.0,False,False,False,True
2026-08-01,SGLN.L,foundation,0.5224,up,0.5571,up,0.683,up,5911.0,5819.0,5819.0,5819.0,False,False,False,True
2026-08-01,SGLN.L,conformal,0.8242,up,0.8506,up,0.7653,up,5911.0,5819.0,5819.0,5819.0,False,False,False,True
2026-08-01,SGLN.L,drift,0.4812,down,0.4824,down,0.4571,down,5911.0,5819.0,5819.0,5819.0,True,True,True,True
2026-08-01,EXUS.MI,classico_avancado,0.7555,up,0.7867,up,0.8201,up,39.86000061035156,39.775001525878906,39.775001525878906,39.775001525878906,False,False,False,True
2026-08-01,EXUS.MI,estado_oculto,0.7992,up,0.713,up,0.6504,up,39.86000061035156,39.775001525878906,39.775001525878906,39.775001525878906,False,False,False,True
2026-08-01,EXUS.MI,series_temporais,0.5573,up,0.6004,up,0.5877,up,39.86000061035156,39.775001525878906,39.775001525878906,39.775001525878906,False,False,False,True
2026-08-01,EXUS.MI,neural_recorrente,0.5684,up,0.6,up,0.613,up,39.86000061035156,39.775001525878906,39.775001525878906,39.775001525878906,False,False,False,True
2026-08-01,EXUS.MI,neural_atencao,0.5684,up,0.6,up,0.613,up,39.86000061035156,39.775001525878906,39.775001525878906,39.775001525878906,False,False,False,True
2026-08-01,EXUS.MI,bayesiano,0.686,up,0.7805,up,0.8454,up,39.86000061035156,39.775001525878906,39.775001525878906,39.775001525878906,False,False,False,True
2026-08-01,EXUS.MI,generativo,0.5653,up,0.569,up,0.5359,up,39.86000061035156,39.775001525878906,39.775001525878906,39.775001525878906,False,False,False,True
2026-08-01,EXUS.MI,reinforcement,0.2465,down,0.2815,down,0.2278,down,39.86000061035156,39.775001525878906,39.775001525878906,39.775001525878906,True,True,True,True
2026-08-01,EXUS.MI,contrarian,0.4484,down,0.4906,down,0.3821,down,39.86000061035156,39.775001525878906,39.775001525878906,39.775001525878906,True,True,True,True
2026-08-01,EXUS.MI,eficiente,0.5684,up,0.6,up,0.613,up,39.86000061035156,39.775001525878906,39.775001525878906,39.775001525878906,False,False,False,True
2026-08-01,EXUS.MI,foundation,0.7123,up,0.6,up,0.6253,up,39.86000061035156,39.775001525878906,39.775001525878906,39.775001525878906,False,False,False,True
2026-08-01,EXUS.MI,conformal,0.8118,up,0.8171,up,0.7143,up,39.86000061035156,39.775001525878906,39.775001525878906,39.775001525878906,False,False,False,True
2026-08-01,EXUS.MI,drift,0.516,up,0.5228,up,0.5059,up,39.86000061035156,39.775001525878906,39.775001525878906,39.775001525878906,False,False,False,True
2026-08-01,LYP6.DE,classico_avancado,0.4694,down,0.5725,up,0.6258,up,319.95001220703125,319.6000061035156,319.6000061035156,319.6000061035156,True,False,False,True
2026-08-01,LYP6.DE,estado_oculto,0.2927,down,0.3567,down,0.1483,down,319.95001220703125,319.6000061035156,319.6000061035156,319.6000061035156,True,True,True,True
2026-08-01,LYP6.DE,series_temporais,0.5685,up,0.6067,up,0.6071,up,319.95001220703125,319.6000061035156,319.6000061035156,319.6000061035156,False,False,False,True
2026-08-01,LYP6.DE,neural_recorrente,0.5649,up,0.5927,up,0.6181,up,319.95001220703125,319.6000061035156,319.6000061035156,319.6000061035156,False,False,False,True
2026-08-01,LYP6.DE,neural_atencao,0.5649,up,0.5927,up,0.6181,up,319.95001220703125,319.6000061035156,319.6000061035156,319.6000061035156,False,False,False,True
2026-08-01,LYP6.DE,bayesiano,0.4842,down,0.5523,up,0.6064,up,319.95001220703125,319.6000061035156,319.6000061035156,319.6000061035156,True,False,False,True
2026-08-01,LYP6.DE,generativo,0.5,up,0.5,up,0.5,up,319.95001220703125,319.6000061035156,319.6000061035156,319.6000061035156,False,False,False,True
2026-08-01,LYP6.DE,reinforcement,0.2167,down,0.244,down,0.2586,down,319.95001220703125,319.6000061035156,319.6000061035156,319.6000061035156,True,True,True,True
2026-08-01,LYP6.DE,contrarian,0.4784,down,0.4574,down,0.3928,down,319.95001220703125,319.6000061035156,319.6000061035156,319.6000061035156,True,True,True,True
2026-08-01,LYP6.DE,eficiente,0.5649,up,0.5927,up,0.6181,up,319.95001220703125,319.6000061035156,319.6000061035156,319.6000061035156,False,False,False,True
2026-08-01,LYP6.DE,foundation,0.6433,up,0.4785,down,0.6121,up,319.95001220703125,319.6000061035156,319.6000061035156,319.6000061035156,False,True,False,True
2026-08-01,LYP6.DE,conformal,0.4889,down,0.2135,down,0.0114,down,319.95001220703125,319.6000061035156,319.6000061035156,319.6000061035156,True,True,True,True
2026-08-01,LYP6.DE,drift,0.5,down,0.5018,up,0.5003,up,319.95001220703125,319.6000061035156,319.6000061035156,319.6000061035156,True,False,False,True
2026-08-01,IS3N.DE,classico_avancado,0.3901,down,0.737,up,0.5903,up,44.73699951171875,45.35599899291992,45.35599899291992,45.35599899291992,False,True,True,True
2026-08-01,IS3N.DE,estado_oculto,0.7537,up,0.6962,up,0.626,up,44.73699951171875,45.35599899291992,45.35599899291992,45.35599899291992,True,True,True,True
2026-08-01,IS3N.DE,series_temporais,0.5345,up,0.5635,up,0.5534,up,44.73699951171875,45.35599899291992,45.35599899291992,45.35599899291992,True,True,True,True
2026-08-01,IS3N.DE,neural_recorrente,0.5515,up,0.5841,up,0.5817,up,44.73699951171875,45.35599899291992,45.35599899291992,45.35599899291992,True,True,True,True
2026-08-01,IS3N.DE,neural_atencao,0.5515,up,0.5841,up,0.5817,up,44.73699951171875,45.35599899291992,45.35599899291992,45.35599899291992,True,True,True,True
2026-08-01,IS3N.DE,bayesiano,0.4918,down,0.5578,up,0.3965,down,44.73699951171875,45.35599899291992,45.35599899291992,45.35599899291992,False,True,False,True
2026-08-01,IS3N.DE,generativo,0.5408,up,0.6221,up,0.575,up,44.73699951171875,45.35599899291992,45.35599899291992,45.35599899291992,True,True,True,True
2026-08-01,IS3N.DE,reinforcement,0.7013,up,0.201,down,0.2622,down,44.73699951171875,45.35599899291992,45.35599899291992,45.35599899291992,True,False,False,True
2026-08-01,IS3N.DE,contrarian,0.4089,down,0.3278,down,0.2609,down,44.73699951171875,45.35599899291992,45.35599899291992,45.35599899291992,False,False,False,True
2026-08-01,IS3N.DE,eficiente,0.5515,up,0.5841,up,0.5817,up,44.73699951171875,45.35599899291992,45.35599899291992,45.35599899291992,True,True,True,True
2026-08-01,IS3N.DE,foundation,0.501,up,0.5728,up,0.7211,up,44.73699951171875,45.35599899291992,45.35599899291992,45.35599899291992,True,True,True,True
2026-08-01,IS3N.DE,conformal,0.6591,up,0.8763,up,0.9121,up,44.73699951171875,45.35599899291992,45.35599899291992,45.35599899291992,True,True,True,True
2026-08-01,IS3N.DE,drift,0.5088,up,0.5126,up,0.5247,up,44.73699951171875,45.35599899291992,45.35599899291992,45.35599899291992,True,True,True,True
2026-08-01,EUNN.DE,classico_avancado,0.7053,up,0.469,down,0.8772,up,69.3499984741211,69.04000091552734,69.04000091552734,69.04000091552734,False,True,False,True
2026-08-01,EUNN.DE,estado_oculto,0.2655,down,0.1846,down,0.3955,down,69.3499984741211,69.04000091552734,69.04000091552734,69.04000091552734,True,True,True,True
2026-08-01,EUNN.DE,series_temporais,0.5413,up,0.5496,up,0.537,up,69.3499984741211,69.04000091552734,69.04000091552734,69.04000091552734,False,False,False,True
2026-08-01,EUNN.DE,neural_recorrente,0.5321,up,0.5604,up,0.5633,up,69.3499984741211,69.04000091552734,69.04000091552734,69.04000091552734,False,False,False,True
2026-08-01,EUNN.DE,neural_atencao,0.5321,up,0.5604,up,0.5633,up,69.3499984741211,69.04000091552734,69.04000091552734,69.04000091552734,False,False,False,True
2026-08-01,EUNN.DE,bayesiano,0.6147,up,0.6501,up,0.7014,up,69.3499984741211,69.04000091552734,69.04000091552734,69.04000091552734,False,False,False,True
2026-08-01,EUNN.DE,generativo,0.6129,up,0.656,up,0.598,up,69.3499984741211,69.04000091552734,69.04000091552734,69.04000091552734,False,False,False,True
2026-08-01,EUNN.DE,reinforcement,0.2359,down,0.2827,down,0.2497,down,69.3499984741211,69.04000091552734,69.04000091552734,69.04000091552734,True,True,True,True
2026-08-01,EUNN.DE,contrarian,0.4498,down,0.393,down,0.296,down,69.3499984741211,69.04000091552734,69.04000091552734,69.04000091552734,True,True,True,True
2026-08-01,EUNN.DE,eficiente,0.5321,up,0.5604,up,0.5633,up,69.3499984741211,69.04000091552734,69.04000091552734,69.04000091552734,False,False,False,True
2026-08-01,EUNN.DE,foundation,0.6714,up,0.6403,up,0.5922,up,69.3499984741211,69.04000091552734,69.04000091552734,69.04000091552734,False,False,False,True
2026-08-01,EUNN.DE,conformal,0.9579,up,0.9348,up,0.9381,up,69.3499984741211,69.04000091552734,69.04000091552734,69.04000091552734,False,False,False,True
2026-08-01,EUNN.DE,drift,0.5069,up,0.5047,up,0.5177,up,69.3499984741211,69.04000091552734,69.04000091552734,69.04000091552734,False,False,False,True
2026-08-04,ICGA.DE,classico_avancado,0.3017,down,0.1697,down,0.4736,down,4.963500022888184,5.004000186920166,5.004000186920166,5.004000186920166,False,False,False,True
2026-08-04,ICGA.DE,estado_oculto,0.7532,up,0.8313,up,0.8774,up,4.963500022888184,5.004000186920166,5.004000186920166,5.004000186920166,True,True,True,True
2026-08-04,ICGA.DE,series_temporais,0.5284,up,0.5035,up,0.5116,up,4.963500022888184,5.004000186920166,5.004000186920166,5.004000186920166,True,True,True,True
2026-08-04,ICGA.DE,neural_recorrente,0.5213,up,0.5095,up,0.5049,up,4.963500022888184,5.004000186920166,5.004000186920166,5.004000186920166,True,True,True,True
2026-08-04,ICGA.DE,neural_atencao,0.5213,up,0.5095,up,0.5049,up,4.963500022888184,5.004000186920166,5.004000186920166,5.004000186920166,True,True,True,True
2026-08-04,ICGA.DE,bayesiano,0.3465,down,0.3514,down,0.4501,down,4.963500022888184,5.004000186920166,5.004000186920166,5.004000186920166,False,False,False,True
2026-08-04,ICGA.DE,generativo,0.5362,up,0.4604,down,0.54,up,4.963500022888184,5.004000186920166,5.004000186920166,5.004000186920166,True,False,True,True
2026-08-04,ICGA.DE,reinforcement,0.7414,up,0.7062,up,0.2586,down,4.963500022888184,5.004000186920166,5.004000186920166,5.004000186920166,True,True,False,True
2026-08-04,ICGA.DE,contrarian,0.5355,up,0.4869,down,0.6094,up,4.963500022888184,5.004000186920166,5.004000186920166,5.004000186920166,True,False,True,True
2026-08-04,ICGA.DE,eficiente,0.5213,up,0.5095,up,0.5049,up,4.963500022888184,5.004000186920166,5.004000186920166,5.004000186920166,True,True,True,True
2026-08-04,ICGA.DE,foundation,0.3475,down,0.3397,down,0.3366,down,4.963500022888184,5.004000186920166,5.004000186920166,5.004000186920166,False,False,False,True
2026-08-04,ICGA.DE,conformal,0.7556,up,0.3647,down,0.4217,down,4.963500022888184,5.004000186920166,5.004000186920166,5.004000186920166,True,False,False,True
2026-08-04,ICGA.DE,drift,0.4938,down,0.4972,down,0.499,down,4.963500022888184,5.004000186920166,5.004000186920166,5.004000186920166,False,False,False,True
2026-08-04,PPFB.DE,classico_avancado,0.5001,up,0.1925,down,0.3338,down,68.1050033569336,68.03500366210938,68.03500366210938,68.03500366210938,False,True,True,True
2026-08-04,PPFB.DE,estado_oculto,0.7857,up,0.3721,down,0.1368,down,68.1050033569336,68.03500366210938,68.03500366210938,68.03500366210938,False,True,True,True
2026-08-04,PPFB.DE,series_temporais,0.6337,up,0.6169,up,0.6288,up,68.1050033569336,68.03500366210938,68.03500366210938,68.03500366210938,False,False,False,True
2026-08-04,PPFB.DE,neural_recorrente,0.5867,up,0.5993,up,0.6144,up,68.1050033569336,68.03500366210938,68.03500366210938,68.03500366210938,False,False,False,True
2026-08-04,PPFB.DE,neural_atencao,0.5867,up,0.5993,up,0.6144,up,68.1050033569336,68.03500366210938,68.03500366210938,68.03500366210938,False,False,False,True
2026-08-04,PPFB.DE,bayesiano,0.4405,down,0.4016,down,0.3707,down,68.1050033569336,68.03500366210938,68.03500366210938,68.03500366210938,True,True,True,True
2026-08-04,PPFB.DE,generativo,0.6031,up,0.5058,up,0.4353,down,68.1050033569336,68.03500366210938,68.03500366210938,68.03500366210938,False,False,True,True
2026-08-04,PPFB.DE,reinforcement,0.2283,down,0.2465,down,0.2348,down,68.1050033569336,68.03500366210938,68.03500366210938,68.03500366210938,True,True,True,True
2026-08-04,PPFB.DE,contrarian,0.5151,up,0.6233,up,0.5739,up,68.1050033569336,68.03500366210938,68.03500366210938,68.03500366210938,False,False,False,True
2026-08-04,PPFB.DE,eficiente,0.5867,up,0.5993,up,0.6144,up,68.1050033569336,68.03500366210938,68.03500366210938,68.03500366210938,False,False,False,True
2026-08-04,PPFB.DE,foundation,0.5744,up,0.5329,up,0.5263,up,68.1050033569336,68.03500366210938,68.03500366210938,68.03500366210938,False,False,False,True
2026-08-04,PPFB.DE,conformal,0.8989,up,0.914,up,0.8586,up,68.1050033569336,68.03500366210938,68.03500366210938,68.03500366210938,False,False,False,True
2026-08-04,PPFB.DE,drift,0.4993,down,0.478,down,0.4908,down,68.1050033569336,68.03500366210938,68.03500366210938,68.03500366210938,True,True,True,True
2026-08-04,SGLN.L,classico_avancado,0.5518,up,0.1895,down,0.1423,down,5819.0,5826.0,5826.0,5826.0,True,False,False,True
2026-08-04,SGLN.L,estado_oculto,0.8129,up,0.8846,up,0.1273,down,5819.0,5826.0,5826.0,5826.0,True,True,False,True
2026-08-04,SGLN.L,series_temporais,0.5884,up,0.6265,up,0.6569,up,5819.0,5826.0,5826.0,5826.0,True,True,True,True
2026-08-04,SGLN.L,neural_recorrente,0.5821,up,0.6079,up,0.6186,up,5819.0,5826.0,5826.0,5826.0,True,True,True,True
2026-08-04,SGLN.L,neural_atencao,0.5821,up,0.6079,up,0.6186,up,5819.0,5826.0,5826.0,5826.0,True,True,True,True
2026-08-04,SGLN.L,bayesiano,0.3786,down,0.3274,down,0.3385,down,5819.0,5826.0,5826.0,5826.0,False,False,False,True
2026-08-04,SGLN.L,generativo,0.5034,up,0.4287,down,0.4183,down,5819.0,5826.0,5826.0,5826.0,True,False,False,True
2026-08-04,SGLN.L,reinforcement,0.2455,down,0.1858,down,0.2468,down,5819.0,5826.0,5826.0,5826.0,False,False,False,True
2026-08-04,SGLN.L,contrarian,0.519,up,0.5758,up,0.6147,up,5819.0,5826.0,5826.0,5826.0,True,True,True,True
2026-08-04,SGLN.L,eficiente,0.5821,up,0.6079,up,0.6186,up,5819.0,5826.0,5826.0,5826.0,True,True,True,True
2026-08-04,SGLN.L,foundation,0.5047,up,0.5219,up,0.479,down,5819.0,5826.0,5826.0,5826.0,True,True,False,True
2026-08-04,SGLN.L,conformal,0.8111,up,0.9326,up,0.8571,up,5819.0,5826.0,5826.0,5826.0,True,True,True,True
2026-08-04,SGLN.L,drift,0.4939,down,0.4816,down,0.4768,down,5819.0,5826.0,5826.0,5826.0,False,False,False,True
2026-08-04,EXUS.MI,classico_avancado,0.7214,up,0.8316,up,0.786,up,39.775001525878906,39.97499847412109,39.97499847412109,39.97499847412109,True,True,True,True
2026-08-04,EXUS.MI,estado_oculto,0.7992,up,0.7155,up,0.6518,up,39.775001525878906,39.97499847412109,39.97499847412109,39.97499847412109,True,True,True,True
2026-08-04,EXUS.MI,series_temporais,0.5552,up,0.5927,up,0.5934,up,39.775001525878906,39.97499847412109,39.97499847412109,39.97499847412109,True,True,True,True
2026-08-04,EXUS.MI,neural_recorrente,0.5654,up,0.5986,up,0.6125,up,39.775001525878906,39.97499847412109,39.97499847412109,39.97499847412109,True,True,True,True
2026-08-04,EXUS.MI,neural_atencao,0.5654,up,0.5986,up,0.6125,up,39.775001525878906,39.97499847412109,39.97499847412109,39.97499847412109,True,True,True,True
2026-08-04,EXUS.MI,bayesiano,0.6819,up,0.7442,up,0.7534,up,39.775001525878906,39.97499847412109,39.97499847412109,39.97499847412109,True,True,True,True
2026-08-04,EXUS.MI,generativo,0.5836,up,0.618,up,0.585,up,39.775001525878906,39.97499847412109,39.97499847412109,39.97499847412109,True,True,True,True
2026-08-04,EXUS.MI,reinforcement,0.2507,down,0.2583,down,0.2175,down,39.775001525878906,39.97499847412109,39.97499847412109,39.97499847412109,False,False,False,True
2026-08-04,EXUS.MI,contrarian,0.4402,down,0.5209,up,0.3564,down,39.775001525878906,39.97499847412109,39.97499847412109,39.97499847412109,False,True,False,True
2026-08-04,EXUS.MI,eficiente,0.5654,up,0.5986,up,0.6125,up,39.775001525878906,39.97499847412109,39.97499847412109,39.97499847412109,True,True,True,True
2026-08-04,EXUS.MI,foundation,0.7102,up,0.7324,up,0.675,up,39.775001525878906,39.97499847412109,39.97499847412109,39.97499847412109,True,True,True,True
2026-08-04,EXUS.MI,conformal,0.8,up,0.8313,up,0.7765,up,39.775001525878906,39.97499847412109,39.97499847412109,39.97499847412109,True,True,True,True
2026-08-04,EXUS.MI,drift,0.5118,up,0.5207,up,0.5065,up,39.775001525878906,39.97499847412109,39.97499847412109,39.97499847412109,True,True,True,True
2026-08-04,LYP6.DE,classico_avancado,0.3859,down,0.534,up,0.6863,up,319.6000061035156,320.95001220703125,320.95001220703125,320.95001220703125,False,True,True,True
2026-08-04,LYP6.DE,estado_oculto,0.7927,up,0.7073,up,0.6483,up,319.6000061035156,320.95001220703125,320.95001220703125,320.95001220703125,True,True,True,True
2026-08-04,LYP6.DE,series_temporais,0.5673,up,0.5894,up,0.6051,up,319.6000061035156,320.95001220703125,320.95001220703125,320.95001220703125,True,True,True,True
2026-08-04,LYP6.DE,neural_recorrente,0.5618,up,0.5927,up,0.6156,up,319.6000061035156,320.95001220703125,320.95001220703125,320.95001220703125,True,True,True,True
2026-08-04,LYP6.DE,neural_atencao,0.5618,up,0.5927,up,0.6156,up,319.6000061035156,320.95001220703125,320.95001220703125,320.95001220703125,True,True,True,True
2026-08-04,LYP6.DE,bayesiano,0.4861,down,0.606,up,0.6237,up,319.6000061035156,320.95001220703125,320.95001220703125,320.95001220703125,False,True,True,True
2026-08-04,LYP6.DE,generativo,0.5139,up,0.5649,up,0.6148,up,319.6000061035156,320.95001220703125,320.95001220703125,320.95001220703125,True,True,True,True
2026-08-04,LYP6.DE,reinforcement,0.2581,down,0.2237,down,0.2478,down,319.6000061035156,320.95001220703125,320.95001220703125,320.95001220703125,False,False,False,True
2026-08-04,LYP6.DE,contrarian,0.5051,up,0.5811,up,0.4206,down,319.6000061035156,320.95001220703125,320.95001220703125,320.95001220703125,True,True,False,True
2026-08-04,LYP6.DE,eficiente,0.5618,up,0.5927,up,0.6156,up,319.6000061035156,320.95001220703125,320.95001220703125,320.95001220703125,True,True,True,True
2026-08-04,LYP6.DE,foundation,0.6246,up,0.6285,up,0.5438,up,319.6000061035156,320.95001220703125,320.95001220703125,320.95001220703125,True,True,True,True
2026-08-04,LYP6.DE,conformal,0.3871,down,0.2614,down,0.0659,down,319.6000061035156,320.95001220703125,320.95001220703125,320.95001220703125,False,False,False,True
2026-08-04,LYP6.DE,drift,0.4997,down,0.4999,down,0.5006,up,319.6000061035156,320.95001220703125,320.95001220703125,320.95001220703125,False,False,True,True
2026-08-04,IS3N.DE,classico_avancado,0.5334,up,0.6425,up,0.5445,up,45.35599899291992,45.47499847412109,45.47499847412109,45.47499847412109,True,True,True,True
2026-08-04,IS3N.DE,estado_oculto,0.7952,up,0.6947,up,0.623,up,45.35599899291992,45.47499847412109,45.47499847412109,45.47499847412109,True,True,True,True
2026-08-04,IS3N.DE,series_temporais,0.5359,up,0.5596,up,0.5709,up,45.35599899291992,45.47499847412109,45.47499847412109,45.47499847412109,True,True,True,True
2026-08-04,IS3N.DE,neural_recorrente,0.553,up,0.5823,up,0.5836,up,45.35599899291992,45.47499847412109,45.47499847412109,45.47499847412109,True,True,True,True
2026-08-04,IS3N.DE,neural_atencao,0.553,up,0.5823,up,0.5836,up,45.35599899291992,45.47499847412109,45.47499847412109,45.47499847412109,True,True,True,True
2026-08-04,IS3N.DE,bayesiano,0.6208,up,0.6096,up,0.4053,down,45.35599899291992,45.47499847412109,45.47499847412109,45.47499847412109,True,True,False,True
2026-08-04,IS3N.DE,generativo,0.558,up,0.6314,up,0.6504,up,45.35599899291992,45.47499847412109,45.47499847412109,45.47499847412109,True,True,True,True
2026-08-04,IS3N.DE,reinforcement,0.2322,down,0.2539,down,0.2509,down,45.35599899291992,45.47499847412109,45.47499847412109,45.47499847412109,False,False,False,True
2026-08-04,IS3N.DE,contrarian,0.4366,down,0.3185,down,0.3077,down,45.35599899291992,45.47499847412109,45.47499847412109,45.47499847412109,False,False,False,True
2026-08-04,IS3N.DE,eficiente,0.553,up,0.5823,up,0.5836,up,45.35599899291992,45.47499847412109,45.47499847412109,45.47499847412109,True,True,True,True
2026-08-04,IS3N.DE,foundation,0.5353,up,0.7215,up,0.6891,up,45.35599899291992,45.47499847412109,45.47499847412109,45.47499847412109,True,True,True,True
2026-08-04,IS3N.DE,conformal,0.7742,up,0.9375,up,0.9684,up,45.35599899291992,45.47499847412109,45.47499847412109,45.47499847412109,True,True,True,True
2026-08-04,IS3N.DE,drift,0.5065,up,0.5098,up,0.5237,up,45.35599899291992,45.47499847412109,45.47499847412109,45.47499847412109,True,True,True,True
2026-08-04,EUNN.DE,classico_avancado,0.6486,up,0.838,up,0.9057,up,69.04000091552734,69.5999984741211,69.5999984741211,69.5999984741211,True,True,True,True
2026-08-04,EUNN.DE,estado_oculto,0.7655,up,0.687,up,0.8955,up,69.04000091552734,69.5999984741211,69.5999984741211,69.5999984741211,True,True,True,True
2026-08-04,EUNN.DE,series_temporais,0.5413,up,0.5299,up,0.537,up,69.04000091552734,69.5999984741211,69.5999984741211,69.5999984741211,True,True,True,True
2026-08-04,EUNN.DE,neural_recorrente,0.5321,up,0.5604,up,0.5633,up,69.04000091552734,69.5999984741211,69.5999984741211,69.5999984741211,True,True,True,True
2026-08-04,EUNN.DE,neural_atencao,0.5321,up,0.5604,up,0.5633,up,69.04000091552734,69.5999984741211,69.5999984741211,69.5999984741211,True,True,True,True
2026-08-04,EUNN.DE,bayesiano,0.6123,up,0.7716,up,0.7242,up,69.04000091552734,69.5999984741211,69.5999984741211,69.5999984741211,True,True,True,True
2026-08-04,EUNN.DE,generativo,0.5963,up,0.6394,up,0.6757,up,69.04000091552734,69.5999984741211,69.5999984741211,69.5999984741211,True,True,True,True
2026-08-04,EUNN.DE,reinforcement,0.251,down,0.6672,up,0.2263,down,69.04000091552734,69.5999984741211,69.5999984741211,69.5999984741211,False,True,False,True
2026-08-04,EUNN.DE,contrarian,0.4515,down,0.3413,down,0.2595,down,69.04000091552734,69.5999984741211,69.5999984741211,69.5999984741211,False,False,False,True
2026-08-04,EUNN.DE,eficiente,0.5321,up,0.5604,up,0.5633,up,69.04000091552734,69.5999984741211,69.5999984741211,69.5999984741211,True,True,True,True
2026-08-04,EUNN.DE,foundation,0.688,up,0.7069,up,0.5755,up,69.04000091552734,69.5999984741211,69.5999984741211,69.5999984741211,True,True,True,True
2026-08-04,EUNN.DE,conformal,0.9579,up,0.9462,up,0.9062,up,69.04000091552734,69.5999984741211,69.5999984741211,69.5999984741211,True,True,True,True
2026-08-04,EUNN.DE,drift,0.5067,up,0.5094,up,0.5191,up,69.04000091552734,69.5999984741211,69.5999984741211,69.5999984741211,True,True,True,True
2026-08-05,ICGA.DE,classico_avancado,0.3587,down,0.4242,down,0.4736,down,5.004000186920166,5.013999938964844,5.013999938964844,5.013999938964844,False,False,False,True
2026-08-05,ICGA.DE,estado_oculto,0.7532,up,0.6774,up,0.8774,up,5.004000186920166,5.013999938964844,5.013999938964844,5.013999938964844,True,True,True,True
2026-08-05,ICGA.DE,series_temporais,0.5284,up,0.5035,up,0.5116,up,5.004000186920166,5.013999938964844,5.013999938964844,5.013999938964844,True,True,True,True
2026-08-05,ICGA.DE,neural_recorrente,0.5213,up,0.5095,up,0.5049,up,5.004000186920166,5.013999938964844,5.013999938964844,5.013999938964844,True,True,True,True
2026-08-05,ICGA.DE,neural_atencao,0.5213,up,0.5095,up,0.5049,up,5.004000186920166,5.013999938964844,5.013999938964844,5.013999938964844,True,True,True,True
2026-08-05,ICGA.DE,bayesiano,0.3267,down,0.5078,up,0.3962,down,5.004000186920166,5.013999938964844,5.013999938964844,5.013999938964844,False,True,False,True
2026-08-05,ICGA.DE,generativo,0.5482,up,0.4949,down,0.54,up,5.004000186920166,5.013999938964844,5.013999938964844,5.013999938964844,True,False,True,True
2026-08-05,ICGA.DE,reinforcement,0.7445,up,0.2076,down,0.2586,down,5.004000186920166,5.013999938964844,5.013999938964844,5.013999938964844,True,False,False,True
2026-08-05,ICGA.DE,contrarian,0.5116,up,0.4414,down,0.6094,up,5.004000186920166,5.013999938964844,5.013999938964844,5.013999938964844,True,False,True,True
2026-08-05,ICGA.DE,eficiente,0.5213,up,0.5095,up,0.5049,up,5.004000186920166,5.013999938964844,5.013999938964844,5.013999938964844,True,True,True,True
2026-08-05,ICGA.DE,foundation,0.3475,down,0.373,down,0.3366,down,5.004000186920166,5.013999938964844,5.013999938964844,5.013999938964844,False,False,False,True
2026-08-05,ICGA.DE,conformal,0.6848,up,0.6353,up,0.4217,down,5.004000186920166,5.013999938964844,5.013999938964844,5.013999938964844,True,True,False,True
2026-08-05,ICGA.DE,drift,0.4974,down,0.5002,up,0.499,down,5.004000186920166,5.013999938964844,5.013999938964844,5.013999938964844,False,True,False,True
2026-08-05,PPFB.DE,classico_avancado,0.5001,up,0.2265,down,0.3338,down,68.03500366210938,69.81500244140625,69.81500244140625,69.81500244140625,True,False,False,True
2026-08-05,PPFB.DE,estado_oculto,0.7857,up,0.3721,down,0.1368,down,68.03500366210938,69.81500244140625,69.81500244140625,69.81500244140625,True,False,False,True
2026-08-05,PPFB.DE,series_temporais,0.6337,up,0.6169,up,0.6288,up,68.03500366210938,69.81500244140625,69.81500244140625,69.81500244140625,True,True,True,True
2026-08-05,PPFB.DE,neural_recorrente,0.5867,up,0.5993,up,0.6144,up,68.03500366210938,69.81500244140625,69.81500244140625,69.81500244140625,True,True,True,True
2026-08-05,PPFB.DE,neural_atencao,0.5867,up,0.5993,up,0.6144,up,68.03500366210938,69.81500244140625,69.81500244140625,69.81500244140625,True,True,True,True
2026-08-05,PPFB.DE,bayesiano,0.4439,down,0.4486,down,0.3419,down,68.03500366210938,69.81500244140625,69.81500244140625,69.81500244140625,False,False,False,True
2026-08-05,PPFB.DE,generativo,0.6031,up,0.5081,up,0.4353,down,68.03500366210938,69.81500244140625,69.81500244140625,69.81500244140625,True,True,False,True
2026-08-05,PPFB.DE,reinforcement,0.2283,down,0.2338,down,0.2348,down,68.03500366210938,69.81500244140625,69.81500244140625,69.81500244140625,False,False,False,True
2026-08-05,PPFB.DE,contrarian,0.5151,up,0.599,up,0.5739,up,68.03500366210938,69.81500244140625,69.81500244140625,69.81500244140625,True,True,True,True
2026-08-05,PPFB.DE,eficiente,0.5867,up,0.5993,up,0.6144,up,68.03500366210938,69.81500244140625,69.81500244140625,69.81500244140625,True,True,True,True
2026-08-05,PPFB.DE,foundation,0.5744,up,0.4829,down,0.5096,up,68.03500366210938,69.81500244140625,69.81500244140625,69.81500244140625,True,False,True,True
2026-08-05,PPFB.DE,conformal,0.8989,up,0.914,up,0.8586,up,68.03500366210938,69.81500244140625,69.81500244140625,69.81500244140625,True,True,True,True
2026-08-05,PPFB.DE,drift,0.4993,down,0.4838,down,0.4908,down,68.03500366210938,69.81500244140625,69.81500244140625,69.81500244140625,False,False,False,True
2026-08-05,SGLN.L,classico_avancado,0.5518,up,0.2414,down,0.1423,down,5826.0,5981.201171875,5981.201171875,5981.201171875,True,False,False,True
2026-08-05,SGLN.L,estado_oculto,0.8129,up,0.8846,up,0.1273,down,5826.0,5981.201171875,5981.201171875,5981.201171875,True,True,False,True
2026-08-05,SGLN.L,series_temporais,0.5884,up,0.6265,up,0.6569,up,5826.0,5981.201171875,5981.201171875,5981.201171875,True,True,True,True
2026-08-05,SGLN.L,neural_recorrente,0.5821,up,0.6079,up,0.6186,up,5826.0,5981.201171875,5981.201171875,5981.201171875,True,True,True,True
2026-08-05,SGLN.L,neural_atencao,0.5821,up,0.6079,up,0.6186,up,5826.0,5981.201171875,5981.201171875,5981.201171875,True,True,True,True
2026-08-05,SGLN.L,bayesiano,0.365,down,0.3388,down,0.3492,down,5826.0,5981.201171875,5981.201171875,5981.201171875,False,False,False,True
2026-08-05,SGLN.L,generativo,0.5034,up,0.4899,down,0.4183,down,5826.0,5981.201171875,5981.201171875,5981.201171875,True,False,False,True
2026-08-05,SGLN.L,reinforcement,0.2455,down,0.1889,down,0.2468,down,5826.0,5981.201171875,5981.201171875,5981.201171875,False,False,False,True
2026-08-05,SGLN.L,contrarian,0.519,up,0.5529,up,0.6147,up,5826.0,5981.201171875,5981.201171875,5981.201171875,True,True,True,True
2026-08-05,SGLN.L,eficiente,0.5821,up,0.6079,up,0.6186,up,5826.0,5981.201171875,5981.201171875,5981.201171875,True,True,True,True
2026-08-05,SGLN.L,foundation,0.4381,down,0.5386,up,0.429,down,5826.0,5981.201171875,5981.201171875,5981.201171875,False,True,False,True
2026-08-05,SGLN.L,conformal,0.8111,up,0.9438,up,0.8571,up,5826.0,5981.201171875,5981.201171875,5981.201171875,True,True,True,True
2026-08-05,SGLN.L,drift,0.4939,down,0.4873,down,0.4768,down,5826.0,5981.201171875,5981.201171875,5981.201171875,False,False,False,True
2026-08-05,EXUS.MI,classico_avancado,0.6799,up,0.8316,up,0.7121,up,39.97499847412109,40.400001525878906,40.400001525878906,40.400001525878906,True,True,True,True
2026-08-05,EXUS.MI,estado_oculto,0.7992,up,0.7155,up,0.6518,up,39.97499847412109,40.400001525878906,40.400001525878906,40.400001525878906,True,True,True,True
2026-08-05,EXUS.MI,series_temporais,0.5552,up,0.5927,up,0.5934,up,39.97499847412109,40.400001525878906,40.400001525878906,40.400001525878906,True,True,True,True
2026-08-05,EXUS.MI,neural_recorrente,0.5654,up,0.5986,up,0.6125,up,39.97499847412109,40.400001525878906,40.400001525878906,40.400001525878906,True,True,True,True
2026-08-05,EXUS.MI,neural_atencao,0.5654,up,0.5986,up,0.6125,up,39.97499847412109,40.400001525878906,40.400001525878906,40.400001525878906,True,True,True,True
2026-08-05,EXUS.MI,bayesiano,0.5681,up,0.7182,up,0.762,up,39.97499847412109,40.400001525878906,40.400001525878906,40.400001525878906,True,True,True,True
2026-08-05,EXUS.MI,generativo,0.5772,up,0.618,up,0.5647,up,39.97499847412109,40.400001525878906,40.400001525878906,40.400001525878906,True,True,True,True
2026-08-05,EXUS.MI,reinforcement,0.2571,down,0.2583,down,0.2175,down,39.97499847412109,40.400001525878906,40.400001525878906,40.400001525878906,False,False,False,True
2026-08-05,EXUS.MI,contrarian,0.4744,down,0.5209,up,0.3526,down,39.97499847412109,40.400001525878906,40.400001525878906,40.400001525878906,False,True,False,True
2026-08-05,EXUS.MI,eficiente,0.5654,up,0.5986,up,0.6125,up,39.97499847412109,40.400001525878906,40.400001525878906,40.400001525878906,True,True,True,True
2026-08-05,EXUS.MI,foundation,0.5269,up,0.6991,up,0.7416,up,39.97499847412109,40.400001525878906,40.400001525878906,40.400001525878906,True,True,True,True
2026-08-05,EXUS.MI,conformal,0.6627,up,0.8313,up,0.8313,up,39.97499847412109,40.400001525878906,40.400001525878906,40.400001525878906,True,True,True,True
2026-08-05,EXUS.MI,drift,0.5036,up,0.5207,up,0.5066,up,39.97499847412109,40.400001525878906,40.400001525878906,40.400001525878906,True,True,True,True
2026-08-05,LYP6.DE,classico_avancado,0.3938,down,0.534,up,0.448,down,320.95001220703125,323.45001220703125,323.45001220703125,323.45001220703125,False,True,False,True
2026-08-05,LYP6.DE,estado_oculto,0.7927,up,0.7073,up,0.6483,up,320.95001220703125,323.45001220703125,323.45001220703125,323.45001220703125,True,True,True,True
2026-08-05,LYP6.DE,series_temporais,0.5673,up,0.5894,up,0.6051,up,320.95001220703125,323.45001220703125,323.45001220703125,323.45001220703125,True,True,True,True
2026-08-05,LYP6.DE,neural_recorrente,0.5618,up,0.5927,up,0.6156,up,320.95001220703125,323.45001220703125,323.45001220703125,323.45001220703125,True,True,True,True
2026-08-05,LYP6.DE,neural_atencao,0.5618,up,0.5927,up,0.6156,up,320.95001220703125,323.45001220703125,323.45001220703125,323.45001220703125,True,True,True,True
2026-08-05,LYP6.DE,bayesiano,0.4695,down,0.5861,up,0.5684,up,320.95001220703125,323.45001220703125,323.45001220703125,323.45001220703125,False,True,True,True
2026-08-05,LYP6.DE,generativo,0.5163,up,0.5649,up,0.5711,up,320.95001220703125,323.45001220703125,323.45001220703125,323.45001220703125,True,True,True,True
2026-08-05,LYP6.DE,reinforcement,0.257,down,0.2237,down,0.2503,down,320.95001220703125,323.45001220703125,323.45001220703125,323.45001220703125,False,False,False,True
2026-08-05,LYP6.DE,contrarian,0.5048,up,0.5811,up,0.4462,down,320.95001220703125,323.45001220703125,323.45001220703125,323.45001220703125,True,True,False,True
2026-08-05,LYP6.DE,eficiente,0.5618,up,0.5927,up,0.6156,up,320.95001220703125,323.45001220703125,323.45001220703125,323.45001220703125,True,True,True,True
2026-08-05,LYP6.DE,foundation,0.4246,down,0.6451,up,0.5438,up,320.95001220703125,323.45001220703125,323.45001220703125,323.45001220703125,False,True,True,True
2026-08-05,LYP6.DE,conformal,0.5385,up,0.2614,down,0.0659,down,320.95001220703125,323.45001220703125,323.45001220703125,323.45001220703125,True,False,False,True
2026-08-05,LYP6.DE,drift,0.498,down,0.4999,down,0.4998,down,320.95001220703125,323.45001220703125,323.45001220703125,323.45001220703125,False,False,False,True
2026-08-05,IS3N.DE,classico_avancado,0.5334,up,0.589,up,0.779,up,45.47499847412109,46.61899948120117,46.61899948120117,46.61899948120117,True,True,True,True
2026-08-05,IS3N.DE,estado_oculto,0.7952,up,0.8614,up,0.123,down,45.47499847412109,46.61899948120117,46.61899948120117,46.61899948120117,True,True,False,True
2026-08-05,IS3N.DE,series_temporais,0.5359,up,0.5596,up,0.5709,up,45.47499847412109,46.61899948120117,46.61899948120117,46.61899948120117,True,True,True,True
2026-08-05,IS3N.DE,neural_recorrente,0.553,up,0.5823,up,0.5836,up,45.47499847412109,46.61899948120117,46.61899948120117,46.61899948120117,True,True,True,True
2026-08-05,IS3N.DE,neural_atencao,0.553,up,0.5823,up,0.5836,up,45.47499847412109,46.61899948120117,46.61899948120117,46.61899948120117,True,True,True,True
2026-08-05,IS3N.DE,bayesiano,0.6144,up,0.4794,down,0.4992,down,45.47499847412109,46.61899948120117,46.61899948120117,46.61899948120117,True,False,False,True
2026-08-05,IS3N.DE,generativo,0.558,up,0.631,up,0.6748,up,45.47499847412109,46.61899948120117,46.61899948120117,46.61899948120117,True,True,True,True
2026-08-05,IS3N.DE,reinforcement,0.2322,down,0.2502,down,0.2528,down,45.47499847412109,46.61899948120117,46.61899948120117,46.61899948120117,False,False,False,True
2026-08-05,IS3N.DE,contrarian,0.4366,down,0.3216,down,0.2554,down,45.47499847412109,46.61899948120117,46.61899948120117,46.61899948120117,False,False,False,True
2026-08-05,IS3N.DE,eficiente,0.553,up,0.5823,up,0.5836,up,45.47499847412109,46.61899948120117,46.61899948120117,46.61899948120117,True,True,True,True
2026-08-05,IS3N.DE,foundation,0.5853,up,0.6549,up,0.5057,up,45.47499847412109,46.61899948120117,46.61899948120117,46.61899948120117,True,True,True,True
2026-08-05,IS3N.DE,conformal,0.7742,up,0.9897,up,0.9894,up,45.47499847412109,46.61899948120117,46.61899948120117,46.61899948120117,True,True,True,True
2026-08-05,IS3N.DE,drift,0.5065,up,0.5084,up,0.5437,up,45.47499847412109,46.61899948120117,46.61899948120117,46.61899948120117,True,True,True,True
2026-08-05,EUNN.DE,classico_avancado,0.5578,up,0.838,up,0.8999,up,69.5999984741211,71.27999877929688,71.27999877929688,71.27999877929688,True,True,True,True
2026-08-05,EUNN.DE,estado_oculto,0.7655,up,0.687,up,0.6377,up,69.5999984741211,71.27999877929688,71.27999877929688,71.27999877929688,True,True,True,True
2026-08-05,EUNN.DE,series_temporais,0.5413,up,0.5299,up,0.537,up,69.5999984741211,71.27999877929688,71.27999877929688,71.27999877929688,True,True,True,True
2026-08-05,EUNN.DE,neural_recorrente,0.5321,up,0.5604,up,0.5633,up,69.5999984741211,71.27999877929688,71.27999877929688,71.27999877929688,True,True,True,True
2026-08-05,EUNN.DE,neural_atencao,0.5321,up,0.5604,up,0.5633,up,69.5999984741211,71.27999877929688,71.27999877929688,71.27999877929688,True,True,True,True
2026-08-05,EUNN.DE,bayesiano,0.5157,up,0.7496,up,0.7229,up,69.5999984741211,71.27999877929688,71.27999877929688,71.27999877929688,True,True,True,True
2026-08-05,EUNN.DE,generativo,0.5747,up,0.6394,up,0.6398,up,69.5999984741211,71.27999877929688,71.27999877929688,71.27999877929688,True,True,True,True
2026-08-05,EUNN.DE,reinforcement,0.6972,up,0.6672,up,0.2339,down,69.5999984741211,71.27999877929688,71.27999877929688,71.27999877929688,True,True,False,True
2026-08-05,EUNN.DE,contrarian,0.4865,down,0.3413,down,0.2575,down,69.5999984741211,71.27999877929688,71.27999877929688,71.27999877929688,False,False,False,True
2026-08-05,EUNN.DE,eficiente,0.5321,up,0.5604,up,0.5633,up,69.5999984741211,71.27999877929688,71.27999877929688,71.27999877929688,True,True,True,True
2026-08-05,EUNN.DE,foundation,0.6047,up,0.7069,up,0.7089,up,69.5999984741211,71.27999877929688,71.27999877929688,71.27999877929688,True,True,True,True
2026-08-05,EUNN.DE,conformal,0.9462,up,0.9462,up,0.9293,up,69.5999984741211,71.27999877929688,71.27999877929688,71.27999877929688,True,True,True,True
2026-08-05,EUNN.DE,drift,0.5036,up,0.5094,up,0.52,up,69.5999984741211,71.27999877929688,71.27999877929688,71.27999877929688,True,True,True,True
2026-08-05,ICGA.DE,classico_avancado,0.3587,down,0.2665,down,0.3702,down,5.013999938964844,5.013000011444092,5.013000011444092,5.013000011444092,True,True,True,True
2026-08-05,ICGA.DE,estado_oculto,0.7532,up,0.8313,up,0.6275,up,5.013999938964844,5.013000011444092,5.013000011444092,5.013000011444092,False,False,False,True
2026-08-05,ICGA.DE,series_temporais,0.5284,up,0.5035,up,0.5116,up,5.013999938964844,5.013000011444092,5.013000011444092,5.013000011444092,False,False,False,True
2026-08-05,ICGA.DE,neural_recorrente,0.5213,up,0.5095,up,0.5049,up,5.013999938964844,5.013000011444092,5.013000011444092,5.013000011444092,False,False,False,True
2026-08-05,ICGA.DE,neural_atencao,0.5213,up,0.5095,up,0.5049,up,5.013999938964844,5.013000011444092,5.013000011444092,5.013000011444092,False,False,False,True
2026-08-05,ICGA.DE,bayesiano,0.3191,down,0.2881,down,0.2702,down,5.013999938964844,5.013000011444092,5.013000011444092,5.013000011444092,True,True,True,True
2026-08-05,ICGA.DE,generativo,0.5482,up,0.5185,up,0.4673,down,5.013999938964844,5.013000011444092,5.013000011444092,5.013000011444092,False,False,True,True
2026-08-05,ICGA.DE,reinforcement,0.7445,up,0.4802,down,0.2588,down,5.013999938964844,5.013000011444092,5.013000011444092,5.013000011444092,False,True,True,True
2026-08-05,ICGA.DE,contrarian,0.5116,up,0.4649,down,0.6128,up,5.013999938964844,5.013000011444092,5.013000011444092,5.013000011444092,False,True,False,True
2026-08-05,ICGA.DE,eficiente,0.5213,up,0.5095,up,0.5049,up,5.013999938964844,5.013000011444092,5.013000011444092,5.013000011444092,False,False,False,True
2026-08-05,ICGA.DE,foundation,0.3475,down,0.373,down,0.3699,down,5.013999938964844,5.013000011444092,5.013000011444092,5.013000011444092,True,True,True,True
2026-08-05,ICGA.DE,conformal,0.6848,up,0.6818,up,0.5238,up,5.013999938964844,5.013000011444092,5.013000011444092,5.013000011444092,False,False,False,True
2026-08-05,ICGA.DE,drift,0.4974,down,0.4979,down,0.4991,down,5.013999938964844,5.013000011444092,5.013000011444092,5.013000011444092,True,True,True,True
2026-08-05,PPFB.DE,classico_avancado,0.5878,up,0.2244,down,0.3722,down,69.81500244140625,70.3949966430664,70.3949966430664,70.3949966430664,True,False,False,True
2026-08-05,PPFB.DE,estado_oculto,0.8024,up,0.1886,down,0.4122,down,69.81500244140625,70.3949966430664,70.3949966430664,70.3949966430664,True,False,False,True
2026-08-05,PPFB.DE,series_temporais,0.6337,up,0.6169,up,0.6288,up,69.81500244140625,70.3949966430664,70.3949966430664,70.3949966430664,True,True,True,True
2026-08-05,PPFB.DE,neural_recorrente,0.5867,up,0.5993,up,0.6144,up,69.81500244140625,70.3949966430664,70.3949966430664,70.3949966430664,True,True,True,True
2026-08-05,PPFB.DE,neural_atencao,0.5867,up,0.5993,up,0.6144,up,69.81500244140625,70.3949966430664,70.3949966430664,70.3949966430664,True,True,True,True
2026-08-05,PPFB.DE,bayesiano,0.5647,up,0.3936,down,0.3462,down,69.81500244140625,70.3949966430664,70.3949966430664,70.3949966430664,True,False,False,True
2026-08-05,PPFB.DE,generativo,0.6089,up,0.5463,up,0.4843,down,69.81500244140625,70.3949966430664,70.3949966430664,70.3949966430664,True,True,False,True
2026-08-05,PPFB.DE,reinforcement,0.2351,down,0.2583,down,0.224,down,69.81500244140625,70.3949966430664,70.3949966430664,70.3949966430664,False,False,False,True
2026-08-05,PPFB.DE,contrarian,0.4722,down,0.5472,up,0.5942,up,69.81500244140625,70.3949966430664,70.3949966430664,70.3949966430664,False,True,True,True
2026-08-05,PPFB.DE,eficiente,0.5867,up,0.5993,up,0.6144,up,69.81500244140625,70.3949966430664,70.3949966430664,70.3949966430664,True,True,True,True
2026-08-05,PPFB.DE,foundation,0.7078,up,0.5162,up,0.5263,up,69.81500244140625,70.3949966430664,70.3949966430664,70.3949966430664,True,True,True,True
2026-08-05,PPFB.DE,conformal,0.7059,up,0.71,up,0.9167,up,69.81500244140625,70.3949966430664,70.3949966430664,70.3949966430664,True,True,True,True
2026-08-05,PPFB.DE,drift,0.5142,up,0.4918,down,0.485,down,69.81500244140625,70.3949966430664,70.3949966430664,70.3949966430664,True,False,False,True
2026-08-05,SGLN.L,classico_avancado,0.5669,up,0.2577,down,0.1989,down,5981.201171875,6030.7998046875,6030.7998046875,6030.7998046875,True,False,False,True
2026-08-05,SGLN.L,estado_oculto,0.8129,up,0.6759,up,0.4194,down,5981.201171875,6030.7998046875,6030.7998046875,6030.7998046875,True,True,False,True
2026-08-05,SGLN.L,series_temporais,0.5884,up,0.6265,up,0.6569,up,5981.201171875,6030.7998046875,6030.7998046875,6030.7998046875,True,True,True,True
2026-08-05,SGLN.L,neural_recorrente,0.5821,up,0.6079,up,0.6186,up,5981.201171875,6030.7998046875,6030.7998046875,6030.7998046875,True,True,True,True
2026-08-05,SGLN.L,neural_atencao,0.5821,up,0.6079,up,0.6186,up,5981.201171875,6030.7998046875,6030.7998046875,6030.7998046875,True,True,True,True
2026-08-05,SGLN.L,bayesiano,0.3615,down,0.359,down,0.332,down,5981.201171875,6030.7998046875,6030.7998046875,6030.7998046875,False,False,False,True
2026-08-05,SGLN.L,generativo,0.4857,down,0.4524,down,0.4261,down,5981.201171875,6030.7998046875,6030.7998046875,6030.7998046875,False,False,False,True
2026-08-05,SGLN.L,reinforcement,0.2414,down,0.1814,down,0.2469,down,5981.201171875,6030.7998046875,6030.7998046875,6030.7998046875,False,False,False,True
2026-08-05,SGLN.L,contrarian,0.4867,down,0.5403,up,0.6232,up,5981.201171875,6030.7998046875,6030.7998046875,6030.7998046875,False,True,True,True
2026-08-05,SGLN.L,eficiente,0.5821,up,0.6079,up,0.6186,up,5981.201171875,6030.7998046875,6030.7998046875,6030.7998046875,True,True,True,True
2026-08-05,SGLN.L,foundation,0.5547,up,0.5219,up,0.529,up,5981.201171875,6030.7998046875,6030.7998046875,6030.7998046875,True,True,True,True
2026-08-05,SGLN.L,conformal,0.9302,up,0.7634,up,0.7917,up,5981.201171875,6030.7998046875,6030.7998046875,6030.7998046875,True,True,True,True
2026-08-05,SGLN.L,drift,0.499,down,0.4881,down,0.4753,down,5981.201171875,6030.7998046875,6030.7998046875,6030.7998046875,False,False,False,True
2026-08-05,EXUS.MI,classico_avancado,0.426,down,0.6707,up,0.7223,up,40.400001525878906,40.5099983215332,40.5099983215332,40.5099983215332,False,True,True,True
2026-08-05,EXUS.MI,estado_oculto,0.7719,up,0.7155,up,0.9062,up,40.400001525878906,40.5099983215332,40.5099983215332,40.5099983215332,True,True,True,True
2026-08-05,EXUS.MI,series_temporais,0.5552,up,0.5927,up,0.5934,up,40.400001525878906,40.5099983215332,40.5099983215332,40.5099983215332,True,True,True,True
2026-08-05,EXUS.MI,neural_recorrente,0.5654,up,0.5986,up,0.6125,up,40.400001525878906,40.5099983215332,40.5099983215332,40.5099983215332,True,True,True,True
2026-08-05,EXUS.MI,neural_atencao,0.5654,up,0.5986,up,0.6125,up,40.400001525878906,40.5099983215332,40.5099983215332,40.5099983215332,True,True,True,True
2026-08-05,EXUS.MI,bayesiano,0.6326,up,0.7164,up,0.7221,up,40.400001525878906,40.5099983215332,40.5099983215332,40.5099983215332,True,True,True,True
2026-08-05,EXUS.MI,generativo,0.5609,up,0.5977,up,0.6454,up,40.400001525878906,40.5099983215332,40.5099983215332,40.5099983215332,True,True,True,True
2026-08-05,EXUS.MI,reinforcement,0.255,down,0.2539,down,0.2019,down,40.400001525878906,40.5099983215332,40.5099983215332,40.5099983215332,False,False,False,True
2026-08-05,EXUS.MI,contrarian,0.4817,down,0.5427,up,0.3834,down,40.400001525878906,40.5099983215332,40.5099983215332,40.5099983215332,False,True,False,True
2026-08-05,EXUS.MI,eficiente,0.5654,up,0.5986,up,0.6125,up,40.400001525878906,40.5099983215332,40.5099983215332,40.5099983215332,True,True,True,True
2026-08-05,EXUS.MI,foundation,0.5769,up,0.5324,up,0.575,up,40.400001525878906,40.5099983215332,40.5099983215332,40.5099983215332,True,True,True,True
2026-08-05,EXUS.MI,conformal,0.5125,up,0.8095,up,0.7531,up,40.400001525878906,40.5099983215332,40.5099983215332,40.5099983215332,True,True,True,True
2026-08-05,EXUS.MI,drift,0.5042,up,0.5178,up,0.5068,up,40.400001525878906,40.5099983215332,40.5099983215332,40.5099983215332,True,True,True,True
2026-08-05,LYP6.DE,classico_avancado,0.5403,up,0.489,down,0.6196,up,323.45001220703125,323.5,323.5,323.5,True,False,True,True
2026-08-05,LYP6.DE,estado_oculto,0.7704,up,0.7073,up,0.9096,up,323.45001220703125,323.5,323.5,323.5,True,True,True,True
2026-08-05,LYP6.DE,series_temporais,0.5673,up,0.5894,up,0.6051,up,323.45001220703125,323.5,323.5,323.5,True,True,True,True
2026-08-05,LYP6.DE,neural_recorrente,0.5618,up,0.5927,up,0.6156,up,323.45001220703125,323.5,323.5,323.5,True,True,True,True
2026-08-05,LYP6.DE,neural_atencao,0.5618,up,0.5927,up,0.6156,up,323.45001220703125,323.5,323.5,323.5,True,True,True,True
2026-08-05,LYP6.DE,bayesiano,0.511,up,0.4623,down,0.7186,up,323.45001220703125,323.5,323.5,323.5,True,False,True,True
2026-08-05,LYP6.DE,generativo,0.5049,up,0.5077,up,0.6085,up,323.45001220703125,323.5,323.5,323.5,True,True,True,True
2026-08-05,LYP6.DE,reinforcement,0.2653,down,0.2085,down,0.2438,down,323.45001220703125,323.5,323.5,323.5,False,False,False,True
2026-08-05,LYP6.DE,contrarian,0.4732,down,0.5708,up,0.4069,down,323.45001220703125,323.5,323.5,323.5,False,True,False,True
2026-08-05,LYP6.DE,eficiente,0.5618,up,0.5927,up,0.6156,up,323.45001220703125,323.5,323.5,323.5,True,True,True,True
2026-08-05,LYP6.DE,foundation,0.4579,down,0.3951,down,0.5771,up,323.45001220703125,323.5,323.5,323.5,False,False,True,True
2026-08-05,LYP6.DE,conformal,0.8478,up,0.4253,down,0.1961,down,323.45001220703125,323.5,323.5,323.5,True,False,False,True
2026-08-05,LYP6.DE,drift,0.509,up,0.5002,up,0.5013,up,323.45001220703125,323.5,323.5,323.5,True,True,True,True
2026-08-05,IS3N.DE,classico_avancado,0.342,down,0.307,down,0.7027,up,46.61899948120117,46.72200012207031,46.72200012207031,46.72200012207031,False,False,True,True
2026-08-05,IS3N.DE,estado_oculto,0.7952,up,0.8614,up,0.4106,down,46.61899948120117,46.72200012207031,46.72200012207031,46.72200012207031,True,True,False,True
2026-08-05,IS3N.DE,series_temporais,0.5359,up,0.5596,up,0.5709,up,46.61899948120117,46.72200012207031,46.72200012207031,46.72200012207031,True,True,True,True
2026-08-05,IS3N.DE,neural_recorrente,0.553,up,0.5823,up,0.5836,up,46.61899948120117,46.72200012207031,46.72200012207031,46.72200012207031,True,True,True,True
2026-08-05,IS3N.DE,neural_atencao,0.553,up,0.5823,up,0.5836,up,46.61899948120117,46.72200012207031,46.72200012207031,46.72200012207031,True,True,True,True
2026-08-05,IS3N.DE,bayesiano,0.4825,down,0.3619,down,0.6444,up,46.61899948120117,46.72200012207031,46.72200012207031,46.72200012207031,False,False,True,True
2026-08-05,IS3N.DE,generativo,0.5263,up,0.598,up,0.7144,up,46.61899948120117,46.72200012207031,46.72200012207031,46.72200012207031,True,True,True,True
2026-08-05,IS3N.DE,reinforcement,0.2579,down,0.2485,down,0.266,down,46.61899948120117,46.72200012207031,46.72200012207031,46.72200012207031,False,False,False,True
2026-08-05,IS3N.DE,contrarian,0.5003,up,0.3846,down,0.2916,down,46.61899948120117,46.72200012207031,46.72200012207031,46.72200012207031,True,False,False,True
2026-08-05,IS3N.DE,eficiente,0.553,up,0.5823,up,0.5836,up,46.61899948120117,46.72200012207031,46.72200012207031,46.72200012207031,True,True,True,True
2026-08-05,IS3N.DE,foundation,0.5187,up,0.6215,up,0.6057,up,46.61899948120117,46.72200012207031,46.72200012207031,46.72200012207031,True,True,True,True
2026-08-05,IS3N.DE,conformal,0.7444,up,0.8947,up,0.9894,up,46.61899948120117,46.72200012207031,46.72200012207031,46.72200012207031,True,True,True,True
2026-08-05,IS3N.DE,drift,0.4935,down,0.5011,up,0.5246,up,46.61899948120117,46.72200012207031,46.72200012207031,46.72200012207031,False,True,True,True
2026-08-05,EUNN.DE,classico_avancado,0.4369,down,0.6789,up,0.9144,up,71.27999877929688,71.55999755859375,71.55999755859375,71.55999755859375,False,True,True,True
2026-08-05,EUNN.DE,estado_oculto,0.7651,up,0.687,up,0.8955,up,71.27999877929688,71.55999755859375,71.55999755859375,71.55999755859375,True,True,True,True
2026-08-05,EUNN.DE,series_temporais,0.5413,up,0.5299,up,0.537,up,71.27999877929688,71.55999755859375,71.55999755859375,71.55999755859375,True,True,True,True
2026-08-05,EUNN.DE,neural_recorrente,0.5321,up,0.5604,up,0.5633,up,71.27999877929688,71.55999755859375,71.55999755859375,71.55999755859375,True,True,True,True
2026-08-05,EUNN.DE,neural_atencao,0.5321,up,0.5604,up,0.5633,up,71.27999877929688,71.55999755859375,71.55999755859375,71.55999755859375,True,True,True,True
2026-08-05,EUNN.DE,bayesiano,0.5128,up,0.7355,up,0.7003,up,71.27999877929688,71.55999755859375,71.55999755859375,71.55999755859375,True,True,True,True
2026-08-05,EUNN.DE,generativo,0.5811,up,0.6722,up,0.6979,up,71.27999877929688,71.55999755859375,71.55999755859375,71.55999755859375,True,True,True,True
2026-08-05,EUNN.DE,reinforcement,0.2991,down,0.7652,up,0.2238,down,71.27999877929688,71.55999755859375,71.55999755859375,71.55999755859375,False,True,False,True
2026-08-05,EUNN.DE,contrarian,0.4891,down,0.3649,down,0.2436,down,71.27999877929688,71.55999755859375,71.55999755859375,71.55999755859375,False,False,False,True
2026-08-05,EUNN.DE,eficiente,0.5321,up,0.5604,up,0.5633,up,71.27999877929688,71.55999755859375,71.55999755859375,71.55999755859375,True,True,True,True
2026-08-05,EUNN.DE,foundation,0.638,up,0.5736,up,0.4755,down,71.27999877929688,71.55999755859375,71.55999755859375,71.55999755859375,True,True,False,True
2026-08-05,EUNN.DE,conformal,0.8316,up,0.9239,up,0.9192,up,71.27999877929688,71.55999755859375,71.55999755859375,71.55999755859375,True,True,True,True
2026-08-05,EUNN.DE,drift,0.4996,down,0.5078,up,0.5196,up,71.27999877929688,71.55999755859375,71.55999755859375,71.55999755859375,False,True,True,True
2026-08-05,ICGA.DE,classico_avancado,0.3587,down,0.2665,down,0.3702,down,5.013000011444092,4.988999843597412,4.988999843597412,4.988999843597412,True,True,True,True
2026-08-05,ICGA.DE,estado_oculto,0.7532,up,0.8313,up,0.6275,up,5.013000011444092,4.988999843597412,4.988999843597412,4.988999843597412,False,False,False,True
2026-08-05,ICGA.DE,series_temporais,0.5284,up,0.5035,up,0.5116,up,5.013000011444092,4.988999843597412,4.988999843597412,4.988999843597412,False,False,False,True
2026-08-05,ICGA.DE,neural_recorrente,0.5213,up,0.5095,up,0.5049,up,5.013000011444092,4.988999843597412,4.988999843597412,4.988999843597412,False,False,False,True
2026-08-05,ICGA.DE,neural_atencao,0.5213,up,0.5095,up,0.5049,up,5.013000011444092,4.988999843597412,4.988999843597412,4.988999843597412,False,False,False,True
2026-08-05,ICGA.DE,bayesiano,0.3385,down,0.2877,down,0.2572,down,5.013000011444092,4.988999843597412,4.988999843597412,4.988999843597412,True,True,True,True
2026-08-05,ICGA.DE,generativo,0.5482,up,0.5185,up,0.4673,down,5.013000011444092,4.988999843597412,4.988999843597412,4.988999843597412,False,False,True,True
2026-08-05,ICGA.DE,reinforcement,0.7445,up,0.4802,down,0.2588,down,5.013000011444092,4.988999843597412,4.988999843597412,4.988999843597412,False,True,True,True
2026-08-05,ICGA.DE,contrarian,0.5116,up,0.4649,down,0.6128,up,5.013000011444092,4.988999843597412,4.988999843597412,4.988999843597412,False,True,False,True
2026-08-05,ICGA.DE,eficiente,0.5213,up,0.5095,up,0.5049,up,5.013000011444092,4.988999843597412,4.988999843597412,4.988999843597412,False,False,False,True
2026-08-05,ICGA.DE,foundation,0.3475,down,0.373,down,0.3366,down,5.013000011444092,4.988999843597412,4.988999843597412,4.988999843597412,True,True,True,True
2026-08-05,ICGA.DE,conformal,0.6848,up,0.6818,up,0.5238,up,5.013000011444092,4.988999843597412,4.988999843597412,4.988999843597412,False,False,False,True
2026-08-05,ICGA.DE,drift,0.4974,down,0.4979,down,0.4991,down,5.013000011444092,4.988999843597412,4.988999843597412,4.988999843597412,True,True,True,True
2026-08-05,PPFB.DE,classico_avancado,0.5878,up,0.2244,down,0.3722,down,70.3949966430664,68.69499969482422,68.69499969482422,68.69499969482422,False,True,True,True
2026-08-05,PPFB.DE,estado_oculto,0.8024,up,0.1886,down,0.4122,down,70.3949966430664,68.69499969482422,68.69499969482422,68.69499969482422,False,True,True,True
2026-08-05,PPFB.DE,series_temporais,0.6337,up,0.6169,up,0.6288,up,70.3949966430664,68.69499969482422,68.69499969482422,68.69499969482422,False,False,False,True
2026-08-05,PPFB.DE,neural_recorrente,0.5867,up,0.5993,up,0.6144,up,70.3949966430664,68.69499969482422,68.69499969482422,68.69499969482422,False,False,False,True
2026-08-05,PPFB.DE,neural_atencao,0.5867,up,0.5993,up,0.6144,up,70.3949966430664,68.69499969482422,68.69499969482422,68.69499969482422,False,False,False,True
2026-08-05,PPFB.DE,bayesiano,0.5688,up,0.3923,down,0.3554,down,70.3949966430664,68.69499969482422,68.69499969482422,68.69499969482422,False,True,True,True
2026-08-05,PPFB.DE,generativo,0.6089,up,0.5463,up,0.4843,down,70.3949966430664,68.69499969482422,68.69499969482422,68.69499969482422,False,False,True,True
2026-08-05,PPFB.DE,reinforcement,0.2351,down,0.2583,down,0.224,down,70.3949966430664,68.69499969482422,68.69499969482422,68.69499969482422,True,True,True,True
2026-08-05,PPFB.DE,contrarian,0.4722,down,0.5472,up,0.5942,up,70.3949966430664,68.69499969482422,68.69499969482422,68.69499969482422,True,False,False,True
2026-08-05,PPFB.DE,eficiente,0.5867,up,0.5993,up,0.6144,up,70.3949966430664,68.69499969482422,68.69499969482422,68.69499969482422,False,False,False,True
2026-08-05,PPFB.DE,foundation,0.6411,up,0.5495,up,0.5596,up,70.3949966430664,68.69499969482422,68.69499969482422,68.69499969482422,False,False,False,True
2026-08-05,PPFB.DE,conformal,0.7059,up,0.71,up,0.9167,up,70.3949966430664,68.69499969482422,68.69499969482422,68.69499969482422,False,False,False,True
2026-08-05,PPFB.DE,drift,0.5142,up,0.4918,down,0.485,down,70.3949966430664,68.69499969482422,68.69499969482422,68.69499969482422,False,True,True,True
2026-08-05,SGLN.L,classico_avancado,0.5669,up,0.2577,down,0.1989,down,6030.7998046875,5883.0,5883.0,5883.0,False,True,True,True
2026-08-05,SGLN.L,estado_oculto,0.8129,up,0.6759,up,0.4194,down,6030.7998046875,5883.0,5883.0,5883.0,False,False,True,True
2026-08-05,SGLN.L,series_temporais,0.5884,up,0.6265,up,0.6569,up,6030.7998046875,5883.0,5883.0,5883.0,False,False,False,True
2026-08-05,SGLN.L,neural_recorrente,0.5821,up,0.6079,up,0.6186,up,6030.7998046875,5883.0,5883.0,5883.0,False,False,False,True
2026-08-05,SGLN.L,neural_atencao,0.5821,up,0.6079,up,0.6186,up,6030.7998046875,5883.0,5883.0,5883.0,False,False,False,True
2026-08-05,SGLN.L,bayesiano,0.3792,down,0.3458,down,0.3408,down,6030.7998046875,5883.0,5883.0,5883.0,True,True,True,True
2026-08-05,SGLN.L,generativo,0.4857,down,0.4524,down,0.4261,down,6030.7998046875,5883.0,5883.0,5883.0,True,True,True,True
2026-08-05,SGLN.L,reinforcement,0.2414,down,0.1814,down,0.2469,down,6030.7998046875,5883.0,5883.0,5883.0,True,True,True,True
2026-08-05,SGLN.L,contrarian,0.4867,down,0.5403,up,0.6232,up,6030.7998046875,5883.0,5883.0,5883.0,True,False,False,True
2026-08-05,SGLN.L,eficiente,0.5821,up,0.6079,up,0.6186,up,6030.7998046875,5883.0,5883.0,5883.0,False,False,False,True
2026-08-05,SGLN.L,foundation,0.6381,up,0.5219,up,0.479,down,6030.7998046875,5883.0,5883.0,5883.0,False,False,True,True
2026-08-05,SGLN.L,conformal,0.9302,up,0.7634,up,0.7917,up,6030.7998046875,5883.0,5883.0,5883.0,False,False,False,True
2026-08-05,SGLN.L,drift,0.499,down,0.4881,down,0.4753,down,6030.7998046875,5883.0,5883.0,5883.0,True,True,True,True
2026-08-05,EXUS.MI,classico_avancado,0.426,down,0.6707,up,0.7223,up,40.5099983215332,40.290000915527344,40.290000915527344,40.290000915527344,True,False,False,True
2026-08-05,EXUS.MI,estado_oculto,0.7719,up,0.7155,up,0.9062,up,40.5099983215332,40.290000915527344,40.290000915527344,40.290000915527344,False,False,False,True
2026-08-05,EXUS.MI,series_temporais,0.5552,up,0.5927,up,0.5934,up,40.5099983215332,40.290000915527344,40.290000915527344,40.290000915527344,False,False,False,True
2026-08-05,EXUS.MI,neural_recorrente,0.5654,up,0.5986,up,0.6125,up,40.5099983215332,40.290000915527344,40.290000915527344,40.290000915527344,False,False,False,True
2026-08-05,EXUS.MI,neural_atencao,0.5654,up,0.5986,up,0.6125,up,40.5099983215332,40.290000915527344,40.290000915527344,40.290000915527344,False,False,False,True
2026-08-05,EXUS.MI,bayesiano,0.6444,up,0.7304,up,0.7038,up,40.5099983215332,40.290000915527344,40.290000915527344,40.290000915527344,False,False,False,True
2026-08-05,EXUS.MI,generativo,0.5609,up,0.5977,up,0.6454,up,40.5099983215332,40.290000915527344,40.290000915527344,40.290000915527344,False,False,False,True
2026-08-05,EXUS.MI,reinforcement,0.255,down,0.2539,down,0.2019,down,40.5099983215332,40.290000915527344,40.290000915527344,40.290000915527344,True,True,True,True
2026-08-05,EXUS.MI,contrarian,0.4817,down,0.5427,up,0.3834,down,40.5099983215332,40.290000915527344,40.290000915527344,40.290000915527344,True,False,True,True
2026-08-05,EXUS.MI,eficiente,0.5654,up,0.5986,up,0.6125,up,40.5099983215332,40.290000915527344,40.290000915527344,40.290000915527344,False,False,False,True
2026-08-05,EXUS.MI,foundation,0.5769,up,0.5491,up,0.525,up,40.5099983215332,40.290000915527344,40.290000915527344,40.290000915527344,False,False,False,True
2026-08-05,EXUS.MI,conformal,0.5125,up,0.8095,up,0.7531,up,40.5099983215332,40.290000915527344,40.290000915527344,40.290000915527344,False,False,False,True
2026-08-05,EXUS.MI,drift,0.5042,up,0.5178,up,0.5068,up,40.5099983215332,40.290000915527344,40.290000915527344,40.290000915527344,False,False,False,True
2026-08-05,LYP6.DE,classico_avancado,0.5403,up,0.489,down,0.6196,up,323.5,323.29998779296875,323.29998779296875,323.29998779296875,False,True,False,True
2026-08-05,LYP6.DE,estado_oculto,0.7704,up,0.7073,up,0.9096,up,323.5,323.29998779296875,323.29998779296875,323.29998779296875,False,False,False,True
2026-08-05,LYP6.DE,series_temporais,0.5673,up,0.5894,up,0.6051,up,323.5,323.29998779296875,323.29998779296875,323.29998779296875,False,False,False,True
2026-08-05,LYP6.DE,neural_recorrente,0.5618,up,0.5927,up,0.6156,up,323.5,323.29998779296875,323.29998779296875,323.29998779296875,False,False,False,True
2026-08-05,LYP6.DE,neural_atencao,0.5618,up,0.5927,up,0.6156,up,323.5,323.29998779296875,323.29998779296875,323.29998779296875,False,False,False,True
2026-08-05,LYP6.DE,bayesiano,0.5412,up,0.4916,down,0.7372,up,323.5,323.29998779296875,323.29998779296875,323.29998779296875,False,True,False,True
2026-08-05,LYP6.DE,generativo,0.5049,up,0.5077,up,0.6085,up,323.5,323.29998779296875,323.29998779296875,323.29998779296875,False,False,False,True
2026-08-05,LYP6.DE,reinforcement,0.2653,down,0.2085,down,0.2438,down,323.5,323.29998779296875,323.29998779296875,323.29998779296875,True,True,True,True
2026-08-05,LYP6.DE,contrarian,0.4732,down,0.5708,up,0.4069,down,323.5,323.29998779296875,323.29998779296875,323.29998779296875,True,False,True,True
2026-08-05,LYP6.DE,eficiente,0.5618,up,0.5927,up,0.6156,up,323.5,323.29998779296875,323.29998779296875,323.29998779296875,False,False,False,True
2026-08-05,LYP6.DE,foundation,0.4412,down,0.3951,down,0.5104,up,323.5,323.29998779296875,323.29998779296875,323.29998779296875,True,True,False,True
2026-08-05,LYP6.DE,conformal,0.8478,up,0.4253,down,0.1961,down,323.5,323.29998779296875,323.29998779296875,323.29998779296875,False,True,True,True
2026-08-05,LYP6.DE,drift,0.509,up,0.5002,up,0.5013,up,323.5,323.29998779296875,323.29998779296875,323.29998779296875,False,False,False,True
2026-08-05,IS3N.DE,classico_avancado,0.342,down,0.307,down,0.7027,up,46.72200012207031,46.76499938964844,46.76499938964844,46.76499938964844,False,False,True,True
2026-08-05,IS3N.DE,estado_oculto,0.7952,up,0.8614,up,0.4106,down,46.72200012207031,46.76499938964844,46.76499938964844,46.76499938964844,True,True,False,True
2026-08-05,IS3N.DE,series_temporais,0.5359,up,0.5596,up,0.5709,up,46.72200012207031,46.76499938964844,46.76499938964844,46.76499938964844,True,True,True,True
2026-08-05,IS3N.DE,neural_recorrente,0.553,up,0.5823,up,0.5836,up,46.72200012207031,46.76499938964844,46.76499938964844,46.76499938964844,True,True,True,True
2026-08-05,IS3N.DE,neural_atencao,0.553,up,0.5823,up,0.5836,up,46.72200012207031,46.76499938964844,46.76499938964844,46.76499938964844,True,True,True,True
2026-08-05,IS3N.DE,bayesiano,0.4823,down,0.392,down,0.6389,up,46.72200012207031,46.76499938964844,46.76499938964844,46.76499938964844,False,False,True,True
2026-08-05,IS3N.DE,generativo,0.5263,up,0.598,up,0.7144,up,46.72200012207031,46.76499938964844,46.76499938964844,46.76499938964844,True,True,True,True
2026-08-05,IS3N.DE,reinforcement,0.2579,down,0.2485,down,0.266,down,46.72200012207031,46.76499938964844,46.76499938964844,46.76499938964844,False,False,False,True
2026-08-05,IS3N.DE,contrarian,0.5003,up,0.3846,down,0.2916,down,46.72200012207031,46.76499938964844,46.76499938964844,46.76499938964844,True,False,False,True
2026-08-05,IS3N.DE,eficiente,0.553,up,0.5823,up,0.5836,up,46.72200012207031,46.76499938964844,46.76499938964844,46.76499938964844,True,True,True,True
2026-08-05,IS3N.DE,foundation,0.5187,up,0.5049,up,0.5891,up,46.72200012207031,46.76499938964844,46.76499938964844,46.76499938964844,True,True,True,True
2026-08-05,IS3N.DE,conformal,0.7444,up,0.8947,up,0.9894,up,46.72200012207031,46.76499938964844,46.76499938964844,46.76499938964844,True,True,True,True
2026-08-05,IS3N.DE,drift,0.4935,down,0.5011,up,0.5246,up,46.72200012207031,46.76499938964844,46.76499938964844,46.76499938964844,False,True,True,True
2026-08-05,EUNN.DE,classico_avancado,0.4369,down,0.6789,up,0.9144,up,71.55999755859375,70.45999908447266,70.45999908447266,70.45999908447266,True,False,False,True
2026-08-05,EUNN.DE,estado_oculto,0.7651,up,0.687,up,0.8955,up,71.55999755859375,70.45999908447266,70.45999908447266,70.45999908447266,False,False,False,True
2026-08-05,EUNN.DE,series_temporais,0.5413,up,0.5299,up,0.537,up,71.55999755859375,70.45999908447266,70.45999908447266,70.45999908447266,False,False,False,True
2026-08-05,EUNN.DE,neural_recorrente,0.5321,up,0.5604,up,0.5633,up,71.55999755859375,70.45999908447266,70.45999908447266,70.45999908447266,False,False,False,True
2026-08-05,EUNN.DE,neural_atencao,0.5321,up,0.5604,up,0.5633,up,71.55999755859375,70.45999908447266,70.45999908447266,70.45999908447266,False,False,False,True
2026-08-05,EUNN.DE,bayesiano,0.4975,down,0.742,up,0.7134,up,71.55999755859375,70.45999908447266,70.45999908447266,70.45999908447266,True,False,False,True
2026-08-05,EUNN.DE,generativo,0.5811,up,0.6722,up,0.6979,up,71.55999755859375,70.45999908447266,70.45999908447266,70.45999908447266,False,False,False,True
2026-08-05,EUNN.DE,reinforcement,0.2991,down,0.7652,up,0.2238,down,71.55999755859375,70.45999908447266,70.45999908447266,70.45999908447266,True,False,True,True
2026-08-05,EUNN.DE,contrarian,0.4891,down,0.3649,down,0.2436,down,71.55999755859375,70.45999908447266,70.45999908447266,70.45999908447266,True,True,True,True
2026-08-05,EUNN.DE,eficiente,0.5321,up,0.5604,up,0.5633,up,71.55999755859375,70.45999908447266,70.45999908447266,70.45999908447266,False,False,False,True
2026-08-05,EUNN.DE,foundation,0.638,up,0.6903,up,0.5589,up,71.55999755859375,70.45999908447266,70.45999908447266,70.45999908447266,False,False,False,True
2026-08-05,EUNN.DE,conformal,0.8316,up,0.9239,up,0.9192,up,71.55999755859375,70.45999908447266,70.45999908447266,70.45999908447266,False,False,False,True
2026-08-05,EUNN.DE,drift,0.4996,down,0.5078,up,0.5196,up,71.55999755859375,70.45999908447266,70.45999908447266,70.45999908447266,True,False,False,True
2026-08-06,ICGA.DE,classico_avancado,0.3587,down,0.4242,down,0.3702,down,4.988999843597412,4.988500118255615,4.988500118255615,4.988500118255615,True,True,True,True
2026-08-06,ICGA.DE,estado_oculto,0.7532,up,0.6774,up,0.6275,up,4.988999843597412,4.988500118255615,4.988500118255615,4.988500118255615,False,False,False,True
2026-08-06,ICGA.DE,series_temporais,0.5284,up,0.5035,up,0.5116,up,4.988999843597412,4.988500118255615,4.988500118255615,4.988500118255615,False,False,False,True
2026-08-06,ICGA.DE,neural_recorrente,0.5213,up,0.5095,up,0.5049,up,4.988999843597412,4.988500118255615,4.988500118255615,4.988500118255615,False,False,False,True
2026-08-06,ICGA.DE,neural_atencao,0.5213,up,0.5095,up,0.5049,up,4.988999843597412,4.988500118255615,4.988500118255615,4.988500118255615,False,False,False,True
2026-08-06,ICGA.DE,bayesiano,0.3228,down,0.4899,down,0.261,down,4.988999843597412,4.988500118255615,4.988500118255615,4.988500118255615,True,True,True,True
2026-08-06,ICGA.DE,generativo,0.5482,up,0.4949,down,0.4673,down,4.988999843597412,4.988500118255615,4.988500118255615,4.988500118255615,False,True,True,True
2026-08-06,ICGA.DE,reinforcement,0.7445,up,0.2076,down,0.2588,down,4.988999843597412,4.988500118255615,4.988500118255615,4.988500118255615,False,True,True,True
2026-08-06,ICGA.DE,contrarian,0.5116,up,0.4414,down,0.6128,up,4.988999843597412,4.988500118255615,4.988500118255615,4.988500118255615,False,True,False,True
2026-08-06,ICGA.DE,eficiente,0.5213,up,0.5095,up,0.5049,up,4.988999843597412,4.988500118255615,4.988500118255615,4.988500118255615,False,False,False,True
2026-08-06,ICGA.DE,foundation,0.3475,down,0.3563,down,0.3366,down,4.988999843597412,4.988500118255615,4.988500118255615,4.988500118255615,True,True,True,True
2026-08-06,ICGA.DE,conformal,0.6848,up,0.6353,up,0.5238,up,4.988999843597412,4.988500118255615,4.988500118255615,4.988500118255615,False,False,False,True
2026-08-06,ICGA.DE,drift,0.4974,down,0.5002,up,0.4991,down,4.988999843597412,4.988500118255615,4.988500118255615,4.988500118255615,True,False,True,True
2026-08-06,PPFB.DE,classico_avancado,0.5878,up,0.2244,down,0.3338,down,68.69499969482422,71.5250015258789,71.5250015258789,71.5250015258789,True,False,False,True
2026-08-06,PPFB.DE,estado_oculto,0.8024,up,0.1886,down,0.1368,down,68.69499969482422,71.5250015258789,71.5250015258789,71.5250015258789,True,False,False,True
2026-08-06,PPFB.DE,series_temporais,0.6337,up,0.6169,up,0.6288,up,68.69499969482422,71.5250015258789,71.5250015258789,71.5250015258789,True,True,True,True
2026-08-06,PPFB.DE,neural_recorrente,0.5867,up,0.5993,up,0.6144,up,68.69499969482422,71.5250015258789,71.5250015258789,71.5250015258789,True,True,True,True
2026-08-06,PPFB.DE,neural_atencao,0.5867,up,0.5993,up,0.6144,up,68.69499969482422,71.5250015258789,71.5250015258789,71.5250015258789,True,True,True,True
2026-08-06,PPFB.DE,bayesiano,0.5646,up,0.4003,down,0.3546,down,68.69499969482422,71.5250015258789,71.5250015258789,71.5250015258789,True,False,False,True
2026-08-06,PPFB.DE,generativo,0.6089,up,0.5463,up,0.4353,down,68.69499969482422,71.5250015258789,71.5250015258789,71.5250015258789,True,True,False,True
2026-08-06,PPFB.DE,reinforcement,0.2351,down,0.2583,down,0.2348,down,68.69499969482422,71.5250015258789,71.5250015258789,71.5250015258789,False,False,False,True
2026-08-06,PPFB.DE,contrarian,0.4722,down,0.5472,up,0.5739,up,68.69499969482422,71.5250015258789,71.5250015258789,71.5250015258789,False,True,True,True
2026-08-06,PPFB.DE,eficiente,0.5867,up,0.5993,up,0.6144,up,68.69499969482422,71.5250015258789,71.5250015258789,71.5250015258789,True,True,True,True
2026-08-06,PPFB.DE,foundation,0.6911,up,0.5495,up,0.5596,up,68.69499969482422,71.5250015258789,71.5250015258789,71.5250015258789,True,True,True,True
2026-08-06,PPFB.DE,conformal,0.7059,up,0.71,up,0.8586,up,68.69499969482422,71.5250015258789,71.5250015258789,71.5250015258789,True,True,True,True
2026-08-06,PPFB.DE,drift,0.5142,up,0.4918,down,0.4908,down,68.69499969482422,71.5250015258789,71.5250015258789,71.5250015258789,True,False,False,True
2026-08-06,SGLN.L,classico_avancado,0.5669,up,0.2577,down,0.1423,down,5883.0,6131.0,6131.0,6131.0,True,False,False,True
2026-08-06,SGLN.L,estado_oculto,0.8129,up,0.6759,up,0.1273,down,5883.0,6131.0,6131.0,6131.0,True,True,False,True
2026-08-06,SGLN.L,series_temporais,0.5884,up,0.6265,up,0.6569,up,5883.0,6131.0,6131.0,6131.0,True,True,True,True
2026-08-06,SGLN.L,neural_recorrente,0.5821,up,0.6079,up,0.6186,up,5883.0,6131.0,6131.0,6131.0,True,True,True,True
2026-08-06,SGLN.L,neural_atencao,0.5821,up,0.6079,up,0.6186,up,5883.0,6131.0,6131.0,6131.0,True,True,True,True
2026-08-06,SGLN.L,bayesiano,0.3663,down,0.3636,down,0.3416,down,5883.0,6131.0,6131.0,6131.0,False,False,False,True
2026-08-06,SGLN.L,generativo,0.4857,down,0.4524,down,0.4183,down,5883.0,6131.0,6131.0,6131.0,False,False,False,True
2026-08-06,SGLN.L,reinforcement,0.2414,down,0.1814,down,0.2468,down,5883.0,6131.0,6131.0,6131.0,False,False,False,True
2026-08-06,SGLN.L,contrarian,0.4867,down,0.5403,up,0.6147,up,5883.0,6131.0,6131.0,6131.0,False,True,True,True
2026-08-06,SGLN.L,eficiente,0.5821,up,0.6079,up,0.6186,up,5883.0,6131.0,6131.0,6131.0,True,True,True,True
2026-08-06,SGLN.L,foundation,0.5714,up,0.5553,up,0.429,down,5883.0,6131.0,6131.0,6131.0,True,True,False,True
2026-08-06,SGLN.L,conformal,0.9302,up,0.7634,up,0.8571,up,5883.0,6131.0,6131.0,6131.0,True,True,True,True
2026-08-06,SGLN.L,drift,0.499,down,0.4881,down,0.4768,down,5883.0,6131.0,6131.0,6131.0,False,False,False,True
2026-08-06,EXUS.MI,classico_avancado,0.426,down,0.6707,up,0.7223,up,40.290000915527344,40.47499847412109,40.47499847412109,40.47499847412109,False,True,True,True
2026-08-06,EXUS.MI,estado_oculto,0.7719,up,0.7155,up,0.9062,up,40.290000915527344,40.47499847412109,40.47499847412109,40.47499847412109,True,True,True,True
2026-08-06,EXUS.MI,series_temporais,0.5552,up,0.5927,up,0.5934,up,40.290000915527344,40.47499847412109,40.47499847412109,40.47499847412109,True,True,True,True
2026-08-06,EXUS.MI,neural_recorrente,0.5654,up,0.5986,up,0.6125,up,40.290000915527344,40.47499847412109,40.47499847412109,40.47499847412109,True,True,True,True
2026-08-06,EXUS.MI,neural_atencao,0.5654,up,0.5986,up,0.6125,up,40.290000915527344,40.47499847412109,40.47499847412109,40.47499847412109,True,True,True,True
2026-08-06,EXUS.MI,bayesiano,0.6632,up,0.7345,up,0.7107,up,40.290000915527344,40.47499847412109,40.47499847412109,40.47499847412109,True,True,True,True
2026-08-06,EXUS.MI,generativo,0.5609,up,0.5977,up,0.6454,up,40.290000915527344,40.47499847412109,40.47499847412109,40.47499847412109,True,True,True,True
2026-08-06,EXUS.MI,reinforcement,0.255,down,0.2539,down,0.2019,down,40.290000915527344,40.47499847412109,40.47499847412109,40.47499847412109,False,False,False,True
2026-08-06,EXUS.MI,contrarian,0.4817,down,0.5427,up,0.3834,down,40.290000915527344,40.47499847412109,40.47499847412109,40.47499847412109,False,True,False,True
2026-08-06,EXUS.MI,eficiente,0.5654,up,0.5986,up,0.6125,up,40.290000915527344,40.47499847412109,40.47499847412109,40.47499847412109,True,True,True,True
2026-08-06,EXUS.MI,foundation,0.5436,up,0.4824,down,0.575,up,40.290000915527344,40.47499847412109,40.47499847412109,40.47499847412109,True,False,True,True
2026-08-06,EXUS.MI,conformal,0.5125,up,0.8095,up,0.7531,up,40.290000915527344,40.47499847412109,40.47499847412109,40.47499847412109,True,True,True,True
2026-08-06,EXUS.MI,drift,0.5042,up,0.5178,up,0.5068,up,40.290000915527344,40.47499847412109,40.47499847412109,40.47499847412109,True,True,True,True
2026-08-06,LYP6.DE,classico_avancado,0.5403,up,0.489,down,0.6196,up,323.29998779296875,323.3500061035156,323.3500061035156,323.3500061035156,True,False,True,True
2026-08-06,LYP6.DE,estado_oculto,0.7704,up,0.7073,up,0.9096,up,323.29998779296875,323.3500061035156,323.3500061035156,323.3500061035156,True,True,True,True
2026-08-06,LYP6.DE,series_temporais,0.5673,up,0.5894,up,0.6051,up,323.29998779296875,323.3500061035156,323.3500061035156,323.3500061035156,True,True,True,True
2026-08-06,LYP6.DE,neural_recorrente,0.5618,up,0.5927,up,0.6156,up,323.29998779296875,323.3500061035156,323.3500061035156,323.3500061035156,True,True,True,True
2026-08-06,LYP6.DE,neural_atencao,0.5618,up,0.5927,up,0.6156,up,323.29998779296875,323.3500061035156,323.3500061035156,323.3500061035156,True,True,True,True
2026-08-06,LYP6.DE,bayesiano,0.5309,up,0.4629,down,0.7154,up,323.29998779296875,323.3500061035156,323.3500061035156,323.3500061035156,True,False,True,True
2026-08-06,LYP6.DE,generativo,0.5049,up,0.5077,up,0.6085,up,323.29998779296875,323.3500061035156,323.3500061035156,323.3500061035156,True,True,True,True
2026-08-06,LYP6.DE,reinforcement,0.2653,down,0.2085,down,0.2438,down,323.29998779296875,323.3500061035156,323.3500061035156,323.3500061035156,False,False,False,True
2026-08-06,LYP6.DE,contrarian,0.4732,down,0.5708,up,0.4069,down,323.29998779296875,323.3500061035156,323.3500061035156,323.3500061035156,False,True,False,True
2026-08-06,LYP6.DE,eficiente,0.5618,up,0.5927,up,0.6156,up,323.29998779296875,323.3500061035156,323.3500061035156,323.3500061035156,True,True,True,True
2026-08-06,LYP6.DE,foundation,0.4746,down,0.4118,down,0.5938,up,323.29998779296875,323.3500061035156,323.3500061035156,323.3500061035156,False,False,True,True
2026-08-06,LYP6.DE,conformal,0.8478,up,0.4253,down,0.1961,down,323.29998779296875,323.3500061035156,323.3500061035156,323.3500061035156,True,False,False,True
2026-08-06,LYP6.DE,drift,0.509,up,0.5002,up,0.5013,up,323.29998779296875,323.3500061035156,323.3500061035156,323.3500061035156,True,True,True,True
2026-08-06,IS3N.DE,classico_avancado,0.342,down,0.307,down,0.7027,up,46.76499938964844,46.79899978637695,46.79899978637695,46.79899978637695,False,False,True,True
2026-08-06,IS3N.DE,estado_oculto,0.7952,up,0.8614,up,0.4106,down,46.76499938964844,46.79899978637695,46.79899978637695,46.79899978637695,True,True,False,True
2026-08-06,IS3N.DE,series_temporais,0.5359,up,0.5596,up,0.5709,up,46.76499938964844,46.79899978637695,46.79899978637695,46.79899978637695,True,True,True,True
2026-08-06,IS3N.DE,neural_recorrente,0.553,up,0.5823,up,0.5836,up,46.76499938964844,46.79899978637695,46.79899978637695,46.79899978637695,True,True,True,True
2026-08-06,IS3N.DE,neural_atencao,0.553,up,0.5823,up,0.5836,up,46.76499938964844,46.79899978637695,46.79899978637695,46.79899978637695,True,True,True,True
2026-08-06,IS3N.DE,bayesiano,0.5019,up,0.4134,down,0.5742,up,46.76499938964844,46.79899978637695,46.79899978637695,46.79899978637695,True,False,True,True
2026-08-06,IS3N.DE,generativo,0.5263,up,0.598,up,0.7144,up,46.76499938964844,46.79899978637695,46.79899978637695,46.79899978637695,True,True,True,True
2026-08-06,IS3N.DE,reinforcement,0.2579,down,0.2485,down,0.266,down,46.76499938964844,46.79899978637695,46.79899978637695,46.79899978637695,False,False,False,True
2026-08-06,IS3N.DE,contrarian,0.5003,up,0.3846,down,0.2916,down,46.76499938964844,46.79899978637695,46.79899978637695,46.79899978637695,True,False,False,True
2026-08-06,IS3N.DE,eficiente,0.553,up,0.5823,up,0.5836,up,46.76499938964844,46.79899978637695,46.79899978637695,46.79899978637695,True,True,True,True
2026-08-06,IS3N.DE,foundation,0.5187,up,0.5882,up,0.6057,up,46.76499938964844,46.79899978637695,46.79899978637695,46.79899978637695,True,True,True,True
2026-08-06,IS3N.DE,conformal,0.7444,up,0.8947,up,0.9894,up,46.76499938964844,46.79899978637695,46.79899978637695,46.79899978637695,True,True,True,True
2026-08-06,IS3N.DE,drift,0.4935,down,0.5011,up,0.5246,up,46.76499938964844,46.79899978637695,46.79899978637695,46.79899978637695,False,True,True,True
2026-08-06,EUNN.DE,classico_avancado,0.4369,down,0.6789,up,0.9144,up,70.45999908447266,71.30000305175781,71.30000305175781,71.30000305175781,False,True,True,True
2026-08-06,EUNN.DE,estado_oculto,0.7651,up,0.687,up,0.8955,up,70.45999908447266,71.30000305175781,71.30000305175781,71.30000305175781,True,True,True,True
2026-08-06,EUNN.DE,series_temporais,0.5413,up,0.5299,up,0.537,up,70.45999908447266,71.30000305175781,71.30000305175781,71.30000305175781,True,True,True,True
2026-08-06,EUNN.DE,neural_recorrente,0.5321,up,0.5604,up,0.5633,up,70.45999908447266,71.30000305175781,71.30000305175781,71.30000305175781,True,True,True,True
2026-08-06,EUNN.DE,neural_atencao,0.5321,up,0.5604,up,0.5633,up,70.45999908447266,71.30000305175781,71.30000305175781,71.30000305175781,True,True,True,True
2026-08-06,EUNN.DE,bayesiano,0.5095,up,0.7259,up,0.7272,up,70.45999908447266,71.30000305175781,71.30000305175781,71.30000305175781,True,True,True,True
2026-08-06,EUNN.DE,generativo,0.5811,up,0.6722,up,0.6979,up,70.45999908447266,71.30000305175781,71.30000305175781,71.30000305175781,True,True,True,True
2026-08-06,EUNN.DE,reinforcement,0.2991,down,0.7652,up,0.2238,down,70.45999908447266,71.30000305175781,71.30000305175781,71.30000305175781,False,True,False,True
2026-08-06,EUNN.DE,contrarian,0.4891,down,0.3649,down,0.2436,down,70.45999908447266,71.30000305175781,71.30000305175781,71.30000305175781,False,False,False,True
2026-08-06,EUNN.DE,eficiente,0.5321,up,0.5604,up,0.5633,up,70.45999908447266,71.30000305175781,71.30000305175781,71.30000305175781,True,True,True,True
2026-08-06,EUNN.DE,foundation,0.5547,up,0.5736,up,0.4922,down,70.45999908447266,71.30000305175781,71.30000305175781,71.30000305175781,True,True,False,True
2026-08-06,EUNN.DE,conformal,0.8316,up,0.9239,up,0.9192,up,70.45999908447266,71.30000305175781,71.30000305175781,71.30000305175781,True,True,True,True
2026-08-06,EUNN.DE,drift,0.4996,down,0.5078,up,0.5196,up,70.45999908447266,71.30000305175781,71.30000305175781,71.30000305175781,False,True,True,True
2026-08-07,ICGA.DE,classico_avancado,0.3587,down,0.4241,down,0.367,down,4.988500118255615,5.020999908447266,5.020999908447266,5.020999908447266,False,False,False,True
2026-08-07,ICGA.DE,estado_oculto,0.7532,up,0.6774,up,0.6275,up,4.988500118255615,5.020999908447266,5.020999908447266,5.020999908447266,True,True,True,True
2026-08-07,ICGA.DE,series_temporais,0.5284,up,0.5035,up,0.5116,up,4.988500118255615,5.020999908447266,5.020999908447266,5.020999908447266,True,True,True,True
2026-08-07,ICGA.DE,neural_recorrente,0.5213,up,0.5095,up,0.5049,up,4.988500118255615,5.020999908447266,5.020999908447266,5.020999908447266,True,True,True,True
2026-08-07,ICGA.DE,neural_atencao,0.5213,up,0.5095,up,0.5049,up,4.988500118255615,5.020999908447266,5.020999908447266,5.020999908447266,True,True,True,True
2026-08-07,ICGA.DE,bayesiano,0.3188,down,0.5154,up,0.2604,down,4.988500118255615,5.020999908447266,5.020999908447266,5.020999908447266,False,True,False,True
2026-08-07,ICGA.DE,generativo,0.5478,up,0.4944,down,0.467,down,4.988500118255615,5.020999908447266,5.020999908447266,5.020999908447266,True,False,False,True
2026-08-07,ICGA.DE,reinforcement,0.7447,up,0.2074,down,0.2586,down,4.988500118255615,5.020999908447266,5.020999908447266,5.020999908447266,True,False,False,True
2026-08-07,ICGA.DE,contrarian,0.5142,up,0.4414,down,0.6128,up,4.988500118255615,5.020999908447266,5.020999908447266,5.020999908447266,True,False,True,True
2026-08-07,ICGA.DE,eficiente,0.5213,up,0.5095,up,0.5049,up,4.988500118255615,5.020999908447266,5.020999908447266,5.020999908447266,True,True,True,True
2026-08-07,ICGA.DE,foundation,0.3475,down,0.4063,down,0.3366,down,4.988500118255615,5.020999908447266,5.020999908447266,5.020999908447266,False,False,False,True
2026-08-07,ICGA.DE,conformal,0.6848,up,0.6353,up,0.5238,up,4.988500118255615,5.020999908447266,5.020999908447266,5.020999908447266,True,True,True,True
2026-08-07,ICGA.DE,drift,0.4966,down,0.5002,up,0.4991,down,4.988500118255615,5.020999908447266,5.020999908447266,5.020999908447266,False,True,False,True
2026-08-07,PPFB.DE,classico_avancado,0.4116,down,0.3091,down,0.3875,down,71.5250015258789,73.02999877929688,73.02999877929688,73.02999877929688,False,False,False,True
2026-08-07,PPFB.DE,estado_oculto,0.7857,up,0.1886,down,0.1368,down,71.5250015258789,73.02999877929688,73.02999877929688,73.02999877929688,True,False,False,True
2026-08-07,PPFB.DE,series_temporais,0.6337,up,0.6169,up,0.6288,up,71.5250015258789,73.02999877929688,73.02999877929688,73.02999877929688,True,True,True,True
2026-08-07,PPFB.DE,neural_recorrente,0.5867,up,0.5993,up,0.6144,up,71.5250015258789,73.02999877929688,73.02999877929688,73.02999877929688,True,True,True,True
2026-08-07,PPFB.DE,neural_atencao,0.5867,up,0.5993,up,0.6144,up,71.5250015258789,73.02999877929688,73.02999877929688,73.02999877929688,True,True,True,True
2026-08-07,PPFB.DE,bayesiano,0.4871,down,0.4455,down,0.403,down,71.5250015258789,73.02999877929688,73.02999877929688,73.02999877929688,False,False,False,True
2026-08-07,PPFB.DE,generativo,0.5725,up,0.5091,up,0.448,down,71.5250015258789,73.02999877929688,73.02999877929688,73.02999877929688,True,True,False,True
2026-08-07,PPFB.DE,reinforcement,0.2346,down,0.2509,down,0.2396,down,71.5250015258789,73.02999877929688,73.02999877929688,73.02999877929688,False,False,False,True
2026-08-07,PPFB.DE,contrarian,0.4911,down,0.5454,up,0.5214,up,71.5250015258789,73.02999877929688,73.02999877929688,73.02999877929688,False,True,True,True
2026-08-07,PPFB.DE,eficiente,0.5867,up,0.5993,up,0.6144,up,71.5250015258789,73.02999877929688,73.02999877929688,73.02999877929688,True,True,True,True
2026-08-07,PPFB.DE,foundation,0.5744,up,0.6162,up,0.4929,down,71.5250015258789,73.02999877929688,73.02999877929688,73.02999877929688,True,True,False,True
2026-08-07,PPFB.DE,conformal,0.9195,up,0.75,up,0.8416,up,71.5250015258789,73.02999877929688,73.02999877929688,73.02999877929688,True,True,True,True
2026-08-07,PPFB.DE,drift,0.5072,up,0.4941,down,0.5028,up,71.5250015258789,73.02999877929688,73.02999877929688,73.02999877929688,True,False,True,True
2026-08-07,SGLN.L,classico_avancado,0.61,up,0.3048,down,0.2326,down,6131.0,6255.0,6255.0,6255.0,True,False,False,True
2026-08-07,SGLN.L,estado_oculto,0.8129,up,0.8846,up,0.1273,down,6131.0,6255.0,6255.0,6255.0,True,True,False,True
2026-08-07,SGLN.L,series_temporais,0.5884,up,0.6265,up,0.6569,up,6131.0,6255.0,6255.0,6255.0,True,True,True,True
2026-08-07,SGLN.L,neural_recorrente,0.5821,up,0.6079,up,0.6186,up,6131.0,6255.0,6255.0,6255.0,True,True,True,True
2026-08-07,SGLN.L,neural_atencao,0.5821,up,0.6079,up,0.6186,up,6131.0,6255.0,6255.0,6255.0,True,True,True,True
2026-08-07,SGLN.L,bayesiano,0.3709,down,0.3521,down,0.3735,down,6131.0,6255.0,6255.0,6255.0,False,False,False,True
2026-08-07,SGLN.L,generativo,0.4925,down,0.5014,up,0.4299,down,6131.0,6255.0,6255.0,6255.0,False,True,False,True
2026-08-07,SGLN.L,reinforcement,0.2412,down,0.1935,down,0.2384,down,6131.0,6255.0,6255.0,6255.0,False,False,False,True
2026-08-07,SGLN.L,contrarian,0.5123,up,0.525,up,0.578,up,6131.0,6255.0,6255.0,6255.0,True,True,True,True
2026-08-07,SGLN.L,eficiente,0.5821,up,0.6079,up,0.6186,up,6131.0,6255.0,6255.0,6255.0,True,True,True,True
2026-08-07,SGLN.L,foundation,0.4547,down,0.5553,up,0.4457,down,6131.0,6255.0,6255.0,6255.0,False,True,False,True
2026-08-07,SGLN.L,conformal,0.9762,up,0.7957,up,0.74,up,6131.0,6255.0,6255.0,6255.0,True,True,True,True
2026-08-07,SGLN.L,drift,0.4927,down,0.497,down,0.4843,down,6131.0,6255.0,6255.0,6255.0,False,False,False,True
2026-08-07,EXUS.MI,classico_avancado,0.4809,down,0.4786,down,0.7479,up,40.47499847412109,40.720001220703125,40.720001220703125,40.720001220703125,False,False,True,True
2026-08-07,EXUS.MI,estado_oculto,0.7719,up,0.8576,up,0.6518,up,40.47499847412109,40.720001220703125,40.720001220703125,40.720001220703125,True,True,True,True
2026-08-07,EXUS.MI,series_temporais,0.5552,up,0.5927,up,0.5934,up,40.47499847412109,40.720001220703125,40.720001220703125,40.720001220703125,True,True,True,True
2026-08-07,EXUS.MI,neural_recorrente,0.5654,up,0.5986,up,0.6125,up,40.47499847412109,40.720001220703125,40.720001220703125,40.720001220703125,True,True,True,True
2026-08-07,EXUS.MI,neural_atencao,0.5654,up,0.5986,up,0.6125,up,40.47499847412109,40.720001220703125,40.720001220703125,40.720001220703125,True,True,True,True
2026-08-07,EXUS.MI,bayesiano,0.5868,up,0.4979,down,0.735,up,40.47499847412109,40.720001220703125,40.720001220703125,40.720001220703125,True,False,True,True
2026-08-07,EXUS.MI,generativo,0.5997,up,0.5322,up,0.5692,up,40.47499847412109,40.720001220703125,40.720001220703125,40.720001220703125,True,True,True,True
2026-08-07,EXUS.MI,reinforcement,0.256,down,0.2545,down,0.2015,down,40.47499847412109,40.720001220703125,40.720001220703125,40.720001220703125,False,False,False,True
2026-08-07,EXUS.MI,contrarian,0.5041,up,0.5785,up,0.3715,down,40.47499847412109,40.720001220703125,40.720001220703125,40.720001220703125,True,True,False,True
2026-08-07,EXUS.MI,eficiente,0.5654,up,0.5986,up,0.6125,up,40.47499847412109,40.720001220703125,40.720001220703125,40.720001220703125,True,True,True,True
2026-08-07,EXUS.MI,foundation,0.5602,up,0.5991,up,0.625,up,40.47499847412109,40.720001220703125,40.720001220703125,40.720001220703125,True,True,True,True
2026-08-07,EXUS.MI,conformal,0.4524,down,0.6761,up,0.8889,up,40.47499847412109,40.720001220703125,40.720001220703125,40.720001220703125,False,True,True,True
2026-08-07,EXUS.MI,drift,0.5012,up,0.5045,up,0.5066,up,40.47499847412109,40.720001220703125,40.720001220703125,40.720001220703125,True,True,True,True
2026-08-07,LYP6.DE,classico_avancado,0.5403,up,0.5619,up,0.6234,up,323.3500061035156,325.25,325.25,325.25,True,True,True,True
2026-08-07,LYP6.DE,estado_oculto,0.7704,up,0.8596,up,0.6483,up,323.3500061035156,325.25,325.25,325.25,True,True,True,True
2026-08-07,LYP6.DE,series_temporais,0.5673,up,0.5894,up,0.6051,up,323.3500061035156,325.25,325.25,325.25,True,True,True,True
2026-08-07,LYP6.DE,neural_recorrente,0.5618,up,0.5927,up,0.6156,up,323.3500061035156,325.25,325.25,325.25,True,True,True,True
2026-08-07,LYP6.DE,neural_atencao,0.5618,up,0.5927,up,0.6156,up,323.3500061035156,325.25,325.25,325.25,True,True,True,True
2026-08-07,LYP6.DE,bayesiano,0.5335,up,0.5856,up,0.6423,up,323.3500061035156,325.25,325.25,325.25,True,True,True,True
2026-08-07,LYP6.DE,generativo,0.5048,up,0.5458,up,0.6183,up,323.3500061035156,325.25,325.25,325.25,True,True,True,True
2026-08-07,LYP6.DE,reinforcement,0.2653,down,0.2059,down,0.2632,down,323.3500061035156,325.25,325.25,325.25,False,False,False,True
2026-08-07,LYP6.DE,contrarian,0.4732,down,0.5766,up,0.4143,down,323.3500061035156,325.25,325.25,325.25,False,True,False,True
2026-08-07,LYP6.DE,eficiente,0.5618,up,0.5927,up,0.6156,up,323.3500061035156,325.25,325.25,325.25,True,True,True,True
2026-08-07,LYP6.DE,foundation,0.4746,down,0.4951,down,0.5604,up,323.3500061035156,325.25,325.25,325.25,False,False,True,True
2026-08-07,LYP6.DE,conformal,0.8478,up,0.5402,up,0.0957,down,323.3500061035156,325.25,325.25,325.25,True,True,False,True
2026-08-07,LYP6.DE,drift,0.509,up,0.5012,up,0.5007,up,323.3500061035156,325.25,325.25,325.25,True,True,True,True
2026-08-07,IS3N.DE,classico_avancado,0.342,down,0.241,down,0.5231,up,46.79899978637695,46.55400085449219,46.55400085449219,46.55400085449219,True,True,False,True
2026-08-07,IS3N.DE,estado_oculto,0.7952,up,0.8614,up,0.9101,up,46.79899978637695,46.55400085449219,46.55400085449219,46.55400085449219,False,False,False,True
2026-08-07,IS3N.DE,series_temporais,0.5359,up,0.5596,up,0.5709,up,46.79899978637695,46.55400085449219,46.55400085449219,46.55400085449219,False,False,False,True
2026-08-07,IS3N.DE,neural_recorrente,0.553,up,0.5823,up,0.5836,up,46.79899978637695,46.55400085449219,46.55400085449219,46.55400085449219,False,False,False,True
2026-08-07,IS3N.DE,neural_atencao,0.553,up,0.5823,up,0.5836,up,46.79899978637695,46.55400085449219,46.55400085449219,46.55400085449219,False,False,False,True
2026-08-07,IS3N.DE,bayesiano,0.5049,up,0.5233,up,0.6512,up,46.79899978637695,46.55400085449219,46.55400085449219,46.55400085449219,False,False,False,True
2026-08-07,IS3N.DE,generativo,0.5263,up,0.5528,up,0.6737,up,46.79899978637695,46.55400085449219,46.55400085449219,46.55400085449219,False,False,False,True
2026-08-07,IS3N.DE,reinforcement,0.2579,down,0.2531,down,0.2693,down,46.79899978637695,46.55400085449219,46.55400085449219,46.55400085449219,True,True,True,True
2026-08-07,IS3N.DE,contrarian,0.5003,up,0.4034,down,0.3294,down,46.79899978637695,46.55400085449219,46.55400085449219,46.55400085449219,False,True,True,True
2026-08-07,IS3N.DE,eficiente,0.553,up,0.5823,up,0.5836,up,46.79899978637695,46.55400085449219,46.55400085449219,46.55400085449219,False,False,False,True
2026-08-07,IS3N.DE,foundation,0.4687,down,0.5882,up,0.5557,up,46.79899978637695,46.55400085449219,46.55400085449219,46.55400085449219,True,False,False,True
2026-08-07,IS3N.DE,conformal,0.7444,up,0.7957,up,0.9158,up,46.79899978637695,46.55400085449219,46.55400085449219,46.55400085449219,False,False,False,True
2026-08-07,IS3N.DE,drift,0.4935,down,0.5022,up,0.5129,up,46.79899978637695,46.55400085449219,46.55400085449219,46.55400085449219,True,False,False,True
2026-08-07,EUNN.DE,classico_avancado,0.3993,down,0.6567,up,0.9239,up,71.30000305175781,71.9000015258789,71.9000015258789,71.9000015258789,False,True,True,True
2026-08-07,EUNN.DE,estado_oculto,0.7651,up,0.8554,up,0.6377,up,71.30000305175781,71.9000015258789,71.9000015258789,71.9000015258789,True,True,True,True
2026-08-07,EUNN.DE,series_temporais,0.5413,up,0.5299,up,0.537,up,71.30000305175781,71.9000015258789,71.9000015258789,71.9000015258789,True,True,True,True
2026-08-07,EUNN.DE,neural_recorrente,0.5321,up,0.5604,up,0.5633,up,71.30000305175781,71.9000015258789,71.9000015258789,71.9000015258789,True,True,True,True
2026-08-07,EUNN.DE,neural_atencao,0.5321,up,0.5604,up,0.5633,up,71.30000305175781,71.9000015258789,71.9000015258789,71.9000015258789,True,True,True,True
2026-08-07,EUNN.DE,bayesiano,0.4223,down,0.6919,up,0.724,up,71.30000305175781,71.9000015258789,71.9000015258789,71.9000015258789,False,True,True,True
2026-08-07,EUNN.DE,generativo,0.5706,up,0.6409,up,0.6042,up,71.30000305175781,71.9000015258789,71.9000015258789,71.9000015258789,True,True,True,True
2026-08-07,EUNN.DE,reinforcement,0.4701,down,0.276,down,0.2294,down,71.30000305175781,71.9000015258789,71.9000015258789,71.9000015258789,False,False,False,True
2026-08-07,EUNN.DE,contrarian,0.4955,down,0.3704,down,0.2499,down,71.30000305175781,71.9000015258789,71.9000015258789,71.9000015258789,False,False,False,True
2026-08-07,EUNN.DE,eficiente,0.5321,up,0.5604,up,0.5633,up,71.30000305175781,71.9000015258789,71.9000015258789,71.9000015258789,True,True,True,True
2026-08-07,EUNN.DE,foundation,0.6214,up,0.6403,up,0.7089,up,71.30000305175781,71.9000015258789,71.9000015258789,71.9000015258789,True,True,True,True
2026-08-07,EUNN.DE,conformal,0.7419,up,0.8977,up,0.9184,up,71.30000305175781,71.9000015258789,71.9000015258789,71.9000015258789,True,True,True,True
2026-08-07,EUNN.DE,drift,0.5002,up,0.5056,up,0.5189,up,71.30000305175781,71.9000015258789,71.9000015258789,71.9000015258789,True,True,True,True
2026-08-11,ICGA.DE,classico_avancado,0.6314,up,0.3502,down,0.3581,down,5.020999908447266,5.048999786376953,5.048999786376953,5.048999786376953,True,False,False,True
2026-08-11,ICGA.DE,estado_oculto,0.7705,up,0.6774,up,0.6275,up,5.020999908447266,5.048999786376953,5.048999786376953,5.048999786376953,True,True,True,True
2026-08-11,ICGA.DE,series_temporais,0.5284,up,0.5035,up,0.5116,up,5.020999908447266,5.048999786376953,5.048999786376953,5.048999786376953,True,True,True,True
2026-08-11,ICGA.DE,neural_recorrente,0.5213,up,0.5095,up,0.5049,up,5.020999908447266,5.048999786376953,5.048999786376953,5.048999786376953,True,True,True,True
2026-08-11,ICGA.DE,neural_atencao,0.5213,up,0.5095,up,0.5049,up,5.020999908447266,5.048999786376953,5.048999786376953,5.048999786376953,True,True,True,True
2026-08-11,ICGA.DE,bayesiano,0.4587,down,0.4548,down,0.2706,down,5.020999908447266,5.048999786376953,5.048999786376953,5.048999786376953,False,False,False,True
2026-08-11,ICGA.DE,generativo,0.533,up,0.4955,down,0.4663,down,5.020999908447266,5.048999786376953,5.048999786376953,5.048999786376953,True,False,False,True
2026-08-11,ICGA.DE,reinforcement,0.7476,up,0.389,down,0.2582,down,5.020999908447266,5.048999786376953,5.048999786376953,5.048999786376953,True,False,False,True
2026-08-11,ICGA.DE,contrarian,0.4972,down,0.4527,down,0.6153,up,5.020999908447266,5.048999786376953,5.048999786376953,5.048999786376953,False,False,True,True
2026-08-11,ICGA.DE,eficiente,0.5213,up,0.5095,up,0.5049,up,5.020999908447266,5.048999786376953,5.048999786376953,5.048999786376953,True,True,True,True
2026-08-11,ICGA.DE,foundation,0.3475,down,0.4897,down,0.3366,down,5.020999908447266,5.048999786376953,5.048999786376953,5.048999786376953,False,False,False,True
2026-08-11,ICGA.DE,conformal,0.6154,up,0.6744,up,0.5238,up,5.020999908447266,5.048999786376953,5.048999786376953,5.048999786376953,True,True,True,True
2026-08-11,ICGA.DE,drift,0.5012,up,0.4998,down,0.4991,down,5.020999908447266,5.048999786376953,5.048999786376953,5.048999786376953,True,False,False,True
2026-08-11,PPFB.DE,classico_avancado,0.3635,down,0.1702,down,0.3937,down,73.02999877929688,73.0999984741211,73.0999984741211,73.0999984741211,False,False,False,True
2026-08-11,PPFB.DE,estado_oculto,0.7857,up,0.3721,down,0.4122,down,73.02999877929688,73.0999984741211,73.0999984741211,73.0999984741211,True,False,False,True
2026-08-11,PPFB.DE,series_temporais,0.6337,up,0.6169,up,0.6288,up,73.02999877929688,73.0999984741211,73.0999984741211,73.0999984741211,True,True,True,True
2026-08-11,PPFB.DE,neural_recorrente,0.5867,up,0.5993,up,0.6144,up,73.02999877929688,73.0999984741211,73.0999984741211,73.0999984741211,True,True,True,True
2026-08-11,PPFB.DE,neural_atencao,0.5867,up,0.5993,up,0.6144,up,73.02999877929688,73.0999984741211,73.0999984741211,73.0999984741211,True,True,True,True
2026-08-11,PPFB.DE,bayesiano,0.4157,down,0.3471,down,0.3693,down,73.02999877929688,73.0999984741211,73.0999984741211,73.0999984741211,False,False,False,True
2026-08-11,PPFB.DE,generativo,0.5346,up,0.5576,up,0.4435,down,73.02999877929688,73.0999984741211,73.0999984741211,73.0999984741211,True,True,False,True
2026-08-11,PPFB.DE,reinforcement,0.2144,down,0.2694,down,0.2324,down,73.02999877929688,73.0999984741211,73.0999984741211,73.0999984741211,False,False,False,True
2026-08-11,PPFB.DE,contrarian,0.5314,up,0.5943,up,0.5489,up,73.02999877929688,73.0999984741211,73.0999984741211,73.0999984741211,True,True,True,True
2026-08-11,PPFB.DE,eficiente,0.5867,up,0.5993,up,0.6144,up,73.02999877929688,73.0999984741211,73.0999984741211,73.0999984741211,True,True,True,True
2026-08-11,PPFB.DE,foundation,0.3911,down,0.3995,down,0.5763,up,73.02999877929688,73.0999984741211,73.0999984741211,73.0999984741211,False,False,True,True
2026-08-11,PPFB.DE,conformal,0.5281,up,0.5957,up,0.8416,up,73.02999877929688,73.0999984741211,73.0999984741211,73.0999984741211,True,True,True,True
2026-08-11,PPFB.DE,drift,0.4879,down,0.4784,down,0.4976,down,73.02999877929688,73.0999984741211,73.0999984741211,73.0999984741211,False,False,False,True
2026-08-11,SGLN.L,classico_avancado,0.2168,down,0.1921,down,0.2193,down,6255.0,6239.0,6239.0,6239.0,True,True,True,True
2026-08-11,SGLN.L,estado_oculto,0.7589,up,0.8846,up,0.4194,down,6255.0,6239.0,6239.0,6239.0,False,False,True,True
2026-08-11,SGLN.L,series_temporais,0.5884,up,0.6265,up,0.6569,up,6255.0,6239.0,6239.0,6239.0,False,False,False,True
2026-08-11,SGLN.L,neural_recorrente,0.5821,up,0.6079,up,0.6186,up,6255.0,6239.0,6239.0,6239.0,False,False,False,True
2026-08-11,SGLN.L,neural_atencao,0.5821,up,0.6079,up,0.6186,up,6255.0,6239.0,6239.0,6239.0,False,False,False,True
2026-08-11,SGLN.L,bayesiano,0.3063,down,0.3279,down,0.3633,down,6255.0,6239.0,6239.0,6239.0,True,True,True,True
2026-08-11,SGLN.L,generativo,0.5119,up,0.5033,up,0.4014,down,6255.0,6239.0,6239.0,6239.0,False,False,True,True
2026-08-11,SGLN.L,reinforcement,0.2322,down,0.1844,down,0.2465,down,6255.0,6239.0,6239.0,6239.0,True,True,True,True
2026-08-11,SGLN.L,contrarian,0.53,up,0.551,up,0.5839,up,6255.0,6239.0,6239.0,6239.0,False,False,False,True
2026-08-11,SGLN.L,eficiente,0.5821,up,0.6079,up,0.6186,up,6255.0,6239.0,6239.0,6239.0,False,False,False,True
2026-08-11,SGLN.L,foundation,0.3881,down,0.4053,down,0.4957,down,6255.0,6239.0,6239.0,6239.0,True,True,True,True
2026-08-11,SGLN.L,conformal,0.5333,up,0.6598,up,0.8876,up,6255.0,6239.0,6239.0,6239.0,False,False,False,True
2026-08-11,SGLN.L,drift,0.4869,down,0.4873,down,0.4844,down,6255.0,6239.0,6239.0,6239.0,True,True,True,True
2026-08-11,EXUS.MI,classico_avancado,0.5512,up,0.7016,up,0.3378,down,40.720001220703125,40.73500061035156,40.73500061035156,40.73500061035156,True,True,False,True
2026-08-11,EXUS.MI,estado_oculto,0.7719,up,0.8576,up,0.9062,up,40.720001220703125,40.73500061035156,40.73500061035156,40.73500061035156,True,True,True,True
2026-08-11,EXUS.MI,series_temporais,0.5552,up,0.5927,up,0.5934,up,40.720001220703125,40.73500061035156,40.73500061035156,40.73500061035156,True,True,True,True
2026-08-11,EXUS.MI,neural_recorrente,0.5654,up,0.5986,up,0.6125,up,40.720001220703125,40.73500061035156,40.73500061035156,40.73500061035156,True,True,True,True
2026-08-11,EXUS.MI,neural_atencao,0.5654,up,0.5986,up,0.6125,up,40.720001220703125,40.73500061035156,40.73500061035156,40.73500061035156,True,True,True,True
2026-08-11,EXUS.MI,bayesiano,0.6156,up,0.6743,up,0.5292,up,40.720001220703125,40.73500061035156,40.73500061035156,40.73500061035156,True,True,True,True
2026-08-11,EXUS.MI,generativo,0.6235,up,0.5816,up,0.641,up,40.720001220703125,40.73500061035156,40.73500061035156,40.73500061035156,True,True,True,True
2026-08-11,EXUS.MI,reinforcement,0.2561,down,0.257,down,0.1993,down,40.720001220703125,40.73500061035156,40.73500061035156,40.73500061035156,False,False,False,True
2026-08-11,EXUS.MI,contrarian,0.4871,down,0.5991,up,0.4237,down,40.720001220703125,40.73500061035156,40.73500061035156,40.73500061035156,False,True,False,True
2026-08-11,EXUS.MI,eficiente,0.5654,up,0.5986,up,0.6125,up,40.720001220703125,40.73500061035156,40.73500061035156,40.73500061035156,True,True,True,True
2026-08-11,EXUS.MI,foundation,0.5602,up,0.4657,down,0.575,up,40.720001220703125,40.73500061035156,40.73500061035156,40.73500061035156,True,False,True,True
2026-08-11,EXUS.MI,conformal,0.4815,down,0.7123,up,0.4342,down,40.720001220703125,40.73500061035156,40.73500061035156,40.73500061035156,False,True,False,True
2026-08-11,EXUS.MI,drift,0.5046,up,0.5104,up,0.502,up,40.720001220703125,40.73500061035156,40.73500061035156,40.73500061035156,True,True,True,True
2026-08-11,LYP6.DE,classico_avancado,0.6539,up,0.743,up,0.5604,up,325.25,325.20001220703125,325.20001220703125,325.20001220703125,False,False,False,True
2026-08-11,LYP6.DE,estado_oculto,0.7704,up,0.8596,up,0.9096,up,325.25,325.20001220703125,325.20001220703125,325.20001220703125,False,False,False,True
2026-08-11,LYP6.DE,series_temporais,0.5673,up,0.5894,up,0.6051,up,325.25,325.20001220703125,325.20001220703125,325.20001220703125,False,False,False,True
2026-08-11,LYP6.DE,neural_recorrente,0.5618,up,0.5927,up,0.6156,up,325.25,325.20001220703125,325.20001220703125,325.20001220703125,False,False,False,True
2026-08-11,LYP6.DE,neural_atencao,0.5618,up,0.5927,up,0.6156,up,325.25,325.20001220703125,325.20001220703125,325.20001220703125,False,False,False,True
2026-08-11,LYP6.DE,bayesiano,0.4877,down,0.6016,up,0.4778,down,325.25,325.20001220703125,325.20001220703125,325.20001220703125,True,False,True,True
2026-08-11,LYP6.DE,generativo,0.581,up,0.5381,up,0.6174,up,325.25,325.20001220703125,325.20001220703125,325.20001220703125,False,False,False,True
2026-08-11,LYP6.DE,reinforcement,0.2411,down,0.2184,down,0.2601,down,325.25,325.20001220703125,325.20001220703125,325.20001220703125,True,True,True,True
2026-08-11,LYP6.DE,contrarian,0.4612,down,0.5543,up,0.4104,down,325.25,325.20001220703125,325.20001220703125,325.20001220703125,True,False,True,True
2026-08-11,LYP6.DE,eficiente,0.5618,up,0.5927,up,0.6156,up,325.25,325.20001220703125,325.20001220703125,325.20001220703125,False,False,False,True
2026-08-11,LYP6.DE,foundation,0.4579,down,0.4618,down,0.5438,up,325.25,325.20001220703125,325.20001220703125,325.20001220703125,True,True,False,True
2026-08-11,LYP6.DE,conformal,0.9659,up,0.7692,up,0.2212,down,325.25,325.20001220703125,325.20001220703125,325.20001220703125,False,False,True,True
2026-08-11,LYP6.DE,drift,0.5072,up,0.5012,up,0.5018,up,325.25,325.20001220703125,325.20001220703125,325.20001220703125,False,False,False,True
2026-08-11,IS3N.DE,classico_avancado,0.342,down,0.241,down,0.3684,down,46.55400085449219,46.428001403808594,46.428001403808594,46.428001403808594,True,True,True,True
2026-08-11,IS3N.DE,estado_oculto,0.7952,up,0.8614,up,0.9101,up,46.55400085449219,46.428001403808594,46.428001403808594,46.428001403808594,False,False,False,True
2026-08-11,IS3N.DE,series_temporais,0.5359,up,0.5596,up,0.5709,up,46.55400085449219,46.428001403808594,46.428001403808594,46.428001403808594,False,False,False,True
2026-08-11,IS3N.DE,neural_recorrente,0.553,up,0.5823,up,0.5836,up,46.55400085449219,46.428001403808594,46.428001403808594,46.428001403808594,False,False,False,True
2026-08-11,IS3N.DE,neural_atencao,0.553,up,0.5823,up,0.5836,up,46.55400085449219,46.428001403808594,46.428001403808594,46.428001403808594,False,False,False,True
2026-08-11,IS3N.DE,bayesiano,0.487,down,0.5233,up,0.5742,up,46.55400085449219,46.428001403808594,46.428001403808594,46.428001403808594,True,False,False,True
2026-08-11,IS3N.DE,generativo,0.5263,up,0.5528,up,0.6533,up,46.55400085449219,46.428001403808594,46.428001403808594,46.428001403808594,False,False,False,True
2026-08-11,IS3N.DE,reinforcement,0.2579,down,0.2531,down,0.252,down,46.55400085449219,46.428001403808594,46.428001403808594,46.428001403808594,True,True,True,True
2026-08-11,IS3N.DE,contrarian,0.5003,up,0.4034,down,0.3322,down,46.55400085449219,46.428001403808594,46.428001403808594,46.428001403808594,False,True,True,True
2026-08-11,IS3N.DE,eficiente,0.553,up,0.5823,up,0.5836,up,46.55400085449219,46.428001403808594,46.428001403808594,46.428001403808594,False,False,False,True
2026-08-11,IS3N.DE,foundation,0.4687,down,0.6382,up,0.6391,up,46.55400085449219,46.428001403808594,46.428001403808594,46.428001403808594,True,False,False,True
2026-08-11,IS3N.DE,conformal,0.7444,up,0.7957,up,0.9579,up,46.55400085449219,46.428001403808594,46.428001403808594,46.428001403808594,False,False,False,True
2026-08-11,IS3N.DE,drift,0.4935,down,0.5022,up,0.5117,up,46.55400085449219,46.428001403808594,46.428001403808594,46.428001403808594,True,False,False,True
2026-08-11,EUNN.DE,classico_avancado,0.4458,down,0.5145,up,0.9104,up,71.9000015258789,71.75,71.75,71.75,True,False,False,True
2026-08-11,EUNN.DE,estado_oculto,0.7651,up,0.8554,up,0.8955,up,71.9000015258789,71.75,71.75,71.75,False,False,False,True
2026-08-11,EUNN.DE,series_temporais,0.5413,up,0.5299,up,0.537,up,71.9000015258789,71.75,71.75,71.75,False,False,False,True
2026-08-11,EUNN.DE,neural_recorrente,0.5321,up,0.5604,up,0.5633,up,71.9000015258789,71.75,71.75,71.75,False,False,False,True
2026-08-11,EUNN.DE,neural_atencao,0.5321,up,0.5604,up,0.5633,up,71.9000015258789,71.75,71.75,71.75,False,False,False,True
2026-08-11,EUNN.DE,bayesiano,0.6255,up,0.6686,up,0.743,up,71.9000015258789,71.75,71.75,71.75,False,False,False,True
2026-08-11,EUNN.DE,generativo,0.5677,up,0.6372,up,0.6308,up,71.9000015258789,71.75,71.75,71.75,False,False,False,True
2026-08-11,EUNN.DE,reinforcement,0.7621,up,0.278,down,0.2179,down,71.9000015258789,71.75,71.75,71.75,False,True,True,True
2026-08-11,EUNN.DE,contrarian,0.5098,up,0.3915,down,0.2796,down,71.9000015258789,71.75,71.75,71.75,False,True,True,True
2026-08-11,EUNN.DE,eficiente,0.5321,up,0.5604,up,0.5633,up,71.9000015258789,71.75,71.75,71.75,False,False,False,True
2026-08-11,EUNN.DE,foundation,0.438,down,0.4736,down,0.5922,up,71.9000015258789,71.75,71.75,71.75,True,True,False,True
2026-08-11,EUNN.DE,conformal,0.4375,down,0.7619,up,0.8804,up,71.9000015258789,71.75,71.75,71.75,True,False,False,True
2026-08-11,EUNN.DE,drift,0.4997,down,0.5021,up,0.5164,up,71.9000015258789,71.75,71.75,71.75,True,False,False,True
2026-08-12,ICGA.DE,classico_avancado,0.8188,up,0.6271,up,0.3492,down,5.048999786376953,4.958000183105469,4.958000183105469,4.958000183105469,False,False,True,True
2026-08-12,ICGA.DE,estado_oculto,0.7532,up,0.6774,up,0.6275,up,5.048999786376953,4.958000183105469,4.958000183105469,4.958000183105469,False,False,False,True
2026-08-12,ICGA.DE,series_temporais,0.5284,up,0.5035,up,0.5116,up,5.048999786376953,4.958000183105469,4.958000183105469,4.958000183105469,False,False,False,True
2026-08-12,ICGA.DE,neural_recorrente,0.5213,up,0.5095,up,0.5049,up,5.048999786376953,4.958000183105469,4.958000183105469,4.958000183105469,False,False,False,True
2026-08-12,ICGA.DE,neural_atencao,0.5213,up,0.5095,up,0.5049,up,5.048999786376953,4.958000183105469,4.958000183105469,4.958000183105469,False,False,False,True
2026-08-12,ICGA.DE,bayesiano,0.4566,down,0.5631,up,0.3555,down,5.048999786376953,4.958000183105469,4.958000183105469,4.958000183105469,True,False,True,True
2026-08-12,ICGA.DE,generativo,0.5252,up,0.5543,up,0.5378,up,5.048999786376953,4.958000183105469,4.958000183105469,4.958000183105469,False,False,False,True
2026-08-12,ICGA.DE,reinforcement,0.7497,up,0.6236,up,0.2492,down,5.048999786376953,4.958000183105469,4.958000183105469,4.958000183105469,False,False,True,True
2026-08-12,ICGA.DE,contrarian,0.4426,down,0.4127,down,0.6048,up,5.048999786376953,4.958000183105469,4.958000183105469,4.958000183105469,True,True,False,True
2026-08-12,ICGA.DE,eficiente,0.5213,up,0.5095,up,0.5049,up,5.048999786376953,4.958000183105469,4.958000183105469,4.958000183105469,False,False,False,True
2026-08-12,ICGA.DE,foundation,0.3475,down,0.373,down,0.3366,down,5.048999786376953,4.958000183105469,4.958000183105469,4.958000183105469,True,True,True,True
2026-08-12,ICGA.DE,conformal,0.8132,up,0.9691,up,0.35,down,5.048999786376953,4.958000183105469,4.958000183105469,4.958000183105469,False,False,True,True
2026-08-12,ICGA.DE,drift,0.5069,up,0.5022,up,0.4998,down,5.048999786376953,4.958000183105469,4.958000183105469,4.958000183105469,False,False,True,True
2026-08-12,PPFB.DE,classico_avancado,0.3635,down,0.228,down,0.2,down,73.0999984741211,73.6050033569336,73.6050033569336,73.6050033569336,False,False,False,True
2026-08-12,PPFB.DE,estado_oculto,0.7857,up,0.3721,down,0.4122,down,73.0999984741211,73.6050033569336,73.6050033569336,73.6050033569336,True,False,False,True
2026-08-12,PPFB.DE,series_temporais,0.6337,up,0.6169,up,0.6288,up,73.0999984741211,73.6050033569336,73.6050033569336,73.6050033569336,True,True,True,True
2026-08-12,PPFB.DE,neural_recorrente,0.5867,up,0.5993,up,0.6144,up,73.0999984741211,73.6050033569336,73.6050033569336,73.6050033569336,True,True,True,True
2026-08-12,PPFB.DE,neural_atencao,0.5867,up,0.5993,up,0.6144,up,73.0999984741211,73.6050033569336,73.6050033569336,73.6050033569336,True,True,True,True
2026-08-12,PPFB.DE,bayesiano,0.3846,down,0.378,down,0.328,down,73.0999984741211,73.6050033569336,73.6050033569336,73.6050033569336,False,False,False,True
2026-08-12,PPFB.DE,generativo,0.5346,up,0.5581,up,0.4913,down,73.0999984741211,73.6050033569336,73.6050033569336,73.6050033569336,True,True,False,True
2026-08-12,PPFB.DE,reinforcement,0.2144,down,0.2618,down,0.2331,down,73.0999984741211,73.6050033569336,73.6050033569336,73.6050033569336,False,False,False,True
2026-08-12,PPFB.DE,contrarian,0.5314,up,0.5787,up,0.6111,up,73.0999984741211,73.6050033569336,73.6050033569336,73.6050033569336,True,True,True,True
2026-08-12,PPFB.DE,eficiente,0.5867,up,0.5993,up,0.6144,up,73.0999984741211,73.6050033569336,73.6050033569336,73.6050033569336,True,True,True,True
2026-08-12,PPFB.DE,foundation,0.3911,down,0.3995,down,0.4429,down,73.0999984741211,73.6050033569336,73.6050033569336,73.6050033569336,False,False,False,True
2026-08-12,PPFB.DE,conformal,0.5281,up,0.6832,up,0.6636,up,73.0999984741211,73.6050033569336,73.6050033569336,73.6050033569336,True,True,True,True
2026-08-12,PPFB.DE,drift,0.4879,down,0.484,down,0.4868,down,73.0999984741211,73.6050033569336,73.6050033569336,73.6050033569336,False,False,False,True
2026-08-12,SGLN.L,classico_avancado,0.2168,down,0.1814,down,0.1123,down,6239.0,6267.0,6267.0,6267.0,False,False,False,True
2026-08-12,SGLN.L,estado_oculto,0.7589,up,0.6759,up,0.4194,down,6239.0,6267.0,6267.0,6267.0,True,True,False,True
2026-08-12,SGLN.L,series_temporais,0.5884,up,0.6265,up,0.6569,up,6239.0,6267.0,6267.0,6267.0,True,True,True,True
2026-08-12,SGLN.L,neural_recorrente,0.5821,up,0.6079,up,0.6186,up,6239.0,6267.0,6267.0,6267.0,True,True,True,True
2026-08-12,SGLN.L,neural_atencao,0.5821,up,0.6079,up,0.6186,up,6239.0,6267.0,6267.0,6267.0,True,True,True,True
2026-08-12,SGLN.L,bayesiano,0.3254,down,0.3214,down,0.3475,down,6239.0,6267.0,6267.0,6267.0,False,False,False,True
2026-08-12,SGLN.L,generativo,0.5119,up,0.4631,down,0.4047,down,6239.0,6267.0,6267.0,6267.0,True,False,False,True
2026-08-12,SGLN.L,reinforcement,0.2322,down,0.1789,down,0.2459,down,6239.0,6267.0,6267.0,6267.0,False,False,False,True
2026-08-12,SGLN.L,contrarian,0.53,up,0.5569,up,0.593,up,6239.0,6267.0,6267.0,6267.0,True,True,True,True
2026-08-12,SGLN.L,eficiente,0.5821,up,0.6079,up,0.6186,up,6239.0,6267.0,6267.0,6267.0,True,True,True,True
2026-08-12,SGLN.L,foundation,0.3881,down,0.4886,down,0.4124,down,6239.0,6267.0,6267.0,6267.0,False,False,False,True
2026-08-12,SGLN.L,conformal,0.5333,up,0.6562,up,0.6117,up,6239.0,6267.0,6267.0,6267.0,True,True,True,True
2026-08-12,SGLN.L,drift,0.4869,down,0.4934,down,0.4852,down,6239.0,6267.0,6267.0,6267.0,False,False,False,True
2026-08-12,EXUS.MI,classico_avancado,0.5512,up,0.6734,up,0.3211,down,40.73500061035156,40.88999938964844,40.88999938964844,40.88999938964844,True,True,False,True
2026-08-12,EXUS.MI,estado_oculto,0.7719,up,0.8576,up,0.9062,up,40.73500061035156,40.88999938964844,40.88999938964844,40.88999938964844,True,True,True,True
2026-08-12,EXUS.MI,series_temporais,0.5552,up,0.5927,up,0.5934,up,40.73500061035156,40.88999938964844,40.88999938964844,40.88999938964844,True,True,True,True
2026-08-12,EXUS.MI,neural_recorrente,0.5654,up,0.5986,up,0.6125,up,40.73500061035156,40.88999938964844,40.88999938964844,40.88999938964844,True,True,True,True
2026-08-12,EXUS.MI,neural_atencao,0.5654,up,0.5986,up,0.6125,up,40.73500061035156,40.88999938964844,40.88999938964844,40.88999938964844,True,True,True,True
2026-08-12,EXUS.MI,bayesiano,0.5528,up,0.6213,up,0.4444,down,40.73500061035156,40.88999938964844,40.88999938964844,40.88999938964844,True,True,False,True
2026-08-12,EXUS.MI,generativo,0.6235,up,0.599,up,0.644,up,40.73500061035156,40.88999938964844,40.88999938964844,40.88999938964844,True,True,True,True
2026-08-12,EXUS.MI,reinforcement,0.2561,down,0.2461,down,0.1984,down,40.73500061035156,40.88999938964844,40.88999938964844,40.88999938964844,False,False,False,True
2026-08-12,EXUS.MI,contrarian,0.4871,down,0.5844,up,0.4311,down,40.73500061035156,40.88999938964844,40.88999938964844,40.88999938964844,False,True,False,True
2026-08-12,EXUS.MI,eficiente,0.5654,up,0.5986,up,0.6125,up,40.73500061035156,40.88999938964844,40.88999938964844,40.88999938964844,True,True,True,True
2026-08-12,EXUS.MI,foundation,0.5602,up,0.4657,down,0.4083,down,40.73500061035156,40.88999938964844,40.88999938964844,40.88999938964844,True,False,False,True
2026-08-12,EXUS.MI,conformal,0.4815,down,0.8313,up,0.2821,down,40.73500061035156,40.88999938964844,40.88999938964844,40.88999938964844,False,True,False,True
2026-08-12,EXUS.MI,drift,0.5046,up,0.5169,up,0.5012,up,40.73500061035156,40.88999938964844,40.88999938964844,40.88999938964844,True,True,True,True
2026-08-12,LYP6.DE,classico_avancado,0.6539,up,0.743,up,0.6149,up,325.20001220703125,325.3500061035156,325.3500061035156,325.3500061035156,True,True,True,True
2026-08-12,LYP6.DE,estado_oculto,0.7704,up,0.8596,up,0.9096,up,325.20001220703125,325.3500061035156,325.3500061035156,325.3500061035156,True,True,True,True
2026-08-12,LYP6.DE,series_temporais,0.5673,up,0.5894,up,0.6051,up,325.20001220703125,325.3500061035156,325.3500061035156,325.3500061035156,True,True,True,True
2026-08-12,LYP6.DE,neural_recorrente,0.5618,up,0.5927,up,0.6156,up,325.20001220703125,325.3500061035156,325.3500061035156,325.3500061035156,True,True,True,True
2026-08-12,LYP6.DE,neural_atencao,0.5618,up,0.5927,up,0.6156,up,325.20001220703125,325.3500061035156,325.3500061035156,325.3500061035156,True,True,True,True
2026-08-12,LYP6.DE,bayesiano,0.4835,down,0.6227,up,0.4719,down,325.20001220703125,325.3500061035156,325.3500061035156,325.3500061035156,False,True,False,True
2026-08-12,LYP6.DE,generativo,0.581,up,0.5381,up,0.6083,up,325.20001220703125,325.3500061035156,325.3500061035156,325.3500061035156,True,True,True,True
2026-08-12,LYP6.DE,reinforcement,0.2411,down,0.2184,down,0.2629,down,325.20001220703125,325.3500061035156,325.3500061035156,325.3500061035156,False,False,False,True
2026-08-12,LYP6.DE,contrarian,0.4612,down,0.5543,up,0.4049,down,325.20001220703125,325.3500061035156,325.3500061035156,325.3500061035156,False,True,False,True
2026-08-12,LYP6.DE,eficiente,0.5618,up,0.5927,up,0.6156,up,325.20001220703125,325.3500061035156,325.3500061035156,325.3500061035156,True,True,True,True
2026-08-12,LYP6.DE,foundation,0.4412,down,0.4118,down,0.4938,down,325.20001220703125,325.3500061035156,325.3500061035156,325.3500061035156,False,False,False,True
2026-08-12,LYP6.DE,conformal,0.9659,up,0.7692,up,0.4299,down,325.20001220703125,325.3500061035156,325.3500061035156,325.3500061035156,True,True,False,True
2026-08-12,LYP6.DE,drift,0.5072,up,0.5012,up,0.5019,up,325.20001220703125,325.3500061035156,325.3500061035156,325.3500061035156,True,True,True,True
2026-08-12,IS3N.DE,classico_avancado,0.342,down,0.241,down,0.3684,down,46.428001403808594,47.18999862670898,47.18999862670898,47.18999862670898,False,False,False,True
2026-08-12,IS3N.DE,estado_oculto,0.7952,up,0.8614,up,0.9101,up,46.428001403808594,47.18999862670898,47.18999862670898,47.18999862670898,True,True,True,True
2026-08-12,IS3N.DE,series_temporais,0.5359,up,0.5596,up,0.5709,up,46.428001403808594,47.18999862670898,47.18999862670898,47.18999862670898,True,True,True,True
2026-08-12,IS3N.DE,neural_recorrente,0.553,up,0.5823,up,0.5836,up,46.428001403808594,47.18999862670898,47.18999862670898,47.18999862670898,True,True,True,True
2026-08-12,IS3N.DE,neural_atencao,0.553,up,0.5823,up,0.5836,up,46.428001403808594,47.18999862670898,47.18999862670898,47.18999862670898,True,True,True,True
2026-08-12,IS3N.DE,bayesiano,0.494,down,0.5162,up,0.6028,up,46.428001403808594,47.18999862670898,47.18999862670898,47.18999862670898,False,True,True,True
2026-08-12,IS3N.DE,generativo,0.5263,up,0.5528,up,0.6533,up,46.428001403808594,47.18999862670898,47.18999862670898,47.18999862670898,True,True,True,True
2026-08-12,IS3N.DE,reinforcement,0.2579,down,0.2531,down,0.252,down,46.428001403808594,47.18999862670898,47.18999862670898,47.18999862670898,False,False,False,True
2026-08-12,IS3N.DE,contrarian,0.5003,up,0.4034,down,0.3322,down,46.428001403808594,47.18999862670898,47.18999862670898,47.18999862670898,True,False,False,True
2026-08-12,IS3N.DE,eficiente,0.553,up,0.5823,up,0.5836,up,46.428001403808594,47.18999862670898,47.18999862670898,47.18999862670898,True,True,True,True
2026-08-12,IS3N.DE,foundation,0.4853,down,0.7215,up,0.6391,up,46.428001403808594,47.18999862670898,47.18999862670898,47.18999862670898,False,True,True,True
2026-08-12,IS3N.DE,conformal,0.7444,up,0.7957,up,0.9579,up,46.428001403808594,47.18999862670898,47.18999862670898,47.18999862670898,True,True,True,True
2026-08-12,IS3N.DE,drift,0.4935,down,0.5022,up,0.5117,up,46.428001403808594,47.18999862670898,47.18999862670898,47.18999862670898,False,True,True,True
2026-08-12,EUNN.DE,classico_avancado,0.4458,down,0.5145,up,0.9104,up,71.75,73.01000213623047,73.01000213623047,73.01000213623047,False,True,True,True
2026-08-12,EUNN.DE,estado_oculto,0.7651,up,0.8554,up,0.8955,up,71.75,73.01000213623047,73.01000213623047,73.01000213623047,True,True,True,True
2026-08-12,EUNN.DE,series_temporais,0.5413,up,0.5299,up,0.537,up,71.75,73.01000213623047,73.01000213623047,73.01000213623047,True,True,True,True
2026-08-12,EUNN.DE,neural_recorrente,0.5321,up,0.5604,up,0.5633,up,71.75,73.01000213623047,73.01000213623047,73.01000213623047,True,True,True,True
2026-08-12,EUNN.DE,neural_atencao,0.5321,up,0.5604,up,0.5633,up,71.75,73.01000213623047,73.01000213623047,73.01000213623047,True,True,True,True
2026-08-12,EUNN.DE,bayesiano,0.644,up,0.68,up,0.7525,up,71.75,73.01000213623047,73.01000213623047,73.01000213623047,True,True,True,True
2026-08-12,EUNN.DE,generativo,0.5677,up,0.6372,up,0.6308,up,71.75,73.01000213623047,73.01000213623047,73.01000213623047,True,True,True,True
2026-08-12,EUNN.DE,reinforcement,0.7621,up,0.278,down,0.2179,down,71.75,73.01000213623047,73.01000213623047,73.01000213623047,True,False,False,True
2026-08-12,EUNN.DE,contrarian,0.5098,up,0.3915,down,0.2796,down,71.75,73.01000213623047,73.01000213623047,73.01000213623047,True,False,False,True
2026-08-12,EUNN.DE,eficiente,0.5321,up,0.5604,up,0.5633,up,71.75,73.01000213623047,73.01000213623047,73.01000213623047,True,True,True,True
2026-08-12,EUNN.DE,foundation,0.438,down,0.5236,up,0.4922,down,71.75,73.01000213623047,73.01000213623047,73.01000213623047,False,True,False,True
2026-08-12,EUNN.DE,conformal,0.4375,down,0.7619,up,0.8804,up,71.75,73.01000213623047,73.01000213623047,73.01000213623047,False,True,True,True
2026-08-12,EUNN.DE,drift,0.4997,down,0.5021,up,0.5164,up,71.75,73.01000213623047,73.01000213623047,73.01000213623047,False,True,True,True
2026-08-13,ICGA.DE,classico_avancado,0.7055,up,0.769,up,0.3492,down,4.958000183105469,4.848499774932861,4.848499774932861,4.848499774932861,False,False,True,True
2026-08-13,ICGA.DE,estado_oculto,0.7532,up,0.8313,up,0.6275,up,4.958000183105469,4.848499774932861,4.848499774932861,4.848499774932861,False,False,False,True
2026-08-13,ICGA.DE,series_temporais,0.5284,up,0.5035,up,0.5116,up,4.958000183105469,4.848499774932861,4.848499774932861,4.848499774932861,False,False,False,True
2026-08-13,ICGA.DE,neural_recorrente,0.5213,up,0.5095,up,0.5049,up,4.958000183105469,4.848499774932861,4.848499774932861,4.848499774932861,False,False,False,True
2026-08-13,ICGA.DE,neural_atencao,0.5213,up,0.5095,up,0.5049,up,4.958000183105469,4.848499774932861,4.848499774932861,4.848499774932861,False,False,False,True
2026-08-13,ICGA.DE,bayesiano,0.3915,down,0.5393,up,0.3688,down,4.958000183105469,4.848499774932861,4.848499774932861,4.848499774932861,True,False,True,True
2026-08-13,ICGA.DE,generativo,0.5219,up,0.5338,up,0.5377,up,4.958000183105469,4.848499774932861,4.848499774932861,4.848499774932861,False,False,False,True
2026-08-13,ICGA.DE,reinforcement,0.7376,up,0.6208,up,0.2492,down,4.958000183105469,4.848499774932861,4.848499774932861,4.848499774932861,False,False,True,True
2026-08-13,ICGA.DE,contrarian,0.4685,down,0.3903,down,0.6048,up,4.958000183105469,4.848499774932861,4.848499774932861,4.848499774932861,True,True,False,True
2026-08-13,ICGA.DE,eficiente,0.5213,up,0.5095,up,0.5049,up,4.958000183105469,4.848499774932861,4.848499774932861,4.848499774932861,False,False,False,True
2026-08-13,ICGA.DE,foundation,0.3475,down,0.3897,down,0.3366,down,4.958000183105469,4.848499774932861,4.848499774932861,4.848499774932861,True,True,True,True
2026-08-13,ICGA.DE,conformal,0.8043,up,0.9896,up,0.35,down,4.958000183105469,4.848499774932861,4.848499774932861,4.848499774932861,False,False,True,True
2026-08-13,ICGA.DE,drift,0.5061,up,0.504,up,0.4998,down,4.958000183105469,4.848499774932861,4.848499774932861,4.848499774932861,False,False,True,True
2026-08-13,PPFB.DE,classico_avancado,0.3025,down,0.2121,down,0.2367,down,73.6050033569336,74.27999877929688,74.27999877929688,74.27999877929688,False,False,False,True
2026-08-13,PPFB.DE,estado_oculto,0.7857,up,0.3721,down,0.4122,down,73.6050033569336,74.27999877929688,74.27999877929688,74.27999877929688,True,False,False,True
2026-08-13,PPFB.DE,series_temporais,0.6337,up,0.6169,up,0.6288,up,73.6050033569336,74.27999877929688,74.27999877929688,74.27999877929688,True,True,True,True
2026-08-13,PPFB.DE,neural_recorrente,0.5867,up,0.5993,up,0.6144,up,73.6050033569336,74.27999877929688,74.27999877929688,74.27999877929688,True,True,True,True
2026-08-13,PPFB.DE,neural_atencao,0.5867,up,0.5993,up,0.6144,up,73.6050033569336,74.27999877929688,74.27999877929688,74.27999877929688,True,True,True,True
2026-08-13,PPFB.DE,bayesiano,0.3815,down,0.3412,down,0.3226,down,73.6050033569336,74.27999877929688,74.27999877929688,74.27999877929688,False,False,False,True
2026-08-13,PPFB.DE,generativo,0.538,up,0.5508,up,0.5188,up,73.6050033569336,74.27999877929688,74.27999877929688,74.27999877929688,True,True,True,True
2026-08-13,PPFB.DE,reinforcement,0.2006,down,0.2766,down,0.2511,down,73.6050033569336,74.27999877929688,74.27999877929688,74.27999877929688,False,False,False,True
2026-08-13,PPFB.DE,contrarian,0.5234,up,0.5818,up,0.5905,up,73.6050033569336,74.27999877929688,74.27999877929688,74.27999877929688,True,True,True,True
2026-08-13,PPFB.DE,eficiente,0.5867,up,0.5993,up,0.6144,up,73.6050033569336,74.27999877929688,74.27999877929688,74.27999877929688,True,True,True,True
2026-08-13,PPFB.DE,foundation,0.3911,down,0.3995,down,0.4429,down,73.6050033569336,74.27999877929688,74.27999877929688,74.27999877929688,False,False,False,True
2026-08-13,PPFB.DE,conformal,0.5341,up,0.5914,up,0.6759,up,73.6050033569336,74.27999877929688,74.27999877929688,74.27999877929688,True,True,True,True
2026-08-13,PPFB.DE,drift,0.4952,down,0.4854,down,0.4912,down,73.6050033569336,74.27999877929688,74.27999877929688,74.27999877929688,False,False,False,True
2026-08-13,SGLN.L,classico_avancado,0.2249,down,0.1814,down,0.0982,down,6267.0,6283.0,6283.0,6283.0,False,False,False,True
2026-08-13,SGLN.L,estado_oculto,0.7589,up,0.6759,up,0.1273,down,6267.0,6283.0,6283.0,6283.0,True,True,False,True
2026-08-13,SGLN.L,series_temporais,0.5884,up,0.6265,up,0.6569,up,6267.0,6283.0,6283.0,6283.0,True,True,True,True
2026-08-13,SGLN.L,neural_recorrente,0.5821,up,0.6079,up,0.6186,up,6267.0,6283.0,6283.0,6283.0,True,True,True,True
2026-08-13,SGLN.L,neural_atencao,0.5821,up,0.6079,up,0.6186,up,6267.0,6283.0,6283.0,6283.0,True,True,True,True
2026-08-13,SGLN.L,bayesiano,0.3121,down,0.3177,down,0.3156,down,6267.0,6283.0,6283.0,6283.0,False,False,False,True
2026-08-13,SGLN.L,generativo,0.5138,up,0.463,down,0.4168,down,6267.0,6283.0,6283.0,6283.0,True,False,False,True
2026-08-13,SGLN.L,reinforcement,0.2322,down,0.1789,down,0.2493,down,6267.0,6283.0,6283.0,6283.0,False,False,False,True
2026-08-13,SGLN.L,contrarian,0.5209,up,0.5569,up,0.6029,up,6267.0,6283.0,6283.0,6283.0,True,True,True,True
2026-08-13,SGLN.L,eficiente,0.5821,up,0.6079,up,0.6186,up,6267.0,6283.0,6283.0,6283.0,True,True,True,True
2026-08-13,SGLN.L,foundation,0.3881,down,0.4386,down,0.4124,down,6267.0,6283.0,6283.0,6283.0,False,False,False,True
2026-08-13,SGLN.L,conformal,0.5281,up,0.6562,up,0.625,up,6267.0,6283.0,6283.0,6283.0,True,True,True,True
2026-08-13,SGLN.L,drift,0.4877,down,0.4934,down,0.4854,down,6267.0,6283.0,6283.0,6283.0,False,False,False,True
2026-08-13,EXUS.MI,classico_avancado,0.5512,up,0.5404,up,0.4081,down,40.88999938964844,40.88999938964844,40.88999938964844,40.88999938964844,True,True,False,True
2026-08-13,EXUS.MI,estado_oculto,0.7719,up,0.8576,up,0.9062,up,40.88999938964844,40.88999938964844,40.88999938964844,40.88999938964844,True,True,True,True
2026-08-13,EXUS.MI,series_temporais,0.5552,up,0.5927,up,0.5934,up,40.88999938964844,40.88999938964844,40.88999938964844,40.88999938964844,True,True,True,True
2026-08-13,EXUS.MI,neural_recorrente,0.5654,up,0.5986,up,0.6125,up,40.88999938964844,40.88999938964844,40.88999938964844,40.88999938964844,True,True,True,True
2026-08-13,EXUS.MI,neural_atencao,0.5654,up,0.5986,up,0.6125,up,40.88999938964844,40.88999938964844,40.88999938964844,40.88999938964844,True,True,True,True
2026-08-13,EXUS.MI,bayesiano,0.6107,up,0.6116,up,0.7333,up,40.88999938964844,40.88999938964844,40.88999938964844,40.88999938964844,True,True,True,True
2026-08-13,EXUS.MI,generativo,0.6236,up,0.5837,up,0.6216,up,40.88999938964844,40.88999938964844,40.88999938964844,40.88999938964844,True,True,True,True
2026-08-13,EXUS.MI,reinforcement,0.256,down,0.2496,down,0.1892,down,40.88999938964844,40.88999938964844,40.88999938964844,40.88999938964844,False,False,False,True
2026-08-13,EXUS.MI,contrarian,0.4871,down,0.5996,up,0.4121,down,40.88999938964844,40.88999938964844,40.88999938964844,40.88999938964844,False,True,False,True
2026-08-13,EXUS.MI,eficiente,0.5654,up,0.5986,up,0.6125,up,40.88999938964844,40.88999938964844,40.88999938964844,40.88999938964844,True,True,True,True
2026-08-13,EXUS.MI,foundation,0.6436,up,0.5991,up,0.425,down,40.88999938964844,40.88999938964844,40.88999938964844,40.88999938964844,True,True,False,True
2026-08-13,EXUS.MI,conformal,0.4815,down,0.7162,up,0.2289,down,40.88999938964844,40.88999938964844,40.88999938964844,40.88999938964844,False,True,False,True
2026-08-13,EXUS.MI,drift,0.5046,up,0.5125,up,0.5029,up,40.88999938964844,40.88999938964844,40.88999938964844,40.88999938964844,True,True,True,True
2026-08-13,LYP6.DE,classico_avancado,0.6539,up,0.743,up,0.6169,up,325.3500061035156,324.8500061035156,324.8500061035156,324.8500061035156,False,False,False,True
2026-08-13,LYP6.DE,estado_oculto,0.7704,up,0.8596,up,0.9096,up,325.3500061035156,324.8500061035156,324.8500061035156,324.8500061035156,False,False,False,True
2026-08-13,LYP6.DE,series_temporais,0.5673,up,0.5894,up,0.6051,up,325.3500061035156,324.8500061035156,324.8500061035156,324.8500061035156,False,False,False,True
2026-08-13,LYP6.DE,neural_recorrente,0.5618,up,0.5927,up,0.6156,up,325.3500061035156,324.8500061035156,324.8500061035156,324.8500061035156,False,False,False,True
2026-08-13,LYP6.DE,neural_atencao,0.5618,up,0.5927,up,0.6156,up,325.3500061035156,324.8500061035156,324.8500061035156,324.8500061035156,False,False,False,True
2026-08-13,LYP6.DE,bayesiano,0.4518,down,0.6347,up,0.4501,down,325.3500061035156,324.8500061035156,324.8500061035156,324.8500061035156,True,False,True,True
2026-08-13,LYP6.DE,generativo,0.5811,up,0.5381,up,0.6084,up,325.3500061035156,324.8500061035156,324.8500061035156,324.8500061035156,False,False,False,True
2026-08-13,LYP6.DE,reinforcement,0.2411,down,0.2184,down,0.2629,down,325.3500061035156,324.8500061035156,324.8500061035156,324.8500061035156,True,True,True,True
2026-08-13,LYP6.DE,contrarian,0.4612,down,0.5543,up,0.4049,down,325.3500061035156,324.8500061035156,324.8500061035156,324.8500061035156,True,False,True,True
2026-08-13,LYP6.DE,eficiente,0.5618,up,0.5927,up,0.6156,up,325.3500061035156,324.8500061035156,324.8500061035156,324.8500061035156,False,False,False,True
2026-08-13,LYP6.DE,foundation,0.5079,up,0.4785,down,0.4271,down,325.3500061035156,324.8500061035156,324.8500061035156,324.8500061035156,False,True,True,True
2026-08-13,LYP6.DE,conformal,0.9659,up,0.7692,up,0.4299,down,325.3500061035156,324.8500061035156,324.8500061035156,324.8500061035156,False,False,True,True
2026-08-13,LYP6.DE,drift,0.5072,up,0.5012,up,0.5019,up,325.3500061035156,324.8500061035156,324.8500061035156,324.8500061035156,False,False,False,True
2026-08-13,IS3N.DE,classico_avancado,0.5543,up,0.4665,down,0.774,up,47.18999862670898,47.18999862670898,47.18999862670898,47.18999862670898,True,False,True,True
2026-08-13,IS3N.DE,estado_oculto,0.7952,up,0.6947,up,0.623,up,47.18999862670898,47.18999862670898,47.18999862670898,47.18999862670898,True,True,True,True
2026-08-13,IS3N.DE,series_temporais,0.5359,up,0.5596,up,0.5709,up,47.18999862670898,47.18999862670898,47.18999862670898,47.18999862670898,True,True,True,True
2026-08-13,IS3N.DE,neural_recorrente,0.553,up,0.5823,up,0.5836,up,47.18999862670898,47.18999862670898,47.18999862670898,47.18999862670898,True,True,True,True
2026-08-13,IS3N.DE,neural_atencao,0.553,up,0.5823,up,0.5836,up,47.18999862670898,47.18999862670898,47.18999862670898,47.18999862670898,True,True,True,True
2026-08-13,IS3N.DE,bayesiano,0.6025,up,0.5728,up,0.651,up,47.18999862670898,47.18999862670898,47.18999862670898,47.18999862670898,True,True,True,True
2026-08-13,IS3N.DE,generativo,0.5758,up,0.5843,up,0.6052,up,47.18999862670898,47.18999862670898,47.18999862670898,47.18999862670898,True,True,True,True
2026-08-13,IS3N.DE,reinforcement,0.2514,down,0.248,down,0.2614,down,47.18999862670898,47.18999862670898,47.18999862670898,47.18999862670898,False,False,False,True
2026-08-13,IS3N.DE,contrarian,0.4204,down,0.3688,down,0.3073,down,47.18999862670898,47.18999862670898,47.18999862670898,47.18999862670898,False,False,False,True
2026-08-13,IS3N.DE,eficiente,0.553,up,0.5823,up,0.5836,up,47.18999862670898,47.18999862670898,47.18999862670898,47.18999862670898,True,True,True,True
2026-08-13,IS3N.DE,foundation,0.602,up,0.3882,down,0.3891,down,47.18999862670898,47.18999862670898,47.18999862670898,47.18999862670898,True,False,False,True
2026-08-13,IS3N.DE,conformal,0.9892,up,0.9062,up,0.9032,up,47.18999862670898,47.18999862670898,47.18999862670898,47.18999862670898,True,True,True,True
2026-08-13,IS3N.DE,drift,0.5067,up,0.5043,up,0.5296,up,47.18999862670898,47.18999862670898,47.18999862670898,47.18999862670898,True,True,True,True
2026-08-13,EUNN.DE,classico_avancado,0.6799,up,0.7044,up,0.8324,up,73.01000213623047,73.5,73.5,73.5,True,True,True,True
2026-08-13,EUNN.DE,estado_oculto,0.7651,up,0.687,up,0.8955,up,73.01000213623047,73.5,73.5,73.5,True,True,True,True
2026-08-13,EUNN.DE,series_temporais,0.5413,up,0.5299,up,0.537,up,73.01000213623047,73.5,73.5,73.5,True,True,True,True
2026-08-13,EUNN.DE,neural_recorrente,0.5321,up,0.5604,up,0.5633,up,73.01000213623047,73.5,73.5,73.5,True,True,True,True
2026-08-13,EUNN.DE,neural_atencao,0.5321,up,0.5604,up,0.5633,up,73.01000213623047,73.5,73.5,73.5,True,True,True,True
2026-08-13,EUNN.DE,bayesiano,0.4441,down,0.6658,up,0.7263,up,73.01000213623047,73.5,73.5,73.5,False,True,True,True
2026-08-13,EUNN.DE,generativo,0.5803,up,0.6329,up,0.607,up,73.01000213623047,73.5,73.5,73.5,True,True,True,True
2026-08-13,EUNN.DE,reinforcement,0.7473,up,0.4723,down,0.21,down,73.01000213623047,73.5,73.5,73.5,True,False,False,True
2026-08-13,EUNN.DE,contrarian,0.5015,up,0.406,down,0.2846,down,73.01000213623047,73.5,73.5,73.5,True,False,False,True
2026-08-13,EUNN.DE,eficiente,0.5321,up,0.5604,up,0.5633,up,73.01000213623047,73.5,73.5,73.5,True,True,True,True
2026-08-13,EUNN.DE,foundation,0.5214,up,0.5736,up,0.3755,down,73.01000213623047,73.5,73.5,73.5,True,True,False,True
2026-08-13,EUNN.DE,conformal,0.3918,down,0.85,up,0.8444,up,73.01000213623047,73.5,73.5,73.5,False,True,True,True
2026-08-13,EUNN.DE,drift,0.5024,up,0.5037,up,0.5099,up,73.01000213623047,73.5,73.5,73.5,True,True,True,True
2026-08-14,ICGA.DE,classico_avancado,0.762,up,0.7644,up,0.8659,up,4.848499774932861,4.884500026702881,4.884500026702881,4.884500026702881,True,True,True,True
2026-08-14,ICGA.DE,estado_oculto,0.7705,up,0.6774,up,0.8774,up,4.848499774932861,4.884500026702881,4.884500026702881,4.884500026702881,True,True,True,True
2026-08-14,ICGA.DE,series_temporais,0.5284,up,0.5035,up,0.5116,up,4.848499774932861,4.884500026702881,4.884500026702881,4.884500026702881,True,True,True,True
2026-08-14,ICGA.DE,neural_recorrente,0.5213,up,0.5095,up,0.5049,up,4.848499774932861,4.884500026702881,4.884500026702881,4.884500026702881,True,True,True,True
2026-08-14,ICGA.DE,neural_atencao,0.5213,up,0.5095,up,0.5049,up,4.848499774932861,4.884500026702881,4.884500026702881,4.884500026702881,True,True,True,True
2026-08-14,ICGA.DE,bayesiano,0.6516,up,0.5891,up,0.7176,up,4.848499774932861,4.884500026702881,4.884500026702881,4.884500026702881,True,True,True,True
2026-08-14,ICGA.DE,generativo,0.5597,up,0.5129,up,0.5428,up,4.848499774932861,4.884500026702881,4.884500026702881,4.884500026702881,True,True,True,True
2026-08-14,ICGA.DE,reinforcement,0.7597,up,0.5565,up,0.2688,down,4.848499774932861,4.884500026702881,4.884500026702881,4.884500026702881,True,True,False,True
2026-08-14,ICGA.DE,contrarian,0.4741,down,0.3964,down,0.5457,up,4.848499774932861,4.884500026702881,4.884500026702881,4.884500026702881,False,False,True,True
2026-08-14,ICGA.DE,eficiente,0.5213,up,0.5095,up,0.5049,up,4.848499774932861,4.884500026702881,4.884500026702881,4.884500026702881,True,True,True,True
2026-08-14,ICGA.DE,foundation,0.4309,down,0.3897,down,0.3366,down,4.848499774932861,4.884500026702881,4.884500026702881,4.884500026702881,False,False,False,True
2026-08-14,ICGA.DE,conformal,0.8242,up,0.9579,up,0.725,up,4.848499774932861,4.884500026702881,4.884500026702881,4.884500026702881,True,True,True,True
2026-08-14,ICGA.DE,drift,0.5041,up,0.5035,up,0.5027,up,4.848499774932861,4.884500026702881,4.884500026702881,4.884500026702881,True,True,True,True
2026-08-14,PPFB.DE,classico_avancado,0.3453,down,0.2416,down,0.165,down,74.27999877929688,73.54000091552734,73.54000091552734,73.54000091552734,True,True,True,True
2026-08-14,PPFB.DE,estado_oculto,0.7857,up,0.3721,down,0.4122,down,74.27999877929688,73.54000091552734,73.54000091552734,73.54000091552734,False,True,True,True
2026-08-14,PPFB.DE,series_temporais,0.6337,up,0.6169,up,0.6288,up,74.27999877929688,73.54000091552734,73.54000091552734,73.54000091552734,False,False,False,True
2026-08-14,PPFB.DE,neural_recorrente,0.5867,up,0.5993,up,0.6144,up,74.27999877929688,73.54000091552734,73.54000091552734,73.54000091552734,False,False,False,True
2026-08-14,PPFB.DE,neural_atencao,0.5867,up,0.5993,up,0.6144,up,74.27999877929688,73.54000091552734,73.54000091552734,73.54000091552734,False,False,False,True
2026-08-14,PPFB.DE,bayesiano,0.3875,down,0.372,down,0.316,down,74.27999877929688,73.54000091552734,73.54000091552734,73.54000091552734,True,True,True,True
2026-08-14,PPFB.DE,generativo,0.537,up,0.6095,up,0.5534,up,74.27999877929688,73.54000091552734,73.54000091552734,73.54000091552734,False,False,False,True
2026-08-14,PPFB.DE,reinforcement,0.1981,down,0.2712,down,0.242,down,74.27999877929688,73.54000091552734,73.54000091552734,73.54000091552734,True,True,True,True
2026-08-14,PPFB.DE,contrarian,0.5026,up,0.5642,up,0.5994,up,74.27999877929688,73.54000091552734,73.54000091552734,73.54000091552734,False,False,False,True
2026-08-14,PPFB.DE,eficiente,0.5867,up,0.5993,up,0.6144,up,74.27999877929688,73.54000091552734,73.54000091552734,73.54000091552734,False,False,False,True
2026-08-14,PPFB.DE,foundation,0.4078,down,0.3995,down,0.4596,down,74.27999877929688,73.54000091552734,73.54000091552734,73.54000091552734,True,True,True,True
2026-08-14,PPFB.DE,conformal,0.5281,up,0.5851,up,0.6476,up,74.27999877929688,73.54000091552734,73.54000091552734,73.54000091552734,False,False,False,True
2026-08-14,PPFB.DE,drift,0.506,up,0.4866,down,0.4847,down,74.27999877929688,73.54000091552734,73.54000091552734,73.54000091552734,False,True,True,True
2026-08-14,SGLN.L,classico_avancado,0.2868,down,0.2222,down,0.0967,down,6283.0,6291.3291015625,6291.3291015625,6291.3291015625,False,False,False,True
2026-08-14,SGLN.L,estado_oculto,0.8129,up,0.8846,up,0.4194,down,6283.0,6291.3291015625,6291.3291015625,6291.3291015625,True,True,False,True
2026-08-14,SGLN.L,series_temporais,0.5884,up,0.6265,up,0.6569,up,6283.0,6291.3291015625,6291.3291015625,6291.3291015625,True,True,True,True
2026-08-14,SGLN.L,neural_recorrente,0.5821,up,0.6079,up,0.6186,up,6283.0,6291.3291015625,6291.3291015625,6291.3291015625,True,True,True,True
2026-08-14,SGLN.L,neural_atencao,0.5821,up,0.6079,up,0.6186,up,6283.0,6291.3291015625,6291.3291015625,6291.3291015625,True,True,True,True
2026-08-14,SGLN.L,bayesiano,0.339,down,0.3343,down,0.3132,down,6283.0,6291.3291015625,6291.3291015625,6291.3291015625,False,False,False,True
2026-08-14,SGLN.L,generativo,0.5155,up,0.5361,up,0.4271,down,6283.0,6291.3291015625,6291.3291015625,6291.3291015625,True,True,False,True
2026-08-14,SGLN.L,reinforcement,0.2334,down,0.2058,down,0.2592,down,6283.0,6291.3291015625,6291.3291015625,6291.3291015625,False,False,False,True
2026-08-14,SGLN.L,contrarian,0.5046,up,0.525,up,0.6088,up,6283.0,6291.3291015625,6291.3291015625,6291.3291015625,True,True,True,True
2026-08-14,SGLN.L,eficiente,0.5821,up,0.6079,up,0.6186,up,6283.0,6291.3291015625,6291.3291015625,6291.3291015625,True,True,True,True
2026-08-14,SGLN.L,foundation,0.3881,down,0.4053,down,0.4124,down,6283.0,6291.3291015625,6291.3291015625,6291.3291015625,False,False,False,True
2026-08-14,SGLN.L,conformal,0.5055,up,0.5765,up,0.5253,up,6283.0,6291.3291015625,6291.3291015625,6291.3291015625,True,True,True,True
2026-08-14,SGLN.L,drift,0.4948,down,0.4979,down,0.4832,down,6283.0,6291.3291015625,6291.3291015625,6291.3291015625,False,False,False,True
2026-08-14,EXUS.MI,classico_avancado,0.5512,up,0.5404,up,0.408,down,40.88999938964844,40.8650016784668,40.8650016784668,40.8650016784668,False,False,True,True
2026-08-14,EXUS.MI,estado_oculto,0.7719,up,0.8576,up,0.9062,up,40.88999938964844,40.8650016784668,40.8650016784668,40.8650016784668,False,False,False,True
2026-08-14,EXUS.MI,series_temporais,0.5552,up,0.5927,up,0.5934,up,40.88999938964844,40.8650016784668,40.8650016784668,40.8650016784668,False,False,False,True
2026-08-14,EXUS.MI,neural_recorrente,0.5654,up,0.5986,up,0.6125,up,40.88999938964844,40.8650016784668,40.8650016784668,40.8650016784668,False,False,False,True
2026-08-14,EXUS.MI,neural_atencao,0.5654,up,0.5986,up,0.6125,up,40.88999938964844,40.8650016784668,40.8650016784668,40.8650016784668,False,False,False,True
2026-08-14,EXUS.MI,bayesiano,0.5925,up,0.6336,up,0.7221,up,40.88999938964844,40.8650016784668,40.8650016784668,40.8650016784668,False,False,False,True
2026-08-14,EXUS.MI,generativo,0.6236,up,0.5837,up,0.6216,up,40.88999938964844,40.8650016784668,40.8650016784668,40.8650016784668,False,False,False,True
2026-08-14,EXUS.MI,reinforcement,0.256,down,0.2496,down,0.1892,down,40.88999938964844,40.8650016784668,40.8650016784668,40.8650016784668,True,True,True,True
2026-08-14,EXUS.MI,contrarian,0.4871,down,0.5996,up,0.4121,down,40.88999938964844,40.8650016784668,40.8650016784668,40.8650016784668,True,False,True,True
2026-08-14,EXUS.MI,eficiente,0.5654,up,0.5986,up,0.6125,up,40.88999938964844,40.8650016784668,40.8650016784668,40.8650016784668,False,False,False,True
2026-08-14,EXUS.MI,foundation,0.6269,up,0.6157,up,0.425,down,40.88999938964844,40.8650016784668,40.8650016784668,40.8650016784668,False,False,True,True
2026-08-14,EXUS.MI,conformal,0.4815,down,0.7162,up,0.2289,down,40.88999938964844,40.8650016784668,40.8650016784668,40.8650016784668,True,False,True,True
2026-08-14,EXUS.MI,drift,0.5046,up,0.5125,up,0.5029,up,40.88999938964844,40.8650016784668,40.8650016784668,40.8650016784668,False,False,False,True
2026-08-14,LYP6.DE,classico_avancado,0.6538,up,0.743,up,0.6169,up,324.8500061035156,324.75,324.75,324.75,False,False,False,True
2026-08-14,LYP6.DE,estado_oculto,0.7704,up,0.8596,up,0.9096,up,324.8500061035156,324.75,324.75,324.75,False,False,False,True
2026-08-14,LYP6.DE,series_temporais,0.5673,up,0.5894,up,0.6051,up,324.8500061035156,324.75,324.75,324.75,False,False,False,True
2026-08-14,LYP6.DE,neural_recorrente,0.5618,up,0.5927,up,0.6156,up,324.8500061035156,324.75,324.75,324.75,False,False,False,True
2026-08-14,LYP6.DE,neural_atencao,0.5618,up,0.5927,up,0.6156,up,324.8500061035156,324.75,324.75,324.75,False,False,False,True
2026-08-14,LYP6.DE,bayesiano,0.4944,down,0.5967,up,0.445,down,324.8500061035156,324.75,324.75,324.75,True,False,True,True
2026-08-14,LYP6.DE,generativo,0.5811,up,0.5381,up,0.6084,up,324.8500061035156,324.75,324.75,324.75,False,False,False,True
2026-08-14,LYP6.DE,reinforcement,0.241,down,0.2184,down,0.2629,down,324.8500061035156,324.75,324.75,324.75,True,True,True,True
2026-08-14,LYP6.DE,contrarian,0.4612,down,0.5543,up,0.4049,down,324.8500061035156,324.75,324.75,324.75,True,False,True,True
2026-08-14,LYP6.DE,eficiente,0.5618,up,0.5927,up,0.6156,up,324.8500061035156,324.75,324.75,324.75,False,False,False,True
2026-08-14,LYP6.DE,foundation,0.4412,down,0.4451,down,0.5104,up,324.8500061035156,324.75,324.75,324.75,True,True,False,True
2026-08-14,LYP6.DE,conformal,0.9659,up,0.7692,up,0.4299,down,324.8500061035156,324.75,324.75,324.75,False,False,True,True
2026-08-14,LYP6.DE,drift,0.5072,up,0.5012,up,0.5019,up,324.8500061035156,324.75,324.75,324.75,False,False,False,True
2026-08-14,IS3N.DE,classico_avancado,0.5543,up,0.4665,down,0.7738,up,47.18999862670898,47.64599990844727,47.64599990844727,47.64599990844727,True,False,True,True
2026-08-14,IS3N.DE,estado_oculto,0.7952,up,0.6947,up,0.623,up,47.18999862670898,47.64599990844727,47.64599990844727,47.64599990844727,True,True,True,True
2026-08-14,IS3N.DE,series_temporais,0.5359,up,0.5596,up,0.5709,up,47.18999862670898,47.64599990844727,47.64599990844727,47.64599990844727,True,True,True,True
2026-08-14,IS3N.DE,neural_recorrente,0.553,up,0.5823,up,0.5836,up,47.18999862670898,47.64599990844727,47.64599990844727,47.64599990844727,True,True,True,True
2026-08-14,IS3N.DE,neural_atencao,0.553,up,0.5823,up,0.5836,up,47.18999862670898,47.64599990844727,47.64599990844727,47.64599990844727,True,True,True,True
2026-08-14,IS3N.DE,bayesiano,0.6123,up,0.6231,up,0.6701,up,47.18999862670898,47.64599990844727,47.64599990844727,47.64599990844727,True,True,True,True
2026-08-14,IS3N.DE,generativo,0.5758,up,0.5843,up,0.6052,up,47.18999862670898,47.64599990844727,47.64599990844727,47.64599990844727,True,True,True,True
2026-08-14,IS3N.DE,reinforcement,0.2514,down,0.2481,down,0.2614,down,47.18999862670898,47.64599990844727,47.64599990844727,47.64599990844727,False,False,False,True
2026-08-14,IS3N.DE,contrarian,0.4204,down,0.3688,down,0.3073,down,47.18999862670898,47.64599990844727,47.64599990844727,47.64599990844727,False,False,False,True
2026-08-14,IS3N.DE,eficiente,0.553,up,0.5823,up,0.5836,up,47.18999862670898,47.64599990844727,47.64599990844727,47.64599990844727,True,True,True,True
2026-08-14,IS3N.DE,foundation,0.602,up,0.4215,down,0.3891,down,47.18999862670898,47.64599990844727,47.64599990844727,47.64599990844727,True,False,False,True
2026-08-14,IS3N.DE,conformal,0.9892,up,0.9062,up,0.9032,up,47.18999862670898,47.64599990844727,47.64599990844727,47.64599990844727,True,True,True,True
2026-08-14,IS3N.DE,drift,0.5067,up,0.5043,up,0.5296,up,47.18999862670898,47.64599990844727,47.64599990844727,47.64599990844727,True,True,True,True
2026-08-14,EUNN.DE,classico_avancado,0.3792,down,0.7143,up,0.8612,up,73.5,72.79000091552734,72.79000091552734,72.79000091552734,True,False,False,True
2026-08-14,EUNN.DE,estado_oculto,0.7651,up,0.8554,up,0.6377,up,73.5,72.79000091552734,72.79000091552734,72.79000091552734,False,False,False,True
2026-08-14,EUNN.DE,series_temporais,0.5413,up,0.5299,up,0.537,up,73.5,72.79000091552734,72.79000091552734,72.79000091552734,False,False,False,True
2026-08-14,EUNN.DE,neural_recorrente,0.5321,up,0.5604,up,0.5633,up,73.5,72.79000091552734,72.79000091552734,72.79000091552734,False,False,False,True
2026-08-14,EUNN.DE,neural_atencao,0.5321,up,0.5604,up,0.5633,up,73.5,72.79000091552734,72.79000091552734,72.79000091552734,False,False,False,True
2026-08-14,EUNN.DE,bayesiano,0.4147,down,0.6031,up,0.7528,up,73.5,72.79000091552734,72.79000091552734,72.79000091552734,True,False,False,True
2026-08-14,EUNN.DE,generativo,0.5707,up,0.5772,up,0.5992,up,73.5,72.79000091552734,72.79000091552734,72.79000091552734,False,False,False,True
2026-08-14,EUNN.DE,reinforcement,0.7397,up,0.536,up,0.2139,down,73.5,72.79000091552734,72.79000091552734,72.79000091552734,False,False,True,True
2026-08-14,EUNN.DE,contrarian,0.525,up,0.4133,down,0.3105,down,73.5,72.79000091552734,72.79000091552734,72.79000091552734,False,True,True,True
2026-08-14,EUNN.DE,eficiente,0.5321,up,0.5604,up,0.5633,up,73.5,72.79000091552734,72.79000091552734,72.79000091552734,False,False,False,True
2026-08-14,EUNN.DE,foundation,0.5214,up,0.5569,up,0.4255,down,73.5,72.79000091552734,72.79000091552734,72.79000091552734,False,False,True,True
2026-08-14,EUNN.DE,conformal,0.4742,down,0.7952,up,0.8333,up,73.5,72.79000091552734,72.79000091552734,72.79000091552734,True,False,False,True
2026-08-14,EUNN.DE,drift,0.5011,up,0.5036,up,0.512,up,73.5,72.79000091552734,72.79000091552734,72.79000091552734,False,False,False,True
2026-08-17,ICGA.DE,classico_avancado,0.6288,up,0.4986,down,0.7413,up,4.884500026702881,4.870999813079834,4.870999813079834,4.870999813079834,False,True,False,True
2026-08-17,ICGA.DE,estado_oculto,0.7655,up,0.1731,down,0.125,down,4.884500026702881,4.870999813079834,4.870999813079834,4.870999813079834,False,True,True,True
2026-08-17,ICGA.DE,series_temporais,0.5358,up,0.526,up,0.4906,down,4.884500026702881,4.870999813079834,4.870999813079834,4.870999813079834,False,False,True,True
2026-08-17,ICGA.DE,neural_recorrente,0.5229,up,0.5094,up,0.508,up,4.884500026702881,4.870999813079834,4.870999813079834,4.870999813079834,False,False,False,True
2026-08-17,ICGA.DE,neural_atencao,0.5229,up,0.5094,up,0.508,up,4.884500026702881,4.870999813079834,4.870999813079834,4.870999813079834,False,False,False,True
2026-08-17,ICGA.DE,bayesiano,0.6356,up,0.3948,down,0.522,up,4.884500026702881,4.870999813079834,4.870999813079834,4.870999813079834,False,True,False,True
2026-08-17,ICGA.DE,generativo,0.5071,up,0.5238,up,0.5537,up,4.884500026702881,4.870999813079834,4.870999813079834,4.870999813079834,False,False,False,True
2026-08-17,ICGA.DE,reinforcement,0.7655,up,0.2607,down,0.2414,down,4.884500026702881,4.870999813079834,4.870999813079834,4.870999813079834,False,True,True,True
2026-08-17,ICGA.DE,contrarian,0.4826,down,0.4181,down,0.5938,up,4.884500026702881,4.870999813079834,4.870999813079834,4.870999813079834,True,True,False,True
2026-08-17,ICGA.DE,eficiente,0.5229,up,0.5094,up,0.508,up,4.884500026702881,4.870999813079834,4.870999813079834,4.870999813079834,False,False,False,True
2026-08-17,ICGA.DE,foundation,0.6819,up,0.5229,up,0.4887,down,4.884500026702881,4.870999813079834,4.870999813079834,4.870999813079834,False,False,True,True
2026-08-17,ICGA.DE,conformal,0.8316,up,0.8351,up,0.8171,up,4.884500026702881,4.870999813079834,4.870999813079834,4.870999813079834,False,False,False,True
2026-08-17,ICGA.DE,drift,0.5331,up,0.5002,up,0.502,up,4.884500026702881,4.870999813079834,4.870999813079834,4.870999813079834,False,False,False,True
2026-08-17,PPFB.DE,classico_avancado,0.7694,up,0.7785,up,0.7365,up,73.54000091552734,73.04000091552734,73.04000091552734,73.04000091552734,False,False,False,True
2026-08-17,PPFB.DE,estado_oculto,0.7832,up,0.3713,down,0.4103,down,73.54000091552734,73.04000091552734,73.04000091552734,73.04000091552734,False,True,True,True
2026-08-17,PPFB.DE,series_temporais,0.5774,up,0.5998,up,0.633,up,73.54000091552734,73.04000091552734,73.04000091552734,73.04000091552734,False,False,False,True
2026-08-17,PPFB.DE,neural_recorrente,0.5839,up,0.5952,up,0.6086,up,73.54000091552734,73.04000091552734,73.04000091552734,73.04000091552734,False,False,False,True
2026-08-17,PPFB.DE,neural_atencao,0.5839,up,0.5952,up,0.6086,up,73.54000091552734,73.04000091552734,73.04000091552734,73.04000091552734,False,False,False,True
2026-08-17,PPFB.DE,bayesiano,0.601,up,0.6592,up,0.4564,down,73.54000091552734,73.04000091552734,73.04000091552734,73.04000091552734,False,False,True,True
2026-08-17,PPFB.DE,generativo,0.5214,up,0.6359,up,0.5508,up,73.54000091552734,73.04000091552734,73.04000091552734,73.04000091552734,False,False,False,True
2026-08-17,PPFB.DE,reinforcement,0.7451,up,0.2354,down,0.2167,down,73.54000091552734,73.04000091552734,73.04000091552734,73.04000091552734,False,True,True,True
2026-08-17,PPFB.DE,contrarian,0.5236,up,0.5342,up,0.563,up,73.54000091552734,73.04000091552734,73.04000091552734,73.04000091552734,False,False,False,True
2026-08-17,PPFB.DE,eficiente,0.5839,up,0.5952,up,0.6086,up,73.54000091552734,73.04000091552734,73.04000091552734,73.04000091552734,False,False,False,True
2026-08-17,PPFB.DE,foundation,0.5226,up,0.5301,up,0.5557,up,73.54000091552734,73.04000091552734,73.04000091552734,73.04000091552734,False,False,False,True
2026-08-17,PPFB.DE,conformal,0.6364,up,0.6,up,0.5743,up,73.54000091552734,73.04000091552734,73.04000091552734,73.04000091552734,False,False,False,True
2026-08-17,PPFB.DE,drift,0.516,up,0.5146,up,0.5034,up,73.54000091552734,73.04000091552734,73.04000091552734,73.04000091552734,False,False,False,True
2026-08-17,SGLN.L,classico_avancado,0.634,up,0.6862,up,0.7093,up,6291.3291015625,73.00021010403741,73.00021010403741,73.00021010403741,False,False,False,True
2026-08-17,SGLN.L,estado_oculto,0.8129,up,0.8839,up,0.9185,up,6291.3291015625,73.00021010403741,73.00021010403741,73.00021010403741,False,False,False,True
2026-08-17,SGLN.L,series_temporais,0.5986,up,0.6142,up,0.6341,up,6291.3291015625,73.00021010403741,73.00021010403741,73.00021010403741,False,False,False,True
2026-08-17,SGLN.L,neural_recorrente,0.5821,up,0.6036,up,0.6151,up,6291.3291015625,73.00021010403741,73.00021010403741,73.00021010403741,False,False,False,True
2026-08-17,SGLN.L,neural_atencao,0.5821,up,0.6036,up,0.6151,up,6291.3291015625,73.00021010403741,73.00021010403741,73.00021010403741,False,False,False,True
2026-08-17,SGLN.L,bayesiano,0.5315,up,0.4336,down,0.5102,up,6291.3291015625,73.00021010403741,73.00021010403741,73.00021010403741,False,True,False,True
2026-08-17,SGLN.L,generativo,0.5716,up,0.5485,up,0.5601,up,6291.3291015625,73.00021010403741,73.00021010403741,73.00021010403741,False,False,False,True
2026-08-17,SGLN.L,reinforcement,0.722,up,0.2328,down,0.1908,down,6291.3291015625,73.00021010403741,73.00021010403741,73.00021010403741,False,True,True,True
2026-08-17,SGLN.L,contrarian,0.4912,down,0.5649,up,0.5711,up,6291.3291015625,73.00021010403741,73.00021010403741,73.00021010403741,True,False,False,True
2026-08-17,SGLN.L,eficiente,0.5821,up,0.6036,up,0.6151,up,6291.3291015625,73.00021010403741,73.00021010403741,73.00021010403741,False,False,False,True
2026-08-17,SGLN.L,foundation,0.4714,down,0.4857,down,0.5434,up,6291.3291015625,73.00021010403741,73.00021010403741,73.00021010403741,True,True,False,True
2026-08-17,SGLN.L,conformal,0.5435,up,0.5806,up,0.6286,up,6291.3291015625,73.00021010403741,73.00021010403741,73.00021010403741,False,False,False,True
2026-08-17,SGLN.L,drift,0.5084,up,0.5081,up,0.5133,up,6291.3291015625,73.00021010403741,73.00021010403741,73.00021010403741,False,False,False,True
2026-08-17,EXUS.MI,classico_avancado,0.2901,down,0.4361,down,0.5517,up,40.8650016784668,40.32500076293945,40.32500076293945,40.32500076293945,True,True,False,True
2026-08-17,EXUS.MI,estado_oculto,0.2791,down,0.3672,down,0.4103,down,40.8650016784668,40.32500076293945,40.32500076293945,40.32500076293945,True,True,True,True
2026-08-17,EXUS.MI,series_temporais,0.5806,up,0.5914,up,0.6166,up,40.8650016784668,40.32500076293945,40.32500076293945,40.32500076293945,False,False,False,True
2026-08-17,EXUS.MI,neural_recorrente,0.5816,up,0.6159,up,0.6336,up,40.8650016784668,40.32500076293945,40.32500076293945,40.32500076293945,False,False,False,True
2026-08-17,EXUS.MI,neural_atencao,0.5816,up,0.6159,up,0.6336,up,40.8650016784668,40.32500076293945,40.32500076293945,40.32500076293945,False,False,False,True
2026-08-17,EXUS.MI,bayesiano,0.5451,up,0.6161,up,0.6755,up,40.8650016784668,40.32500076293945,40.32500076293945,40.32500076293945,False,False,False,True
2026-08-17,EXUS.MI,generativo,0.5714,up,0.5536,up,0.6049,up,40.8650016784668,40.32500076293945,40.32500076293945,40.32500076293945,False,False,False,True
2026-08-17,EXUS.MI,reinforcement,0.2472,down,0.2596,down,0.259,down,40.8650016784668,40.32500076293945,40.32500076293945,40.32500076293945,True,True,True,True
2026-08-17,EXUS.MI,contrarian,0.6019,up,0.6098,up,0.5624,up,40.8650016784668,40.32500076293945,40.32500076293945,40.32500076293945,False,False,False,True
2026-08-17,EXUS.MI,eficiente,0.5816,up,0.6159,up,0.6336,up,40.8650016784668,40.32500076293945,40.32500076293945,40.32500076293945,False,False,False,True
2026-08-17,EXUS.MI,foundation,0.4044,down,0.5106,up,0.439,down,40.8650016784668,40.32500076293945,40.32500076293945,40.32500076293945,True,False,True,True
2026-08-17,EXUS.MI,conformal,0.1325,down,0.3243,down,0.5231,up,40.8650016784668,40.32500076293945,40.32500076293945,40.32500076293945,True,True,False,True
2026-08-17,EXUS.MI,drift,0.4862,down,0.5003,up,0.5018,up,40.8650016784668,40.32500076293945,40.32500076293945,40.32500076293945,True,False,False,True
2026-08-17,LYP6.DE,classico_avancado,0.6497,up,0.7506,up,0.7787,up,324.75,321.0,321.0,321.0,False,False,False,True
2026-08-17,LYP6.DE,estado_oculto,0.3061,down,0.3652,down,0.8893,up,324.75,321.0,321.0,321.0,True,True,False,True
2026-08-17,LYP6.DE,series_temporais,0.5888,up,0.5876,up,0.6027,up,324.75,321.0,321.0,321.0,False,False,False,True
2026-08-17,LYP6.DE,neural_recorrente,0.5745,up,0.6007,up,0.6287,up,324.75,321.0,321.0,321.0,False,False,False,True
2026-08-17,LYP6.DE,neural_atencao,0.5745,up,0.6007,up,0.6287,up,324.75,321.0,321.0,321.0,False,False,False,True
2026-08-17,LYP6.DE,bayesiano,0.626,up,0.6587,up,0.5336,up,324.75,321.0,321.0,321.0,False,False,False,True
2026-08-17,LYP6.DE,generativo,0.5328,up,0.5478,up,0.5793,up,324.75,321.0,321.0,321.0,False,False,False,True
2026-08-17,LYP6.DE,reinforcement,0.2674,down,0.1926,down,0.2437,down,324.75,321.0,321.0,321.0,True,True,True,True
2026-08-17,LYP6.DE,contrarian,0.498,down,0.549,up,0.5629,up,324.75,321.0,321.0,321.0,True,False,False,True
2026-08-17,LYP6.DE,eficiente,0.5745,up,0.6007,up,0.6287,up,324.75,321.0,321.0,321.0,False,False,False,True
2026-08-17,LYP6.DE,foundation,0.4996,down,0.5838,up,0.5524,up,324.75,321.0,321.0,321.0,True,False,False,True
2026-08-17,LYP6.DE,conformal,0.8,up,0.8791,up,0.4554,down,324.75,321.0,321.0,321.0,False,False,True,True
2026-08-17,LYP6.DE,drift,0.5004,up,0.5023,up,0.5027,up,324.75,321.0,321.0,321.0,False,False,False,True
2026-08-17,IS3N.DE,classico_avancado,0.7553,up,0.6912,up,0.7243,up,47.64599990844727,46.3849983215332,46.3849983215332,46.3849983215332,False,False,False,True
2026-08-17,IS3N.DE,estado_oculto,0.2576,down,0.3663,down,0.4148,down,47.64599990844727,46.3849983215332,46.3849983215332,46.3849983215332,True,True,True,True
2026-08-17,IS3N.DE,series_temporais,0.5432,up,0.575,up,0.5717,up,47.64599990844727,46.3849983215332,46.3849983215332,46.3849983215332,False,False,False,True
2026-08-17,IS3N.DE,neural_recorrente,0.5596,up,0.5931,up,0.5903,up,47.64599990844727,46.3849983215332,46.3849983215332,46.3849983215332,False,False,False,True
2026-08-17,IS3N.DE,neural_atencao,0.5596,up,0.5931,up,0.5903,up,47.64599990844727,46.3849983215332,46.3849983215332,46.3849983215332,False,False,False,True
2026-08-17,IS3N.DE,bayesiano,0.6432,up,0.7245,up,0.7262,up,47.64599990844727,46.3849983215332,46.3849983215332,46.3849983215332,False,False,False,True
2026-08-17,IS3N.DE,generativo,0.5722,up,0.5736,up,0.5965,up,47.64599990844727,46.3849983215332,46.3849983215332,46.3849983215332,False,False,False,True
2026-08-17,IS3N.DE,reinforcement,0.2441,down,0.1907,down,0.2387,down,47.64599990844727,46.3849983215332,46.3849983215332,46.3849983215332,True,True,True,True
2026-08-17,IS3N.DE,contrarian,0.477,down,0.5503,up,0.5338,up,47.64599990844727,46.3849983215332,46.3849983215332,46.3849983215332,True,False,False,True
2026-08-17,IS3N.DE,eficiente,0.5596,up,0.5931,up,0.5903,up,47.64599990844727,46.3849983215332,46.3849983215332,46.3849983215332,False,False,False,True
2026-08-17,IS3N.DE,foundation,0.6064,up,0.6287,up,0.6102,up,47.64599990844727,46.3849983215332,46.3849983215332,46.3849983215332,False,False,False,True
2026-08-17,IS3N.DE,conformal,0.9255,up,0.8144,up,0.8222,up,47.64599990844727,46.3849983215332,46.3849983215332,46.3849983215332,False,False,False,True
2026-08-17,IS3N.DE,drift,0.5081,up,0.5081,up,0.5152,up,47.64599990844727,46.3849983215332,46.3849983215332,46.3849983215332,False,False,False,True
2026-08-17,EUNN.DE,classico_avancado,0.637,up,0.6927,up,0.8724,up,72.79000091552734,71.0199966430664,71.0199966430664,71.0199966430664,False,False,False,True
2026-08-17,EUNN.DE,estado_oculto,0.2738,down,0.3596,down,0.3956,down,72.79000091552734,71.0199966430664,71.0199966430664,71.0199966430664,True,True,True,True
2026-08-17,EUNN.DE,series_temporais,0.5414,up,0.5618,up,0.5769,up,72.79000091552734,71.0199966430664,71.0199966430664,71.0199966430664,False,False,False,True
2026-08-17,EUNN.DE,neural_recorrente,0.5434,up,0.5791,up,0.581,up,72.79000091552734,71.0199966430664,71.0199966430664,71.0199966430664,False,False,False,True
2026-08-17,EUNN.DE,neural_atencao,0.5434,up,0.5791,up,0.581,up,72.79000091552734,71.0199966430664,71.0199966430664,71.0199966430664,False,False,False,True
2026-08-17,EUNN.DE,bayesiano,0.5843,up,0.6391,up,0.8239,up,72.79000091552734,71.0199966430664,71.0199966430664,71.0199966430664,False,False,False,True
2026-08-17,EUNN.DE,generativo,0.5489,up,0.5375,up,0.5818,up,72.79000091552734,71.0199966430664,71.0199966430664,71.0199966430664,False,False,False,True
2026-08-17,EUNN.DE,reinforcement,0.2207,down,0.2227,down,0.263,down,72.79000091552734,71.0199966430664,71.0199966430664,71.0199966430664,True,True,True,True
2026-08-17,EUNN.DE,contrarian,0.4801,down,0.5247,up,0.4925,down,72.79000091552734,71.0199966430664,71.0199966430664,71.0199966430664,True,False,True,True
2026-08-17,EUNN.DE,eficiente,0.5434,up,0.5791,up,0.581,up,72.79000091552734,71.0199966430664,71.0199966430664,71.0199966430664,False,False,False,True
2026-08-17,EUNN.DE,foundation,0.4623,down,0.3861,down,0.504,up,72.79000091552734,71.0199966430664,71.0199966430664,71.0199966430664,True,True,False,True
2026-08-17,EUNN.DE,conformal,0.5761,up,0.6914,up,0.8118,up,72.79000091552734,71.0199966430664,71.0199966430664,71.0199966430664,False,False,False,True
2026-08-17,EUNN.DE,drift,0.519,up,0.5021,up,0.5045,up,72.79000091552734,71.0199966430664,71.0199966430664,71.0199966430664,False,False,False,True
2026-08-18,ICGA.DE,classico_avancado,0.5817,up,0.6133,up,0.7334,up,4.870999813079834,4.883999824523926,4.883999824523926,4.883999824523926,True,True,True,True
2026-08-18,ICGA.DE,estado_oculto,0.7655,up,0.1742,down,0.125,down,4.870999813079834,4.883999824523926,4.883999824523926,4.883999824523926,True,False,False,True
2026-08-18,ICGA.DE,series_temporais,0.5358,up,0.5159,up,0.4906,down,4.870999813079834,4.883999824523926,4.883999824523926,4.883999824523926,True,True,False,True
2026-08-18,ICGA.DE,neural_recorrente,0.5229,up,0.511,up,0.508,up,4.870999813079834,4.883999824523926,4.883999824523926,4.883999824523926,True,True,True,True
2026-08-18,ICGA.DE,neural_atencao,0.5229,up,0.511,up,0.508,up,4.870999813079834,4.883999824523926,4.883999824523926,4.883999824523926,True,True,True,True
2026-08-18,ICGA.DE,bayesiano,0.535,up,0.5056,up,0.4872,down,4.870999813079834,4.883999824523926,4.883999824523926,4.883999824523926,True,True,False,True
2026-08-18,ICGA.DE,generativo,0.5818,up,0.5878,up,0.5413,up,4.870999813079834,4.883999824523926,4.883999824523926,4.883999824523926,True,True,True,True
2026-08-18,ICGA.DE,reinforcement,0.7886,up,0.7621,up,0.2302,down,4.870999813079834,4.883999824523926,4.883999824523926,4.883999824523926,True,True,False,True
2026-08-18,ICGA.DE,contrarian,0.4803,down,0.4137,down,0.5967,up,4.870999813079834,4.883999824523926,4.883999824523926,4.883999824523926,False,False,True,True
2026-08-18,ICGA.DE,eficiente,0.5229,up,0.511,up,0.508,up,4.870999813079834,4.883999824523926,4.883999824523926,4.883999824523926,True,True,True,True
2026-08-18,ICGA.DE,foundation,0.6819,up,0.4073,down,0.622,up,4.870999813079834,4.883999824523926,4.883999824523926,4.883999824523926,True,False,True,True
2026-08-18,ICGA.DE,conformal,0.8316,up,0.9091,up,0.8171,up,4.870999813079834,4.883999824523926,4.883999824523926,4.883999824523926,True,True,True,True
2026-08-18,ICGA.DE,drift,0.535,up,0.5011,up,0.502,up,4.870999813079834,4.883999824523926,4.883999824523926,4.883999824523926,True,True,True,True
2026-08-18,PPFB.DE,classico_avancado,0.5071,up,0.8031,up,0.7275,up,73.04000091552734,74.61000061035156,74.61000061035156,74.61000061035156,True,True,True,True
2026-08-18,PPFB.DE,estado_oculto,0.7816,up,0.3713,down,0.4103,down,73.04000091552734,74.61000061035156,74.61000061035156,74.61000061035156,True,False,False,True
2026-08-18,PPFB.DE,series_temporais,0.5772,up,0.5998,up,0.633,up,73.04000091552734,74.61000061035156,74.61000061035156,74.61000061035156,True,True,True,True
2026-08-18,PPFB.DE,neural_recorrente,0.5819,up,0.5952,up,0.6086,up,73.04000091552734,74.61000061035156,74.61000061035156,74.61000061035156,True,True,True,True
2026-08-18,PPFB.DE,neural_atencao,0.5819,up,0.5952,up,0.6086,up,73.04000091552734,74.61000061035156,74.61000061035156,74.61000061035156,True,True,True,True
2026-08-18,PPFB.DE,bayesiano,0.5249,up,0.6404,up,0.5319,up,73.04000091552734,74.61000061035156,74.61000061035156,74.61000061035156,True,True,True,True
2026-08-18,PPFB.DE,generativo,0.5447,up,0.6222,up,0.5458,up,73.04000091552734,74.61000061035156,74.61000061035156,74.61000061035156,True,True,True,True
2026-08-18,PPFB.DE,reinforcement,0.2651,down,0.2186,down,0.2529,down,73.04000091552734,74.61000061035156,74.61000061035156,74.61000061035156,False,False,False,True
2026-08-18,PPFB.DE,contrarian,0.5111,up,0.5355,up,0.5706,up,73.04000091552734,74.61000061035156,74.61000061035156,74.61000061035156,True,True,True,True
2026-08-18,PPFB.DE,eficiente,0.5819,up,0.5952,up,0.6086,up,73.04000091552734,74.61000061035156,74.61000061035156,74.61000061035156,True,True,True,True
2026-08-18,PPFB.DE,foundation,0.5213,up,0.5468,up,0.5557,up,73.04000091552734,74.61000061035156,74.61000061035156,74.61000061035156,True,True,True,True
2026-08-18,PPFB.DE,conformal,0.6989,up,0.6,up,0.5743,up,73.04000091552734,74.61000061035156,74.61000061035156,74.61000061035156,True,True,True,True
2026-08-18,PPFB.DE,drift,0.5064,up,0.5139,up,0.5033,up,73.04000091552734,74.61000061035156,74.61000061035156,74.61000061035156,True,True,True,True
2026-08-18,SGLN.L,classico_avancado,0.5146,up,0.6818,up,0.752,up,73.00021010403741,74.73455277836712,74.73455277836712,74.73455277836712,True,True,True,True
2026-08-18,SGLN.L,estado_oculto,0.8109,up,0.8839,up,0.9185,up,73.00021010403741,74.73455277836712,74.73455277836712,74.73455277836712,True,True,True,True
2026-08-18,SGLN.L,series_temporais,0.6026,up,0.6142,up,0.6341,up,73.00021010403741,74.73455277836712,74.73455277836712,74.73455277836712,True,True,True,True
2026-08-18,SGLN.L,neural_recorrente,0.5799,up,0.6036,up,0.6151,up,73.00021010403741,74.73455277836712,74.73455277836712,74.73455277836712,True,True,True,True
2026-08-18,SGLN.L,neural_atencao,0.5799,up,0.6036,up,0.6151,up,73.00021010403741,74.73455277836712,74.73455277836712,74.73455277836712,True,True,True,True
2026-08-18,SGLN.L,bayesiano,0.5191,up,0.5132,up,0.4935,down,73.00021010403741,74.73455277836712,74.73455277836712,74.73455277836712,True,True,False,True
2026-08-18,SGLN.L,generativo,0.6009,up,0.4741,down,0.5702,up,73.00021010403741,74.73455277836712,74.73455277836712,74.73455277836712,True,False,True,True
2026-08-18,SGLN.L,reinforcement,0.2261,down,0.269,down,0.263,down,73.00021010403741,74.73455277836712,74.73455277836712,74.73455277836712,False,False,False,True
2026-08-18,SGLN.L,contrarian,0.5368,up,0.5691,up,0.5637,up,73.00021010403741,74.73455277836712,74.73455277836712,74.73455277836712,True,True,True,True
2026-08-18,SGLN.L,eficiente,0.5799,up,0.6036,up,0.6151,up,73.00021010403741,74.73455277836712,74.73455277836712,74.73455277836712,True,True,True,True
2026-08-18,SGLN.L,foundation,0.4866,down,0.4357,down,0.5601,up,73.00021010403741,74.73455277836712,74.73455277836712,74.73455277836712,False,False,True,True
2026-08-18,SGLN.L,conformal,0.5111,up,0.5806,up,0.6286,up,73.00021010403741,74.73455277836712,74.73455277836712,74.73455277836712,True,True,True,True
2026-08-18,SGLN.L,drift,0.5014,up,0.5084,up,0.5129,up,73.00021010403741,74.73455277836712,74.73455277836712,74.73455277836712,True,True,True,True
2026-08-18,EXUS.MI,classico_avancado,0.3499,down,0.5325,up,0.4473,down,40.32500076293945,40.209999084472656,40.209999084472656,40.209999084472656,True,False,True,True
2026-08-18,EXUS.MI,estado_oculto,0.3051,down,0.368,down,0.4108,down,40.32500076293945,40.209999084472656,40.209999084472656,40.209999084472656,True,True,True,True
2026-08-18,EXUS.MI,series_temporais,0.5735,up,0.5947,up,0.6188,up,40.32500076293945,40.209999084472656,40.209999084472656,40.209999084472656,False,False,False,True
2026-08-18,EXUS.MI,neural_recorrente,0.5795,up,0.6172,up,0.6348,up,40.32500076293945,40.209999084472656,40.209999084472656,40.209999084472656,False,False,False,True
2026-08-18,EXUS.MI,neural_atencao,0.5795,up,0.6172,up,0.6348,up,40.32500076293945,40.209999084472656,40.209999084472656,40.209999084472656,False,False,False,True
2026-08-18,EXUS.MI,bayesiano,0.472,down,0.4651,down,0.4934,down,40.32500076293945,40.209999084472656,40.209999084472656,40.209999084472656,True,True,True,True
2026-08-18,EXUS.MI,generativo,0.6018,up,0.6971,up,0.5658,up,40.32500076293945,40.209999084472656,40.209999084472656,40.209999084472656,False,False,False,True
2026-08-18,EXUS.MI,reinforcement,0.2448,down,0.2732,down,0.2677,down,40.32500076293945,40.209999084472656,40.209999084472656,40.209999084472656,True,True,True,True
2026-08-18,EXUS.MI,contrarian,0.5845,up,0.5776,up,0.6311,up,40.32500076293945,40.209999084472656,40.209999084472656,40.209999084472656,False,False,False,True
2026-08-18,EXUS.MI,eficiente,0.5795,up,0.6172,up,0.6348,up,40.32500076293945,40.209999084472656,40.209999084472656,40.209999084472656,False,False,False,True
2026-08-18,EXUS.MI,foundation,0.4197,down,0.5448,up,0.4899,down,40.32500076293945,40.209999084472656,40.209999084472656,40.209999084472656,True,False,True,True
2026-08-18,EXUS.MI,conformal,0.4658,down,0.3077,down,0.5,up,40.32500076293945,40.209999084472656,40.209999084472656,40.209999084472656,True,True,False,True
2026-08-18,EXUS.MI,drift,0.4954,down,0.4989,down,0.5002,up,40.32500076293945,40.209999084472656,40.209999084472656,40.209999084472656,True,True,False,True
2026-08-18,LYP6.DE,classico_avancado,0.6507,up,0.5958,up,0.5879,up,321.0,320.6499938964844,320.6499938964844,320.6499938964844,False,False,False,True
2026-08-18,LYP6.DE,estado_oculto,0.305,down,0.3659,down,0.6436,up,321.0,320.6499938964844,320.6499938964844,320.6499938964844,True,True,False,True
2026-08-18,LYP6.DE,series_temporais,0.5888,up,0.5841,up,0.6004,up,321.0,320.6499938964844,320.6499938964844,320.6499938964844,False,False,False,True
2026-08-18,LYP6.DE,neural_recorrente,0.5745,up,0.602,up,0.6299,up,321.0,320.6499938964844,320.6499938964844,320.6499938964844,False,False,False,True
2026-08-18,LYP6.DE,neural_atencao,0.5745,up,0.602,up,0.6299,up,321.0,320.6499938964844,320.6499938964844,320.6499938964844,False,False,False,True
2026-08-18,LYP6.DE,bayesiano,0.5929,up,0.517,up,0.6595,up,321.0,320.6499938964844,320.6499938964844,320.6499938964844,False,False,False,True
2026-08-18,LYP6.DE,generativo,0.5561,up,0.5535,up,0.5542,up,321.0,320.6499938964844,320.6499938964844,320.6499938964844,False,False,False,True
2026-08-18,LYP6.DE,reinforcement,0.2232,down,0.2708,down,0.232,down,321.0,320.6499938964844,320.6499938964844,320.6499938964844,True,True,True,True
2026-08-18,LYP6.DE,contrarian,0.4987,down,0.572,up,0.6217,up,321.0,320.6499938964844,320.6499938964844,320.6499938964844,True,False,False,True
2026-08-18,LYP6.DE,eficiente,0.5745,up,0.602,up,0.6299,up,321.0,320.6499938964844,320.6499938964844,320.6499938964844,False,False,False,True
2026-08-18,LYP6.DE,foundation,0.483,down,0.5347,up,0.5699,up,321.0,320.6499938964844,320.6499938964844,320.6499938964844,True,False,False,True
2026-08-18,LYP6.DE,conformal,0.8,up,0.5057,up,0.5405,up,321.0,320.6499938964844,320.6499938964844,320.6499938964844,False,False,False,True
2026-08-18,LYP6.DE,drift,0.5008,up,0.4993,down,0.5005,up,321.0,320.6499938964844,320.6499938964844,320.6499938964844,False,True,False,True
2026-08-18,IS3N.DE,classico_avancado,0.7381,up,0.8367,up,0.8641,up,46.3849983215332,46.53400039672852,46.53400039672852,46.53400039672852,True,True,True,True
2026-08-18,IS3N.DE,estado_oculto,0.2576,down,0.367,down,0.4153,down,46.3849983215332,46.53400039672852,46.53400039672852,46.53400039672852,False,False,False,True
2026-08-18,IS3N.DE,series_temporais,0.5432,up,0.5745,up,0.5688,up,46.3849983215332,46.53400039672852,46.53400039672852,46.53400039672852,True,True,True,True
2026-08-18,IS3N.DE,neural_recorrente,0.5596,up,0.5943,up,0.5916,up,46.3849983215332,46.53400039672852,46.53400039672852,46.53400039672852,True,True,True,True
2026-08-18,IS3N.DE,neural_atencao,0.5596,up,0.5943,up,0.5916,up,46.3849983215332,46.53400039672852,46.53400039672852,46.53400039672852,True,True,True,True
2026-08-18,IS3N.DE,bayesiano,0.6055,up,0.6987,up,0.7134,up,46.3849983215332,46.53400039672852,46.53400039672852,46.53400039672852,True,True,True,True
2026-08-18,IS3N.DE,generativo,0.6371,up,0.6232,up,0.6211,up,46.3849983215332,46.53400039672852,46.53400039672852,46.53400039672852,True,True,True,True
2026-08-18,IS3N.DE,reinforcement,0.2729,down,0.2188,down,0.2452,down,46.3849983215332,46.53400039672852,46.53400039672852,46.53400039672852,False,False,False,True
2026-08-18,IS3N.DE,contrarian,0.4784,down,0.5324,up,0.4975,down,46.3849983215332,46.53400039672852,46.53400039672852,46.53400039672852,False,True,False,True
2026-08-18,IS3N.DE,eficiente,0.5596,up,0.5943,up,0.5916,up,46.3849983215332,46.53400039672852,46.53400039672852,46.53400039672852,True,True,True,True
2026-08-18,IS3N.DE,foundation,0.6231,up,0.5462,up,0.6111,up,46.3849983215332,46.53400039672852,46.53400039672852,46.53400039672852,True,True,True,True
2026-08-18,IS3N.DE,conformal,0.9255,up,0.8298,up,0.9468,up,46.3849983215332,46.53400039672852,46.53400039672852,46.53400039672852,True,True,True,True
2026-08-18,IS3N.DE,drift,0.5081,up,0.5122,up,0.5126,up,46.3849983215332,46.53400039672852,46.53400039672852,46.53400039672852,True,True,True,True
2026-08-18,EUNN.DE,classico_avancado,0.5359,up,0.6803,up,0.7224,up,71.0199966430664,70.2300033569336,70.2300033569336,70.2300033569336,False,False,False,True
2026-08-18,EUNN.DE,estado_oculto,0.2676,down,0.3596,down,0.3962,down,71.0199966430664,70.2300033569336,70.2300033569336,70.2300033569336,True,True,True,True
2026-08-18,EUNN.DE,series_temporais,0.5377,up,0.5618,up,0.5825,up,71.0199966430664,70.2300033569336,70.2300033569336,70.2300033569336,False,False,False,True
2026-08-18,EUNN.DE,neural_recorrente,0.5417,up,0.5791,up,0.5823,up,71.0199966430664,70.2300033569336,70.2300033569336,70.2300033569336,False,False,False,True
2026-08-18,EUNN.DE,neural_atencao,0.5417,up,0.5791,up,0.5823,up,71.0199966430664,70.2300033569336,70.2300033569336,70.2300033569336,False,False,False,True
2026-08-18,EUNN.DE,bayesiano,0.4537,down,0.6222,up,0.605,up,71.0199966430664,70.2300033569336,70.2300033569336,70.2300033569336,True,False,False,True
2026-08-18,EUNN.DE,generativo,0.5434,up,0.6105,up,0.5701,up,71.0199966430664,70.2300033569336,70.2300033569336,70.2300033569336,False,False,False,True
2026-08-18,EUNN.DE,reinforcement,0.7642,up,0.2465,down,0.2418,down,71.0199966430664,70.2300033569336,70.2300033569336,70.2300033569336,False,True,True,True
2026-08-18,EUNN.DE,contrarian,0.501,up,0.5224,up,0.5583,up,71.0199966430664,70.2300033569336,70.2300033569336,70.2300033569336,False,False,False,True
2026-08-18,EUNN.DE,eficiente,0.5417,up,0.5791,up,0.5823,up,71.0199966430664,70.2300033569336,70.2300033569336,70.2300033569336,False,False,False,True
2026-08-18,EUNN.DE,foundation,0.4278,down,0.3861,down,0.4215,down,71.0199966430664,70.2300033569336,70.2300033569336,70.2300033569336,True,True,True,True
2026-08-18,EUNN.DE,conformal,0.6022,up,0.6914,up,0.642,up,71.0199966430664,70.2300033569336,70.2300033569336,70.2300033569336,False,False,False,True
2026-08-18,EUNN.DE,drift,0.5129,up,0.502,up,0.5018,up,71.0199966430664,70.2300033569336,70.2300033569336,70.2300033569336,False,False,False,True
2026-08-19,ICGA.DE,classico_avancado,0.5817,up,0.6118,up,0.6476,up,4.883999824523926,4.862500190734863,4.862500190734863,4.862500190734863,False,False,False,True
2026-08-19,ICGA.DE,estado_oculto,0.7655,up,0.1742,down,0.125,down,4.883999824523926,4.862500190734863,4.862500190734863,4.862500190734863,False,True,True,True
2026-08-19,ICGA.DE,series_temporais,0.5358,up,0.5159,up,0.4906,down,4.883999824523926,4.862500190734863,4.862500190734863,4.862500190734863,False,False,True,True
2026-08-19,ICGA.DE,neural_recorrente,0.5229,up,0.511,up,0.508,up,4.883999824523926,4.862500190734863,4.862500190734863,4.862500190734863,False,False,False,True
2026-08-19,ICGA.DE,neural_atencao,0.5229,up,0.511,up,0.508,up,4.883999824523926,4.862500190734863,4.862500190734863,4.862500190734863,False,False,False,True
2026-08-19,ICGA.DE,bayesiano,0.5187,up,0.506,up,0.4432,down,4.883999824523926,4.862500190734863,4.862500190734863,4.862500190734863,False,False,True,True
2026-08-19,ICGA.DE,generativo,0.5818,up,0.6104,up,0.5549,up,4.883999824523926,4.862500190734863,4.862500190734863,4.862500190734863,False,False,False,True
2026-08-19,ICGA.DE,reinforcement,0.7886,up,0.2638,down,0.2435,down,4.883999824523926,4.862500190734863,4.862500190734863,4.862500190734863,False,True,True,True
2026-08-19,ICGA.DE,contrarian,0.4803,down,0.4161,down,0.5993,up,4.883999824523926,4.862500190734863,4.862500190734863,4.862500190734863,True,True,False,True
2026-08-19,ICGA.DE,eficiente,0.5229,up,0.511,up,0.508,up,4.883999824523926,4.862500190734863,4.862500190734863,4.862500190734863,False,False,False,True
2026-08-19,ICGA.DE,foundation,0.6653,up,0.5906,up,0.6054,up,4.883999824523926,4.862500190734863,4.862500190734863,4.862500190734863,False,False,False,True
2026-08-19,ICGA.DE,conformal,0.8316,up,0.8384,up,0.6706,up,4.883999824523926,4.862500190734863,4.862500190734863,4.862500190734863,False,False,False,True
2026-08-19,ICGA.DE,drift,0.535,up,0.5007,up,0.5011,up,4.883999824523926,4.862500190734863,4.862500190734863,4.862500190734863,False,False,False,True
2026-08-19,PPFB.DE,classico_avancado,0.6176,up,0.6531,up,0.6665,up,74.61000061035156,75.16000366210938,75.16000366210938,75.16000366210938,True,True,True,True
2026-08-19,PPFB.DE,estado_oculto,0.7816,up,0.8713,up,0.6387,up,74.61000061035156,75.16000366210938,75.16000366210938,75.16000366210938,True,True,True,True
2026-08-19,PPFB.DE,series_temporais,0.5772,up,0.5998,up,0.633,up,74.61000061035156,75.16000366210938,75.16000366210938,75.16000366210938,True,True,True,True
2026-08-19,PPFB.DE,neural_recorrente,0.5819,up,0.5952,up,0.6086,up,74.61000061035156,75.16000366210938,75.16000366210938,75.16000366210938,True,True,True,True
2026-08-19,PPFB.DE,neural_atencao,0.5819,up,0.5952,up,0.6086,up,74.61000061035156,75.16000366210938,75.16000366210938,75.16000366210938,True,True,True,True
2026-08-19,PPFB.DE,bayesiano,0.472,down,0.6154,up,0.541,up,74.61000061035156,75.16000366210938,75.16000366210938,75.16000366210938,False,True,True,True
2026-08-19,PPFB.DE,generativo,0.5515,up,0.5788,up,0.5627,up,74.61000061035156,75.16000366210938,75.16000366210938,75.16000366210938,True,True,True,True
2026-08-19,PPFB.DE,reinforcement,0.2642,down,0.218,down,0.265,down,74.61000061035156,75.16000366210938,75.16000366210938,75.16000366210938,False,False,False,True
2026-08-19,PPFB.DE,contrarian,0.4889,down,0.5331,up,0.5844,up,74.61000061035156,75.16000366210938,75.16000366210938,75.16000366210938,False,True,True,True
2026-08-19,PPFB.DE,eficiente,0.5819,up,0.5952,up,0.6086,up,74.61000061035156,75.16000366210938,75.16000366210938,75.16000366210938,True,True,True,True
2026-08-19,PPFB.DE,foundation,0.5713,up,0.5801,up,0.5224,up,74.61000061035156,75.16000366210938,75.16000366210938,75.16000366210938,True,True,True,True
2026-08-19,PPFB.DE,conformal,0.6374,up,0.567,up,0.5545,up,74.61000061035156,75.16000366210938,75.16000366210938,75.16000366210938,True,True,True,True
2026-08-19,PPFB.DE,drift,0.5091,up,0.5102,up,0.5026,up,74.61000061035156,75.16000366210938,75.16000366210938,75.16000366210938,True,True,True,True
2026-08-19,SGLN.L,classico_avancado,0.551,up,0.714,up,0.7653,up,74.73455277836712,75.07791288083266,75.07791288083266,75.07791288083266,True,True,True,True
2026-08-19,SGLN.L,estado_oculto,0.8109,up,0.8839,up,0.6295,up,74.73455277836712,75.07791288083266,75.07791288083266,75.07791288083266,True,True,True,True
2026-08-19,SGLN.L,series_temporais,0.6026,up,0.6142,up,0.6341,up,74.73455277836712,75.07791288083266,75.07791288083266,75.07791288083266,True,True,True,True
2026-08-19,SGLN.L,neural_recorrente,0.5799,up,0.6036,up,0.6151,up,74.73455277836712,75.07791288083266,75.07791288083266,75.07791288083266,True,True,True,True
2026-08-19,SGLN.L,neural_atencao,0.5799,up,0.6036,up,0.6151,up,74.73455277836712,75.07791288083266,75.07791288083266,75.07791288083266,True,True,True,True
2026-08-19,SGLN.L,bayesiano,0.5408,up,0.5906,up,0.471,down,74.73455277836712,75.07791288083266,75.07791288083266,75.07791288083266,True,True,False,True
2026-08-19,SGLN.L,generativo,0.6269,up,0.4937,down,0.5675,up,74.73455277836712,75.07791288083266,75.07791288083266,75.07791288083266,True,False,True,True
2026-08-19,SGLN.L,reinforcement,0.2172,down,0.2909,down,0.2628,down,74.73455277836712,75.07791288083266,75.07791288083266,75.07791288083266,False,False,False,True
2026-08-19,SGLN.L,contrarian,0.5535,up,0.5956,up,0.5742,up,74.73455277836712,75.07791288083266,75.07791288083266,75.07791288083266,True,True,True,True
2026-08-19,SGLN.L,eficiente,0.5799,up,0.6036,up,0.6151,up,74.73455277836712,75.07791288083266,75.07791288083266,75.07791288083266,True,True,True,True
2026-08-19,SGLN.L,foundation,0.4366,down,0.5024,up,0.4101,down,74.73455277836712,75.07791288083266,75.07791288083266,75.07791288083266,False,True,False,True
2026-08-19,SGLN.L,conformal,0.5376,up,0.5111,up,0.6078,up,74.73455277836712,75.07791288083266,75.07791288083266,75.07791288083266,True,True,True,True
2026-08-19,SGLN.L,drift,0.5009,up,0.5076,up,0.5077,up,74.73455277836712,75.07791288083266,75.07791288083266,75.07791288083266,True,True,True,True
2026-08-19,EXUS.MI,classico_avancado,0.3537,down,0.5478,up,0.5092,up,40.209999084472656,40.09000015258789,40.09000015258789,40.09000015258789,True,False,False,True
2026-08-19,EXUS.MI,estado_oculto,0.2774,down,0.2162,down,0.4108,down,40.209999084472656,40.09000015258789,40.09000015258789,40.09000015258789,True,True,True,True
2026-08-19,EXUS.MI,series_temporais,0.5735,up,0.5947,up,0.6188,up,40.209999084472656,40.09000015258789,40.09000015258789,40.09000015258789,False,False,False,True
2026-08-19,EXUS.MI,neural_recorrente,0.5795,up,0.6172,up,0.6348,up,40.209999084472656,40.09000015258789,40.09000015258789,40.09000015258789,False,False,False,True
2026-08-19,EXUS.MI,neural_atencao,0.5795,up,0.6172,up,0.6348,up,40.209999084472656,40.09000015258789,40.09000015258789,40.09000015258789,False,False,False,True
2026-08-19,EXUS.MI,bayesiano,0.4753,down,0.4851,down,0.4897,down,40.209999084472656,40.09000015258789,40.09000015258789,40.09000015258789,True,True,True,True
2026-08-19,EXUS.MI,generativo,0.5824,up,0.6656,up,0.5781,up,40.209999084472656,40.09000015258789,40.09000015258789,40.09000015258789,False,False,False,True
2026-08-19,EXUS.MI,reinforcement,0.2533,down,0.272,down,0.2691,down,40.209999084472656,40.09000015258789,40.09000015258789,40.09000015258789,True,True,True,True
2026-08-19,EXUS.MI,contrarian,0.5789,up,0.553,up,0.6224,up,40.209999084472656,40.09000015258789,40.09000015258789,40.09000015258789,False,False,False,True
2026-08-19,EXUS.MI,eficiente,0.5795,up,0.6172,up,0.6348,up,40.209999084472656,40.09000015258789,40.09000015258789,40.09000015258789,False,False,False,True
2026-08-19,EXUS.MI,foundation,0.403,down,0.4948,down,0.5232,up,40.209999084472656,40.09000015258789,40.09000015258789,40.09000015258789,True,True,False,True
2026-08-19,EXUS.MI,conformal,0.3205,down,0.3165,down,0.5972,up,40.209999084472656,40.09000015258789,40.09000015258789,40.09000015258789,True,True,False,True
2026-08-19,EXUS.MI,drift,0.4936,down,0.5054,up,0.5008,up,40.209999084472656,40.09000015258789,40.09000015258789,40.09000015258789,True,False,False,True
2026-08-19,LYP6.DE,classico_avancado,0.6424,up,0.6003,up,0.6101,up,320.6499938964844,320.1499938964844,320.1499938964844,320.1499938964844,False,False,False,True
2026-08-19,LYP6.DE,estado_oculto,0.299,down,0.2059,down,0.8773,up,320.6499938964844,320.1499938964844,320.1499938964844,320.1499938964844,True,True,False,True
2026-08-19,LYP6.DE,series_temporais,0.5888,up,0.5841,up,0.6004,up,320.6499938964844,320.1499938964844,320.1499938964844,320.1499938964844,False,False,False,True
2026-08-19,LYP6.DE,neural_recorrente,0.5745,up,0.602,up,0.6299,up,320.6499938964844,320.1499938964844,320.1499938964844,320.1499938964844,False,False,False,True
2026-08-19,LYP6.DE,neural_atencao,0.5745,up,0.602,up,0.6299,up,320.6499938964844,320.1499938964844,320.1499938964844,320.1499938964844,False,False,False,True
2026-08-19,LYP6.DE,bayesiano,0.629,up,0.4481,down,0.6464,up,320.6499938964844,320.1499938964844,320.1499938964844,320.1499938964844,False,True,False,True
2026-08-19,LYP6.DE,generativo,0.555,up,0.5659,up,0.5619,up,320.6499938964844,320.1499938964844,320.1499938964844,320.1499938964844,False,False,False,True
2026-08-19,LYP6.DE,reinforcement,0.2312,down,0.2736,down,0.2362,down,320.6499938964844,320.1499938964844,320.1499938964844,320.1499938964844,True,True,True,True
2026-08-19,LYP6.DE,contrarian,0.4979,down,0.5568,up,0.6189,up,320.6499938964844,320.1499938964844,320.1499938964844,320.1499938964844,True,False,False,True
2026-08-19,LYP6.DE,eficiente,0.5745,up,0.602,up,0.6299,up,320.6499938964844,320.1499938964844,320.1499938964844,320.1499938964844,False,False,False,True
2026-08-19,LYP6.DE,foundation,0.5663,up,0.5847,up,0.5532,up,320.6499938964844,320.1499938964844,320.1499938964844,320.1499938964844,False,False,False,True
2026-08-19,LYP6.DE,conformal,0.7391,up,0.4884,down,0.4393,down,320.6499938964844,320.1499938964844,320.1499938964844,320.1499938964844,False,True,True,True
2026-08-19,LYP6.DE,drift,0.5022,up,0.5001,up,0.5004,up,320.6499938964844,320.1499938964844,320.1499938964844,320.1499938964844,False,False,False,True
2026-08-19,IS3N.DE,classico_avancado,0.708,up,0.6753,up,0.9006,up,46.53400039672852,46.62099838256836,46.62099838256836,46.62099838256836,True,True,True,True
2026-08-19,IS3N.DE,estado_oculto,0.2988,down,0.1977,down,0.4153,down,46.53400039672852,46.62099838256836,46.62099838256836,46.62099838256836,False,False,False,True
2026-08-19,IS3N.DE,series_temporais,0.5432,up,0.5745,up,0.5688,up,46.53400039672852,46.62099838256836,46.62099838256836,46.62099838256836,True,True,True,True
2026-08-19,IS3N.DE,neural_recorrente,0.5596,up,0.5943,up,0.5916,up,46.53400039672852,46.62099838256836,46.62099838256836,46.62099838256836,True,True,True,True
2026-08-19,IS3N.DE,neural_atencao,0.5596,up,0.5943,up,0.5916,up,46.53400039672852,46.62099838256836,46.62099838256836,46.62099838256836,True,True,True,True
2026-08-19,IS3N.DE,bayesiano,0.6391,up,0.645,up,0.7613,up,46.53400039672852,46.62099838256836,46.62099838256836,46.62099838256836,True,True,True,True
2026-08-19,IS3N.DE,generativo,0.6168,up,0.612,up,0.6615,up,46.53400039672852,46.62099838256836,46.62099838256836,46.62099838256836,True,True,True,True
2026-08-19,IS3N.DE,reinforcement,0.2677,down,0.2198,down,0.2515,down,46.53400039672852,46.62099838256836,46.62099838256836,46.62099838256836,False,False,False,True
2026-08-19,IS3N.DE,contrarian,0.4914,down,0.5478,up,0.486,down,46.53400039672852,46.62099838256836,46.62099838256836,46.62099838256836,False,True,False,True
2026-08-19,IS3N.DE,eficiente,0.5596,up,0.5943,up,0.5916,up,46.53400039672852,46.62099838256836,46.62099838256836,46.62099838256836,True,True,True,True
2026-08-19,IS3N.DE,foundation,0.5397,up,0.5629,up,0.5611,up,46.53400039672852,46.62099838256836,46.62099838256836,46.62099838256836,True,True,True,True
2026-08-19,IS3N.DE,conformal,0.914,up,0.8764,up,0.9247,up,46.53400039672852,46.62099838256836,46.62099838256836,46.62099838256836,True,True,True,True
2026-08-19,IS3N.DE,drift,0.5071,up,0.5076,up,0.5149,up,46.53400039672852,46.62099838256836,46.62099838256836,46.62099838256836,True,True,True,True
2026-08-19,EUNN.DE,classico_avancado,0.6473,up,0.7059,up,0.7863,up,70.2300033569336,69.97000122070312,69.97000122070312,69.97000122070312,False,False,False,True
2026-08-19,EUNN.DE,estado_oculto,0.2722,down,0.192,down,0.3962,down,70.2300033569336,69.97000122070312,69.97000122070312,69.97000122070312,True,True,True,True
2026-08-19,EUNN.DE,series_temporais,0.5377,up,0.5618,up,0.5825,up,70.2300033569336,69.97000122070312,69.97000122070312,69.97000122070312,False,False,False,True
2026-08-19,EUNN.DE,neural_recorrente,0.5417,up,0.5791,up,0.5823,up,70.2300033569336,69.97000122070312,69.97000122070312,69.97000122070312,False,False,False,True
2026-08-19,EUNN.DE,neural_atencao,0.5417,up,0.5791,up,0.5823,up,70.2300033569336,69.97000122070312,69.97000122070312,69.97000122070312,False,False,False,True
2026-08-19,EUNN.DE,bayesiano,0.4715,down,0.5979,up,0.7376,up,70.2300033569336,69.97000122070312,69.97000122070312,69.97000122070312,True,False,False,True
2026-08-19,EUNN.DE,generativo,0.5504,up,0.6443,up,0.5788,up,70.2300033569336,69.97000122070312,69.97000122070312,69.97000122070312,False,False,False,True
2026-08-19,EUNN.DE,reinforcement,0.7622,up,0.2455,down,0.2357,down,70.2300033569336,69.97000122070312,69.97000122070312,69.97000122070312,False,True,True,True
2026-08-19,EUNN.DE,contrarian,0.498,down,0.5199,up,0.5649,up,70.2300033569336,69.97000122070312,69.97000122070312,69.97000122070312,True,False,False,True
2026-08-19,EUNN.DE,eficiente,0.5417,up,0.5791,up,0.5823,up,70.2300033569336,69.97000122070312,69.97000122070312,69.97000122070312,False,False,False,True
2026-08-19,EUNN.DE,foundation,0.4611,down,0.4527,down,0.3882,down,70.2300033569336,69.97000122070312,69.97000122070312,69.97000122070312,True,True,True,True
2026-08-19,EUNN.DE,conformal,0.6237,up,0.75,up,0.7614,up,70.2300033569336,69.97000122070312,69.97000122070312,69.97000122070312,False,False,False,True
2026-08-19,EUNN.DE,drift,0.4991,down,0.5028,up,0.5018,up,70.2300033569336,69.97000122070312,69.97000122070312,69.97000122070312,True,False,False,True
2026-08-20,ICGA.DE,classico_avancado,0.5817,up,0.6117,up,0.7335,up,4.862500190734863,4.8979997634887695,4.8979997634887695,4.8979997634887695,True,True,True,True
2026-08-20,ICGA.DE,estado_oculto,0.7655,up,0.1742,down,0.125,down,4.862500190734863,4.8979997634887695,4.8979997634887695,4.8979997634887695,True,False,False,True
2026-08-20,ICGA.DE,series_temporais,0.5358,up,0.5159,up,0.4906,down,4.862500190734863,4.8979997634887695,4.8979997634887695,4.8979997634887695,True,True,False,True
2026-08-20,ICGA.DE,neural_recorrente,0.5229,up,0.511,up,0.508,up,4.862500190734863,4.8979997634887695,4.8979997634887695,4.8979997634887695,True,True,True,True
2026-08-20,ICGA.DE,neural_atencao,0.5229,up,0.511,up,0.508,up,4.862500190734863,4.8979997634887695,4.8979997634887695,4.8979997634887695,True,True,True,True
2026-08-20,ICGA.DE,bayesiano,0.56,up,0.5241,up,0.4717,down,4.862500190734863,4.8979997634887695,4.8979997634887695,4.8979997634887695,True,True,False,True
2026-08-20,ICGA.DE,generativo,0.5814,up,0.6102,up,0.5413,up,4.862500190734863,4.8979997634887695,4.8979997634887695,4.8979997634887695,True,True,True,True
2026-08-20,ICGA.DE,reinforcement,0.7885,up,0.2638,down,0.2302,down,4.862500190734863,4.8979997634887695,4.8979997634887695,4.8979997634887695,True,False,False,True
2026-08-20,ICGA.DE,contrarian,0.4803,down,0.4161,down,0.5967,up,4.862500190734863,4.8979997634887695,4.8979997634887695,4.8979997634887695,False,False,True,True
2026-08-20,ICGA.DE,eficiente,0.5229,up,0.511,up,0.508,up,4.862500190734863,4.8979997634887695,4.8979997634887695,4.8979997634887695,True,True,True,True
2026-08-20,ICGA.DE,foundation,0.6819,up,0.574,up,0.5887,up,4.862500190734863,4.8979997634887695,4.8979997634887695,4.8979997634887695,True,True,True,True
2026-08-20,ICGA.DE,conformal,0.8316,up,0.8384,up,0.8171,up,4.862500190734863,4.8979997634887695,4.8979997634887695,4.8979997634887695,True,True,True,True
2026-08-20,ICGA.DE,drift,0.535,up,0.5007,up,0.502,up,4.862500190734863,4.8979997634887695,4.8979997634887695,4.8979997634887695,True,True,True,True
2026-08-20,PPFB.DE,classico_avancado,0.5702,up,0.6816,up,0.6452,up,75.16000366210938,76.53500366210938,76.53500366210938,76.53500366210938,True,True,True,True
2026-08-20,PPFB.DE,estado_oculto,0.8024,up,0.8713,up,0.9103,up,75.16000366210938,76.53500366210938,76.53500366210938,76.53500366210938,True,True,True,True
2026-08-20,PPFB.DE,series_temporais,0.5772,up,0.5998,up,0.633,up,75.16000366210938,76.53500366210938,76.53500366210938,76.53500366210938,True,True,True,True
2026-08-20,PPFB.DE,neural_recorrente,0.5819,up,0.5952,up,0.6086,up,75.16000366210938,76.53500366210938,76.53500366210938,76.53500366210938,True,True,True,True
2026-08-20,PPFB.DE,neural_atencao,0.5819,up,0.5952,up,0.6086,up,75.16000366210938,76.53500366210938,76.53500366210938,76.53500366210938,True,True,True,True
2026-08-20,PPFB.DE,bayesiano,0.4627,down,0.6769,up,0.6547,up,75.16000366210938,76.53500366210938,76.53500366210938,76.53500366210938,False,True,True,True
2026-08-20,PPFB.DE,generativo,0.5785,up,0.6022,up,0.5973,up,75.16000366210938,76.53500366210938,76.53500366210938,76.53500366210938,True,True,True,True
2026-08-20,PPFB.DE,reinforcement,0.2714,down,0.2198,down,0.2571,down,75.16000366210938,76.53500366210938,76.53500366210938,76.53500366210938,False,False,False,True
2026-08-20,PPFB.DE,contrarian,0.5089,up,0.539,up,0.5886,up,75.16000366210938,76.53500366210938,76.53500366210938,76.53500366210938,True,True,True,True
2026-08-20,PPFB.DE,eficiente,0.5819,up,0.5952,up,0.6086,up,75.16000366210938,76.53500366210938,76.53500366210938,76.53500366210938,True,True,True,True
2026-08-20,PPFB.DE,foundation,0.5046,up,0.5134,up,0.6224,up,75.16000366210938,76.53500366210938,76.53500366210938,76.53500366210938,True,True,True,True
2026-08-20,PPFB.DE,conformal,0.587,up,0.64,up,0.5455,up,75.16000366210938,76.53500366210938,76.53500366210938,76.53500366210938,True,True,True,True
2026-08-20,PPFB.DE,drift,0.5014,up,0.5118,up,0.5023,up,75.16000366210938,76.53500366210938,76.53500366210938,76.53500366210938,True,True,True,True
2026-08-20,SGLN.L,classico_avancado,0.6604,up,0.5721,up,0.7763,up,75.07791288083266,76.57336458655872,76.57336458655872,76.57336458655872,True,True,True,True
2026-08-20,SGLN.L,estado_oculto,0.7589,up,0.8839,up,0.9185,up,75.07791288083266,76.57336458655872,76.57336458655872,76.57336458655872,True,True,True,True
2026-08-20,SGLN.L,series_temporais,0.6026,up,0.6142,up,0.6341,up,75.07791288083266,76.57336458655872,76.57336458655872,76.57336458655872,True,True,True,True
2026-08-20,SGLN.L,neural_recorrente,0.5799,up,0.6036,up,0.6151,up,75.07791288083266,76.57336458655872,76.57336458655872,76.57336458655872,True,True,True,True
2026-08-20,SGLN.L,neural_atencao,0.5799,up,0.6036,up,0.6151,up,75.07791288083266,76.57336458655872,76.57336458655872,76.57336458655872,True,True,True,True
2026-08-20,SGLN.L,bayesiano,0.5178,up,0.6036,up,0.5235,up,75.07791288083266,76.57336458655872,76.57336458655872,76.57336458655872,True,True,True,True
2026-08-20,SGLN.L,generativo,0.5993,up,0.5173,up,0.6148,up,75.07791288083266,76.57336458655872,76.57336458655872,76.57336458655872,True,True,True,True
2026-08-20,SGLN.L,reinforcement,0.2162,down,0.2849,down,0.2559,down,75.07791288083266,76.57336458655872,76.57336458655872,76.57336458655872,False,False,False,True
2026-08-20,SGLN.L,contrarian,0.5492,up,0.5845,up,0.5685,up,75.07791288083266,76.57336458655872,76.57336458655872,76.57336458655872,True,True,True,True
2026-08-20,SGLN.L,eficiente,0.5799,up,0.6036,up,0.6151,up,75.07791288083266,76.57336458655872,76.57336458655872,76.57336458655872,True,True,True,True
2026-08-20,SGLN.L,foundation,0.52,up,0.4357,down,0.4101,down,75.07791288083266,76.57336458655872,76.57336458655872,76.57336458655872,True,False,False,True
2026-08-20,SGLN.L,conformal,0.5275,up,0.5281,up,0.6117,up,75.07791288083266,76.57336458655872,76.57336458655872,76.57336458655872,True,True,True,True
2026-08-20,SGLN.L,drift,0.5009,up,0.508,up,0.5096,up,75.07791288083266,76.57336458655872,76.57336458655872,76.57336458655872,True,True,True,True
2026-08-20,EXUS.MI,classico_avancado,0.6998,up,0.5704,up,0.5539,up,40.09000015258789,40.33000183105469,40.33000183105469,40.33000183105469,True,True,True,True
2026-08-20,EXUS.MI,estado_oculto,0.3051,down,0.368,down,0.1589,down,40.09000015258789,40.33000183105469,40.33000183105469,40.33000183105469,False,False,False,True
2026-08-20,EXUS.MI,series_temporais,0.5735,up,0.5947,up,0.6188,up,40.09000015258789,40.33000183105469,40.33000183105469,40.33000183105469,True,True,True,True
2026-08-20,EXUS.MI,neural_recorrente,0.5795,up,0.6172,up,0.6348,up,40.09000015258789,40.33000183105469,40.33000183105469,40.33000183105469,True,True,True,True
2026-08-20,EXUS.MI,neural_atencao,0.5795,up,0.6172,up,0.6348,up,40.09000015258789,40.33000183105469,40.33000183105469,40.33000183105469,True,True,True,True
2026-08-20,EXUS.MI,bayesiano,0.6036,up,0.43,down,0.4672,down,40.09000015258789,40.33000183105469,40.33000183105469,40.33000183105469,True,False,False,True
2026-08-20,EXUS.MI,generativo,0.5841,up,0.6562,up,0.5657,up,40.09000015258789,40.33000183105469,40.33000183105469,40.33000183105469,True,True,True,True
2026-08-20,EXUS.MI,reinforcement,0.2412,down,0.28,down,0.2535,down,40.09000015258789,40.33000183105469,40.33000183105469,40.33000183105469,False,False,False,True
2026-08-20,EXUS.MI,contrarian,0.508,up,0.5668,up,0.5993,up,40.09000015258789,40.33000183105469,40.33000183105469,40.33000183105469,True,True,True,True
2026-08-20,EXUS.MI,eficiente,0.5795,up,0.6172,up,0.6348,up,40.09000015258789,40.33000183105469,40.33000183105469,40.33000183105469,True,True,True,True
2026-08-20,EXUS.MI,foundation,0.4697,down,0.5782,up,0.4899,down,40.09000015258789,40.33000183105469,40.33000183105469,40.33000183105469,False,True,False,True
2026-08-20,EXUS.MI,conformal,0.8395,up,0.3077,down,0.7162,up,40.09000015258789,40.33000183105469,40.33000183105469,40.33000183105469,True,False,True,True
2026-08-20,EXUS.MI,drift,0.5123,up,0.5057,up,0.5019,up,40.09000015258789,40.33000183105469,40.33000183105469,40.33000183105469,True,True,True,True
2026-08-20,LYP6.DE,classico_avancado,0.6473,up,0.5831,up,0.6429,up,320.1499938964844,322.3999938964844,322.3999938964844,322.3999938964844,True,True,True,True
2026-08-20,LYP6.DE,estado_oculto,0.2984,down,0.2059,down,0.5833,up,320.1499938964844,322.3999938964844,322.3999938964844,322.3999938964844,False,False,True,True
2026-08-20,LYP6.DE,series_temporais,0.5888,up,0.5841,up,0.6004,up,320.1499938964844,322.3999938964844,322.3999938964844,322.3999938964844,True,True,True,True
2026-08-20,LYP6.DE,neural_recorrente,0.5745,up,0.602,up,0.6299,up,320.1499938964844,322.3999938964844,322.3999938964844,322.3999938964844,True,True,True,True
2026-08-20,LYP6.DE,neural_atencao,0.5745,up,0.602,up,0.6299,up,320.1499938964844,322.3999938964844,322.3999938964844,322.3999938964844,True,True,True,True
2026-08-20,LYP6.DE,bayesiano,0.6248,up,0.6897,up,0.5279,up,320.1499938964844,322.3999938964844,322.3999938964844,322.3999938964844,True,True,True,True
2026-08-20,LYP6.DE,generativo,0.5399,up,0.5404,up,0.5545,up,320.1499938964844,322.3999938964844,322.3999938964844,322.3999938964844,True,True,True,True
2026-08-20,LYP6.DE,reinforcement,0.237,down,0.273,down,0.2465,down,320.1499938964844,322.3999938964844,322.3999938964844,322.3999938964844,False,False,False,True
2026-08-20,LYP6.DE,contrarian,0.4716,down,0.5625,up,0.5998,up,320.1499938964844,322.3999938964844,322.3999938964844,322.3999938964844,False,True,True,True
2026-08-20,LYP6.DE,eficiente,0.5745,up,0.602,up,0.6299,up,320.1499938964844,322.3999938964844,322.3999938964844,322.3999938964844,True,True,True,True
2026-08-20,LYP6.DE,foundation,0.683,up,0.6847,up,0.5366,up,320.1499938964844,322.3999938964844,322.3999938964844,322.3999938964844,True,True,True,True
2026-08-20,LYP6.DE,conformal,0.6517,up,0.4138,down,0.3558,down,320.1499938964844,322.3999938964844,322.3999938964844,322.3999938964844,True,False,False,True
2026-08-20,LYP6.DE,drift,0.5046,up,0.4991,down,0.5012,up,320.1499938964844,322.3999938964844,322.3999938964844,322.3999938964844,True,False,True,True
2026-08-20,IS3N.DE,classico_avancado,0.708,up,0.8495,up,0.8363,up,46.62099838256836,47.15399932861328,47.15399932861328,47.15399932861328,True,True,True,True
2026-08-20,IS3N.DE,estado_oculto,0.2988,down,0.367,down,0.126,down,46.62099838256836,47.15399932861328,47.15399932861328,47.15399932861328,False,False,False,True
2026-08-20,IS3N.DE,series_temporais,0.5432,up,0.5745,up,0.5688,up,46.62099838256836,47.15399932861328,47.15399932861328,47.15399932861328,True,True,True,True
2026-08-20,IS3N.DE,neural_recorrente,0.5596,up,0.5943,up,0.5916,up,46.62099838256836,47.15399932861328,47.15399932861328,47.15399932861328,True,True,True,True
2026-08-20,IS3N.DE,neural_atencao,0.5596,up,0.5943,up,0.5916,up,46.62099838256836,47.15399932861328,47.15399932861328,47.15399932861328,True,True,True,True
2026-08-20,IS3N.DE,bayesiano,0.6412,up,0.7358,up,0.7065,up,46.62099838256836,47.15399932861328,47.15399932861328,47.15399932861328,True,True,True,True
2026-08-20,IS3N.DE,generativo,0.6167,up,0.6264,up,0.6134,up,46.62099838256836,47.15399932861328,47.15399932861328,47.15399932861328,True,True,True,True
2026-08-20,IS3N.DE,reinforcement,0.2677,down,0.2196,down,0.2443,down,46.62099838256836,47.15399932861328,47.15399932861328,47.15399932861328,False,False,False,True
2026-08-20,IS3N.DE,contrarian,0.4914,down,0.517,up,0.4954,down,46.62099838256836,47.15399932861328,47.15399932861328,47.15399932861328,False,True,False,True
2026-08-20,IS3N.DE,eficiente,0.5596,up,0.5943,up,0.5916,up,46.62099838256836,47.15399932861328,47.15399932861328,47.15399932861328,True,True,True,True
2026-08-20,IS3N.DE,foundation,0.4731,down,0.5629,up,0.5778,up,46.62099838256836,47.15399932861328,47.15399932861328,47.15399932861328,False,True,True,True
2026-08-20,IS3N.DE,conformal,0.914,up,0.8913,up,0.913,up,46.62099838256836,47.15399932861328,47.15399932861328,47.15399932861328,True,True,True,True
2026-08-20,IS3N.DE,drift,0.5071,up,0.5148,up,0.5135,up,46.62099838256836,47.15399932861328,47.15399932861328,47.15399932861328,True,True,True,True
2026-08-20,EUNN.DE,classico_avancado,0.8279,up,0.6264,up,0.6745,up,69.97000122070312,70.33999633789062,70.33999633789062,70.33999633789062,True,True,True,True
2026-08-20,EUNN.DE,estado_oculto,0.2676,down,0.3596,down,0.1439,down,69.97000122070312,70.33999633789062,70.33999633789062,70.33999633789062,False,False,False,True
2026-08-20,EUNN.DE,series_temporais,0.5377,up,0.5618,up,0.5825,up,69.97000122070312,70.33999633789062,70.33999633789062,70.33999633789062,True,True,True,True
2026-08-20,EUNN.DE,neural_recorrente,0.5417,up,0.5791,up,0.5823,up,69.97000122070312,70.33999633789062,70.33999633789062,70.33999633789062,True,True,True,True
2026-08-20,EUNN.DE,neural_atencao,0.5417,up,0.5791,up,0.5823,up,69.97000122070312,70.33999633789062,70.33999633789062,70.33999633789062,True,True,True,True
2026-08-20,EUNN.DE,bayesiano,0.5693,up,0.4771,down,0.7138,up,69.97000122070312,70.33999633789062,70.33999633789062,70.33999633789062,True,False,True,True
2026-08-20,EUNN.DE,generativo,0.5434,up,0.6069,up,0.5505,up,69.97000122070312,70.33999633789062,70.33999633789062,70.33999633789062,True,True,True,True
2026-08-20,EUNN.DE,reinforcement,0.7746,up,0.244,down,0.2378,down,69.97000122070312,70.33999633789062,70.33999633789062,70.33999633789062,True,False,False,True
2026-08-20,EUNN.DE,contrarian,0.4497,down,0.5562,up,0.5691,up,69.97000122070312,70.33999633789062,70.33999633789062,70.33999633789062,False,True,True,True
2026-08-20,EUNN.DE,eficiente,0.5417,up,0.5791,up,0.5823,up,69.97000122070312,70.33999633789062,70.33999633789062,70.33999633789062,True,True,True,True
2026-08-20,EUNN.DE,foundation,0.5778,up,0.4361,down,0.4049,down,69.97000122070312,70.33999633789062,70.33999633789062,70.33999633789062,True,False,False,True
2026-08-20,EUNN.DE,conformal,0.9677,up,0.5132,up,0.642,up,69.97000122070312,70.33999633789062,70.33999633789062,70.33999633789062,True,True,True,True
2026-08-20,EUNN.DE,drift,0.5427,up,0.5008,up,0.5022,up,69.97000122070312,70.33999633789062,70.33999633789062,70.33999633789062,True,True,True,True
2026-08-21,ICGA.DE,classico_avancado,0.5817,up,0.611,up,0.6925,up,4.8979997634887695,4.838500022888184,4.838500022888184,4.838500022888184,False,False,False,True
2026-08-21,ICGA.DE,estado_oculto,0.7655,up,0.1742,down,0.125,down,4.8979997634887695,4.838500022888184,4.838500022888184,4.838500022888184,False,True,True,True
2026-08-21,ICGA.DE,series_temporais,0.5358,up,0.5159,up,0.4906,down,4.8979997634887695,4.838500022888184,4.838500022888184,4.838500022888184,False,False,True,True
2026-08-21,ICGA.DE,neural_recorrente,0.5229,up,0.511,up,0.508,up,4.8979997634887695,4.838500022888184,4.838500022888184,4.838500022888184,False,False,False,True
2026-08-21,ICGA.DE,neural_atencao,0.5229,up,0.511,up,0.508,up,4.8979997634887695,4.838500022888184,4.838500022888184,4.838500022888184,False,False,False,True
2026-08-21,ICGA.DE,bayesiano,0.5492,up,0.6283,up,0.5675,up,4.8979997634887695,4.838500022888184,4.838500022888184,4.838500022888184,False,False,False,True
2026-08-21,ICGA.DE,generativo,0.5817,up,0.6104,up,0.5697,up,4.8979997634887695,4.838500022888184,4.838500022888184,4.838500022888184,False,False,False,True
2026-08-21,ICGA.DE,reinforcement,0.7886,up,0.2714,down,0.2399,down,4.8979997634887695,4.838500022888184,4.838500022888184,4.838500022888184,False,True,True,True
2026-08-21,ICGA.DE,contrarian,0.4803,down,0.4136,down,0.5941,up,4.8979997634887695,4.838500022888184,4.838500022888184,4.838500022888184,True,True,False,True
2026-08-21,ICGA.DE,eficiente,0.5229,up,0.511,up,0.508,up,4.8979997634887695,4.838500022888184,4.838500022888184,4.838500022888184,False,False,False,True
2026-08-21,ICGA.DE,foundation,0.6486,up,0.474,down,0.672,up,4.8979997634887695,4.838500022888184,4.838500022888184,4.838500022888184,False,True,False,True
2026-08-21,ICGA.DE,conformal,0.8316,up,0.8283,up,0.7195,up,4.8979997634887695,4.838500022888184,4.838500022888184,4.838500022888184,False,False,False,True
2026-08-21,ICGA.DE,drift,0.535,up,0.5021,up,0.5008,up,4.8979997634887695,4.838500022888184,4.838500022888184,4.838500022888184,False,False,False,True
2026-08-21,PPFB.DE,classico_avancado,0.3931,down,0.5818,up,0.6027,up,76.53500366210938,77.69000244140625,77.69000244140625,77.69000244140625,False,True,True,True
2026-08-21,PPFB.DE,estado_oculto,0.7816,up,0.688,up,0.9103,up,76.53500366210938,77.69000244140625,77.69000244140625,77.69000244140625,True,True,True,True
2026-08-21,PPFB.DE,series_temporais,0.5772,up,0.5998,up,0.633,up,76.53500366210938,77.69000244140625,77.69000244140625,77.69000244140625,True,True,True,True
2026-08-21,PPFB.DE,neural_recorrente,0.5819,up,0.5952,up,0.6086,up,76.53500366210938,77.69000244140625,77.69000244140625,77.69000244140625,True,True,True,True
2026-08-21,PPFB.DE,neural_atencao,0.5819,up,0.5952,up,0.6086,up,76.53500366210938,77.69000244140625,77.69000244140625,77.69000244140625,True,True,True,True
2026-08-21,PPFB.DE,bayesiano,0.4774,down,0.6578,up,0.4695,down,76.53500366210938,77.69000244140625,77.69000244140625,77.69000244140625,False,True,False,True
2026-08-21,PPFB.DE,generativo,0.5451,up,0.5462,up,0.593,up,76.53500366210938,77.69000244140625,77.69000244140625,77.69000244140625,True,True,True,True
2026-08-21,PPFB.DE,reinforcement,0.262,down,0.2148,down,0.2644,down,76.53500366210938,77.69000244140625,77.69000244140625,77.69000244140625,False,False,False,True
2026-08-21,PPFB.DE,contrarian,0.4983,down,0.5917,up,0.5806,up,76.53500366210938,77.69000244140625,77.69000244140625,77.69000244140625,False,True,True,True
2026-08-21,PPFB.DE,eficiente,0.5819,up,0.5952,up,0.6086,up,76.53500366210938,77.69000244140625,77.69000244140625,77.69000244140625,True,True,True,True
2026-08-21,PPFB.DE,foundation,0.4713,down,0.5801,up,0.5557,up,76.53500366210938,77.69000244140625,77.69000244140625,77.69000244140625,False,True,True,True
2026-08-21,PPFB.DE,conformal,0.587,up,0.5464,up,0.5644,up,76.53500366210938,77.69000244140625,77.69000244140625,77.69000244140625,True,True,True,True
2026-08-21,PPFB.DE,drift,0.5025,up,0.5074,up,0.5029,up,76.53500366210938,77.69000244140625,77.69000244140625,77.69000244140625,True,True,True,True
2026-08-21,SGLN.L,classico_avancado,0.349,down,0.6429,up,0.7354,up,76.57336458655872,77.68682242966553,77.68682242966553,77.68682242966553,False,True,True,True
2026-08-21,SGLN.L,estado_oculto,0.8109,up,0.6757,up,0.9185,up,76.57336458655872,77.68682242966553,77.68682242966553,77.68682242966553,True,True,True,True
2026-08-21,SGLN.L,series_temporais,0.6026,up,0.6142,up,0.6341,up,76.57336458655872,77.68682242966553,77.68682242966553,77.68682242966553,True,True,True,True
2026-08-21,SGLN.L,neural_recorrente,0.5799,up,0.6036,up,0.6151,up,76.57336458655872,77.68682242966553,77.68682242966553,77.68682242966553,True,True,True,True
2026-08-21,SGLN.L,neural_atencao,0.5799,up,0.6036,up,0.6151,up,76.57336458655872,77.68682242966553,77.68682242966553,77.68682242966553,True,True,True,True
2026-08-21,SGLN.L,bayesiano,0.5179,up,0.6018,up,0.5158,up,76.57336458655872,77.68682242966553,77.68682242966553,77.68682242966553,True,True,True,True
2026-08-21,SGLN.L,generativo,0.6322,up,0.5385,up,0.5881,up,76.57336458655872,77.68682242966553,77.68682242966553,77.68682242966553,True,True,True,True
2026-08-21,SGLN.L,reinforcement,0.2133,down,0.2807,down,0.2674,down,76.57336458655872,77.68682242966553,77.68682242966553,77.68682242966553,False,False,False,True
2026-08-21,SGLN.L,contrarian,0.5471,up,0.5898,up,0.5592,up,76.57336458655872,77.68682242966553,77.68682242966553,77.68682242966553,True,True,True,True
2026-08-21,SGLN.L,eficiente,0.5799,up,0.6036,up,0.6151,up,76.57336458655872,77.68682242966553,77.68682242966553,77.68682242966553,True,True,True,True
2026-08-21,SGLN.L,foundation,0.57,up,0.469,down,0.4101,down,76.57336458655872,77.68682242966553,77.68682242966553,77.68682242966553,True,False,False,True
2026-08-21,SGLN.L,conformal,0.5376,up,0.5165,up,0.6117,up,76.57336458655872,77.68682242966553,77.68682242966553,77.68682242966553,True,True,True,True
2026-08-21,SGLN.L,drift,0.5024,up,0.502,up,0.5122,up,76.57336458655872,77.68682242966553,77.68682242966553,77.68682242966553,True,True,True,True
2026-08-21,EXUS.MI,classico_avancado,0.5549,up,0.5704,up,0.6611,up,40.33000183105469,40.31499862670898,40.31499862670898,40.31499862670898,False,False,False,True
2026-08-21,EXUS.MI,estado_oculto,0.3051,down,0.368,down,0.4108,down,40.33000183105469,40.31499862670898,40.31499862670898,40.31499862670898,True,True,True,True
2026-08-21,EXUS.MI,series_temporais,0.5735,up,0.5947,up,0.6188,up,40.33000183105469,40.31499862670898,40.31499862670898,40.31499862670898,False,False,False,True
2026-08-21,EXUS.MI,neural_recorrente,0.5795,up,0.6172,up,0.6348,up,40.33000183105469,40.31499862670898,40.31499862670898,40.31499862670898,False,False,False,True
2026-08-21,EXUS.MI,neural_atencao,0.5795,up,0.6172,up,0.6348,up,40.33000183105469,40.31499862670898,40.31499862670898,40.31499862670898,False,False,False,True
2026-08-21,EXUS.MI,bayesiano,0.6628,up,0.4576,down,0.6017,up,40.33000183105469,40.31499862670898,40.31499862670898,40.31499862670898,False,True,False,True
2026-08-21,EXUS.MI,generativo,0.5686,up,0.6562,up,0.5885,up,40.33000183105469,40.31499862670898,40.31499862670898,40.31499862670898,False,False,False,True
2026-08-21,EXUS.MI,reinforcement,0.2486,down,0.28,down,0.2806,down,40.33000183105469,40.31499862670898,40.31499862670898,40.31499862670898,True,True,True,True
2026-08-21,EXUS.MI,contrarian,0.5022,up,0.5668,up,0.5902,up,40.33000183105469,40.31499862670898,40.31499862670898,40.31499862670898,False,False,False,True
2026-08-21,EXUS.MI,eficiente,0.5795,up,0.6172,up,0.6348,up,40.33000183105469,40.31499862670898,40.31499862670898,40.31499862670898,False,False,False,True
2026-08-21,EXUS.MI,foundation,0.7197,up,0.5115,up,0.5732,up,40.33000183105469,40.31499862670898,40.31499862670898,40.31499862670898,False,False,False,True
2026-08-21,EXUS.MI,conformal,0.85,up,0.3077,down,0.8734,up,40.33000183105469,40.31499862670898,40.31499862670898,40.31499862670898,False,True,False,True
2026-08-21,EXUS.MI,drift,0.5168,up,0.5057,up,0.5045,up,40.33000183105469,40.31499862670898,40.31499862670898,40.31499862670898,False,False,False,True
2026-08-21,LYP6.DE,classico_avancado,0.6164,up,0.5704,up,0.6429,up,322.3999938964844,322.3999938964844,322.3999938964844,322.3999938964844,True,True,True,True
2026-08-21,LYP6.DE,estado_oculto,0.2983,down,0.2059,down,0.5833,up,322.3999938964844,322.3999938964844,322.3999938964844,322.3999938964844,False,False,True,True
2026-08-21,LYP6.DE,series_temporais,0.5888,up,0.5841,up,0.6004,up,322.3999938964844,322.3999938964844,322.3999938964844,322.3999938964844,True,True,True,True
2026-08-21,LYP6.DE,neural_recorrente,0.5745,up,0.602,up,0.6299,up,322.3999938964844,322.3999938964844,322.3999938964844,322.3999938964844,True,True,True,True
2026-08-21,LYP6.DE,neural_atencao,0.5745,up,0.602,up,0.6299,up,322.3999938964844,322.3999938964844,322.3999938964844,322.3999938964844,True,True,True,True
2026-08-21,LYP6.DE,bayesiano,0.6003,up,0.7347,up,0.5303,up,322.3999938964844,322.3999938964844,322.3999938964844,322.3999938964844,True,True,True,True
2026-08-21,LYP6.DE,generativo,0.5336,up,0.56,up,0.5545,up,322.3999938964844,322.3999938964844,322.3999938964844,322.3999938964844,True,True,True,True
2026-08-21,LYP6.DE,reinforcement,0.2328,down,0.2697,down,0.2465,down,322.3999938964844,322.3999938964844,322.3999938964844,322.3999938964844,False,False,False,True
2026-08-21,LYP6.DE,contrarian,0.4872,down,0.5562,up,0.5998,up,322.3999938964844,322.3999938964844,322.3999938964844,322.3999938964844,False,True,True,True
2026-08-21,LYP6.DE,eficiente,0.5745,up,0.602,up,0.6299,up,322.3999938964844,322.3999938964844,322.3999938964844,322.3999938964844,True,True,True,True
2026-08-21,LYP6.DE,foundation,0.6996,up,0.6013,up,0.5699,up,322.3999938964844,322.3999938964844,322.3999938964844,322.3999938964844,True,True,True,True
2026-08-21,LYP6.DE,conformal,0.6854,up,0.4138,down,0.3558,down,322.3999938964844,322.3999938964844,322.3999938964844,322.3999938964844,True,False,False,True
2026-08-21,LYP6.DE,drift,0.5056,up,0.5002,up,0.5012,up,322.3999938964844,322.3999938964844,322.3999938964844,322.3999938964844,True,True,True,True
2026-08-21,IS3N.DE,classico_avancado,0.5147,up,0.7578,up,0.8784,up,47.15399932861328,46.46799850463867,46.46799850463867,46.46799850463867,False,False,False,True
2026-08-21,IS3N.DE,estado_oculto,0.2988,down,0.1977,down,0.4153,down,47.15399932861328,46.46799850463867,46.46799850463867,46.46799850463867,True,True,True,True
2026-08-21,IS3N.DE,series_temporais,0.5432,up,0.5745,up,0.5688,up,47.15399932861328,46.46799850463867,46.46799850463867,46.46799850463867,False,False,False,True
2026-08-21,IS3N.DE,neural_recorrente,0.5596,up,0.5943,up,0.5916,up,47.15399932861328,46.46799850463867,46.46799850463867,46.46799850463867,False,False,False,True
2026-08-21,IS3N.DE,neural_atencao,0.5596,up,0.5943,up,0.5916,up,47.15399932861328,46.46799850463867,46.46799850463867,46.46799850463867,False,False,False,True
2026-08-21,IS3N.DE,bayesiano,0.6096,up,0.7203,up,0.7392,up,47.15399932861328,46.46799850463867,46.46799850463867,46.46799850463867,False,False,False,True
2026-08-21,IS3N.DE,generativo,0.6547,up,0.6214,up,0.6615,up,47.15399932861328,46.46799850463867,46.46799850463867,46.46799850463867,False,False,False,True
2026-08-21,IS3N.DE,reinforcement,0.2748,down,0.2367,down,0.2531,down,47.15399932861328,46.46799850463867,46.46799850463867,46.46799850463867,True,True,True,True
2026-08-21,IS3N.DE,contrarian,0.5095,up,0.527,up,0.4933,down,47.15399932861328,46.46799850463867,46.46799850463867,46.46799850463867,False,False,True,True
2026-08-21,IS3N.DE,eficiente,0.5596,up,0.5943,up,0.5916,up,47.15399932861328,46.46799850463867,46.46799850463867,46.46799850463867,False,False,False,True
2026-08-21,IS3N.DE,foundation,0.6731,up,0.6462,up,0.5944,up,47.15399932861328,46.46799850463867,46.46799850463867,46.46799850463867,False,False,False,True
2026-08-21,IS3N.DE,conformal,0.914,up,0.8298,up,0.871,up,47.15399932861328,46.46799850463867,46.46799850463867,46.46799850463867,False,False,False,True
2026-08-21,IS3N.DE,drift,0.5076,up,0.5108,up,0.5143,up,47.15399932861328,46.46799850463867,46.46799850463867,46.46799850463867,False,False,False,True
2026-08-21,EUNN.DE,classico_avancado,0.8279,up,0.9089,up,0.6711,up,70.33999633789062,70.12999725341797,70.12999725341797,70.12999725341797,False,False,False,True
2026-08-21,EUNN.DE,estado_oculto,0.2676,down,0.192,down,0.3962,down,70.33999633789062,70.12999725341797,70.12999725341797,70.12999725341797,True,True,True,True
2026-08-21,EUNN.DE,series_temporais,0.5377,up,0.5618,up,0.5825,up,70.33999633789062,70.12999725341797,70.12999725341797,70.12999725341797,False,False,False,True
2026-08-21,EUNN.DE,neural_recorrente,0.5417,up,0.5791,up,0.5823,up,70.33999633789062,70.12999725341797,70.12999725341797,70.12999725341797,False,False,False,True
2026-08-21,EUNN.DE,neural_atencao,0.5417,up,0.5791,up,0.5823,up,70.33999633789062,70.12999725341797,70.12999725341797,70.12999725341797,False,False,False,True
2026-08-21,EUNN.DE,bayesiano,0.5782,up,0.8065,up,0.6913,up,70.33999633789062,70.12999725341797,70.12999725341797,70.12999725341797,False,False,False,True
2026-08-21,EUNN.DE,generativo,0.5434,up,0.6573,up,0.5446,up,70.33999633789062,70.12999725341797,70.12999725341797,70.12999725341797,False,False,False,True
2026-08-21,EUNN.DE,reinforcement,0.7746,up,0.2445,down,0.2356,down,70.33999633789062,70.12999725341797,70.12999725341797,70.12999725341797,False,True,True,True
2026-08-21,EUNN.DE,contrarian,0.4497,down,0.4735,down,0.5738,up,70.33999633789062,70.12999725341797,70.12999725341797,70.12999725341797,True,True,False,True
2026-08-21,EUNN.DE,eficiente,0.5417,up,0.5791,up,0.5823,up,70.33999633789062,70.12999725341797,70.12999725341797,70.12999725341797,False,False,False,True
2026-08-21,EUNN.DE,foundation,0.5944,up,0.5527,up,0.4049,down,70.33999633789062,70.12999725341797,70.12999725341797,70.12999725341797,False,False,True,True
2026-08-21,EUNN.DE,conformal,0.9677,up,0.8608,up,0.65,up,70.33999633789062,70.12999725341797,70.12999725341797,70.12999725341797,False,False,False,True
2026-08-21,EUNN.DE,drift,0.5427,up,0.5122,up,0.5009,up,70.33999633789062,70.12999725341797,70.12999725341797,70.12999725341797,False,False,False,True
2026-08-24,ICGA.DE,classico_avancado,0.7572,up,0.7641,up,0.8551,up,4.838500022888184,4.84250020980835,4.84250020980835,4.84250020980835,True,True,True,True
2026-08-24,ICGA.DE,estado_oculto,0.7547,up,0.1742,down,0.8797,up,4.838500022888184,4.84250020980835,4.84250020980835,4.84250020980835,True,False,True,True
2026-08-24,ICGA.DE,series_temporais,0.5437,up,0.5258,up,0.522,up,4.838500022888184,4.84250020980835,4.84250020980835,4.84250020980835,True,True,True,True
2026-08-24,ICGA.DE,neural_recorrente,0.5229,up,0.5141,up,0.5113,up,4.838500022888184,4.84250020980835,4.84250020980835,4.84250020980835,True,True,True,True
2026-08-24,ICGA.DE,neural_atencao,0.5229,up,0.5141,up,0.5113,up,4.838500022888184,4.84250020980835,4.84250020980835,4.84250020980835,True,True,True,True
2026-08-24,ICGA.DE,bayesiano,0.6143,up,0.7339,up,0.7804,up,4.838500022888184,4.84250020980835,4.84250020980835,4.84250020980835,True,True,True,True
2026-08-24,ICGA.DE,generativo,0.5769,up,0.5879,up,0.5858,up,4.838500022888184,4.84250020980835,4.84250020980835,4.84250020980835,True,True,True,True
2026-08-24,ICGA.DE,reinforcement,0.772,up,0.7899,up,0.2752,down,4.838500022888184,4.84250020980835,4.84250020980835,4.84250020980835,True,True,False,True
2026-08-24,ICGA.DE,contrarian,0.4712,down,0.397,down,0.314,down,4.838500022888184,4.84250020980835,4.84250020980835,4.84250020980835,False,False,False,True
2026-08-24,ICGA.DE,eficiente,0.5229,up,0.5141,up,0.5113,up,4.838500022888184,4.84250020980835,4.84250020980835,4.84250020980835,True,True,True,True
2026-08-24,ICGA.DE,foundation,0.4986,down,0.6594,up,0.6575,up,4.838500022888184,4.84250020980835,4.84250020980835,4.84250020980835,False,True,True,True
2026-08-24,ICGA.DE,conformal,0.7053,up,0.8776,up,0.8,up,4.838500022888184,4.84250020980835,4.84250020980835,4.84250020980835,True,True,True,True
2026-08-24,ICGA.DE,drift,0.5064,up,0.5033,up,0.5017,up,4.838500022888184,4.84250020980835,4.84250020980835,4.84250020980835,True,True,True,True
2026-08-24,PPFB.DE,classico_avancado,0.7703,up,0.7503,up,0.7557,up,77.69000244140625,77.28500366210938,77.28500366210938,77.28500366210938,False,False,False,True
2026-08-24,PPFB.DE,estado_oculto,0.7841,up,0.8699,up,0.914,up,77.69000244140625,77.28500366210938,77.28500366210938,77.28500366210938,False,False,False,True
2026-08-24,PPFB.DE,series_temporais,0.6174,up,0.5946,up,0.634,up,77.69000244140625,77.28500366210938,77.28500366210938,77.28500366210938,False,False,False,True
2026-08-24,PPFB.DE,neural_recorrente,0.5861,up,0.5979,up,0.6192,up,77.69000244140625,77.28500366210938,77.28500366210938,77.28500366210938,False,False,False,True
2026-08-24,PPFB.DE,neural_atencao,0.5861,up,0.5979,up,0.6192,up,77.69000244140625,77.28500366210938,77.28500366210938,77.28500366210938,False,False,False,True
2026-08-24,PPFB.DE,bayesiano,0.5798,up,0.7516,up,0.7505,up,77.69000244140625,77.28500366210938,77.28500366210938,77.28500366210938,False,False,False,True
2026-08-24,PPFB.DE,generativo,0.5655,up,0.6175,up,0.6019,up,77.69000244140625,77.28500366210938,77.28500366210938,77.28500366210938,False,False,False,True
2026-08-24,PPFB.DE,reinforcement,0.2382,down,0.2549,down,0.221,down,77.69000244140625,77.28500366210938,77.28500366210938,77.28500366210938,True,True,True,True
2026-08-24,PPFB.DE,contrarian,0.5088,up,0.5441,up,0.516,up,77.69000244140625,77.28500366210938,77.28500366210938,77.28500366210938,False,False,False,True
2026-08-24,PPFB.DE,eficiente,0.5861,up,0.5979,up,0.6192,up,77.69000244140625,77.28500366210938,77.28500366210938,77.28500366210938,False,False,False,True
2026-08-24,PPFB.DE,foundation,0.4407,down,0.4653,down,0.5461,up,77.69000244140625,77.28500366210938,77.28500366210938,77.28500366210938,True,True,False,True
2026-08-24,PPFB.DE,conformal,0.6809,up,0.5556,up,0.59,up,77.69000244140625,77.28500366210938,77.28500366210938,77.28500366210938,False,False,False,True
2026-08-24,PPFB.DE,drift,0.5113,up,0.5134,up,0.5147,up,77.69000244140625,77.28500366210938,77.28500366210938,77.28500366210938,False,False,False,True
2026-08-24,SGLN.L,classico_avancado,0.7622,up,0.7613,up,0.8976,up,77.68682242966553,77.31422477556897,77.31422477556897,77.31422477556897,False,False,False,True
2026-08-24,SGLN.L,estado_oculto,0.8121,up,0.886,up,0.9222,up,77.68682242966553,77.31422477556897,77.31422477556897,77.31422477556897,False,False,False,True
2026-08-24,SGLN.L,series_temporais,0.5799,up,0.6117,up,0.6295,up,77.68682242966553,77.31422477556897,77.31422477556897,77.31422477556897,False,False,False,True
2026-08-24,SGLN.L,neural_recorrente,0.5852,up,0.6121,up,0.6241,up,77.68682242966553,77.31422477556897,77.31422477556897,77.31422477556897,False,False,False,True
2026-08-24,SGLN.L,neural_atencao,0.5852,up,0.6121,up,0.6241,up,77.68682242966553,77.31422477556897,77.31422477556897,77.31422477556897,False,False,False,True
2026-08-24,SGLN.L,bayesiano,0.7337,up,0.7398,up,0.7833,up,77.68682242966553,77.31422477556897,77.31422477556897,77.31422477556897,False,False,False,True
2026-08-24,SGLN.L,generativo,0.5972,up,0.5886,up,0.5877,up,77.68682242966553,77.31422477556897,77.31422477556897,77.31422477556897,False,False,False,True
2026-08-24,SGLN.L,reinforcement,0.7227,up,0.2579,down,0.2179,down,77.68682242966553,77.31422477556897,77.31422477556897,77.31422477556897,False,True,True,True
2026-08-24,SGLN.L,contrarian,0.4681,down,0.5357,up,0.5326,up,77.68682242966553,77.31422477556897,77.31422477556897,77.31422477556897,True,False,False,True
2026-08-24,SGLN.L,eficiente,0.5852,up,0.6121,up,0.6241,up,77.68682242966553,77.31422477556897,77.31422477556897,77.31422477556897,False,False,False,True
2026-08-24,SGLN.L,foundation,0.5068,up,0.5414,up,0.5994,up,77.68682242966553,77.31422477556897,77.31422477556897,77.31422477556897,False,False,False,True
2026-08-24,SGLN.L,conformal,0.7556,up,0.5,up,0.55,up,77.68682242966553,77.31422477556897,77.31422477556897,77.31422477556897,False,False,False,True
2026-08-24,SGLN.L,drift,0.5277,up,0.5084,up,0.5147,up,77.68682242966553,77.31422477556897,77.31422477556897,77.31422477556897,False,False,False,True
2026-08-24,EXUS.MI,classico_avancado,0.3377,down,0.5981,up,0.4534,down,40.31499862670898,40.525001525878906,40.525001525878906,40.525001525878906,False,True,False,True
2026-08-24,EXUS.MI,estado_oculto,0.3008,down,0.2124,down,0.4081,down,40.31499862670898,40.525001525878906,40.525001525878906,40.525001525878906,False,False,False,True
2026-08-24,EXUS.MI,series_temporais,0.5619,up,0.6303,up,0.6369,up,40.31499862670898,40.525001525878906,40.525001525878906,40.525001525878906,True,True,True,True
2026-08-24,EXUS.MI,neural_recorrente,0.5765,up,0.613,up,0.6357,up,40.31499862670898,40.525001525878906,40.525001525878906,40.525001525878906,True,True,True,True
2026-08-24,EXUS.MI,neural_atencao,0.5765,up,0.613,up,0.6357,up,40.31499862670898,40.525001525878906,40.525001525878906,40.525001525878906,True,True,True,True
2026-08-24,EXUS.MI,bayesiano,0.533,up,0.6455,up,0.5208,up,40.31499862670898,40.525001525878906,40.525001525878906,40.525001525878906,True,True,True,True
2026-08-24,EXUS.MI,generativo,0.6758,up,0.6362,up,0.5999,up,40.31499862670898,40.525001525878906,40.525001525878906,40.525001525878906,True,True,True,True
2026-08-24,EXUS.MI,reinforcement,0.252,down,0.2702,down,0.2491,down,40.31499862670898,40.525001525878906,40.525001525878906,40.525001525878906,False,False,False,True
2026-08-24,EXUS.MI,contrarian,0.4965,down,0.4418,down,0.6158,up,40.31499862670898,40.525001525878906,40.525001525878906,40.525001525878906,False,False,True,True
2026-08-24,EXUS.MI,eficiente,0.5765,up,0.613,up,0.6357,up,40.31499862670898,40.525001525878906,40.525001525878906,40.525001525878906,True,True,True,True
2026-08-24,EXUS.MI,foundation,0.551,up,0.6753,up,0.5572,up,40.31499862670898,40.525001525878906,40.525001525878906,40.525001525878906,True,True,True,True
2026-08-24,EXUS.MI,conformal,0.7333,up,0.6923,up,0.7143,up,40.31499862670898,40.525001525878906,40.525001525878906,40.525001525878906,True,True,True,True
2026-08-24,EXUS.MI,drift,0.5177,up,0.5084,up,0.5012,up,40.31499862670898,40.525001525878906,40.525001525878906,40.525001525878906,True,True,True,True
2026-08-24,LYP6.DE,classico_avancado,0.3831,down,0.6273,up,0.6566,up,322.3999938964844,323.6499938964844,323.6499938964844,323.6499938964844,False,True,True,True
2026-08-24,LYP6.DE,estado_oculto,0.2991,down,0.2042,down,0.1435,down,322.3999938964844,323.6499938964844,323.6499938964844,323.6499938964844,False,False,False,True
2026-08-24,LYP6.DE,series_temporais,0.5687,up,0.6087,up,0.6213,up,322.3999938964844,323.6499938964844,323.6499938964844,323.6499938964844,True,True,True,True
2026-08-24,LYP6.DE,neural_recorrente,0.5755,up,0.6,up,0.6278,up,322.3999938964844,323.6499938964844,323.6499938964844,323.6499938964844,True,True,True,True
2026-08-24,LYP6.DE,neural_atencao,0.5755,up,0.6,up,0.6278,up,322.3999938964844,323.6499938964844,323.6499938964844,323.6499938964844,True,True,True,True
2026-08-24,LYP6.DE,bayesiano,0.6864,up,0.7557,up,0.7227,up,322.3999938964844,323.6499938964844,323.6499938964844,323.6499938964844,True,True,True,True
2026-08-24,LYP6.DE,generativo,0.5,up,0.5,up,0.5,up,322.3999938964844,323.6499938964844,323.6499938964844,323.6499938964844,True,True,True,True
2026-08-24,LYP6.DE,reinforcement,0.2643,down,0.2214,down,0.2702,down,322.3999938964844,323.6499938964844,323.6499938964844,323.6499938964844,False,False,False,True
2026-08-24,LYP6.DE,contrarian,0.4481,down,0.4336,down,0.4042,down,322.3999938964844,323.6499938964844,323.6499938964844,323.6499938964844,False,False,False,True
2026-08-24,LYP6.DE,eficiente,0.5755,up,0.6,up,0.6278,up,322.3999938964844,323.6499938964844,323.6499938964844,323.6499938964844,True,True,True,True
2026-08-24,LYP6.DE,foundation,0.6337,up,0.65,up,0.6186,up,322.3999938964844,323.6499938964844,323.6499938964844,323.6499938964844,True,True,True,True
2026-08-24,LYP6.DE,conformal,0.7241,up,0.4615,down,0.6383,up,322.3999938964844,323.6499938964844,323.6499938964844,323.6499938964844,True,False,True,True
2026-08-24,LYP6.DE,drift,0.5053,up,0.5088,up,0.5006,up,322.3999938964844,323.6499938964844,323.6499938964844,323.6499938964844,True,True,True,True
2026-08-24,IS3N.DE,classico_avancado,0.5855,up,0.4305,down,0.4795,down,46.46799850463867,47.14500045776367,47.14500045776367,47.14500045776367,True,False,False,True
2026-08-24,IS3N.DE,estado_oculto,0.2959,down,0.3651,down,0.123,down,46.46799850463867,47.14500045776367,47.14500045776367,47.14500045776367,False,False,False,True
2026-08-24,IS3N.DE,series_temporais,0.5593,up,0.6026,up,0.5981,up,46.46799850463867,47.14500045776367,47.14500045776367,47.14500045776367,True,True,True,True
2026-08-24,IS3N.DE,neural_recorrente,0.5629,up,0.5943,up,0.5916,up,46.46799850463867,47.14500045776367,47.14500045776367,47.14500045776367,True,True,True,True
2026-08-24,IS3N.DE,neural_atencao,0.5629,up,0.5943,up,0.5916,up,46.46799850463867,47.14500045776367,47.14500045776367,47.14500045776367,True,True,True,True
2026-08-24,IS3N.DE,bayesiano,0.6004,up,0.5478,up,0.392,down,46.46799850463867,47.14500045776367,47.14500045776367,47.14500045776367,True,True,False,True
2026-08-24,IS3N.DE,generativo,0.5759,up,0.5641,up,0.5351,up,46.46799850463867,47.14500045776367,47.14500045776367,47.14500045776367,True,True,True,True
2026-08-24,IS3N.DE,reinforcement,0.7688,up,0.2293,down,0.2979,down,46.46799850463867,47.14500045776367,47.14500045776367,47.14500045776367,True,False,False,True
2026-08-24,IS3N.DE,contrarian,0.489,down,0.5348,up,0.3295,down,46.46799850463867,47.14500045776367,47.14500045776367,47.14500045776367,False,True,False,True
2026-08-24,IS3N.DE,eficiente,0.5629,up,0.5943,up,0.5916,up,46.46799850463867,47.14500045776367,47.14500045776367,47.14500045776367,True,True,True,True
2026-08-24,IS3N.DE,foundation,0.4419,down,0.7296,up,0.7278,up,46.46799850463867,47.14500045776367,47.14500045776367,47.14500045776367,False,True,True,True
2026-08-24,IS3N.DE,conformal,0.6951,up,0.6932,up,0.9355,up,46.46799850463867,47.14500045776367,47.14500045776367,47.14500045776367,True,True,True,True
2026-08-24,IS3N.DE,drift,0.5142,up,0.5027,up,0.5154,up,46.46799850463867,47.14500045776367,47.14500045776367,47.14500045776367,True,True,True,True
2026-08-24,EUNN.DE,classico_avancado,0.6003,up,0.8916,up,0.8271,up,70.12999725341797,70.68000030517578,70.68000030517578,70.68000030517578,True,True,True,True
2026-08-24,EUNN.DE,estado_oculto,0.2622,down,0.6857,up,0.1418,down,70.12999725341797,70.68000030517578,70.68000030517578,70.68000030517578,False,True,False,True
2026-08-24,EUNN.DE,series_temporais,0.5353,up,0.5772,up,0.552,up,70.12999725341797,70.68000030517578,70.68000030517578,70.68000030517578,True,True,True,True
2026-08-24,EUNN.DE,neural_recorrente,0.5355,up,0.5729,up,0.5741,up,70.12999725341797,70.68000030517578,70.68000030517578,70.68000030517578,True,True,True,True
2026-08-24,EUNN.DE,neural_atencao,0.5355,up,0.5729,up,0.5741,up,70.12999725341797,70.68000030517578,70.68000030517578,70.68000030517578,True,True,True,True
2026-08-24,EUNN.DE,bayesiano,0.436,down,0.7877,up,0.6196,up,70.12999725341797,70.68000030517578,70.68000030517578,70.68000030517578,False,True,True,True
2026-08-24,EUNN.DE,generativo,0.5121,up,0.5863,up,0.5544,up,70.12999725341797,70.68000030517578,70.68000030517578,70.68000030517578,True,True,True,True
2026-08-24,EUNN.DE,reinforcement,0.2256,down,0.2779,down,0.748,up,70.12999725341797,70.68000030517578,70.68000030517578,70.68000030517578,False,False,True,True
2026-08-24,EUNN.DE,contrarian,0.4754,down,0.4767,down,0.3442,down,70.12999725341797,70.68000030517578,70.68000030517578,70.68000030517578,False,False,False,True
2026-08-24,EUNN.DE,eficiente,0.5355,up,0.5729,up,0.5741,up,70.12999725341797,70.68000030517578,70.68000030517578,70.68000030517578,True,True,True,True
2026-08-24,EUNN.DE,foundation,0.557,up,0.5986,up,0.5161,up,70.12999725341797,70.68000030517578,70.68000030517578,70.68000030517578,True,True,True,True
2026-08-24,EUNN.DE,conformal,0.871,up,0.8659,up,0.8554,up,70.12999725341797,70.68000030517578,70.68000030517578,70.68000030517578,True,True,True,True
2026-08-24,EUNN.DE,drift,0.5103,up,0.527,up,0.5073,up,70.12999725341797,70.68000030517578,70.68000030517578,70.68000030517578,True,True,True,True
2026-08-25,ICGA.DE,classico_avancado,0.7572,up,0.8106,up,0.8551,up,4.84250020980835,4.84250020980835,4.84250020980835,4.84250020980835,True,True,True,True
2026-08-25,ICGA.DE,estado_oculto,0.7547,up,0.1742,down,0.8797,up,4.84250020980835,4.84250020980835,4.84250020980835,4.84250020980835,True,False,True,True
2026-08-25,ICGA.DE,series_temporais,0.5437,up,0.5258,up,0.522,up,4.84250020980835,4.84250020980835,4.84250020980835,4.84250020980835,True,True,True,True
2026-08-25,ICGA.DE,neural_recorrente,0.5229,up,0.5141,up,0.5113,up,4.84250020980835,4.84250020980835,4.84250020980835,4.84250020980835,True,True,True,True
2026-08-25,ICGA.DE,neural_atencao,0.5229,up,0.5141,up,0.5113,up,4.84250020980835,4.84250020980835,4.84250020980835,4.84250020980835,True,True,True,True
2026-08-25,ICGA.DE,bayesiano,0.6574,up,0.7384,up,0.8009,up,4.84250020980835,4.84250020980835,4.84250020980835,4.84250020980835,True,True,True,True
2026-08-25,ICGA.DE,generativo,0.5769,up,0.4983,down,0.5858,up,4.84250020980835,4.84250020980835,4.84250020980835,4.84250020980835,True,False,True,True
2026-08-25,ICGA.DE,reinforcement,0.772,up,0.7887,up,0.2752,down,4.84250020980835,4.84250020980835,4.84250020980835,4.84250020980835,True,True,False,True
2026-08-25,ICGA.DE,contrarian,0.4712,down,0.3852,down,0.314,down,4.84250020980835,4.84250020980835,4.84250020980835,4.84250020980835,False,False,False,True
2026-08-25,ICGA.DE,eficiente,0.5229,up,0.5141,up,0.5113,up,4.84250020980835,4.84250020980835,4.84250020980835,4.84250020980835,True,True,True,True
2026-08-25,ICGA.DE,foundation,0.4986,down,0.6594,up,0.6575,up,4.84250020980835,4.84250020980835,4.84250020980835,4.84250020980835,False,True,True,True
2026-08-25,ICGA.DE,conformal,0.7053,up,0.8776,up,0.8,up,4.84250020980835,4.84250020980835,4.84250020980835,4.84250020980835,True,True,True,True
2026-08-25,ICGA.DE,drift,0.5064,up,0.5033,up,0.5017,up,4.84250020980835,4.84250020980835,4.84250020980835,4.84250020980835,True,True,True,True
2026-08-25,PPFB.DE,classico_avancado,0.7703,up,0.7503,up,0.7557,up,77.28500366210938,77.28500366210938,77.28500366210938,77.28500366210938,True,True,True,True
2026-08-25,PPFB.DE,estado_oculto,0.7841,up,0.8699,up,0.914,up,77.28500366210938,77.28500366210938,77.28500366210938,77.28500366210938,True,True,True,True
2026-08-25,PPFB.DE,series_temporais,0.6174,up,0.5946,up,0.634,up,77.28500366210938,77.28500366210938,77.28500366210938,77.28500366210938,True,True,True,True
2026-08-25,PPFB.DE,neural_recorrente,0.5861,up,0.5979,up,0.6192,up,77.28500366210938,77.28500366210938,77.28500366210938,77.28500366210938,True,True,True,True
2026-08-25,PPFB.DE,neural_atencao,0.5861,up,0.5979,up,0.6192,up,77.28500366210938,77.28500366210938,77.28500366210938,77.28500366210938,True,True,True,True
2026-08-25,PPFB.DE,bayesiano,0.5645,up,0.7323,up,0.722,up,77.28500366210938,77.28500366210938,77.28500366210938,77.28500366210938,True,True,True,True
2026-08-25,PPFB.DE,generativo,0.5655,up,0.6175,up,0.6019,up,77.28500366210938,77.28500366210938,77.28500366210938,77.28500366210938,True,True,True,True
2026-08-25,PPFB.DE,reinforcement,0.2382,down,0.2549,down,0.221,down,77.28500366210938,77.28500366210938,77.28500366210938,77.28500366210938,False,False,False,True
2026-08-25,PPFB.DE,contrarian,0.5088,up,0.5441,up,0.516,up,77.28500366210938,77.28500366210938,77.28500366210938,77.28500366210938,True,True,True,True
2026-08-25,PPFB.DE,eficiente,0.5861,up,0.5979,up,0.6192,up,77.28500366210938,77.28500366210938,77.28500366210938,77.28500366210938,True,True,True,True
2026-08-25,PPFB.DE,foundation,0.4407,down,0.532,up,0.5628,up,77.28500366210938,77.28500366210938,77.28500366210938,77.28500366210938,False,True,True,True
2026-08-25,PPFB.DE,conformal,0.6809,up,0.5556,up,0.59,up,77.28500366210938,77.28500366210938,77.28500366210938,77.28500366210938,True,True,True,True
2026-08-25,PPFB.DE,drift,0.5113,up,0.5134,up,0.5147,up,77.28500366210938,77.28500366210938,77.28500366210938,77.28500366210938,True,True,True,True
2026-08-25,SGLN.L,classico_avancado,0.7622,up,0.763,up,0.8976,up,77.31422477556897,77.14378975583759,77.14378975583759,77.14378975583759,False,False,False,True
2026-08-25,SGLN.L,estado_oculto,0.8121,up,0.886,up,0.9222,up,77.31422477556897,77.14378975583759,77.14378975583759,77.14378975583759,False,False,False,True
2026-08-25,SGLN.L,series_temporais,0.5799,up,0.6117,up,0.6295,up,77.31422477556897,77.14378975583759,77.14378975583759,77.14378975583759,False,False,False,True
2026-08-25,SGLN.L,neural_recorrente,0.5852,up,0.6121,up,0.6241,up,77.31422477556897,77.14378975583759,77.14378975583759,77.14378975583759,False,False,False,True
2026-08-25,SGLN.L,neural_atencao,0.5852,up,0.6121,up,0.6241,up,77.31422477556897,77.14378975583759,77.14378975583759,77.14378975583759,False,False,False,True
2026-08-25,SGLN.L,bayesiano,0.7287,up,0.7408,up,0.7925,up,77.31422477556897,77.14378975583759,77.14378975583759,77.14378975583759,False,False,False,True
2026-08-25,SGLN.L,generativo,0.5972,up,0.5886,up,0.5877,up,77.31422477556897,77.14378975583759,77.14378975583759,77.14378975583759,False,False,False,True
2026-08-25,SGLN.L,reinforcement,0.7227,up,0.2579,down,0.2179,down,77.31422477556897,77.14378975583759,77.14378975583759,77.14378975583759,False,True,True,True
2026-08-25,SGLN.L,contrarian,0.4681,down,0.5357,up,0.5326,up,77.31422477556897,77.14378975583759,77.14378975583759,77.14378975583759,True,False,False,True
2026-08-25,SGLN.L,eficiente,0.5852,up,0.6121,up,0.6241,up,77.31422477556897,77.14378975583759,77.14378975583759,77.14378975583759,False,False,False,True
2026-08-25,SGLN.L,foundation,0.5401,up,0.5414,up,0.5994,up,77.31422477556897,77.14378975583759,77.14378975583759,77.14378975583759,False,False,False,True
2026-08-25,SGLN.L,conformal,0.7556,up,0.5,up,0.55,up,77.31422477556897,77.14378975583759,77.14378975583759,77.14378975583759,False,False,False,True
2026-08-25,SGLN.L,drift,0.5277,up,0.5084,up,0.5147,up,77.31422477556897,77.14378975583759,77.14378975583759,77.14378975583759,False,False,False,True
2026-08-25,EXUS.MI,classico_avancado,0.5832,up,0.5981,up,0.6604,up,40.525001525878906,40.525001525878906,40.525001525878906,40.525001525878906,True,True,True,True
2026-08-25,EXUS.MI,estado_oculto,0.2809,down,0.2124,down,0.1571,down,40.525001525878906,40.525001525878906,40.525001525878906,40.525001525878906,False,False,False,True
2026-08-25,EXUS.MI,series_temporais,0.5619,up,0.6303,up,0.6369,up,40.525001525878906,40.525001525878906,40.525001525878906,40.525001525878906,True,True,True,True
2026-08-25,EXUS.MI,neural_recorrente,0.5765,up,0.613,up,0.6357,up,40.525001525878906,40.525001525878906,40.525001525878906,40.525001525878906,True,True,True,True
2026-08-25,EXUS.MI,neural_atencao,0.5765,up,0.613,up,0.6357,up,40.525001525878906,40.525001525878906,40.525001525878906,40.525001525878906,True,True,True,True
2026-08-25,EXUS.MI,bayesiano,0.4916,down,0.6281,up,0.7032,up,40.525001525878906,40.525001525878906,40.525001525878906,40.525001525878906,False,True,True,True
2026-08-25,EXUS.MI,generativo,0.6031,up,0.6362,up,0.5631,up,40.525001525878906,40.525001525878906,40.525001525878906,40.525001525878906,True,True,True,True
2026-08-25,EXUS.MI,reinforcement,0.2554,down,0.2702,down,0.2646,down,40.525001525878906,40.525001525878906,40.525001525878906,40.525001525878906,False,False,False,True
2026-08-25,EXUS.MI,contrarian,0.4974,down,0.4418,down,0.5455,up,40.525001525878906,40.525001525878906,40.525001525878906,40.525001525878906,False,False,True,True
2026-08-25,EXUS.MI,eficiente,0.5765,up,0.613,up,0.6357,up,40.525001525878906,40.525001525878906,40.525001525878906,40.525001525878906,True,True,True,True
2026-08-25,EXUS.MI,foundation,0.4343,down,0.692,up,0.7572,up,40.525001525878906,40.525001525878906,40.525001525878906,40.525001525878906,False,True,True,True
2026-08-25,EXUS.MI,conformal,0.8625,up,0.6923,up,0.7059,up,40.525001525878906,40.525001525878906,40.525001525878906,40.525001525878906,True,True,True,True
2026-08-25,EXUS.MI,drift,0.5131,up,0.5084,up,0.5112,up,40.525001525878906,40.525001525878906,40.525001525878906,40.525001525878906,True,True,True,True
2026-08-25,LYP6.DE,classico_avancado,0.5628,up,0.6273,up,0.6566,up,323.6499938964844,323.6499938964844,323.6499938964844,323.6499938964844,True,True,True,True
2026-08-25,LYP6.DE,estado_oculto,0.2812,down,0.2042,down,0.1435,down,323.6499938964844,323.6499938964844,323.6499938964844,323.6499938964844,False,False,False,True
2026-08-25,LYP6.DE,series_temporais,0.5687,up,0.6087,up,0.6213,up,323.6499938964844,323.6499938964844,323.6499938964844,323.6499938964844,True,True,True,True
2026-08-25,LYP6.DE,neural_recorrente,0.5755,up,0.6,up,0.6278,up,323.6499938964844,323.6499938964844,323.6499938964844,323.6499938964844,True,True,True,True
2026-08-25,LYP6.DE,neural_atencao,0.5755,up,0.6,up,0.6278,up,323.6499938964844,323.6499938964844,323.6499938964844,323.6499938964844,True,True,True,True
2026-08-25,LYP6.DE,bayesiano,0.6733,up,0.7514,up,0.7443,up,323.6499938964844,323.6499938964844,323.6499938964844,323.6499938964844,True,True,True,True
2026-08-25,LYP6.DE,generativo,0.5198,up,0.559,up,0.5518,up,323.6499938964844,323.6499938964844,323.6499938964844,323.6499938964844,True,True,True,True
2026-08-25,LYP6.DE,reinforcement,0.2657,down,0.2214,down,0.2702,down,323.6499938964844,323.6499938964844,323.6499938964844,323.6499938964844,False,False,False,True
2026-08-25,LYP6.DE,contrarian,0.4509,down,0.4336,down,0.4042,down,323.6499938964844,323.6499938964844,323.6499938964844,323.6499938964844,False,False,False,True
2026-08-25,LYP6.DE,eficiente,0.5755,up,0.6,up,0.6278,up,323.6499938964844,323.6499938964844,323.6499938964844,323.6499938964844,True,True,True,True
2026-08-25,LYP6.DE,foundation,0.6004,up,0.6333,up,0.6519,up,323.6499938964844,323.6499938964844,323.6499938964844,323.6499938964844,True,True,True,True
2026-08-25,LYP6.DE,conformal,0.5897,up,0.4615,down,0.6383,up,323.6499938964844,323.6499938964844,323.6499938964844,323.6499938964844,True,False,True,True
2026-08-25,LYP6.DE,drift,0.5106,up,0.5088,up,0.5006,up,323.6499938964844,323.6499938964844,323.6499938964844,323.6499938964844,True,True,True,True
2026-08-25,IS3N.DE,classico_avancado,0.6379,up,0.5317,up,0.469,down,47.14500045776367,47.14500045776367,47.14500045776367,47.14500045776367,True,True,False,True
2026-08-25,IS3N.DE,estado_oculto,0.2959,down,0.3651,down,0.413,down,47.14500045776367,47.14500045776367,47.14500045776367,47.14500045776367,False,False,False,True
2026-08-25,IS3N.DE,series_temporais,0.5593,up,0.6026,up,0.5981,up,47.14500045776367,47.14500045776367,47.14500045776367,47.14500045776367,True,True,True,True
2026-08-25,IS3N.DE,neural_recorrente,0.5629,up,0.5943,up,0.5916,up,47.14500045776367,47.14500045776367,47.14500045776367,47.14500045776367,True,True,True,True
2026-08-25,IS3N.DE,neural_atencao,0.5629,up,0.5943,up,0.5916,up,47.14500045776367,47.14500045776367,47.14500045776367,47.14500045776367,True,True,True,True
2026-08-25,IS3N.DE,bayesiano,0.654,up,0.6387,up,0.5234,up,47.14500045776367,47.14500045776367,47.14500045776367,47.14500045776367,True,True,True,True
2026-08-25,IS3N.DE,generativo,0.6293,up,0.5842,up,0.5471,up,47.14500045776367,47.14500045776367,47.14500045776367,47.14500045776367,True,True,True,True
2026-08-25,IS3N.DE,reinforcement,0.7712,up,0.2489,down,0.2972,down,47.14500045776367,47.14500045776367,47.14500045776367,47.14500045776367,True,False,False,True
2026-08-25,IS3N.DE,contrarian,0.4678,down,0.5085,up,0.3464,down,47.14500045776367,47.14500045776367,47.14500045776367,47.14500045776367,False,True,False,True
2026-08-25,IS3N.DE,eficiente,0.5629,up,0.5943,up,0.5916,up,47.14500045776367,47.14500045776367,47.14500045776367,47.14500045776367,True,True,True,True
2026-08-25,IS3N.DE,foundation,0.5753,up,0.6296,up,0.6944,up,47.14500045776367,47.14500045776367,47.14500045776367,47.14500045776367,True,True,True,True
2026-08-25,IS3N.DE,conformal,0.7108,up,0.8542,up,0.8506,up,47.14500045776367,47.14500045776367,47.14500045776367,47.14500045776367,True,True,True,True
2026-08-25,IS3N.DE,drift,0.5105,up,0.5047,up,0.5141,up,47.14500045776367,47.14500045776367,47.14500045776367,47.14500045776367,True,True,True,True
2026-08-25,EUNN.DE,classico_avancado,0.7616,up,0.8824,up,0.8271,up,70.68000030517578,70.68000030517578,70.68000030517578,70.68000030517578,True,True,True,True
2026-08-25,EUNN.DE,estado_oculto,0.2711,down,0.1887,down,0.1418,down,70.68000030517578,70.68000030517578,70.68000030517578,70.68000030517578,False,False,False,True
2026-08-25,EUNN.DE,series_temporais,0.5353,up,0.5772,up,0.552,up,70.68000030517578,70.68000030517578,70.68000030517578,70.68000030517578,True,True,True,True
2026-08-25,EUNN.DE,neural_recorrente,0.5355,up,0.5729,up,0.5741,up,70.68000030517578,70.68000030517578,70.68000030517578,70.68000030517578,True,True,True,True
2026-08-25,EUNN.DE,neural_atencao,0.5355,up,0.5729,up,0.5741,up,70.68000030517578,70.68000030517578,70.68000030517578,70.68000030517578,True,True,True,True
2026-08-25,EUNN.DE,bayesiano,0.5626,up,0.63,up,0.6108,up,70.68000030517578,70.68000030517578,70.68000030517578,70.68000030517578,True,True,True,True
2026-08-25,EUNN.DE,generativo,0.5464,up,0.5719,up,0.5544,up,70.68000030517578,70.68000030517578,70.68000030517578,70.68000030517578,True,True,True,True
2026-08-25,EUNN.DE,reinforcement,0.2357,down,0.2805,down,0.748,up,70.68000030517578,70.68000030517578,70.68000030517578,70.68000030517578,False,False,True,True
2026-08-25,EUNN.DE,contrarian,0.4478,down,0.4918,down,0.3442,down,70.68000030517578,70.68000030517578,70.68000030517578,70.68000030517578,False,False,False,True
2026-08-25,EUNN.DE,eficiente,0.5355,up,0.5729,up,0.5741,up,70.68000030517578,70.68000030517578,70.68000030517578,70.68000030517578,True,True,True,True
2026-08-25,EUNN.DE,foundation,0.5237,up,0.6153,up,0.5828,up,70.68000030517578,70.68000030517578,70.68000030517578,70.68000030517578,True,True,True,True
2026-08-25,EUNN.DE,conformal,0.9011,up,0.8659,up,0.8554,up,70.68000030517578,70.68000030517578,70.68000030517578,70.68000030517578,True,True,True,True
2026-08-25,EUNN.DE,drift,0.5142,up,0.5235,up,0.5073,up,70.68000030517578,70.68000030517578,70.68000030517578,70.68000030517578,True,True,True,True
2026-08-27,ICGA.DE,classico_avancado,0.7572,up,0.7261,up,0.8551,up,4.84250020980835,4.867499828338623,4.867499828338623,4.867499828338623,True,True,True,True
2026-08-27,ICGA.DE,estado_oculto,0.7547,up,0.3344,down,0.8797,up,4.84250020980835,4.867499828338623,4.867499828338623,4.867499828338623,True,False,True,True
2026-08-27,ICGA.DE,series_temporais,0.5437,up,0.5258,up,0.522,up,4.84250020980835,4.867499828338623,4.867499828338623,4.867499828338623,True,True,True,True
2026-08-27,ICGA.DE,neural_recorrente,0.5229,up,0.5141,up,0.5113,up,4.84250020980835,4.867499828338623,4.867499828338623,4.867499828338623,True,True,True,True
2026-08-27,ICGA.DE,neural_atencao,0.5229,up,0.5141,up,0.5113,up,4.84250020980835,4.867499828338623,4.867499828338623,4.867499828338623,True,True,True,True
2026-08-27,ICGA.DE,bayesiano,0.6627,up,0.6687,up,0.7833,up,4.84250020980835,4.867499828338623,4.867499828338623,4.867499828338623,True,True,True,True
2026-08-27,ICGA.DE,generativo,0.5769,up,0.4764,down,0.5858,up,4.84250020980835,4.867499828338623,4.867499828338623,4.867499828338623,True,False,True,True
2026-08-27,ICGA.DE,reinforcement,0.772,up,0.8003,up,0.2752,down,4.84250020980835,4.867499828338623,4.867499828338623,4.867499828338623,True,True,False,True
2026-08-27,ICGA.DE,contrarian,0.4712,down,0.4031,down,0.314,down,4.84250020980835,4.867499828338623,4.867499828338623,4.867499828338623,False,False,False,True
2026-08-27,ICGA.DE,eficiente,0.5229,up,0.5141,up,0.5113,up,4.84250020980835,4.867499828338623,4.867499828338623,4.867499828338623,True,True,True,True
2026-08-27,ICGA.DE,foundation,0.5653,up,0.6761,up,0.6408,up,4.84250020980835,4.867499828338623,4.867499828338623,4.867499828338623,True,True,True,True
2026-08-27,ICGA.DE,conformal,0.7053,up,0.7857,up,0.8,up,4.84250020980835,4.867499828338623,4.867499828338623,4.867499828338623,True,True,True,True
2026-08-27,ICGA.DE,drift,0.5064,up,0.5022,up,0.5017,up,4.84250020980835,4.867499828338623,4.867499828338623,4.867499828338623,True,True,True,True
2026-08-27,PPFB.DE,classico_avancado,0.7478,up,0.7052,up,0.7037,up,77.28500366210938,76.52999877929688,76.52999877929688,76.52999877929688,False,False,False,True
2026-08-27,PPFB.DE,estado_oculto,0.7841,up,0.8699,up,0.914,up,77.28500366210938,76.52999877929688,76.52999877929688,76.52999877929688,False,False,False,True
2026-08-27,PPFB.DE,series_temporais,0.6174,up,0.5946,up,0.634,up,77.28500366210938,76.52999877929688,76.52999877929688,76.52999877929688,False,False,False,True
2026-08-27,PPFB.DE,neural_recorrente,0.5861,up,0.5979,up,0.6192,up,77.28500366210938,76.52999877929688,76.52999877929688,76.52999877929688,False,False,False,True
2026-08-27,PPFB.DE,neural_atencao,0.5861,up,0.5979,up,0.6192,up,77.28500366210938,76.52999877929688,76.52999877929688,76.52999877929688,False,False,False,True
2026-08-27,PPFB.DE,bayesiano,0.4968,down,0.6042,up,0.6763,up,77.28500366210938,76.52999877929688,76.52999877929688,76.52999877929688,True,False,False,True
2026-08-27,PPFB.DE,generativo,0.5928,up,0.6085,up,0.6065,up,77.28500366210938,76.52999877929688,76.52999877929688,76.52999877929688,False,False,False,True
2026-08-27,PPFB.DE,reinforcement,0.2356,down,0.2414,down,0.2142,down,77.28500366210938,76.52999877929688,76.52999877929688,76.52999877929688,True,True,True,True
2026-08-27,PPFB.DE,contrarian,0.4939,down,0.5371,up,0.5293,up,77.28500366210938,76.52999877929688,76.52999877929688,76.52999877929688,True,False,False,True
2026-08-27,PPFB.DE,eficiente,0.5861,up,0.5979,up,0.6192,up,77.28500366210938,76.52999877929688,76.52999877929688,76.52999877929688,False,False,False,True
2026-08-27,PPFB.DE,foundation,0.4074,down,0.4986,down,0.5128,up,77.28500366210938,76.52999877929688,76.52999877929688,76.52999877929688,True,True,False,True
2026-08-27,PPFB.DE,conformal,0.6522,up,0.5758,up,0.5417,up,77.28500366210938,76.52999877929688,76.52999877929688,76.52999877929688,False,False,False,True
2026-08-27,PPFB.DE,drift,0.5102,up,0.5104,up,0.5108,up,77.28500366210938,76.52999877929688,76.52999877929688,76.52999877929688,False,False,False,True
2026-08-27,SGLN.L,classico_avancado,0.7622,up,0.837,up,0.8526,up,77.14378975583759,76.54609161143557,76.54609161143557,76.54609161143557,False,False,False,True
2026-08-27,SGLN.L,estado_oculto,0.8121,up,0.886,up,0.9222,up,77.14378975583759,76.54609161143557,76.54609161143557,76.54609161143557,False,False,False,True
2026-08-27,SGLN.L,series_temporais,0.5799,up,0.6117,up,0.6295,up,77.14378975583759,76.54609161143557,76.54609161143557,76.54609161143557,False,False,False,True
2026-08-27,SGLN.L,neural_recorrente,0.5852,up,0.6121,up,0.6241,up,77.14378975583759,76.54609161143557,76.54609161143557,76.54609161143557,False,False,False,True
2026-08-27,SGLN.L,neural_atencao,0.5852,up,0.6121,up,0.6241,up,77.14378975583759,76.54609161143557,76.54609161143557,76.54609161143557,False,False,False,True
2026-08-27,SGLN.L,bayesiano,0.7216,up,0.7241,up,0.7492,up,77.14378975583759,76.54609161143557,76.54609161143557,76.54609161143557,False,False,False,True
2026-08-27,SGLN.L,generativo,0.5972,up,0.7122,up,0.5049,up,77.14378975583759,76.54609161143557,76.54609161143557,76.54609161143557,False,False,False,True
2026-08-27,SGLN.L,reinforcement,0.7227,up,0.2447,down,0.2084,down,77.14378975583759,76.54609161143557,76.54609161143557,76.54609161143557,False,True,True,True
2026-08-27,SGLN.L,contrarian,0.4681,down,0.5212,up,0.5498,up,77.14378975583759,76.54609161143557,76.54609161143557,76.54609161143557,True,False,False,True
2026-08-27,SGLN.L,eficiente,0.5852,up,0.6121,up,0.6241,up,77.14378975583759,76.54609161143557,76.54609161143557,76.54609161143557,False,False,False,True
2026-08-27,SGLN.L,foundation,0.5401,up,0.5081,up,0.6161,up,77.14378975583759,76.54609161143557,76.54609161143557,76.54609161143557,False,False,False,True
2026-08-27,SGLN.L,conformal,0.7556,up,0.5532,up,0.5208,up,77.14378975583759,76.54609161143557,76.54609161143557,76.54609161143557,False,False,False,True
2026-08-27,SGLN.L,drift,0.5277,up,0.5129,up,0.5132,up,77.14378975583759,76.54609161143557,76.54609161143557,76.54609161143557,False,False,False,True
2026-08-27,EXUS.MI,classico_avancado,0.579,up,0.7284,up,0.604,up,40.525001525878906,40.4900016784668,40.4900016784668,40.4900016784668,False,False,False,True
2026-08-27,EXUS.MI,estado_oculto,0.3008,down,0.3652,down,0.1571,down,40.525001525878906,40.4900016784668,40.4900016784668,40.4900016784668,True,True,True,True
2026-08-27,EXUS.MI,series_temporais,0.5619,up,0.6303,up,0.6369,up,40.525001525878906,40.4900016784668,40.4900016784668,40.4900016784668,False,False,False,True
2026-08-27,EXUS.MI,neural_recorrente,0.5765,up,0.613,up,0.6357,up,40.525001525878906,40.4900016784668,40.4900016784668,40.4900016784668,False,False,False,True
2026-08-27,EXUS.MI,neural_atencao,0.5765,up,0.613,up,0.6357,up,40.525001525878906,40.4900016784668,40.4900016784668,40.4900016784668,False,False,False,True
2026-08-27,EXUS.MI,bayesiano,0.6364,up,0.5957,up,0.7005,up,40.525001525878906,40.4900016784668,40.4900016784668,40.4900016784668,False,False,False,True
2026-08-27,EXUS.MI,generativo,0.6337,up,0.6255,up,0.6496,up,40.525001525878906,40.4900016784668,40.4900016784668,40.4900016784668,False,False,False,True
2026-08-27,EXUS.MI,reinforcement,0.2619,down,0.2627,down,0.2812,down,40.525001525878906,40.4900016784668,40.4900016784668,40.4900016784668,True,True,True,True
2026-08-27,EXUS.MI,contrarian,0.4734,down,0.4391,down,0.5664,up,40.525001525878906,40.4900016784668,40.4900016784668,40.4900016784668,True,True,False,True
2026-08-27,EXUS.MI,eficiente,0.5765,up,0.613,up,0.6357,up,40.525001525878906,40.4900016784668,40.4900016784668,40.4900016784668,False,False,False,True
2026-08-27,EXUS.MI,foundation,0.6343,up,0.642,up,0.5905,up,40.525001525878906,40.4900016784668,40.4900016784668,40.4900016784668,False,False,False,True
2026-08-27,EXUS.MI,conformal,0.9176,up,0.8049,up,0.8718,up,40.525001525878906,40.4900016784668,40.4900016784668,40.4900016784668,False,False,False,True
2026-08-27,EXUS.MI,drift,0.524,up,0.5169,up,0.5041,up,40.525001525878906,40.4900016784668,40.4900016784668,40.4900016784668,False,False,False,True
2026-08-27,LYP6.DE,classico_avancado,0.5303,up,0.7,up,0.5755,up,323.6499938964844,323.5,323.5,323.5,False,False,False,True
2026-08-27,LYP6.DE,estado_oculto,0.2812,down,0.3659,down,0.1435,down,323.6499938964844,323.5,323.5,323.5,True,True,True,True
2026-08-27,LYP6.DE,series_temporais,0.5687,up,0.6087,up,0.6213,up,323.6499938964844,323.5,323.5,323.5,False,False,False,True
2026-08-27,LYP6.DE,neural_recorrente,0.5755,up,0.6,up,0.6278,up,323.6499938964844,323.5,323.5,323.5,False,False,False,True
2026-08-27,LYP6.DE,neural_atencao,0.5755,up,0.6,up,0.6278,up,323.6499938964844,323.5,323.5,323.5,False,False,False,True
2026-08-27,LYP6.DE,bayesiano,0.6274,up,0.666,up,0.7373,up,323.6499938964844,323.5,323.5,323.5,False,False,False,True
2026-08-27,LYP6.DE,generativo,0.5974,up,0.5816,up,0.6246,up,323.6499938964844,323.5,323.5,323.5,False,False,False,True
2026-08-27,LYP6.DE,reinforcement,0.2704,down,0.2075,down,0.2762,down,323.6499938964844,323.5,323.5,323.5,True,True,True,True
2026-08-27,LYP6.DE,contrarian,0.4551,down,0.4502,down,0.3995,down,323.6499938964844,323.5,323.5,323.5,True,True,True,True
2026-08-27,LYP6.DE,eficiente,0.5755,up,0.6,up,0.6278,up,323.6499938964844,323.5,323.5,323.5,False,False,False,True
2026-08-27,LYP6.DE,foundation,0.5837,up,0.5167,up,0.6019,up,323.6499938964844,323.5,323.5,323.5,False,False,False,True
2026-08-27,LYP6.DE,conformal,0.7326,up,0.759,up,0.6211,up,323.6499938964844,323.5,323.5,323.5,False,False,False,True
2026-08-27,LYP6.DE,drift,0.5142,up,0.516,up,0.5008,up,323.6499938964844,323.5,323.5,323.5,False,False,False,True
2026-08-27,IS3N.DE,classico_avancado,0.5803,up,0.4305,down,0.6811,up,47.14500045776367,47.40499877929688,47.40499877929688,47.40499877929688,True,False,True,True
2026-08-27,IS3N.DE,estado_oculto,0.2614,down,0.3651,down,0.413,down,47.14500045776367,47.40499877929688,47.40499877929688,47.40499877929688,False,False,False,True
2026-08-27,IS3N.DE,series_temporais,0.5593,up,0.6026,up,0.5981,up,47.14500045776367,47.40499877929688,47.40499877929688,47.40499877929688,True,True,True,True
2026-08-27,IS3N.DE,neural_recorrente,0.5629,up,0.5943,up,0.5916,up,47.14500045776367,47.40499877929688,47.40499877929688,47.40499877929688,True,True,True,True
2026-08-27,IS3N.DE,neural_atencao,0.5629,up,0.5943,up,0.5916,up,47.14500045776367,47.40499877929688,47.40499877929688,47.40499877929688,True,True,True,True
2026-08-27,IS3N.DE,bayesiano,0.6912,up,0.5356,up,0.6848,up,47.14500045776367,47.40499877929688,47.40499877929688,47.40499877929688,True,True,True,True
2026-08-27,IS3N.DE,generativo,0.6345,up,0.5641,up,0.4845,down,47.14500045776367,47.40499877929688,47.40499877929688,47.40499877929688,True,True,False,True
2026-08-27,IS3N.DE,reinforcement,0.7601,up,0.2293,down,0.3074,down,47.14500045776367,47.40499877929688,47.40499877929688,47.40499877929688,True,False,False,True
2026-08-27,IS3N.DE,contrarian,0.4885,down,0.5348,up,0.3078,down,47.14500045776367,47.40499877929688,47.40499877929688,47.40499877929688,False,True,False,True
2026-08-27,IS3N.DE,eficiente,0.5629,up,0.5943,up,0.5916,up,47.14500045776367,47.40499877929688,47.40499877929688,47.40499877929688,True,True,True,True
2026-08-27,IS3N.DE,foundation,0.7086,up,0.7296,up,0.5444,up,47.14500045776367,47.40499877929688,47.40499877929688,47.40499877929688,True,True,True,True
2026-08-27,IS3N.DE,conformal,0.7674,up,0.6932,up,0.8506,up,47.14500045776367,47.40499877929688,47.40499877929688,47.40499877929688,True,True,True,True
2026-08-27,IS3N.DE,drift,0.5087,up,0.5027,up,0.5188,up,47.14500045776367,47.40499877929688,47.40499877929688,47.40499877929688,True,True,True,True
2026-08-27,EUNN.DE,classico_avancado,0.5579,up,0.8916,up,0.8227,up,70.68000030517578,70.6500015258789,70.6500015258789,70.6500015258789,False,False,False,True
2026-08-27,EUNN.DE,estado_oculto,0.2622,down,0.6857,up,0.1418,down,70.68000030517578,70.6500015258789,70.6500015258789,70.6500015258789,True,False,True,True
2026-08-27,EUNN.DE,series_temporais,0.5353,up,0.5772,up,0.552,up,70.68000030517578,70.6500015258789,70.6500015258789,70.6500015258789,False,False,False,True
2026-08-27,EUNN.DE,neural_recorrente,0.5355,up,0.5729,up,0.5741,up,70.68000030517578,70.6500015258789,70.6500015258789,70.6500015258789,False,False,False,True
2026-08-27,EUNN.DE,neural_atencao,0.5355,up,0.5729,up,0.5741,up,70.68000030517578,70.6500015258789,70.6500015258789,70.6500015258789,False,False,False,True
2026-08-27,EUNN.DE,bayesiano,0.4739,down,0.7809,up,0.5914,up,70.68000030517578,70.6500015258789,70.6500015258789,70.6500015258789,True,False,False,True
2026-08-27,EUNN.DE,generativo,0.4996,down,0.5863,up,0.6681,up,70.68000030517578,70.6500015258789,70.6500015258789,70.6500015258789,True,False,False,True
2026-08-27,EUNN.DE,reinforcement,0.2217,down,0.2779,down,0.7472,up,70.68000030517578,70.6500015258789,70.6500015258789,70.6500015258789,True,True,False,True
2026-08-27,EUNN.DE,contrarian,0.4807,down,0.4767,down,0.3363,down,70.68000030517578,70.6500015258789,70.6500015258789,70.6500015258789,True,True,True,True
2026-08-27,EUNN.DE,eficiente,0.5355,up,0.5729,up,0.5741,up,70.68000030517578,70.6500015258789,70.6500015258789,70.6500015258789,False,False,False,True
2026-08-27,EUNN.DE,foundation,0.6737,up,0.6986,up,0.6328,up,70.68000030517578,70.6500015258789,70.6500015258789,70.6500015258789,False,False,False,True
2026-08-27,EUNN.DE,conformal,0.7812,up,0.8659,up,0.9101,up,70.68000030517578,70.6500015258789,70.6500015258789,70.6500015258789,False,False,False,True
2026-08-27,EUNN.DE,drift,0.504,up,0.527,up,0.5083,up,70.68000030517578,70.6500015258789,70.6500015258789,70.6500015258789,False,False,False,True
2026-08-28,ICGA.DE,classico_avancado,0.6987,up,0.6905,up,0.8378,up,4.867499828338623,4.867499828338623,4.867499828338623,4.867499828338623,True,True,True,True
2026-08-28,ICGA.DE,estado_oculto,0.7547,up,0.1742,down,0.8797,up,4.867499828338623,4.867499828338623,4.867499828338623,4.867499828338623,True,False,True,True
2026-08-28,ICGA.DE,series_temporais,0.5437,up,0.5258,up,0.522,up,4.867499828338623,4.867499828338623,4.867499828338623,4.867499828338623,True,True,True,True
2026-08-28,ICGA.DE,neural_recorrente,0.5229,up,0.5141,up,0.5113,up,4.867499828338623,4.867499828338623,4.867499828338623,4.867499828338623,True,True,True,True
2026-08-28,ICGA.DE,neural_atencao,0.5229,up,0.5141,up,0.5113,up,4.867499828338623,4.867499828338623,4.867499828338623,4.867499828338623,True,True,True,True
2026-08-28,ICGA.DE,bayesiano,0.5365,up,0.6519,up,0.7183,up,4.867499828338623,4.867499828338623,4.867499828338623,4.867499828338623,True,True,True,True
2026-08-28,ICGA.DE,generativo,0.5583,up,0.5458,up,0.5756,up,4.867499828338623,4.867499828338623,4.867499828338623,4.867499828338623,True,True,True,True
2026-08-28,ICGA.DE,reinforcement,0.2648,down,0.2926,down,0.2893,down,4.867499828338623,4.867499828338623,4.867499828338623,4.867499828338623,False,False,False,True
2026-08-28,ICGA.DE,contrarian,0.4636,down,0.4063,down,0.3254,down,4.867499828338623,4.867499828338623,4.867499828338623,4.867499828338623,False,False,False,True
2026-08-28,ICGA.DE,eficiente,0.5229,up,0.5141,up,0.5113,up,4.867499828338623,4.867499828338623,4.867499828338623,4.867499828338623,True,True,True,True
2026-08-28,ICGA.DE,foundation,0.6819,up,0.6594,up,0.6742,up,4.867499828338623,4.867499828338623,4.867499828338623,4.867499828338623,True,True,True,True
2026-08-28,ICGA.DE,conformal,0.6105,up,0.9082,up,0.6988,up,4.867499828338623,4.867499828338623,4.867499828338623,4.867499828338623,True,True,True,True
2026-08-28,ICGA.DE,drift,0.5067,up,0.5021,up,0.5018,up,4.867499828338623,4.867499828338623,4.867499828338623,4.867499828338623,True,True,True,True
2026-08-28,PPFB.DE,classico_avancado,0.7811,up,0.76,up,0.7037,up,76.52999877929688,76.52999877929688,76.52999877929688,76.52999877929688,True,True,True,True
2026-08-28,PPFB.DE,estado_oculto,0.808,up,0.8699,up,0.914,up,76.52999877929688,76.52999877929688,76.52999877929688,76.52999877929688,True,True,True,True
2026-08-28,PPFB.DE,series_temporais,0.6174,up,0.5946,up,0.634,up,76.52999877929688,76.52999877929688,76.52999877929688,76.52999877929688,True,True,True,True
2026-08-28,PPFB.DE,neural_recorrente,0.5861,up,0.5979,up,0.6192,up,76.52999877929688,76.52999877929688,76.52999877929688,76.52999877929688,True,True,True,True
2026-08-28,PPFB.DE,neural_atencao,0.5861,up,0.5979,up,0.6192,up,76.52999877929688,76.52999877929688,76.52999877929688,76.52999877929688,True,True,True,True
2026-08-28,PPFB.DE,bayesiano,0.525,up,0.6461,up,0.6425,up,76.52999877929688,76.52999877929688,76.52999877929688,76.52999877929688,True,True,True,True
2026-08-28,PPFB.DE,generativo,0.5732,up,0.6865,up,0.6065,up,76.52999877929688,76.52999877929688,76.52999877929688,76.52999877929688,True,True,True,True
2026-08-28,PPFB.DE,reinforcement,0.2397,down,0.2435,down,0.2142,down,76.52999877929688,76.52999877929688,76.52999877929688,76.52999877929688,False,False,False,True
2026-08-28,PPFB.DE,contrarian,0.4915,down,0.5196,up,0.5293,up,76.52999877929688,76.52999877929688,76.52999877929688,76.52999877929688,False,True,True,True
2026-08-28,PPFB.DE,eficiente,0.5861,up,0.5979,up,0.6192,up,76.52999877929688,76.52999877929688,76.52999877929688,76.52999877929688,True,True,True,True
2026-08-28,PPFB.DE,foundation,0.4074,down,0.4986,down,0.4961,down,76.52999877929688,76.52999877929688,76.52999877929688,76.52999877929688,False,False,False,True
2026-08-28,PPFB.DE,conformal,0.5699,up,0.9011,up,0.5417,up,76.52999877929688,76.52999877929688,76.52999877929688,76.52999877929688,True,True,True,True
2026-08-28,PPFB.DE,drift,0.5093,up,0.5193,up,0.5108,up,76.52999877929688,76.52999877929688,76.52999877929688,76.52999877929688,True,True,True,True
2026-08-28,SGLN.L,classico_avancado,0.7565,up,0.8367,up,0.8526,up,76.54609161143557,76.64715359914914,76.64715359914914,76.64715359914914,True,True,True,True
2026-08-28,SGLN.L,estado_oculto,0.7679,up,0.886,up,0.9222,up,76.54609161143557,76.64715359914914,76.64715359914914,76.64715359914914,True,True,True,True
2026-08-28,SGLN.L,series_temporais,0.5799,up,0.6117,up,0.6295,up,76.54609161143557,76.64715359914914,76.64715359914914,76.64715359914914,True,True,True,True
2026-08-28,SGLN.L,neural_recorrente,0.5852,up,0.6121,up,0.6241,up,76.54609161143557,76.64715359914914,76.64715359914914,76.64715359914914,True,True,True,True
2026-08-28,SGLN.L,neural_atencao,0.5852,up,0.6121,up,0.6241,up,76.54609161143557,76.64715359914914,76.64715359914914,76.64715359914914,True,True,True,True
2026-08-28,SGLN.L,bayesiano,0.675,up,0.7493,up,0.7135,up,76.54609161143557,76.64715359914914,76.64715359914914,76.64715359914914,True,True,True,True
2026-08-28,SGLN.L,generativo,0.6209,up,0.7127,up,0.5049,up,76.54609161143557,76.64715359914914,76.64715359914914,76.64715359914914,True,True,True,True
2026-08-28,SGLN.L,reinforcement,0.7216,up,0.2415,down,0.2084,down,76.54609161143557,76.64715359914914,76.64715359914914,76.64715359914914,True,False,False,True
2026-08-28,SGLN.L,contrarian,0.4768,down,0.5269,up,0.5498,up,76.54609161143557,76.64715359914914,76.64715359914914,76.64715359914914,False,True,True,True
2026-08-28,SGLN.L,eficiente,0.5852,up,0.6121,up,0.6241,up,76.54609161143557,76.64715359914914,76.64715359914914,76.64715359914914,True,True,True,True
2026-08-28,SGLN.L,foundation,0.4401,down,0.4914,down,0.5494,up,76.54609161143557,76.64715359914914,76.64715359914914,76.64715359914914,False,False,True,True
2026-08-28,SGLN.L,conformal,0.7097,up,0.6224,up,0.5208,up,76.54609161143557,76.64715359914914,76.64715359914914,76.64715359914914,True,True,True,True
2026-08-28,SGLN.L,drift,0.53,up,0.5146,up,0.5132,up,76.54609161143557,76.64715359914914,76.64715359914914,76.64715359914914,True,True,True,True
2026-08-28,EXUS.MI,classico_avancado,0.579,up,0.8912,up,0.8005,up,40.4900016784668,40.4900016784668,40.4900016784668,40.4900016784668,True,True,True,True
2026-08-28,EXUS.MI,estado_oculto,0.3008,down,0.2124,down,0.4081,down,40.4900016784668,40.4900016784668,40.4900016784668,40.4900016784668,False,False,False,True
2026-08-28,EXUS.MI,series_temporais,0.5619,up,0.6303,up,0.6369,up,40.4900016784668,40.4900016784668,40.4900016784668,40.4900016784668,True,True,True,True
2026-08-28,EXUS.MI,neural_recorrente,0.5765,up,0.613,up,0.6357,up,40.4900016784668,40.4900016784668,40.4900016784668,40.4900016784668,True,True,True,True
2026-08-28,EXUS.MI,neural_atencao,0.5765,up,0.613,up,0.6357,up,40.4900016784668,40.4900016784668,40.4900016784668,40.4900016784668,True,True,True,True
2026-08-28,EXUS.MI,bayesiano,0.6474,up,0.7867,up,0.6457,up,40.4900016784668,40.4900016784668,40.4900016784668,40.4900016784668,True,True,True,True
2026-08-28,EXUS.MI,generativo,0.6337,up,0.6139,up,0.5861,up,40.4900016784668,40.4900016784668,40.4900016784668,40.4900016784668,True,True,True,True
2026-08-28,EXUS.MI,reinforcement,0.2619,down,0.2771,down,0.265,down,40.4900016784668,40.4900016784668,40.4900016784668,40.4900016784668,False,False,False,True
2026-08-28,EXUS.MI,contrarian,0.4734,down,0.4076,down,0.5631,up,40.4900016784668,40.4900016784668,40.4900016784668,40.4900016784668,False,False,True,True
2026-08-28,EXUS.MI,eficiente,0.5765,up,0.613,up,0.6357,up,40.4900016784668,40.4900016784668,40.4900016784668,40.4900016784668,True,True,True,True
2026-08-28,EXUS.MI,foundation,0.601,up,0.642,up,0.5405,up,40.4900016784668,40.4900016784668,40.4900016784668,40.4900016784668,True,True,True,True
2026-08-28,EXUS.MI,conformal,0.9176,up,0.8824,up,0.8026,up,40.4900016784668,40.4900016784668,40.4900016784668,40.4900016784668,True,True,True,True
2026-08-28,EXUS.MI,drift,0.524,up,0.5252,up,0.5077,up,40.4900016784668,40.4900016784668,40.4900016784668,40.4900016784668,True,True,True,True
2026-08-28,LYP6.DE,classico_avancado,0.5303,up,0.774,up,0.6751,up,323.5,323.5,323.5,323.5,True,True,True,True
2026-08-28,LYP6.DE,estado_oculto,0.2812,down,0.3659,down,0.4171,down,323.5,323.5,323.5,323.5,False,False,False,True
2026-08-28,LYP6.DE,series_temporais,0.5687,up,0.6087,up,0.6213,up,323.5,323.5,323.5,323.5,True,True,True,True
2026-08-28,LYP6.DE,neural_recorrente,0.5755,up,0.6,up,0.6278,up,323.5,323.5,323.5,323.5,True,True,True,True
2026-08-28,LYP6.DE,neural_atencao,0.5755,up,0.6,up,0.6278,up,323.5,323.5,323.5,323.5,True,True,True,True
2026-08-28,LYP6.DE,bayesiano,0.6352,up,0.7411,up,0.6705,up,323.5,323.5,323.5,323.5,True,True,True,True
2026-08-28,LYP6.DE,generativo,0.5974,up,0.552,up,0.568,up,323.5,323.5,323.5,323.5,True,True,True,True
2026-08-28,LYP6.DE,reinforcement,0.2704,down,0.2111,down,0.2765,down,323.5,323.5,323.5,323.5,False,False,False,True
2026-08-28,LYP6.DE,contrarian,0.4551,down,0.4339,down,0.3907,down,323.5,323.5,323.5,323.5,False,False,False,True
2026-08-28,LYP6.DE,eficiente,0.5755,up,0.6,up,0.6278,up,323.5,323.5,323.5,323.5,True,True,True,True
2026-08-28,LYP6.DE,foundation,0.6337,up,0.5667,up,0.6352,up,323.5,323.5,323.5,323.5,True,True,True,True
2026-08-28,LYP6.DE,conformal,0.7326,up,0.7619,up,0.7253,up,323.5,323.5,323.5,323.5,True,True,True,True
2026-08-28,LYP6.DE,drift,0.5142,up,0.5176,up,0.5011,up,323.5,323.5,323.5,323.5,True,True,True,True
2026-08-28,IS3N.DE,classico_avancado,0.6928,up,0.6696,up,0.6811,up,47.40499877929688,47.40499877929688,47.40499877929688,47.40499877929688,False,False,False,True
2026-08-28,IS3N.DE,estado_oculto,0.2959,down,0.1953,down,0.413,down,47.40499877929688,47.40499877929688,47.40499877929688,47.40499877929688,True,True,True,True
2026-08-28,IS3N.DE,series_temporais,0.5593,up,0.6026,up,0.5981,up,47.40499877929688,47.40499877929688,47.40499877929688,47.40499877929688,False,False,False,True
2026-08-28,IS3N.DE,neural_recorrente,0.5629,up,0.5943,up,0.5916,up,47.40499877929688,47.40499877929688,47.40499877929688,47.40499877929688,False,False,False,True
2026-08-28,IS3N.DE,neural_atencao,0.5629,up,0.5943,up,0.5916,up,47.40499877929688,47.40499877929688,47.40499877929688,47.40499877929688,False,False,False,True
2026-08-28,IS3N.DE,bayesiano,0.7255,up,0.7079,up,0.7226,up,47.40499877929688,47.40499877929688,47.40499877929688,47.40499877929688,False,False,False,True
2026-08-28,IS3N.DE,generativo,0.5901,up,0.6108,up,0.4844,down,47.40499877929688,47.40499877929688,47.40499877929688,47.40499877929688,False,False,True,True
2026-08-28,IS3N.DE,reinforcement,0.7637,up,0.2418,down,0.3074,down,47.40499877929688,47.40499877929688,47.40499877929688,47.40499877929688,False,True,True,True
2026-08-28,IS3N.DE,contrarian,0.4659,down,0.491,down,0.3078,down,47.40499877929688,47.40499877929688,47.40499877929688,47.40499877929688,True,True,True,True
2026-08-28,IS3N.DE,eficiente,0.5629,up,0.5943,up,0.5916,up,47.40499877929688,47.40499877929688,47.40499877929688,47.40499877929688,False,False,False,True
2026-08-28,IS3N.DE,foundation,0.5753,up,0.7296,up,0.6611,up,47.40499877929688,47.40499877929688,47.40499877929688,47.40499877929688,False,False,False,True
2026-08-28,IS3N.DE,conformal,0.828,up,0.8969,up,0.8506,up,47.40499877929688,47.40499877929688,47.40499877929688,47.40499877929688,False,False,False,True
2026-08-28,IS3N.DE,drift,0.5162,up,0.5061,up,0.5188,up,47.40499877929688,47.40499877929688,47.40499877929688,47.40499877929688,False,False,False,True
2026-08-28,EUNN.DE,classico_avancado,0.5579,up,0.8855,up,0.8213,up,70.6500015258789,70.6500015258789,70.6500015258789,70.6500015258789,True,True,True,True
2026-08-28,EUNN.DE,estado_oculto,0.2622,down,0.2254,down,0.1418,down,70.6500015258789,70.6500015258789,70.6500015258789,70.6500015258789,False,False,False,True
2026-08-28,EUNN.DE,series_temporais,0.5353,up,0.5772,up,0.552,up,70.6500015258789,70.6500015258789,70.6500015258789,70.6500015258789,True,True,True,True
2026-08-28,EUNN.DE,neural_recorrente,0.5355,up,0.5729,up,0.5741,up,70.6500015258789,70.6500015258789,70.6500015258789,70.6500015258789,True,True,True,True
2026-08-28,EUNN.DE,neural_atencao,0.5355,up,0.5729,up,0.5741,up,70.6500015258789,70.6500015258789,70.6500015258789,70.6500015258789,True,True,True,True
2026-08-28,EUNN.DE,bayesiano,0.4651,down,0.7935,up,0.586,up,70.6500015258789,70.6500015258789,70.6500015258789,70.6500015258789,False,True,True,True
2026-08-28,EUNN.DE,generativo,0.4996,down,0.5587,up,0.668,up,70.6500015258789,70.6500015258789,70.6500015258789,70.6500015258789,False,True,True,True
2026-08-28,EUNN.DE,reinforcement,0.2217,down,0.2834,down,0.7472,up,70.6500015258789,70.6500015258789,70.6500015258789,70.6500015258789,False,False,True,True
2026-08-28,EUNN.DE,contrarian,0.4807,down,0.4514,down,0.3396,down,70.6500015258789,70.6500015258789,70.6500015258789,70.6500015258789,False,False,False,True
2026-08-28,EUNN.DE,eficiente,0.5355,up,0.5729,up,0.5741,up,70.6500015258789,70.6500015258789,70.6500015258789,70.6500015258789,True,True,True,True
2026-08-28,EUNN.DE,foundation,0.6737,up,0.7153,up,0.6161,up,70.6500015258789,70.6500015258789,70.6500015258789,70.6500015258789,True,True,True,True
2026-08-28,EUNN.DE,conformal,0.7812,up,0.8519,up,0.9101,up,70.6500015258789,70.6500015258789,70.6500015258789,70.6500015258789,True,True,True,True
2026-08-28,EUNN.DE,drift,0.504,up,0.5273,up,0.5081,up,70.6500015258789,70.6500015258789,70.6500015258789,70.6500015258789,True,True,True,True
2026-08-29,ICGA.DE,classico_avancado,0.6413,up,0.6902,up,0.8357,up,4.867499828338623,4.902500152587891,4.902500152587891,4.902500152587891,True,True,True,True
2026-08-29,ICGA.DE,estado_oculto,0.7547,up,0.1742,down,0.8797,up,4.867499828338623,4.902500152587891,4.902500152587891,4.902500152587891,True,False,True,True
2026-08-29,ICGA.DE,series_temporais,0.5437,up,0.5258,up,0.522,up,4.867499828338623,4.902500152587891,4.902500152587891,4.902500152587891,True,True,True,True
2026-08-29,ICGA.DE,neural_recorrente,0.5229,up,0.5141,up,0.5113,up,4.867499828338623,4.902500152587891,4.902500152587891,4.902500152587891,True,True,True,True
2026-08-29,ICGA.DE,neural_atencao,0.5229,up,0.5141,up,0.5113,up,4.867499828338623,4.902500152587891,4.902500152587891,4.902500152587891,True,True,True,True
2026-08-29,ICGA.DE,bayesiano,0.5616,up,0.6297,up,0.707,up,4.867499828338623,4.902500152587891,4.902500152587891,4.902500152587891,True,True,True,True
2026-08-29,ICGA.DE,generativo,0.5578,up,0.5453,up,0.5752,up,4.867499828338623,4.902500152587891,4.902500152587891,4.902500152587891,True,True,True,True
2026-08-29,ICGA.DE,reinforcement,0.2651,down,0.2928,down,0.2893,down,4.867499828338623,4.902500152587891,4.902500152587891,4.902500152587891,False,False,False,True
2026-08-29,ICGA.DE,contrarian,0.4685,down,0.4063,down,0.3198,down,4.867499828338623,4.902500152587891,4.902500152587891,4.902500152587891,False,False,False,True
2026-08-29,ICGA.DE,eficiente,0.5229,up,0.5141,up,0.5113,up,4.867499828338623,4.902500152587891,4.902500152587891,4.902500152587891,True,True,True,True
2026-08-29,ICGA.DE,foundation,0.6819,up,0.6427,up,0.6742,up,4.867499828338623,4.902500152587891,4.902500152587891,4.902500152587891,True,True,True,True
2026-08-29,ICGA.DE,conformal,0.6105,up,0.9082,up,0.6988,up,4.867499828338623,4.902500152587891,4.902500152587891,4.902500152587891,True,True,True,True
2026-08-29,ICGA.DE,drift,0.5053,up,0.502,up,0.5017,up,4.867499828338623,4.902500152587891,4.902500152587891,4.902500152587891,True,True,True,True
2026-08-29,PPFB.DE,classico_avancado,0.7811,up,0.76,up,0.7037,up,76.52999877929688,76.19999694824219,76.19999694824219,76.19999694824219,False,False,False,True
2026-08-29,PPFB.DE,estado_oculto,0.808,up,0.8699,up,0.914,up,76.52999877929688,76.19999694824219,76.19999694824219,76.19999694824219,False,False,False,True
2026-08-29,PPFB.DE,series_temporais,0.6174,up,0.5946,up,0.634,up,76.52999877929688,76.19999694824219,76.19999694824219,76.19999694824219,False,False,False,True
2026-08-29,PPFB.DE,neural_recorrente,0.5861,up,0.5979,up,0.6192,up,76.52999877929688,76.19999694824219,76.19999694824219,76.19999694824219,False,False,False,True
2026-08-29,PPFB.DE,neural_atencao,0.5861,up,0.5979,up,0.6192,up,76.52999877929688,76.19999694824219,76.19999694824219,76.19999694824219,False,False,False,True
2026-08-29,PPFB.DE,bayesiano,0.5207,up,0.5875,up,0.6852,up,76.52999877929688,76.19999694824219,76.19999694824219,76.19999694824219,False,False,False,True
2026-08-29,PPFB.DE,generativo,0.5732,up,0.6865,up,0.6065,up,76.52999877929688,76.19999694824219,76.19999694824219,76.19999694824219,False,False,False,True
2026-08-29,PPFB.DE,reinforcement,0.2397,down,0.2435,down,0.2142,down,76.52999877929688,76.19999694824219,76.19999694824219,76.19999694824219,True,True,True,True
2026-08-29,PPFB.DE,contrarian,0.4915,down,0.5196,up,0.5293,up,76.52999877929688,76.19999694824219,76.19999694824219,76.19999694824219,True,False,False,True
2026-08-29,PPFB.DE,eficiente,0.5861,up,0.5979,up,0.6192,up,76.52999877929688,76.19999694824219,76.19999694824219,76.19999694824219,False,False,False,True
2026-08-29,PPFB.DE,foundation,0.4241,down,0.4653,down,0.5128,up,76.52999877929688,76.19999694824219,76.19999694824219,76.19999694824219,True,True,False,True
2026-08-29,PPFB.DE,conformal,0.5699,up,0.9011,up,0.5417,up,76.52999877929688,76.19999694824219,76.19999694824219,76.19999694824219,False,False,False,True
2026-08-29,PPFB.DE,drift,0.5093,up,0.5193,up,0.5108,up,76.52999877929688,76.19999694824219,76.19999694824219,76.19999694824219,False,False,False,True
2026-08-29,SGLN.L,classico_avancado,0.7565,up,0.8367,up,0.8526,up,76.64715359914914,76.03307832526927,76.03307832526927,76.03307832526927,False,False,False,True
2026-08-29,SGLN.L,estado_oculto,0.7679,up,0.886,up,0.9222,up,76.64715359914914,76.03307832526927,76.03307832526927,76.03307832526927,False,False,False,True
2026-08-29,SGLN.L,series_temporais,0.5799,up,0.6117,up,0.6295,up,76.64715359914914,76.03307832526927,76.03307832526927,76.03307832526927,False,False,False,True
2026-08-29,SGLN.L,neural_recorrente,0.5852,up,0.6121,up,0.6241,up,76.64715359914914,76.03307832526927,76.03307832526927,76.03307832526927,False,False,False,True
2026-08-29,SGLN.L,neural_atencao,0.5852,up,0.6121,up,0.6241,up,76.64715359914914,76.03307832526927,76.03307832526927,76.03307832526927,False,False,False,True
2026-08-29,SGLN.L,bayesiano,0.6759,up,0.7053,up,0.7135,up,76.64715359914914,76.03307832526927,76.03307832526927,76.03307832526927,False,False,False,True
2026-08-29,SGLN.L,generativo,0.621,up,0.7128,up,0.505,up,76.64715359914914,76.03307832526927,76.03307832526927,76.03307832526927,False,False,False,True
2026-08-29,SGLN.L,reinforcement,0.7216,up,0.2415,down,0.2084,down,76.64715359914914,76.03307832526927,76.03307832526927,76.03307832526927,False,True,True,True
2026-08-29,SGLN.L,contrarian,0.4768,down,0.5269,up,0.5498,up,76.64715359914914,76.03307832526927,76.03307832526927,76.03307832526927,True,False,False,True
2026-08-29,SGLN.L,eficiente,0.5852,up,0.6121,up,0.6241,up,76.64715359914914,76.03307832526927,76.03307832526927,76.03307832526927,False,False,False,True
2026-08-29,SGLN.L,foundation,0.4735,down,0.4414,down,0.5661,up,76.64715359914914,76.03307832526927,76.03307832526927,76.03307832526927,True,True,False,True
2026-08-29,SGLN.L,conformal,0.7097,up,0.6224,up,0.5208,up,76.64715359914914,76.03307832526927,76.03307832526927,76.03307832526927,False,False,False,True
2026-08-29,SGLN.L,drift,0.53,up,0.5146,up,0.5132,up,76.64715359914914,76.03307832526927,76.03307832526927,76.03307832526927,False,False,False,True
2026-08-29,EXUS.MI,classico_avancado,0.579,up,0.8912,up,0.8005,up,40.4900016784668,40.58000183105469,40.58000183105469,40.58000183105469,True,True,True,True
2026-08-29,EXUS.MI,estado_oculto,0.3008,down,0.2124,down,0.4081,down,40.4900016784668,40.58000183105469,40.58000183105469,40.58000183105469,False,False,False,True
2026-08-29,EXUS.MI,series_temporais,0.5619,up,0.6303,up,0.6369,up,40.4900016784668,40.58000183105469,40.58000183105469,40.58000183105469,True,True,True,True
2026-08-29,EXUS.MI,neural_recorrente,0.5765,up,0.613,up,0.6357,up,40.4900016784668,40.58000183105469,40.58000183105469,40.58000183105469,True,True,True,True
2026-08-29,EXUS.MI,neural_atencao,0.5765,up,0.613,up,0.6357,up,40.4900016784668,40.58000183105469,40.58000183105469,40.58000183105469,True,True,True,True
2026-08-29,EXUS.MI,bayesiano,0.6307,up,0.788,up,0.6064,up,40.4900016784668,40.58000183105469,40.58000183105469,40.58000183105469,True,True,True,True
2026-08-29,EXUS.MI,generativo,0.6337,up,0.6139,up,0.5861,up,40.4900016784668,40.58000183105469,40.58000183105469,40.58000183105469,True,True,True,True
2026-08-29,EXUS.MI,reinforcement,0.2619,down,0.2771,down,0.265,down,40.4900016784668,40.58000183105469,40.58000183105469,40.58000183105469,False,False,False,True
2026-08-29,EXUS.MI,contrarian,0.4734,down,0.4076,down,0.5631,up,40.4900016784668,40.58000183105469,40.58000183105469,40.58000183105469,False,False,True,True
2026-08-29,EXUS.MI,eficiente,0.5765,up,0.613,up,0.6357,up,40.4900016784668,40.58000183105469,40.58000183105469,40.58000183105469,True,True,True,True
2026-08-29,EXUS.MI,foundation,0.5843,up,0.6753,up,0.5405,up,40.4900016784668,40.58000183105469,40.58000183105469,40.58000183105469,True,True,True,True
2026-08-29,EXUS.MI,conformal,0.9176,up,0.8824,up,0.8026,up,40.4900016784668,40.58000183105469,40.58000183105469,40.58000183105469,True,True,True,True
2026-08-29,EXUS.MI,drift,0.524,up,0.5252,up,0.5077,up,40.4900016784668,40.58000183105469,40.58000183105469,40.58000183105469,True,True,True,True
2026-08-29,LYP6.DE,classico_avancado,0.5303,up,0.774,up,0.6751,up,323.5,322.95001220703125,322.95001220703125,322.95001220703125,False,False,False,True
2026-08-29,LYP6.DE,estado_oculto,0.2812,down,0.3659,down,0.4171,down,323.5,322.95001220703125,322.95001220703125,322.95001220703125,True,True,True,True
2026-08-29,LYP6.DE,series_temporais,0.5687,up,0.6087,up,0.6213,up,323.5,322.95001220703125,322.95001220703125,322.95001220703125,False,False,False,True
2026-08-29,LYP6.DE,neural_recorrente,0.5755,up,0.6,up,0.6278,up,323.5,322.95001220703125,322.95001220703125,322.95001220703125,False,False,False,True
2026-08-29,LYP6.DE,neural_atencao,0.5755,up,0.6,up,0.6278,up,323.5,322.95001220703125,322.95001220703125,322.95001220703125,False,False,False,True
2026-08-29,LYP6.DE,bayesiano,0.6485,up,0.7535,up,0.6676,up,323.5,322.95001220703125,322.95001220703125,322.95001220703125,False,False,False,True
2026-08-29,LYP6.DE,generativo,0.5974,up,0.552,up,0.568,up,323.5,322.95001220703125,322.95001220703125,322.95001220703125,False,False,False,True
2026-08-29,LYP6.DE,reinforcement,0.2704,down,0.2111,down,0.2765,down,323.5,322.95001220703125,322.95001220703125,322.95001220703125,True,True,True,True
2026-08-29,LYP6.DE,contrarian,0.4551,down,0.4339,down,0.3907,down,323.5,322.95001220703125,322.95001220703125,322.95001220703125,True,True,True,True
2026-08-29,LYP6.DE,eficiente,0.5755,up,0.6,up,0.6278,up,323.5,322.95001220703125,322.95001220703125,322.95001220703125,False,False,False,True
2026-08-29,LYP6.DE,foundation,0.6337,up,0.6,up,0.6352,up,323.5,322.95001220703125,322.95001220703125,322.95001220703125,False,False,False,True
2026-08-29,LYP6.DE,conformal,0.7326,up,0.7619,up,0.7253,up,323.5,322.95001220703125,322.95001220703125,322.95001220703125,False,False,False,True
2026-08-29,LYP6.DE,drift,0.5142,up,0.5176,up,0.5011,up,323.5,322.95001220703125,322.95001220703125,322.95001220703125,False,False,False,True
2026-08-29,IS3N.DE,classico_avancado,0.6928,up,0.6696,up,0.6811,up,47.40499877929688,47.845001220703125,47.845001220703125,47.845001220703125,True,True,True,True
2026-08-29,IS3N.DE,estado_oculto,0.2959,down,0.1953,down,0.413,down,47.40499877929688,47.845001220703125,47.845001220703125,47.845001220703125,False,False,False,True
2026-08-29,IS3N.DE,series_temporais,0.5593,up,0.6026,up,0.5981,up,47.40499877929688,47.845001220703125,47.845001220703125,47.845001220703125,True,True,True,True
2026-08-29,IS3N.DE,neural_recorrente,0.5629,up,0.5943,up,0.5916,up,47.40499877929688,47.845001220703125,47.845001220703125,47.845001220703125,True,True,True,True
2026-08-29,IS3N.DE,neural_atencao,0.5629,up,0.5943,up,0.5916,up,47.40499877929688,47.845001220703125,47.845001220703125,47.845001220703125,True,True,True,True
2026-08-29,IS3N.DE,bayesiano,0.7186,up,0.7118,up,0.6915,up,47.40499877929688,47.845001220703125,47.845001220703125,47.845001220703125,True,True,True,True
2026-08-29,IS3N.DE,generativo,0.5901,up,0.6108,up,0.4845,down,47.40499877929688,47.845001220703125,47.845001220703125,47.845001220703125,True,True,False,True
2026-08-29,IS3N.DE,reinforcement,0.7637,up,0.2418,down,0.3074,down,47.40499877929688,47.845001220703125,47.845001220703125,47.845001220703125,True,False,False,True
2026-08-29,IS3N.DE,contrarian,0.4659,down,0.491,down,0.3078,down,47.40499877929688,47.845001220703125,47.845001220703125,47.845001220703125,False,False,False,True
2026-08-29,IS3N.DE,eficiente,0.5629,up,0.5943,up,0.5916,up,47.40499877929688,47.845001220703125,47.845001220703125,47.845001220703125,True,True,True,True
2026-08-29,IS3N.DE,foundation,0.6253,up,0.7296,up,0.6111,up,47.40499877929688,47.845001220703125,47.845001220703125,47.845001220703125,True,True,True,True
2026-08-29,IS3N.DE,conformal,0.828,up,0.8969,up,0.8506,up,47.40499877929688,47.845001220703125,47.845001220703125,47.845001220703125,True,True,True,True
2026-08-29,IS3N.DE,drift,0.5162,up,0.5061,up,0.5188,up,47.40499877929688,47.845001220703125,47.845001220703125,47.845001220703125,True,True,True,True
2026-08-29,EUNN.DE,classico_avancado,0.5579,up,0.8855,up,0.8191,up,70.6500015258789,71.62000274658203,71.62000274658203,71.62000274658203,True,True,True,True
2026-08-29,EUNN.DE,estado_oculto,0.2622,down,0.2254,down,0.1418,down,70.6500015258789,71.62000274658203,71.62000274658203,71.62000274658203,False,False,False,True
2026-08-29,EUNN.DE,series_temporais,0.5353,up,0.5772,up,0.552,up,70.6500015258789,71.62000274658203,71.62000274658203,71.62000274658203,True,True,True,True
2026-08-29,EUNN.DE,neural_recorrente,0.5355,up,0.5729,up,0.5741,up,70.6500015258789,71.62000274658203,71.62000274658203,71.62000274658203,True,True,True,True
2026-08-29,EUNN.DE,neural_atencao,0.5355,up,0.5729,up,0.5741,up,70.6500015258789,71.62000274658203,71.62000274658203,71.62000274658203,True,True,True,True
2026-08-29,EUNN.DE,bayesiano,0.461,down,0.7864,up,0.5566,up,70.6500015258789,71.62000274658203,71.62000274658203,71.62000274658203,False,True,True,True
2026-08-29,EUNN.DE,generativo,0.4996,down,0.5587,up,0.6679,up,70.6500015258789,71.62000274658203,71.62000274658203,71.62000274658203,False,True,True,True
2026-08-29,EUNN.DE,reinforcement,0.2217,down,0.2834,down,0.7472,up,70.6500015258789,71.62000274658203,71.62000274658203,71.62000274658203,False,False,True,True
2026-08-29,EUNN.DE,contrarian,0.4807,down,0.4514,down,0.3396,down,70.6500015258789,71.62000274658203,71.62000274658203,71.62000274658203,False,False,False,True
2026-08-29,EUNN.DE,eficiente,0.5355,up,0.5729,up,0.5741,up,70.6500015258789,71.62000274658203,71.62000274658203,71.62000274658203,True,True,True,True
2026-08-29,EUNN.DE,foundation,0.657,up,0.7153,up,0.6328,up,70.6500015258789,71.62000274658203,71.62000274658203,71.62000274658203,True,True,True,True
2026-08-29,EUNN.DE,conformal,0.7812,up,0.8519,up,0.9091,up,70.6500015258789,71.62000274658203,71.62000274658203,71.62000274658203,True,True,True,True
2026-08-29,EUNN.DE,drift,0.504,up,0.5273,up,0.5081,up,70.6500015258789,71.62000274658203,71.62000274658203,71.62000274658203,True,True,True,True
2026-09-01,ICGA.DE,classico_avancado,0.6809,up,0.6584,up,0.8142,up,4.902500152587891,4.847499847412109,4.847499847412109,4.847499847412109,False,False,False,True
2026-09-01,ICGA.DE,estado_oculto,0.7671,up,0.3344,down,0.8797,up,4.902500152587891,4.847499847412109,4.847499847412109,4.847499847412109,False,True,False,True
2026-09-01,ICGA.DE,series_temporais,0.5437,up,0.5258,up,0.522,up,4.902500152587891,4.847499847412109,4.847499847412109,4.847499847412109,False,False,False,True
2026-09-01,ICGA.DE,neural_recorrente,0.5229,up,0.5141,up,0.5113,up,4.902500152587891,4.847499847412109,4.847499847412109,4.847499847412109,False,False,False,True
2026-09-01,ICGA.DE,neural_atencao,0.5229,up,0.5141,up,0.5113,up,4.902500152587891,4.847499847412109,4.847499847412109,4.847499847412109,False,False,False,True
2026-09-01,ICGA.DE,bayesiano,0.6486,up,0.6851,up,0.7638,up,4.902500152587891,4.847499847412109,4.847499847412109,4.847499847412109,False,False,False,True
2026-09-01,ICGA.DE,generativo,0.556,up,0.5004,up,0.5843,up,4.902500152587891,4.847499847412109,4.847499847412109,4.847499847412109,False,False,False,True
2026-09-01,ICGA.DE,reinforcement,0.2655,down,0.7956,up,0.2807,down,4.902500152587891,4.847499847412109,4.847499847412109,4.847499847412109,True,False,True,True
2026-09-01,ICGA.DE,contrarian,0.452,down,0.3992,down,0.3139,down,4.902500152587891,4.847499847412109,4.847499847412109,4.847499847412109,True,True,True,True
2026-09-01,ICGA.DE,eficiente,0.5229,up,0.5141,up,0.5113,up,4.902500152587891,4.847499847412109,4.847499847412109,4.847499847412109,False,False,False,True
2026-09-01,ICGA.DE,foundation,0.6819,up,0.6261,up,0.6742,up,4.902500152587891,4.847499847412109,4.847499847412109,4.847499847412109,False,False,False,True
2026-09-01,ICGA.DE,conformal,0.5,up,0.9588,up,0.7865,up,4.902500152587891,4.847499847412109,4.847499847412109,4.847499847412109,False,False,False,True
2026-09-01,ICGA.DE,drift,0.5075,up,0.5027,up,0.5021,up,4.902500152587891,4.847499847412109,4.847499847412109,4.847499847412109,False,False,False,True
2026-09-01,PPFB.DE,classico_avancado,0.6997,up,0.8296,up,0.8692,up,76.19999694824219,73.0250015258789,73.0250015258789,73.0250015258789,False,False,False,True
2026-09-01,PPFB.DE,estado_oculto,0.7841,up,0.6966,up,0.6435,up,76.19999694824219,73.0250015258789,73.0250015258789,73.0250015258789,False,False,False,True
2026-09-01,PPFB.DE,series_temporais,0.6174,up,0.5946,up,0.634,up,76.19999694824219,73.0250015258789,73.0250015258789,73.0250015258789,False,False,False,True
2026-09-01,PPFB.DE,neural_recorrente,0.5861,up,0.5979,up,0.6192,up,76.19999694824219,73.0250015258789,73.0250015258789,73.0250015258789,False,False,False,True
2026-09-01,PPFB.DE,neural_atencao,0.5861,up,0.5979,up,0.6192,up,76.19999694824219,73.0250015258789,73.0250015258789,73.0250015258789,False,False,False,True
2026-09-01,PPFB.DE,bayesiano,0.6651,up,0.5393,up,0.7521,up,76.19999694824219,73.0250015258789,73.0250015258789,73.0250015258789,False,False,False,True
2026-09-01,PPFB.DE,generativo,0.5678,up,0.6726,up,0.6526,up,76.19999694824219,73.0250015258789,73.0250015258789,73.0250015258789,False,False,False,True
2026-09-01,PPFB.DE,reinforcement,0.236,down,0.2451,down,0.2098,down,76.19999694824219,73.0250015258789,73.0250015258789,73.0250015258789,True,True,True,True
2026-09-01,PPFB.DE,contrarian,0.4796,down,0.5192,up,0.4856,down,76.19999694824219,73.0250015258789,73.0250015258789,73.0250015258789,True,False,True,True
2026-09-01,PPFB.DE,eficiente,0.5861,up,0.5979,up,0.6192,up,76.19999694824219,73.0250015258789,73.0250015258789,73.0250015258789,False,False,False,True
2026-09-01,PPFB.DE,foundation,0.5407,up,0.632,up,0.5295,up,76.19999694824219,73.0250015258789,73.0250015258789,73.0250015258789,False,False,False,True
2026-09-01,PPFB.DE,conformal,0.6022,up,0.9111,up,0.8687,up,76.19999694824219,73.0250015258789,73.0250015258789,73.0250015258789,False,False,False,True
2026-09-01,PPFB.DE,drift,0.5097,up,0.5187,up,0.5187,up,76.19999694824219,73.0250015258789,73.0250015258789,73.0250015258789,False,False,False,True
2026-09-01,SGLN.L,classico_avancado,0.6869,up,0.8857,up,0.9415,up,76.03307832526927,73.09437766939394,73.09437766939394,73.09437766939394,False,False,False,True
2026-09-01,SGLN.L,estado_oculto,0.8121,up,0.6835,up,0.633,up,76.03307832526927,73.09437766939394,73.09437766939394,73.09437766939394,False,False,False,True
2026-09-01,SGLN.L,series_temporais,0.5799,up,0.6117,up,0.6295,up,76.03307832526927,73.09437766939394,73.09437766939394,73.09437766939394,False,False,False,True
2026-09-01,SGLN.L,neural_recorrente,0.5852,up,0.6121,up,0.6241,up,76.03307832526927,73.09437766939394,73.09437766939394,73.09437766939394,False,False,False,True
2026-09-01,SGLN.L,neural_atencao,0.5852,up,0.6121,up,0.6241,up,76.03307832526927,73.09437766939394,73.09437766939394,73.09437766939394,False,False,False,True
2026-09-01,SGLN.L,bayesiano,0.6246,up,0.7521,up,0.7547,up,76.03307832526927,73.09437766939394,73.09437766939394,73.09437766939394,False,False,False,True
2026-09-01,SGLN.L,generativo,0.597,up,0.7193,up,0.5688,up,76.03307832526927,73.09437766939394,73.09437766939394,73.09437766939394,False,False,False,True
2026-09-01,SGLN.L,reinforcement,0.2262,down,0.251,down,0.2128,down,76.03307832526927,73.09437766939394,73.09437766939394,73.09437766939394,True,True,True,True
2026-09-01,SGLN.L,contrarian,0.4897,down,0.5201,up,0.51,up,76.03307832526927,73.09437766939394,73.09437766939394,73.09437766939394,True,False,False,True
2026-09-01,SGLN.L,eficiente,0.5852,up,0.6121,up,0.6241,up,76.03307832526927,73.09437766939394,73.09437766939394,73.09437766939394,False,False,False,True
2026-09-01,SGLN.L,foundation,0.5068,up,0.5747,up,0.4494,down,76.03307832526927,73.09437766939394,73.09437766939394,73.09437766939394,False,False,True,True
2026-09-01,SGLN.L,conformal,0.8043,up,0.6224,up,0.5981,up,76.03307832526927,73.09437766939394,73.09437766939394,73.09437766939394,False,False,False,True
2026-09-01,SGLN.L,drift,0.5234,up,0.5196,up,0.5205,up,76.03307832526927,73.09437766939394,73.09437766939394,73.09437766939394,False,False,False,True
2026-09-01,EXUS.MI,classico_avancado,0.6834,up,0.7769,up,0.8004,up,40.58000183105469,40.150001525878906,40.150001525878906,40.150001525878906,False,False,False,True
2026-09-01,EXUS.MI,estado_oculto,0.3008,down,0.3652,down,0.4081,down,40.58000183105469,40.150001525878906,40.150001525878906,40.150001525878906,True,True,True,True
2026-09-01,EXUS.MI,series_temporais,0.5619,up,0.6303,up,0.6369,up,40.58000183105469,40.150001525878906,40.150001525878906,40.150001525878906,False,False,False,True
2026-09-01,EXUS.MI,neural_recorrente,0.5765,up,0.613,up,0.6357,up,40.58000183105469,40.150001525878906,40.150001525878906,40.150001525878906,False,False,False,True
2026-09-01,EXUS.MI,neural_atencao,0.5765,up,0.613,up,0.6357,up,40.58000183105469,40.150001525878906,40.150001525878906,40.150001525878906,False,False,False,True
2026-09-01,EXUS.MI,bayesiano,0.7599,up,0.7423,up,0.5722,up,40.58000183105469,40.150001525878906,40.150001525878906,40.150001525878906,False,False,False,True
2026-09-01,EXUS.MI,generativo,0.5758,up,0.5876,up,0.5861,up,40.58000183105469,40.150001525878906,40.150001525878906,40.150001525878906,False,False,False,True
2026-09-01,EXUS.MI,reinforcement,0.2535,down,0.2699,down,0.265,down,40.58000183105469,40.150001525878906,40.150001525878906,40.150001525878906,True,True,True,True
2026-09-01,EXUS.MI,contrarian,0.4419,down,0.448,down,0.5631,up,40.58000183105469,40.150001525878906,40.150001525878906,40.150001525878906,True,True,False,True
2026-09-01,EXUS.MI,eficiente,0.5765,up,0.613,up,0.6357,up,40.58000183105469,40.150001525878906,40.150001525878906,40.150001525878906,False,False,False,True
2026-09-01,EXUS.MI,foundation,0.701,up,0.5587,up,0.5738,up,40.58000183105469,40.150001525878906,40.150001525878906,40.150001525878906,False,False,False,True
2026-09-01,EXUS.MI,conformal,0.9529,up,0.8642,up,0.8026,up,40.58000183105469,40.150001525878906,40.150001525878906,40.150001525878906,False,False,False,True
2026-09-01,EXUS.MI,drift,0.5456,up,0.5161,up,0.5077,up,40.58000183105469,40.150001525878906,40.150001525878906,40.150001525878906,False,False,False,True
2026-09-01,LYP6.DE,classico_avancado,0.6862,up,0.8004,up,0.7572,up,322.95001220703125,319.1499938964844,319.1499938964844,319.1499938964844,False,False,False,True
2026-09-01,LYP6.DE,estado_oculto,0.2991,down,0.3659,down,0.4171,down,322.95001220703125,319.1499938964844,319.1499938964844,319.1499938964844,True,True,True,True
2026-09-01,LYP6.DE,series_temporais,0.5687,up,0.6087,up,0.6213,up,322.95001220703125,319.1499938964844,319.1499938964844,319.1499938964844,False,False,False,True
2026-09-01,LYP6.DE,neural_recorrente,0.5755,up,0.6,up,0.6278,up,322.95001220703125,319.1499938964844,319.1499938964844,319.1499938964844,False,False,False,True
2026-09-01,LYP6.DE,neural_atencao,0.5755,up,0.6,up,0.6278,up,322.95001220703125,319.1499938964844,319.1499938964844,319.1499938964844,False,False,False,True
2026-09-01,LYP6.DE,bayesiano,0.6989,up,0.7325,up,0.7889,up,322.95001220703125,319.1499938964844,319.1499938964844,319.1499938964844,False,False,False,True
2026-09-01,LYP6.DE,generativo,0.583,up,0.5615,up,0.5823,up,322.95001220703125,319.1499938964844,319.1499938964844,319.1499938964844,False,False,False,True
2026-09-01,LYP6.DE,reinforcement,0.2668,down,0.2071,down,0.271,down,322.95001220703125,319.1499938964844,319.1499938964844,319.1499938964844,True,True,True,True
2026-09-01,LYP6.DE,contrarian,0.4539,down,0.445,down,0.3735,down,322.95001220703125,319.1499938964844,319.1499938964844,319.1499938964844,True,True,True,True
2026-09-01,LYP6.DE,eficiente,0.5755,up,0.6,up,0.6278,up,322.95001220703125,319.1499938964844,319.1499938964844,319.1499938964844,False,False,False,True
2026-09-01,LYP6.DE,foundation,0.617,up,0.5333,up,0.6519,up,322.95001220703125,319.1499938964844,319.1499938964844,319.1499938964844,False,False,False,True
2026-09-01,LYP6.DE,conformal,0.5949,up,0.6875,up,0.7143,up,322.95001220703125,319.1499938964844,319.1499938964844,319.1499938964844,False,False,False,True
2026-09-01,LYP6.DE,drift,0.5126,up,0.5265,up,0.5018,up,322.95001220703125,319.1499938964844,319.1499938964844,319.1499938964844,False,False,False,True
2026-09-01,IS3N.DE,classico_avancado,0.7594,up,0.605,up,0.594,up,47.845001220703125,47.652000427246094,47.652000427246094,47.652000427246094,False,False,False,True
2026-09-01,IS3N.DE,estado_oculto,0.2959,down,0.3651,down,0.413,down,47.845001220703125,47.652000427246094,47.652000427246094,47.652000427246094,True,True,True,True
2026-09-01,IS3N.DE,series_temporais,0.5593,up,0.6026,up,0.5981,up,47.845001220703125,47.652000427246094,47.652000427246094,47.652000427246094,False,False,False,True
2026-09-01,IS3N.DE,neural_recorrente,0.5629,up,0.5943,up,0.5916,up,47.845001220703125,47.652000427246094,47.652000427246094,47.652000427246094,False,False,False,True
2026-09-01,IS3N.DE,neural_atencao,0.5629,up,0.5943,up,0.5916,up,47.845001220703125,47.652000427246094,47.652000427246094,47.652000427246094,False,False,False,True
2026-09-01,IS3N.DE,bayesiano,0.7047,up,0.6746,up,0.6822,up,47.845001220703125,47.652000427246094,47.652000427246094,47.652000427246094,False,False,False,True
2026-09-01,IS3N.DE,generativo,0.6014,up,0.5628,up,0.5387,up,47.845001220703125,47.652000427246094,47.652000427246094,47.652000427246094,False,False,False,True
2026-09-01,IS3N.DE,reinforcement,0.7603,up,0.2335,down,0.3117,down,47.845001220703125,47.652000427246094,47.652000427246094,47.652000427246094,False,True,True,True
2026-09-01,IS3N.DE,contrarian,0.4574,down,0.5275,up,0.3456,down,47.845001220703125,47.652000427246094,47.652000427246094,47.652000427246094,True,False,True,True
2026-09-01,IS3N.DE,eficiente,0.5629,up,0.5943,up,0.5916,up,47.845001220703125,47.652000427246094,47.652000427246094,47.652000427246094,False,False,False,True
2026-09-01,IS3N.DE,foundation,0.6086,up,0.5962,up,0.5611,up,47.845001220703125,47.652000427246094,47.652000427246094,47.652000427246094,False,False,False,True
2026-09-01,IS3N.DE,conformal,0.8763,up,0.898,up,0.8817,up,47.845001220703125,47.652000427246094,47.652000427246094,47.652000427246094,False,False,False,True
2026-09-01,IS3N.DE,drift,0.5179,up,0.5022,up,0.5117,up,47.845001220703125,47.652000427246094,47.652000427246094,47.652000427246094,False,False,False,True
2026-09-01,EUNN.DE,classico_avancado,0.7993,up,0.8892,up,0.8913,up,71.62000274658203,71.4000015258789,71.4000015258789,71.4000015258789,False,False,False,True
2026-09-01,EUNN.DE,estado_oculto,0.2711,down,0.6818,up,0.3929,down,71.62000274658203,71.4000015258789,71.4000015258789,71.4000015258789,True,False,True,True
2026-09-01,EUNN.DE,series_temporais,0.5353,up,0.5772,up,0.552,up,71.62000274658203,71.4000015258789,71.4000015258789,71.4000015258789,False,False,False,True
2026-09-01,EUNN.DE,neural_recorrente,0.5355,up,0.5729,up,0.5741,up,71.62000274658203,71.4000015258789,71.4000015258789,71.4000015258789,False,False,False,True
2026-09-01,EUNN.DE,neural_atencao,0.5355,up,0.5729,up,0.5741,up,71.62000274658203,71.4000015258789,71.4000015258789,71.4000015258789,False,False,False,True
2026-09-01,EUNN.DE,bayesiano,0.6498,up,0.7775,up,0.8268,up,71.62000274658203,71.4000015258789,71.4000015258789,71.4000015258789,False,False,False,True
2026-09-01,EUNN.DE,generativo,0.5384,up,0.546,up,0.6189,up,71.62000274658203,71.4000015258789,71.4000015258789,71.4000015258789,False,False,False,True
2026-09-01,EUNN.DE,reinforcement,0.2314,down,0.2652,down,0.2438,down,71.62000274658203,71.4000015258789,71.4000015258789,71.4000015258789,True,True,True,True
2026-09-01,EUNN.DE,contrarian,0.4423,down,0.4636,down,0.3038,down,71.62000274658203,71.4000015258789,71.4000015258789,71.4000015258789,True,True,True,True
2026-09-01,EUNN.DE,eficiente,0.5355,up,0.5729,up,0.5741,up,71.62000274658203,71.4000015258789,71.4000015258789,71.4000015258789,False,False,False,True
2026-09-01,EUNN.DE,foundation,0.6737,up,0.6319,up,0.6828,up,71.62000274658203,71.4000015258789,71.4000015258789,71.4000015258789,False,False,False,True
2026-09-01,EUNN.DE,conformal,0.8617,up,0.9888,up,0.9688,up,71.62000274658203,71.4000015258789,71.4000015258789,71.4000015258789,False,False,False,True
2026-09-01,EUNN.DE,drift,0.5153,up,0.5294,up,0.5145,up,71.62000274658203,71.4000015258789,71.4000015258789,71.4000015258789,False,False,False,True
2026-09-03,ICGA.DE,classico_avancado,0.7652,up,0.7039,up,0.8142,up,4.847499847412109,4.8354997634887695,4.8354997634887695,4.8354997634887695,False,False,False,True
2026-09-03,ICGA.DE,estado_oculto,0.7547,up,0.3344,down,0.8797,up,4.847499847412109,4.8354997634887695,4.8354997634887695,4.8354997634887695,False,True,False,True
2026-09-03,ICGA.DE,series_temporais,0.5437,up,0.5258,up,0.522,up,4.847499847412109,4.8354997634887695,4.8354997634887695,4.8354997634887695,False,False,False,True
2026-09-03,ICGA.DE,neural_recorrente,0.5229,up,0.5141,up,0.5113,up,4.847499847412109,4.8354997634887695,4.8354997634887695,4.8354997634887695,False,False,False,True
2026-09-03,ICGA.DE,neural_atencao,0.5229,up,0.5141,up,0.5113,up,4.847499847412109,4.8354997634887695,4.8354997634887695,4.8354997634887695,False,False,False,True
2026-09-03,ICGA.DE,bayesiano,0.6896,up,0.705,up,0.7598,up,4.847499847412109,4.8354997634887695,4.8354997634887695,4.8354997634887695,False,False,False,True
2026-09-03,ICGA.DE,generativo,0.5831,up,0.491,down,0.5843,up,4.847499847412109,4.8354997634887695,4.8354997634887695,4.8354997634887695,False,True,False,True
2026-09-03,ICGA.DE,reinforcement,0.2721,down,0.7917,up,0.2807,down,4.847499847412109,4.8354997634887695,4.8354997634887695,4.8354997634887695,True,False,True,True
2026-09-03,ICGA.DE,contrarian,0.4535,down,0.4054,down,0.3139,down,4.847499847412109,4.8354997634887695,4.8354997634887695,4.8354997634887695,True,True,True,True
2026-09-03,ICGA.DE,eficiente,0.5229,up,0.5141,up,0.5113,up,4.847499847412109,4.8354997634887695,4.8354997634887695,4.8354997634887695,False,False,False,True
2026-09-03,ICGA.DE,foundation,0.6153,up,0.5761,up,0.6742,up,4.847499847412109,4.8354997634887695,4.8354997634887695,4.8354997634887695,False,False,False,True
2026-09-03,ICGA.DE,conformal,0.6915,up,0.9091,up,0.7865,up,4.847499847412109,4.8354997634887695,4.8354997634887695,4.8354997634887695,False,False,False,True
2026-09-03,ICGA.DE,drift,0.5069,up,0.5034,up,0.5021,up,4.847499847412109,4.8354997634887695,4.8354997634887695,4.8354997634887695,False,False,False,True
2026-09-03,PPFB.DE,classico_avancado,0.7355,up,0.6646,up,0.8592,up,73.0250015258789,73.1449966430664,73.1449966430664,73.1449966430664,True,True,True,True
2026-09-03,PPFB.DE,estado_oculto,0.808,up,0.6966,up,0.914,up,73.0250015258789,73.1449966430664,73.1449966430664,73.1449966430664,True,True,True,True
2026-09-03,PPFB.DE,series_temporais,0.6174,up,0.5946,up,0.634,up,73.0250015258789,73.1449966430664,73.1449966430664,73.1449966430664,True,True,True,True
2026-09-03,PPFB.DE,neural_recorrente,0.5861,up,0.5979,up,0.6192,up,73.0250015258789,73.1449966430664,73.1449966430664,73.1449966430664,True,True,True,True
2026-09-03,PPFB.DE,neural_atencao,0.5861,up,0.5979,up,0.6192,up,73.0250015258789,73.1449966430664,73.1449966430664,73.1449966430664,True,True,True,True
2026-09-03,PPFB.DE,bayesiano,0.6891,up,0.6683,up,0.7309,up,73.0250015258789,73.1449966430664,73.1449966430664,73.1449966430664,True,True,True,True
2026-09-03,PPFB.DE,generativo,0.5823,up,0.6183,up,0.6366,up,73.0250015258789,73.1449966430664,73.1449966430664,73.1449966430664,True,True,True,True
2026-09-03,PPFB.DE,reinforcement,0.2495,down,0.2575,down,0.2217,down,73.0250015258789,73.1449966430664,73.1449966430664,73.1449966430664,False,False,False,True
2026-09-03,PPFB.DE,contrarian,0.4996,down,0.5524,up,0.4864,down,73.0250015258789,73.1449966430664,73.1449966430664,73.1449966430664,False,True,False,True
2026-09-03,PPFB.DE,eficiente,0.5861,up,0.5979,up,0.6192,up,73.0250015258789,73.1449966430664,73.1449966430664,73.1449966430664,True,True,True,True
2026-09-03,PPFB.DE,foundation,0.7241,up,0.5653,up,0.5961,up,73.0250015258789,73.1449966430664,73.1449966430664,73.1449966430664,True,True,True,True
2026-09-03,PPFB.DE,conformal,0.7841,up,0.6505,up,0.8182,up,73.0250015258789,73.1449966430664,73.1449966430664,73.1449966430664,True,True,True,True
2026-09-03,PPFB.DE,drift,0.5108,up,0.5138,up,0.5163,up,73.0250015258789,73.1449966430664,73.1449966430664,73.1449966430664,True,True,True,True
2026-09-03,SGLN.L,classico_avancado,0.6479,up,0.8754,up,0.9439,up,73.09437766939394,75.08929466854968,75.08929466854968,75.08929466854968,True,True,True,True
2026-09-03,SGLN.L,estado_oculto,0.7679,up,0.6835,up,0.9222,up,73.09437766939394,75.08929466854968,75.08929466854968,75.08929466854968,True,True,True,True
2026-09-03,SGLN.L,series_temporais,0.5799,up,0.6117,up,0.6295,up,73.09437766939394,75.08929466854968,75.08929466854968,75.08929466854968,True,True,True,True
2026-09-03,SGLN.L,neural_recorrente,0.5852,up,0.6121,up,0.6241,up,73.09437766939394,75.08929466854968,75.08929466854968,75.08929466854968,True,True,True,True
2026-09-03,SGLN.L,neural_atencao,0.5852,up,0.6121,up,0.6241,up,73.09437766939394,75.08929466854968,75.08929466854968,75.08929466854968,True,True,True,True
2026-09-03,SGLN.L,bayesiano,0.6263,up,0.7396,up,0.7956,up,73.09437766939394,75.08929466854968,75.08929466854968,75.08929466854968,True,True,True,True
2026-09-03,SGLN.L,generativo,0.6091,up,0.6577,up,0.5805,up,73.09437766939394,75.08929466854968,75.08929466854968,75.08929466854968,True,True,True,True
2026-09-03,SGLN.L,reinforcement,0.2247,down,0.2622,down,0.2216,down,73.09437766939394,75.08929466854968,75.08929466854968,75.08929466854968,False,False,False,True
2026-09-03,SGLN.L,contrarian,0.4903,down,0.5272,up,0.5293,up,73.09437766939394,75.08929466854968,75.08929466854968,75.08929466854968,False,True,True,True
2026-09-03,SGLN.L,eficiente,0.5852,up,0.6121,up,0.6241,up,73.09437766939394,75.08929466854968,75.08929466854968,75.08929466854968,True,True,True,True
2026-09-03,SGLN.L,foundation,0.5235,up,0.5247,up,0.5994,up,73.09437766939394,75.08929466854968,75.08929466854968,75.08929466854968,True,True,True,True
2026-09-03,SGLN.L,conformal,0.8261,up,0.5833,up,0.5769,up,73.09437766939394,75.08929466854968,75.08929466854968,75.08929466854968,True,True,True,True
2026-09-03,SGLN.L,drift,0.5211,up,0.5157,up,0.5184,up,73.09437766939394,75.08929466854968,75.08929466854968,75.08929466854968,True,True,True,True
2026-09-03,EXUS.MI,classico_avancado,0.8285,up,0.5396,up,0.8502,up,40.150001525878906,40.07500076293945,40.07500076293945,40.07500076293945,False,False,False,True
2026-09-03,EXUS.MI,estado_oculto,0.3008,down,0.3652,down,0.1571,down,40.150001525878906,40.07500076293945,40.07500076293945,40.07500076293945,True,True,True,True
2026-09-03,EXUS.MI,series_temporais,0.5619,up,0.6303,up,0.6369,up,40.150001525878906,40.07500076293945,40.07500076293945,40.07500076293945,False,False,False,True
2026-09-03,EXUS.MI,neural_recorrente,0.5765,up,0.613,up,0.6357,up,40.150001525878906,40.07500076293945,40.07500076293945,40.07500076293945,False,False,False,True
2026-09-03,EXUS.MI,neural_atencao,0.5765,up,0.613,up,0.6357,up,40.150001525878906,40.07500076293945,40.07500076293945,40.07500076293945,False,False,False,True
2026-09-03,EXUS.MI,bayesiano,0.7595,up,0.7334,up,0.7845,up,40.150001525878906,40.07500076293945,40.07500076293945,40.07500076293945,False,False,False,True
2026-09-03,EXUS.MI,generativo,0.594,up,0.5606,up,0.5598,up,40.150001525878906,40.07500076293945,40.07500076293945,40.07500076293945,False,False,False,True
2026-09-03,EXUS.MI,reinforcement,0.2592,down,0.2663,down,0.256,down,40.150001525878906,40.07500076293945,40.07500076293945,40.07500076293945,True,True,True,True
2026-09-03,EXUS.MI,contrarian,0.4361,down,0.4618,down,0.5057,up,40.150001525878906,40.07500076293945,40.07500076293945,40.07500076293945,True,True,False,True
2026-09-03,EXUS.MI,eficiente,0.5765,up,0.613,up,0.6357,up,40.150001525878906,40.07500076293945,40.07500076293945,40.07500076293945,False,False,False,True
2026-09-03,EXUS.MI,foundation,0.7177,up,0.6253,up,0.7572,up,40.150001525878906,40.07500076293945,40.07500076293945,40.07500076293945,False,False,False,True
2026-09-03,EXUS.MI,conformal,0.9885,up,0.8049,up,0.9012,up,40.150001525878906,40.07500076293945,40.07500076293945,40.07500076293945,False,False,False,True
2026-09-03,EXUS.MI,drift,0.546,up,0.5115,up,0.5143,up,40.150001525878906,40.07500076293945,40.07500076293945,40.07500076293945,False,False,False,True
2026-09-03,LYP6.DE,classico_avancado,0.5349,up,0.6086,up,0.5113,up,319.1499938964844,318.45001220703125,318.45001220703125,318.45001220703125,False,False,False,True
2026-09-03,LYP6.DE,estado_oculto,0.2991,down,0.3659,down,0.1435,down,319.1499938964844,318.45001220703125,318.45001220703125,318.45001220703125,True,True,True,True
2026-09-03,LYP6.DE,series_temporais,0.5687,up,0.6087,up,0.6213,up,319.1499938964844,318.45001220703125,318.45001220703125,318.45001220703125,False,False,False,True
2026-09-03,LYP6.DE,neural_recorrente,0.5755,up,0.6,up,0.6278,up,319.1499938964844,318.45001220703125,318.45001220703125,318.45001220703125,False,False,False,True
2026-09-03,LYP6.DE,neural_atencao,0.5755,up,0.6,up,0.6278,up,319.1499938964844,318.45001220703125,318.45001220703125,318.45001220703125,False,False,False,True
2026-09-03,LYP6.DE,bayesiano,0.6548,up,0.6741,up,0.7327,up,319.1499938964844,318.45001220703125,318.45001220703125,318.45001220703125,False,False,False,True
2026-09-03,LYP6.DE,generativo,0.5908,up,0.5355,up,0.5475,up,319.1499938964844,318.45001220703125,318.45001220703125,318.45001220703125,False,False,False,True
2026-09-03,LYP6.DE,reinforcement,0.2589,down,0.2159,down,0.2741,down,319.1499938964844,318.45001220703125,318.45001220703125,318.45001220703125,True,True,True,True
2026-09-03,LYP6.DE,contrarian,0.4704,down,0.4606,down,0.3981,down,319.1499938964844,318.45001220703125,318.45001220703125,318.45001220703125,True,True,True,True
2026-09-03,LYP6.DE,eficiente,0.5755,up,0.6,up,0.6278,up,319.1499938964844,318.45001220703125,318.45001220703125,318.45001220703125,False,False,False,True
2026-09-03,LYP6.DE,foundation,0.567,up,0.6333,up,0.6352,up,319.1499938964844,318.45001220703125,318.45001220703125,318.45001220703125,False,False,False,True
2026-09-03,LYP6.DE,conformal,0.6463,up,0.4045,down,0.3895,down,319.1499938964844,318.45001220703125,318.45001220703125,318.45001220703125,False,True,True,True
2026-09-03,LYP6.DE,drift,0.5114,up,0.5112,up,0.5007,up,319.1499938964844,318.45001220703125,318.45001220703125,318.45001220703125,False,False,False,True
2026-09-03,IS3N.DE,classico_avancado,0.6331,up,0.605,up,0.594,up,47.652000427246094,47.52999877929688,47.52999877929688,47.52999877929688,False,False,False,True
2026-09-03,IS3N.DE,estado_oculto,0.2614,down,0.3651,down,0.413,down,47.652000427246094,47.52999877929688,47.52999877929688,47.52999877929688,True,True,True,True
2026-09-03,IS3N.DE,series_temporais,0.5593,up,0.6026,up,0.5981,up,47.652000427246094,47.52999877929688,47.52999877929688,47.52999877929688,False,False,False,True
2026-09-03,IS3N.DE,neural_recorrente,0.5629,up,0.5943,up,0.5916,up,47.652000427246094,47.52999877929688,47.52999877929688,47.52999877929688,False,False,False,True
2026-09-03,IS3N.DE,neural_atencao,0.5629,up,0.5943,up,0.5916,up,47.652000427246094,47.52999877929688,47.52999877929688,47.52999877929688,False,False,False,True
2026-09-03,IS3N.DE,bayesiano,0.6642,up,0.6534,up,0.6886,up,47.652000427246094,47.52999877929688,47.52999877929688,47.52999877929688,False,False,False,True
2026-09-03,IS3N.DE,generativo,0.5871,up,0.5628,up,0.5387,up,47.652000427246094,47.52999877929688,47.52999877929688,47.52999877929688,False,False,False,True
2026-09-03,IS3N.DE,reinforcement,0.7602,up,0.2335,down,0.3117,down,47.652000427246094,47.52999877929688,47.52999877929688,47.52999877929688,False,True,True,True
2026-09-03,IS3N.DE,contrarian,0.482,down,0.5275,up,0.3456,down,47.652000427246094,47.52999877929688,47.52999877929688,47.52999877929688,True,False,True,True
2026-09-03,IS3N.DE,eficiente,0.5629,up,0.5943,up,0.5916,up,47.652000427246094,47.52999877929688,47.52999877929688,47.52999877929688,False,False,False,True
2026-09-03,IS3N.DE,foundation,0.7086,up,0.5796,up,0.5778,up,47.652000427246094,47.52999877929688,47.52999877929688,47.52999877929688,False,False,False,True
2026-09-03,IS3N.DE,conformal,0.9368,up,0.898,up,0.8817,up,47.652000427246094,47.52999877929688,47.52999877929688,47.52999877929688,False,False,False,True
2026-09-03,IS3N.DE,drift,0.514,up,0.5022,up,0.5117,up,47.652000427246094,47.52999877929688,47.52999877929688,47.52999877929688,False,False,False,True
2026-09-03,EUNN.DE,classico_avancado,0.7364,up,0.8892,up,0.8964,up,71.4000015258789,71.26000213623047,71.26000213623047,71.26000213623047,False,False,False,True
2026-09-03,EUNN.DE,estado_oculto,0.2622,down,0.6818,up,0.1418,down,71.4000015258789,71.26000213623047,71.26000213623047,71.26000213623047,True,False,True,True
2026-09-03,EUNN.DE,series_temporais,0.5353,up,0.5772,up,0.552,up,71.4000015258789,71.26000213623047,71.26000213623047,71.26000213623047,False,False,False,True
2026-09-03,EUNN.DE,neural_recorrente,0.5355,up,0.5729,up,0.5741,up,71.4000015258789,71.26000213623047,71.26000213623047,71.26000213623047,False,False,False,True
2026-09-03,EUNN.DE,neural_atencao,0.5355,up,0.5729,up,0.5741,up,71.4000015258789,71.26000213623047,71.26000213623047,71.26000213623047,False,False,False,True
2026-09-03,EUNN.DE,bayesiano,0.6497,up,0.7863,up,0.8548,up,71.4000015258789,71.26000213623047,71.26000213623047,71.26000213623047,False,False,False,True
2026-09-03,EUNN.DE,generativo,0.5544,up,0.546,up,0.6251,up,71.4000015258789,71.26000213623047,71.26000213623047,71.26000213623047,False,False,False,True
2026-09-03,EUNN.DE,reinforcement,0.2286,down,0.2652,down,0.7418,up,71.4000015258789,71.26000213623047,71.26000213623047,71.26000213623047,True,True,False,True
2026-09-03,EUNN.DE,contrarian,0.4324,down,0.4636,down,0.2914,down,71.4000015258789,71.26000213623047,71.26000213623047,71.26000213623047,True,True,True,True
2026-09-03,EUNN.DE,eficiente,0.5355,up,0.5729,up,0.5741,up,71.4000015258789,71.26000213623047,71.26000213623047,71.26000213623047,False,False,False,True
2026-09-03,EUNN.DE,foundation,0.6903,up,0.6819,up,0.6661,up,71.4000015258789,71.26000213623047,71.26000213623047,71.26000213623047,False,False,False,True
2026-09-03,EUNN.DE,conformal,0.8404,up,0.9888,up,0.9898,up,71.4000015258789,71.26000213623047,71.26000213623047,71.26000213623047,False,False,False,True
2026-09-03,EUNN.DE,drift,0.516,up,0.5294,up,0.5148,up,71.4000015258789,71.26000213623047,71.26000213623047,71.26000213623047,False,False,False,True
2026-09-03,ICGA.DE,classico_avancado,0.77,up,0.6607,up,0.7943,up,4.8354997634887695,4.810500144958496,4.810500144958496,4.810500144958496,False,False,False,True
2026-09-03,ICGA.DE,estado_oculto,0.7547,up,0.3344,down,0.8797,up,4.8354997634887695,4.810500144958496,4.810500144958496,4.810500144958496,False,True,False,True
2026-09-03,ICGA.DE,series_temporais,0.5437,up,0.5258,up,0.522,up,4.8354997634887695,4.810500144958496,4.810500144958496,4.810500144958496,False,False,False,True
2026-09-03,ICGA.DE,neural_recorrente,0.5229,up,0.5141,up,0.5113,up,4.8354997634887695,4.810500144958496,4.810500144958496,4.810500144958496,False,False,False,True
2026-09-03,ICGA.DE,neural_atencao,0.5229,up,0.5141,up,0.5113,up,4.8354997634887695,4.810500144958496,4.810500144958496,4.810500144958496,False,False,False,True
2026-09-03,ICGA.DE,bayesiano,0.6914,up,0.7223,up,0.8018,up,4.8354997634887695,4.810500144958496,4.810500144958496,4.810500144958496,False,False,False,True
2026-09-03,ICGA.DE,generativo,0.5744,up,0.4891,down,0.518,up,4.8354997634887695,4.810500144958496,4.810500144958496,4.810500144958496,False,True,False,True
2026-09-03,ICGA.DE,reinforcement,0.7717,up,0.7931,up,0.2948,down,4.8354997634887695,4.810500144958496,4.810500144958496,4.810500144958496,False,False,True,True
2026-09-03,ICGA.DE,contrarian,0.4458,down,0.4068,down,0.3362,down,4.8354997634887695,4.810500144958496,4.810500144958496,4.810500144958496,True,True,True,True
2026-09-03,ICGA.DE,eficiente,0.5229,up,0.5141,up,0.5113,up,4.8354997634887695,4.810500144958496,4.810500144958496,4.810500144958496,False,False,False,True
2026-09-03,ICGA.DE,foundation,0.6319,up,0.5261,up,0.5408,up,4.8354997634887695,4.810500144958496,4.810500144958496,4.810500144958496,False,False,False,True
2026-09-03,ICGA.DE,conformal,0.7021,up,0.9091,up,0.8824,up,4.8354997634887695,4.810500144958496,4.810500144958496,4.810500144958496,False,False,False,True
2026-09-03,ICGA.DE,drift,0.5076,up,0.5035,up,0.5024,up,4.8354997634887695,4.810500144958496,4.810500144958496,4.810500144958496,False,False,False,True
2026-09-03,PPFB.DE,classico_avancado,0.7305,up,0.558,up,0.7598,up,73.1449966430664,75.13999938964844,75.13999938964844,75.13999938964844,True,True,True,True
2026-09-03,PPFB.DE,estado_oculto,0.808,up,0.6966,up,0.6435,up,73.1449966430664,75.13999938964844,75.13999938964844,75.13999938964844,True,True,True,True
2026-09-03,PPFB.DE,series_temporais,0.6174,up,0.5946,up,0.634,up,73.1449966430664,75.13999938964844,75.13999938964844,75.13999938964844,True,True,True,True
2026-09-03,PPFB.DE,neural_recorrente,0.5861,up,0.5979,up,0.6192,up,73.1449966430664,75.13999938964844,75.13999938964844,75.13999938964844,True,True,True,True
2026-09-03,PPFB.DE,neural_atencao,0.5861,up,0.5979,up,0.6192,up,73.1449966430664,75.13999938964844,75.13999938964844,75.13999938964844,True,True,True,True
2026-09-03,PPFB.DE,bayesiano,0.6645,up,0.673,up,0.7138,up,73.1449966430664,75.13999938964844,75.13999938964844,75.13999938964844,True,True,True,True
2026-09-03,PPFB.DE,generativo,0.5796,up,0.6143,up,0.6237,up,73.1449966430664,75.13999938964844,75.13999938964844,75.13999938964844,True,True,True,True
2026-09-03,PPFB.DE,reinforcement,0.2506,down,0.2648,down,0.2242,down,73.1449966430664,75.13999938964844,75.13999938964844,75.13999938964844,False,False,False,True
2026-09-03,PPFB.DE,contrarian,0.5081,up,0.5775,up,0.5233,up,73.1449966430664,75.13999938964844,75.13999938964844,75.13999938964844,True,True,True,True
2026-09-03,PPFB.DE,eficiente,0.5861,up,0.5979,up,0.6192,up,73.1449966430664,75.13999938964844,75.13999938964844,75.13999938964844,True,True,True,True
2026-09-03,PPFB.DE,foundation,0.7241,up,0.6653,up,0.5961,up,73.1449966430664,75.13999938964844,75.13999938964844,75.13999938964844,True,True,True,True
2026-09-03,PPFB.DE,conformal,0.7303,up,0.5556,up,0.6729,up,73.1449966430664,75.13999938964844,75.13999938964844,75.13999938964844,True,True,True,True
2026-09-03,PPFB.DE,drift,0.5095,up,0.5077,up,0.5138,up,73.1449966430664,75.13999938964844,75.13999938964844,75.13999938964844,True,True,True,True
2026-09-03,SGLN.L,classico_avancado,0.5496,up,0.7107,up,0.9146,up,75.08929466854968,74.14265043449097,74.14265043449097,74.14265043449097,False,False,False,True
2026-09-03,SGLN.L,estado_oculto,0.8121,up,0.6835,up,0.633,up,75.08929466854968,74.14265043449097,74.14265043449097,74.14265043449097,False,False,False,True
2026-09-03,SGLN.L,series_temporais,0.5799,up,0.6117,up,0.6295,up,75.08929466854968,74.14265043449097,74.14265043449097,74.14265043449097,False,False,False,True
2026-09-03,SGLN.L,neural_recorrente,0.5852,up,0.6121,up,0.6241,up,75.08929466854968,74.14265043449097,74.14265043449097,74.14265043449097,False,False,False,True
2026-09-03,SGLN.L,neural_atencao,0.5852,up,0.6121,up,0.6241,up,75.08929466854968,74.14265043449097,74.14265043449097,74.14265043449097,False,False,False,True
2026-09-03,SGLN.L,bayesiano,0.5916,up,0.7224,up,0.7982,up,75.08929466854968,74.14265043449097,74.14265043449097,74.14265043449097,False,False,False,True
2026-09-03,SGLN.L,generativo,0.5878,up,0.6389,up,0.5926,up,75.08929466854968,74.14265043449097,74.14265043449097,74.14265043449097,False,False,False,True
2026-09-03,SGLN.L,reinforcement,0.2371,down,0.2636,down,0.2121,down,75.08929466854968,74.14265043449097,74.14265043449097,74.14265043449097,True,True,True,True
2026-09-03,SGLN.L,contrarian,0.5174,up,0.5534,up,0.5395,up,75.08929466854968,74.14265043449097,74.14265043449097,74.14265043449097,False,False,False,True
2026-09-03,SGLN.L,eficiente,0.5852,up,0.6121,up,0.6241,up,75.08929466854968,74.14265043449097,74.14265043449097,74.14265043449097,False,False,False,True
2026-09-03,SGLN.L,foundation,0.4901,down,0.6581,up,0.6328,up,75.08929466854968,74.14265043449097,74.14265043449097,74.14265043449097,True,False,False,True
2026-09-03,SGLN.L,conformal,0.6087,up,0.5729,up,0.5588,up,75.08929466854968,74.14265043449097,74.14265043449097,74.14265043449097,False,False,False,True
2026-09-03,SGLN.L,drift,0.5096,up,0.5109,up,0.5157,up,75.08929466854968,74.14265043449097,74.14265043449097,74.14265043449097,False,False,False,True
2026-09-03,EXUS.MI,classico_avancado,0.8389,up,0.8388,up,0.828,up,40.07500076293945,40.53499984741211,40.53499984741211,40.53499984741211,True,True,True,True
2026-09-03,EXUS.MI,estado_oculto,0.3008,down,0.2124,down,0.4081,down,40.07500076293945,40.53499984741211,40.53499984741211,40.53499984741211,False,False,False,True
2026-09-03,EXUS.MI,series_temporais,0.5619,up,0.6303,up,0.6369,up,40.07500076293945,40.53499984741211,40.53499984741211,40.53499984741211,True,True,True,True
2026-09-03,EXUS.MI,neural_recorrente,0.5765,up,0.613,up,0.6357,up,40.07500076293945,40.53499984741211,40.53499984741211,40.53499984741211,True,True,True,True
2026-09-03,EXUS.MI,neural_atencao,0.5765,up,0.613,up,0.6357,up,40.07500076293945,40.53499984741211,40.53499984741211,40.53499984741211,True,True,True,True
2026-09-03,EXUS.MI,bayesiano,0.7559,up,0.7569,up,0.6469,up,40.07500076293945,40.53499984741211,40.53499984741211,40.53499984741211,True,True,True,True
2026-09-03,EXUS.MI,generativo,0.5919,up,0.6056,up,0.5736,up,40.07500076293945,40.53499984741211,40.53499984741211,40.53499984741211,True,True,True,True
2026-09-03,EXUS.MI,reinforcement,0.2591,down,0.2774,down,0.2486,down,40.07500076293945,40.53499984741211,40.53499984741211,40.53499984741211,False,False,False,True
2026-09-03,EXUS.MI,contrarian,0.4267,down,0.4245,down,0.5288,up,40.07500076293945,40.53499984741211,40.53499984741211,40.53499984741211,False,False,True,True
2026-09-03,EXUS.MI,eficiente,0.5765,up,0.613,up,0.6357,up,40.07500076293945,40.53499984741211,40.53499984741211,40.53499984741211,True,True,True,True
2026-09-03,EXUS.MI,foundation,0.7177,up,0.6087,up,0.6905,up,40.07500076293945,40.53499984741211,40.53499984741211,40.53499984741211,True,True,True,True
2026-09-03,EXUS.MI,conformal,0.9885,up,0.9167,up,0.8861,up,40.07500076293945,40.53499984741211,40.53499984741211,40.53499984741211,True,True,True,True
2026-09-03,EXUS.MI,drift,0.5513,up,0.5155,up,0.5141,up,40.07500076293945,40.53499984741211,40.53499984741211,40.53499984741211,True,True,True,True
2026-09-03,LYP6.DE,classico_avancado,0.79,up,0.756,up,0.6015,up,318.45001220703125,320.20001220703125,320.20001220703125,320.20001220703125,True,True,True,True
2026-09-03,LYP6.DE,estado_oculto,0.2991,down,0.2042,down,0.4171,down,318.45001220703125,320.20001220703125,320.20001220703125,320.20001220703125,False,False,False,True
2026-09-03,LYP6.DE,series_temporais,0.5687,up,0.6087,up,0.6213,up,318.45001220703125,320.20001220703125,320.20001220703125,320.20001220703125,True,True,True,True
2026-09-03,LYP6.DE,neural_recorrente,0.5755,up,0.6,up,0.6278,up,318.45001220703125,320.20001220703125,320.20001220703125,320.20001220703125,True,True,True,True
2026-09-03,LYP6.DE,neural_atencao,0.5755,up,0.6,up,0.6278,up,318.45001220703125,320.20001220703125,320.20001220703125,320.20001220703125,True,True,True,True
2026-09-03,LYP6.DE,bayesiano,0.5881,up,0.6799,up,0.5493,up,318.45001220703125,320.20001220703125,320.20001220703125,320.20001220703125,True,True,True,True
2026-09-03,LYP6.DE,generativo,0.5622,up,0.5152,up,0.5579,up,318.45001220703125,320.20001220703125,320.20001220703125,320.20001220703125,True,True,True,True
2026-09-03,LYP6.DE,reinforcement,0.2615,down,0.2039,down,0.2756,down,318.45001220703125,320.20001220703125,320.20001220703125,320.20001220703125,False,False,False,True
2026-09-03,LYP6.DE,contrarian,0.4385,down,0.4439,down,0.3842,down,318.45001220703125,320.20001220703125,320.20001220703125,320.20001220703125,False,False,False,True
2026-09-03,LYP6.DE,eficiente,0.5755,up,0.6,up,0.6278,up,318.45001220703125,320.20001220703125,320.20001220703125,320.20001220703125,True,True,True,True
2026-09-03,LYP6.DE,foundation,0.5337,up,0.5833,up,0.7019,up,318.45001220703125,320.20001220703125,320.20001220703125,320.20001220703125,True,True,True,True
2026-09-03,LYP6.DE,conformal,0.7816,up,0.573,up,0.7143,up,318.45001220703125,320.20001220703125,320.20001220703125,320.20001220703125,True,True,True,True
2026-09-03,LYP6.DE,drift,0.5148,up,0.5277,up,0.5008,up,318.45001220703125,320.20001220703125,320.20001220703125,320.20001220703125,True,True,True,True
2026-09-03,IS3N.DE,classico_avancado,0.6094,up,0.605,up,0.594,up,47.52999877929688,47.534000396728516,47.534000396728516,47.534000396728516,True,True,True,True
2026-09-03,IS3N.DE,estado_oculto,0.2614,down,0.3651,down,0.413,down,47.52999877929688,47.534000396728516,47.534000396728516,47.534000396728516,False,False,False,True
2026-09-03,IS3N.DE,series_temporais,0.5593,up,0.6026,up,0.5981,up,47.52999877929688,47.534000396728516,47.534000396728516,47.534000396728516,True,True,True,True
2026-09-03,IS3N.DE,neural_recorrente,0.5629,up,0.5943,up,0.5916,up,47.52999877929688,47.534000396728516,47.534000396728516,47.534000396728516,True,True,True,True
2026-09-03,IS3N.DE,neural_atencao,0.5629,up,0.5943,up,0.5916,up,47.52999877929688,47.534000396728516,47.534000396728516,47.534000396728516,True,True,True,True
2026-09-03,IS3N.DE,bayesiano,0.6586,up,0.6624,up,0.6732,up,47.52999877929688,47.534000396728516,47.534000396728516,47.534000396728516,True,True,True,True
2026-09-03,IS3N.DE,generativo,0.5887,up,0.5628,up,0.5387,up,47.52999877929688,47.534000396728516,47.534000396728516,47.534000396728516,True,True,True,True
2026-09-03,IS3N.DE,reinforcement,0.7594,up,0.2334,down,0.3117,down,47.52999877929688,47.534000396728516,47.534000396728516,47.534000396728516,True,False,False,True
2026-09-03,IS3N.DE,contrarian,0.4757,down,0.5275,up,0.3456,down,47.52999877929688,47.534000396728516,47.534000396728516,47.534000396728516,False,True,False,True
2026-09-03,IS3N.DE,eficiente,0.5629,up,0.5943,up,0.5916,up,47.52999877929688,47.534000396728516,47.534000396728516,47.534000396728516,True,True,True,True
2026-09-03,IS3N.DE,foundation,0.7086,up,0.6129,up,0.5944,up,47.52999877929688,47.534000396728516,47.534000396728516,47.534000396728516,True,True,True,True
2026-09-03,IS3N.DE,conformal,0.957,up,0.898,up,0.8817,up,47.52999877929688,47.534000396728516,47.534000396728516,47.534000396728516,True,True,True,True
2026-09-03,IS3N.DE,drift,0.5145,up,0.5022,up,0.5117,up,47.52999877929688,47.534000396728516,47.534000396728516,47.534000396728516,True,True,True,True
2026-09-03,EUNN.DE,classico_avancado,0.7903,up,0.8892,up,0.8964,up,71.26000213623047,72.7699966430664,72.7699966430664,72.7699966430664,True,True,True,True
2026-09-03,EUNN.DE,estado_oculto,0.2622,down,0.6818,up,0.1418,down,71.26000213623047,72.7699966430664,72.7699966430664,72.7699966430664,False,True,False,True
2026-09-03,EUNN.DE,series_temporais,0.5353,up,0.5772,up,0.552,up,71.26000213623047,72.7699966430664,72.7699966430664,72.7699966430664,True,True,True,True
2026-09-03,EUNN.DE,neural_recorrente,0.5355,up,0.5729,up,0.5741,up,71.26000213623047,72.7699966430664,72.7699966430664,72.7699966430664,True,True,True,True
2026-09-03,EUNN.DE,neural_atencao,0.5355,up,0.5729,up,0.5741,up,71.26000213623047,72.7699966430664,72.7699966430664,72.7699966430664,True,True,True,True
2026-09-03,EUNN.DE,bayesiano,0.6672,up,0.7852,up,0.8526,up,71.26000213623047,72.7699966430664,72.7699966430664,72.7699966430664,True,True,True,True
2026-09-03,EUNN.DE,generativo,0.5568,up,0.5461,up,0.6252,up,71.26000213623047,72.7699966430664,72.7699966430664,72.7699966430664,True,True,True,True
2026-09-03,EUNN.DE,reinforcement,0.2288,down,0.2653,down,0.7418,up,71.26000213623047,72.7699966430664,72.7699966430664,72.7699966430664,False,False,True,True
2026-09-03,EUNN.DE,contrarian,0.4264,down,0.4636,down,0.2914,down,71.26000213623047,72.7699966430664,72.7699966430664,72.7699966430664,False,False,False,True
2026-09-03,EUNN.DE,eficiente,0.5355,up,0.5729,up,0.5741,up,71.26000213623047,72.7699966430664,72.7699966430664,72.7699966430664,True,True,True,True
2026-09-03,EUNN.DE,foundation,0.6903,up,0.6819,up,0.6828,up,71.26000213623047,72.7699966430664,72.7699966430664,72.7699966430664,True,True,True,True
2026-09-03,EUNN.DE,conformal,0.8526,up,0.9888,up,0.9898,up,71.26000213623047,72.7699966430664,72.7699966430664,72.7699966430664,True,True,True,True
2026-09-03,EUNN.DE,drift,0.5185,up,0.5294,up,0.5148,up,71.26000213623047,72.7699966430664,72.7699966430664,72.7699966430664,True,True,True,True
2026-09-04,ICGA.DE,classico_avancado,0.5868,up,0.7348,up,0.6937,up,4.810500144958496,,,,,,,False
2026-09-04,ICGA.DE,estado_oculto,0.7671,up,0.1742,down,0.625,up,4.810500144958496,,,,,,,False
2026-09-04,ICGA.DE,series_temporais,0.5437,up,0.5258,up,0.522,up,4.810500144958496,,,,,,,False
2026-09-04,ICGA.DE,neural_recorrente,0.5229,up,0.5141,up,0.5113,up,4.810500144958496,,,,,,,False
2026-09-04,ICGA.DE,neural_atencao,0.5229,up,0.5141,up,0.5113,up,4.810500144958496,,,,,,,False
2026-09-04,ICGA.DE,bayesiano,0.6248,up,0.6985,up,0.6904,up,4.810500144958496,,,,,,,False
2026-09-04,ICGA.DE,generativo,0.5536,up,0.5119,up,0.5607,up,4.810500144958496,,,,,,,False
2026-09-04,ICGA.DE,reinforcement,0.2541,down,0.7982,up,0.2889,down,4.810500144958496,,,,,,,False
2026-09-04,ICGA.DE,contrarian,0.4678,down,0.3985,down,0.3318,down,4.810500144958496,,,,,,,False
2026-09-04,ICGA.DE,eficiente,0.5229,up,0.5141,up,0.5113,up,4.810500144958496,,,,,,,False
2026-09-04,ICGA.DE,foundation,0.6819,up,0.6594,up,0.6408,up,4.810500144958496,,,,,,,False
2026-09-04,ICGA.DE,conformal,0.8125,up,0.9898,up,0.8929,up,4.810500144958496,,,,,,,False
2026-09-04,ICGA.DE,drift,0.5061,up,0.5047,up,0.5015,up,4.810500144958496,,,,,,,False
2026-09-04,PPFB.DE,classico_avancado,0.5577,up,0.6788,up,0.5627,up,75.13999938964844,,,,,,,False
2026-09-04,PPFB.DE,estado_oculto,0.7841,up,0.6966,up,0.6435,up,75.13999938964844,,,,,,,False
2026-09-04,PPFB.DE,series_temporais,0.6174,up,0.5946,up,0.634,up,75.13999938964844,,,,,,,False
2026-09-04,PPFB.DE,neural_recorrente,0.5861,up,0.5979,up,0.6192,up,75.13999938964844,,,,,,,False
2026-09-04,PPFB.DE,neural_atencao,0.5861,up,0.5979,up,0.6192,up,75.13999938964844,,,,,,,False
2026-09-04,PPFB.DE,bayesiano,0.6945,up,0.7308,up,0.6407,up,75.13999938964844,,,,,,,False
2026-09-04,PPFB.DE,generativo,0.5858,up,0.6092,up,0.5931,up,75.13999938964844,,,,,,,False
2026-09-04,PPFB.DE,reinforcement,0.2576,down,0.2781,down,0.2449,down,75.13999938964844,,,,,,,False
2026-09-04,PPFB.DE,contrarian,0.5221,up,0.5714,up,0.5622,up,75.13999938964844,,,,,,,False
2026-09-04,PPFB.DE,eficiente,0.5861,up,0.5979,up,0.6192,up,75.13999938964844,,,,,,,False
2026-09-04,PPFB.DE,foundation,0.6574,up,0.6653,up,0.6461,up,75.13999938964844,,,,,,,False
2026-09-04,PPFB.DE,conformal,0.8068,up,0.703,up,0.6355,up,75.13999938964844,,,,,,,False
2026-09-04,PPFB.DE,drift,0.5072,up,0.5119,up,0.5053,up,75.13999938964844,,,,,,,False
2026-09-04,SGLN.L,classico_avancado,0.7519,up,0.7002,up,0.7855,up,74.14265043449097,,,,,,,False
2026-09-04,SGLN.L,estado_oculto,0.8121,up,0.886,up,0.633,up,74.14265043449097,,,,,,,False
2026-09-04,SGLN.L,series_temporais,0.5799,up,0.6117,up,0.6295,up,74.14265043449097,,,,,,,False
2026-09-04,SGLN.L,neural_recorrente,0.5852,up,0.6121,up,0.6241,up,74.14265043449097,,,,,,,False
2026-09-04,SGLN.L,neural_atencao,0.5852,up,0.6121,up,0.6241,up,74.14265043449097,,,,,,,False
2026-09-04,SGLN.L,bayesiano,0.5185,up,0.6521,up,0.7485,up,74.14265043449097,,,,,,,False
2026-09-04,SGLN.L,generativo,0.6215,up,0.6314,up,0.6777,up,74.14265043449097,,,,,,,False
2026-09-04,SGLN.L,reinforcement,0.2282,down,0.2721,down,0.2128,down,74.14265043449097,,,,,,,False
2026-09-04,SGLN.L,contrarian,0.4902,down,0.5601,up,0.5491,up,74.14265043449097,,,,,,,False
2026-09-04,SGLN.L,eficiente,0.5852,up,0.6121,up,0.6241,up,74.14265043449097,,,,,,,False
2026-09-04,SGLN.L,foundation,0.5068,up,0.5914,up,0.4994,down,74.14265043449097,,,,,,,False
2026-09-04,SGLN.L,conformal,0.8261,up,0.5729,up,0.5769,up,74.14265043449097,,,,,,,False
2026-09-04,SGLN.L,drift,0.5141,up,0.5095,up,0.511,up,74.14265043449097,,,,,,,False
2026-09-04,EXUS.MI,classico_avancado,0.7677,up,0.8208,up,0.8622,up,40.53499984741211,,,,,,,False
2026-09-04,EXUS.MI,estado_oculto,0.3008,down,0.2124,down,0.1571,down,40.53499984741211,,,,,,,False
2026-09-04,EXUS.MI,series_temporais,0.5619,up,0.6303,up,0.6369,up,40.53499984741211,,,,,,,False
2026-09-04,EXUS.MI,neural_recorrente,0.5765,up,0.613,up,0.6357,up,40.53499984741211,,,,,,,False
2026-09-04,EXUS.MI,neural_atencao,0.5765,up,0.613,up,0.6357,up,40.53499984741211,,,,,,,False
2026-09-04,EXUS.MI,bayesiano,0.7327,up,0.7426,up,0.793,up,40.53499984741211,,,,,,,False
2026-09-04,EXUS.MI,generativo,0.5885,up,0.6061,up,0.5508,up,40.53499984741211,,,,,,,False
2026-09-04,EXUS.MI,reinforcement,0.2639,down,0.2708,down,0.2523,down,40.53499984741211,,,,,,,False
2026-09-04,EXUS.MI,contrarian,0.4399,down,0.4421,down,0.5104,up,40.53499984741211,,,,,,,False
2026-09-04,EXUS.MI,eficiente,0.5765,up,0.613,up,0.6357,up,40.53499984741211,,,,,,,False
2026-09-04,EXUS.MI,foundation,0.7177,up,0.592,up,0.7572,up,40.53499984741211,,,,,,,False
2026-09-04,EXUS.MI,conformal,0.9176,up,0.7308,up,0.9036,up,40.53499984741211,,,,,,,False
2026-09-04,EXUS.MI,drift,0.546,up,0.5144,up,0.5164,up,40.53499984741211,,,,,,,False
2026-09-04,LYP6.DE,classico_avancado,0.7443,up,0.7772,up,0.6015,up,320.20001220703125,,,,,,,False
2026-09-04,LYP6.DE,estado_oculto,0.2991,down,0.2042,down,0.4171,down,320.20001220703125,,,,,,,False
2026-09-04,LYP6.DE,series_temporais,0.5687,up,0.6087,up,0.6213,up,320.20001220703125,,,,,,,False
2026-09-04,LYP6.DE,neural_recorrente,0.5755,up,0.6,up,0.6278,up,320.20001220703125,,,,,,,False
2026-09-04,LYP6.DE,neural_atencao,0.5755,up,0.6,up,0.6278,up,320.20001220703125,,,,,,,False
2026-09-04,LYP6.DE,bayesiano,0.566,up,0.6452,up,0.5774,up,320.20001220703125,,,,,,,False
2026-09-04,LYP6.DE,generativo,0.5617,up,0.5155,up,0.5579,up,320.20001220703125,,,,,,,False
2026-09-04,LYP6.DE,reinforcement,0.2609,down,0.2157,down,0.2756,down,320.20001220703125,,,,,,,False
2026-09-04,LYP6.DE,contrarian,0.4497,down,0.4137,down,0.3842,down,320.20001220703125,,,,,,,False
2026-09-04,LYP6.DE,eficiente,0.5755,up,0.6,up,0.6278,up,320.20001220703125,,,,,,,False
2026-09-04,LYP6.DE,foundation,0.617,up,0.5667,up,0.6186,up,320.20001220703125,,,,,,,False
2026-09-04,LYP6.DE,conformal,0.6707,up,0.8242,up,0.7143,up,320.20001220703125,,,,,,,False
2026-09-04,LYP6.DE,drift,0.5109,up,0.5273,up,0.5008,up,320.20001220703125,,,,,,,False
2026-09-04,IS3N.DE,classico_avancado,0.6094,up,0.605,up,0.594,up,47.534000396728516,,,,,,,False
2026-09-04,IS3N.DE,estado_oculto,0.2614,down,0.3651,down,0.413,down,47.534000396728516,,,,,,,False
2026-09-04,IS3N.DE,series_temporais,0.5593,up,0.6026,up,0.5981,up,47.534000396728516,,,,,,,False
2026-09-04,IS3N.DE,neural_recorrente,0.5629,up,0.5943,up,0.5916,up,47.534000396728516,,,,,,,False
2026-09-04,IS3N.DE,neural_atencao,0.5629,up,0.5943,up,0.5916,up,47.534000396728516,,,,,,,False
2026-09-04,IS3N.DE,bayesiano,0.6614,up,0.6903,up,0.6722,up,47.534000396728516,,,,,,,False
2026-09-04,IS3N.DE,generativo,0.5887,up,0.5628,up,0.5387,up,47.534000396728516,,,,,,,False
2026-09-04,IS3N.DE,reinforcement,0.7594,up,0.2334,down,0.3117,down,47.534000396728516,,,,,,,False
2026-09-04,IS3N.DE,contrarian,0.4757,down,0.5275,up,0.3456,down,47.534000396728516,,,,,,,False
2026-09-04,IS3N.DE,eficiente,0.5629,up,0.5943,up,0.5916,up,47.534000396728516,,,,,,,False
2026-09-04,IS3N.DE,foundation,0.7086,up,0.6296,up,0.5944,up,47.534000396728516,,,,,,,False
2026-09-04,IS3N.DE,conformal,0.957,up,0.898,up,0.8817,up,47.534000396728516,,,,,,,False
2026-09-04,IS3N.DE,drift,0.5145,up,0.5022,up,0.5117,up,47.534000396728516,,,,,,,False
2026-09-04,EUNN.DE,classico_avancado,0.838,up,0.8813,up,0.8914,up,72.7699966430664,,,,,,,False
2026-09-04,EUNN.DE,estado_oculto,0.2622,down,0.8579,up,0.1418,down,72.7699966430664,,,,,,,False
2026-09-04,EUNN.DE,series_temporais,0.5353,up,0.5772,up,0.552,up,72.7699966430664,,,,,,,False
2026-09-04,EUNN.DE,neural_recorrente,0.5355,up,0.5729,up,0.5741,up,72.7699966430664,,,,,,,False
2026-09-04,EUNN.DE,neural_atencao,0.5355,up,0.5729,up,0.5741,up,72.7699966430664,,,,,,,False
2026-09-04,EUNN.DE,bayesiano,0.6828,up,0.7717,up,0.8623,up,72.7699966430664,,,,,,,False
2026-09-04,EUNN.DE,generativo,0.5519,up,0.5147,up,0.5965,up,72.7699966430664,,,,,,,False
2026-09-04,EUNN.DE,reinforcement,0.2386,down,0.2784,down,0.7483,up,72.7699966430664,,,,,,,False
2026-09-04,EUNN.DE,contrarian,0.4504,down,0.4662,down,0.3058,down,72.7699966430664,,,,,,,False
2026-09-04,EUNN.DE,eficiente,0.5355,up,0.5729,up,0.5741,up,72.7699966430664,,,,,,,False
2026-09-04,EUNN.DE,foundation,0.6903,up,0.6986,up,0.7161,up,72.7699966430664,,,,,,,False
2026-09-04,EUNN.DE,conformal,0.9362,up,0.9667,up,0.9694,up,72.7699966430664,,,,,,,False
2026-09-04,EUNN.DE,drift,0.516,up,0.5279,up,0.5143,up,72.7699966430664,,,,,,,False
