ticker,pred_date,target_date,horizon,champion_pred_price,champion_pred_ret,challenger_pred_price,challenger_pred_ret,challenger_interval_lo,challenger_interval_hi,ref_price,actual_price,actual_ret,champion_sq_err,challenger_sq_err,validated
SGLN.L,2026-08-05,2026-08-06,1,6078.1061,0.007844,6028.1719,-0.000436,5820.4545,6235.8893,6030.7998,,,,,False
SGLN.L,2026-08-05,2026-08-07,2,6097.701,0.011093,6096.0404,0.010818,5802.5808,6389.5001,6030.7998,,,,,False
SGLN.L,2026-08-05,2026-08-10,3,5948.8629,-0.013586,6098.3408,0.011199,5736.5345,6460.1471,6030.7998,,,,,False
PPFB.DE,2026-08-05,2026-08-06,1,70.94,0.007742,69.9578,-0.006211,67.7886,72.127,70.395,,,,,False
PPFB.DE,2026-08-05,2026-08-07,2,69.6243,-0.010949,69.9608,-0.006167,67.3739,72.5478,70.395,,,,,False
PPFB.DE,2026-08-05,2026-08-10,3,71.339,0.01341,70.7136,0.004526,67.4314,73.9958,70.395,,,,,False
EUNN.DE,2026-08-05,2026-08-06,1,72.2211,0.009238,71.3099,-0.003495,69.6169,73.0029,71.56,,,,,False
EUNN.DE,2026-08-05,2026-08-07,2,72.4949,0.013064,71.4003,-0.002231,69.1074,73.6933,71.56,,,,,False
EUNN.DE,2026-08-05,2026-08-10,3,70.415,-0.016001,71.4143,-0.002036,69.0711,73.7575,71.56,,,,,False
ICGA.DE,2026-08-05,2026-08-06,1,4.9803,-0.006515,5.0197,0.001336,4.9165,5.1229,5.013,,,,,False
ICGA.DE,2026-08-05,2026-08-07,2,5.0592,0.009214,5.0282,0.003037,4.8999,5.1565,5.013,,,,,False
ICGA.DE,2026-08-05,2026-08-10,3,4.9564,-0.011285,5.0385,0.005095,4.8595,5.2176,5.013,,,,,False
IS3N.DE,2026-08-05,2026-08-06,1,47.2699,0.011726,46.1758,-0.01169,44.0922,48.2595,46.722,,,,,False
IS3N.DE,2026-08-05,2026-08-07,2,47.4968,0.016583,46.0984,-0.013346,43.6633,48.5336,46.722,,,,,False
IS3N.DE,2026-08-05,2026-08-10,3,45.7731,-0.02031,46.0525,-0.01433,42.9551,49.1499,46.722,,,,,False
LYP6.DE,2026-08-05,2026-08-06,1,321.9625,-0.004753,323.6956,0.000605,318.649,328.7423,323.5,,,,,False
LYP6.DE,2026-08-05,2026-08-07,2,321.3257,-0.006721,323.5066,2e-05,316.2575,330.7557,323.5,,,,,False
LYP6.DE,2026-08-05,2026-08-10,3,326.163,0.008232,323.8684,0.001139,315.8222,331.9146,323.5,,,,,False
EXUS.MI,2026-08-05,2026-08-06,1,40.3104,-0.004928,40.4717,-0.000945,39.9195,41.024,40.51,,,,,False
EXUS.MI,2026-08-05,2026-08-07,2,40.7923,0.00697,40.5002,-0.000243,39.5663,41.434,40.51,,,,,False
EXUS.MI,2026-08-05,2026-08-10,3,40.8558,0.008536,40.5071,-7.1e-05,39.4301,41.5841,40.51,,,,,False
AAPL,2026-08-05,2026-08-06,1,314.2979,0.015896,307.0252,-0.007612,296.8645,317.1858,309.38,,,,,False
AAPL,2026-08-05,2026-08-07,2,316.3349,0.02248,311.0017,0.005242,295.963,326.0403,309.38,,,,,False
AAPL,2026-08-05,2026-08-10,3,317.898,0.027532,313.7182,0.014022,294.8162,332.6202,309.38,,,,,False
MSFT,2026-08-05,2026-08-06,1,483.8439,-0.018194,489.6759,-0.00636,471.0723,508.2794,492.81,,,,,False
MSFT,2026-08-05,2026-08-07,2,505.4899,0.02573,491.6175,-0.00242,460.841,522.3941,492.81,,,,,False
MSFT,2026-08-05,2026-08-10,3,508.3397,0.031513,486.6586,-0.012482,439.5084,533.8088,492.81,,,,,False
GOOGL,2026-08-05,2026-08-06,1,384.5821,0.018356,376.9402,-0.00188,361.1256,392.7547,377.65,,,,,False
GOOGL,2026-08-05,2026-08-07,2,367.8465,-0.025959,378.7181,0.002828,351.5577,405.8785,377.65,,,,,False
GOOGL,2026-08-05,2026-08-10,3,365.6432,-0.031794,382.1388,0.011886,349.9234,414.3542,377.65,,,,,False
AMZN,2026-08-05,2026-08-06,1,272.4322,-0.017979,275.3104,-0.007605,263.7767,286.844,277.42,,,,,False
AMZN,2026-08-05,2026-08-07,2,284.4739,0.025427,274.023,-0.012245,257.9539,290.0921,277.42,,,,,False
AMZN,2026-08-05,2026-08-10,3,268.7808,-0.031141,269.56,-0.028333,247.3643,291.7557,277.42,,,,,False
META,2026-08-05,2026-08-06,1,575.5693,-0.021041,585.7237,-0.00377,553.2325,618.2149,587.94,,,,,False
META,2026-08-05,2026-08-07,2,570.4452,-0.029756,584.7422,-0.005439,536.4902,632.9941,587.94,,,,,False
META,2026-08-05,2026-08-10,3,566.5133,-0.036444,583.7636,-0.007103,529.6559,637.8714,587.94,,,,,False
TSLA,2026-08-05,2026-08-06,1,335.2589,0.02416,346.0937,0.057259,321.284,370.9035,327.35,,,,,False
TSLA,2026-08-05,2026-08-07,2,338.5349,0.034168,348.0105,0.063114,314.5767,381.4443,327.35,,,,,False
TSLA,2026-08-05,2026-08-10,3,313.6513,-0.041847,355.9478,0.087361,309.5391,402.3565,327.35,,,,,False
NVDA,2026-08-05,2026-08-06,1,215.8143,0.01828,211.2643,-0.003188,201.5339,220.9947,211.94,,,,,False
NVDA,2026-08-05,2026-08-07,2,206.4609,-0.025852,211.7849,-0.000732,199.7182,223.8516,211.94,,,,,False
NVDA,2026-08-05,2026-08-10,3,218.6505,0.031662,213.2924,0.006381,195.7887,230.7961,211.94,,,,,False
PLTR,2026-08-05,2026-08-06,1,158.4546,-0.025854,175.6159,0.07965,152.8653,198.3666,162.66,,,,,False
PLTR,2026-08-05,2026-08-07,2,156.7127,-0.036563,180.2588,0.108194,149.3504,211.1673,162.66,,,,,False
PLTR,2026-08-05,2026-08-10,3,155.3761,-0.04478,194.6076,0.196407,148.954,240.2612,162.66,,,,,False
ARM,2026-08-05,2026-08-06,1,292.5762,0.042829,285.2958,0.01688,250.269,320.3227,280.56,,,,,False
ARM,2026-08-05,2026-08-07,2,297.5534,0.06057,284.0575,0.012466,228.0354,340.0795,280.56,,,,,False
ARM,2026-08-05,2026-08-10,3,259.7474,-0.074182,277.2986,-0.011625,214.4969,340.1003,280.56,,,,,False
MRVL,2026-08-05,2026-08-06,1,227.4014,0.04031,206.6676,-0.054542,179.1137,234.2214,218.59,,,,,False
MRVL,2026-08-05,2026-08-07,2,231.0512,0.057007,194.5028,-0.110193,145.6096,243.3961,218.59,,,,,False
MRVL,2026-08-05,2026-08-10,3,203.3282,-0.069819,198.2451,-0.093073,149.6933,246.7969,218.59,,,,,False
SMCI,2026-08-05,2026-08-06,1,32.9361,0.039321,31.9588,0.008482,28.6257,35.2919,31.69,,,,,False
SMCI,2026-08-05,2026-08-07,2,29.9278,-0.055608,31.6976,0.000241,26.5976,36.7977,31.69,,,,,False
SMCI,2026-08-05,2026-08-10,3,29.5317,-0.068105,31.6327,-0.001809,24.9817,38.2836,31.69,,,,,False
NOW,2026-08-05,2026-08-06,1,121.6661,0.029847,117.916,-0.001896,109.0021,126.8299,118.14,,,,,False
NOW,2026-08-05,2026-08-07,2,113.1534,-0.042209,116.4418,-0.014374,102.3369,130.5468,118.14,,,,,False
NOW,2026-08-05,2026-08-10,3,112.0327,-0.051696,115.6411,-0.021152,97.9644,133.3177,118.14,,,,,False
ORCL,2026-08-05,2026-08-06,1,141.9614,-0.025927,144.0178,-0.011817,132.7385,155.2972,145.74,,,,,False
ORCL,2026-08-05,2026-08-07,2,140.3963,-0.036666,141.8058,-0.026995,127.4402,156.1714,145.74,,,,,False
ORCL,2026-08-05,2026-08-10,3,139.1953,-0.044907,138.5942,-0.049031,117.3107,159.8777,145.74,,,,,False
DELL,2026-08-05,2026-08-06,1,485.0204,0.037987,471.3196,0.008667,431.3467,511.2925,467.27,,,,,False
DELL,2026-08-05,2026-08-07,2,492.3729,0.053722,477.3002,0.021466,414.9983,539.6021,467.27,,,,,False
DELL,2026-08-05,2026-08-10,3,436.5254,-0.065796,475.5956,0.017818,397.5066,553.6845,467.27,,,,,False
AIQ,2026-08-05,2026-08-06,1,64.1109,0.015538,63.0373,-0.001468,59.8217,66.253,63.13,,,,,False
AIQ,2026-08-05,2026-08-07,2,64.5172,0.021974,63.2443,0.00181,59.9911,66.4975,63.13,,,,,False
AIQ,2026-08-05,2026-08-10,3,61.431,-0.026912,63.1367,0.000106,59.0491,67.2242,63.13,,,,,False
CHAT,2026-08-05,2026-08-06,1,92.26,0.024201,90.9438,0.00959,85.5549,96.3328,90.08,,,,,False
CHAT,2026-08-05,2026-08-07,2,93.163,0.034225,90.5685,0.005423,83.7034,97.4336,90.08,,,,,False
CHAT,2026-08-05,2026-08-10,3,93.8559,0.041917,90.2758,0.002173,82.1843,98.3672,90.08,,,,,False
AMD,2026-08-05,2026-08-06,1,539.23,0.03982,489.5603,-0.05596,420.3959,558.7247,518.58,,,,,False
AMD,2026-08-05,2026-08-07,2,489.3765,-0.056314,478.9906,-0.076342,389.9755,568.0056,518.58,,,,,False
AMD,2026-08-05,2026-08-10,3,554.3469,0.068971,497.1022,-0.041417,422.222,571.9823,518.58,,,,,False
AVGO,2026-08-05,2026-08-06,1,409.4489,-0.020832,419.2413,0.002586,396.3346,442.1479,418.16,,,,,False
AVGO,2026-08-05,2026-08-07,2,430.4793,0.029461,423.9824,0.013924,392.7143,455.2505,418.16,,,,,False
AVGO,2026-08-05,2026-08-10,3,403.072,-0.036082,427.5846,0.022538,390.1333,465.0358,418.16,,,,,False
ASML,2026-08-05,2026-08-06,1,1752.8952,0.023953,1696.272,-0.009123,1590.4163,1802.1277,1711.89,,,,,False
ASML,2026-08-05,2026-08-07,2,1769.8801,0.033875,1715.7833,0.002274,1570.2,1861.3666,1711.89,,,,,False
ASML,2026-08-05,2026-08-10,3,1640.8669,-0.041488,1703.621,-0.00483,1536.323,1870.9191,1711.89,,,,,False
TSM,2026-08-05,2026-08-06,1,408.5218,-0.020731,416.9831,-0.000448,391.8654,442.1009,417.17,,,,,False
TSM,2026-08-05,2026-08-07,2,404.9396,-0.029318,416.526,-0.001544,387.2685,445.7834,417.17,,,,,False
TSM,2026-08-05,2026-08-10,3,432.1492,0.035907,414.4874,-0.00643,381.1581,447.8168,417.17,,,,,False
NVO,2026-08-05,2026-08-06,1,45.1711,0.020124,43.4896,-0.017851,41.4434,45.5358,44.28,,,,,False
NVO,2026-08-05,2026-08-07,2,43.0198,-0.028459,44.0188,-0.0059,40.4947,47.5428,44.28,,,,,False
NVO,2026-08-05,2026-08-10,3,45.8234,0.034855,44.3766,0.002182,38.0139,50.7393,44.28,,,,,False
LLY,2026-08-05,2026-08-06,1,1133.8815,0.016314,1117.2499,0.001407,1078.0466,1156.4533,1115.6801,,,,,False
LLY,2026-08-05,2026-08-07,2,1141.4207,0.023072,1109.8867,-0.005193,1051.1308,1168.6427,1115.6801,,,,,False
LLY,2026-08-05,2026-08-10,3,1147.2058,0.028257,1125.0997,0.008443,1048.8688,1201.3306,1115.6801,,,,,False
JNJ,2026-08-05,2026-08-06,1,258.1182,0.012506,256.2221,0.005068,249.517,262.9272,254.93,,,,,False
JNJ,2026-08-05,2026-08-07,2,250.4212,-0.017686,254.2734,-0.002576,244.6064,263.9403,254.93,,,,,False
JNJ,2026-08-05,2026-08-10,3,260.4521,0.021661,254.9031,-0.000105,242.994,266.8122,254.93,,,,,False
PFE,2026-08-05,2026-08-06,1,25.1553,-0.010024,25.3578,-0.002055,24.7249,25.9906,25.41,,,,,False
PFE,2026-08-05,2026-08-07,2,25.0498,-0.014176,25.2296,-0.0071,24.3326,26.1266,25.41,,,,,False
PFE,2026-08-05,2026-08-10,3,24.9688,-0.017362,25.3254,-0.003328,24.2117,26.4392,25.41,,,,,False
AZN,2026-08-05,2026-08-06,1,153.3786,-0.014403,154.4955,-0.007226,149.8174,159.1737,155.62,,,,,False
AZN,2026-08-05,2026-08-07,2,158.7899,0.020369,154.289,-0.008553,147.2065,161.3716,155.62,,,,,False
AZN,2026-08-05,2026-08-10,3,159.5023,0.024947,154.6618,-0.006157,145.6762,163.6474,155.62,,,,,False
MRK,2026-08-05,2026-08-06,1,129.7114,0.013371,127.9188,-0.000635,123.7926,132.045,128.0,,,,,False
MRK,2026-08-05,2026-08-07,2,130.4203,0.018909,128.4159,0.003249,122.7908,134.041,128.0,,,,,False
MRK,2026-08-05,2026-08-10,3,130.9643,0.023158,129.2028,0.009397,122.5086,135.8971,128.0,,,,,False
ABBV,2026-08-05,2026-08-06,1,247.2446,0.014129,243.6245,-0.00072,236.8409,250.4081,243.8,,,,,False
ABBV,2026-08-05,2026-08-07,2,248.6715,0.019981,246.1701,0.009722,236.2717,256.0685,243.8,,,,,False
ABBV,2026-08-05,2026-08-10,3,249.7663,0.024472,246.4458,0.010852,235.3004,257.5911,243.8,,,,,False
UNH,2026-08-05,2026-08-06,1,400.6878,-0.016838,367.5107,-0.098244,319.5623,415.4592,407.55,,,,,False
UNH,2026-08-05,2026-08-07,2,397.8455,-0.023812,347.4591,-0.147444,282.9255,411.9927,407.55,,,,,False
UNH,2026-08-05,2026-08-10,3,395.6644,-0.029163,367.1443,-0.099143,302.1047,432.1839,407.55,,,,,False
IBB,2026-08-05,2026-08-06,1,191.9529,0.009481,190.4666,0.001665,185.9381,194.9951,190.15,,,,,False
IBB,2026-08-05,2026-08-07,2,187.6004,-0.013408,192.2118,0.010843,185.2384,199.1852,190.15,,,,,False
IBB,2026-08-05,2026-08-10,3,193.2726,0.016422,192.7061,0.013443,184.5781,200.8341,190.15,,,,,False
XBI,2026-08-05,2026-08-06,1,149.6129,-0.014927,153.2391,0.008948,147.9126,158.5655,151.88,,,,,False
XBI,2026-08-05,2026-08-07,2,155.0862,0.02111,153.7406,0.01225,145.1264,162.3548,151.88,,,,,False
XBI,2026-08-05,2026-08-10,3,155.8068,0.025855,154.4107,0.016662,144.2545,164.5669,151.88,,,,,False
ALV.DE,2026-08-05,2026-08-06,1,434.4071,-0.005706,434.1613,-0.006269,425.7155,442.607,436.9,,,,,False
ALV.DE,2026-08-05,2026-08-07,2,440.4254,0.008069,431.3672,-0.012664,420.7338,442.0006,436.9,,,,,False
ALV.DE,2026-08-05,2026-08-10,3,441.2178,0.009883,428.2826,-0.019724,413.9448,442.6204,436.9,,,,,False
SIE.DE,2026-08-05,2026-08-06,1,282.7018,-0.010841,286.1739,0.001308,276.8,295.5478,285.8,,,,,False
SIE.DE,2026-08-05,2026-08-07,2,290.1815,0.015331,288.5264,0.009539,270.5542,306.4986,285.8,,,,,False
SIE.DE,2026-08-05,2026-08-10,3,280.4337,-0.018776,288.9562,0.011044,273.2614,304.6511,285.8,,,,,False
BMW.DE,2026-08-05,2026-08-06,1,60.4557,0.010965,60.1138,0.005248,58.0338,62.1938,59.8,,,,,False
BMW.DE,2026-08-05,2026-08-07,2,60.7273,0.015507,60.5684,0.01285,57.8405,63.2964,59.8,,,,,False
BMW.DE,2026-08-05,2026-08-10,3,60.9357,0.018992,60.9691,0.019549,56.9218,65.0163,59.8,,,,,False
BAS.DE,2026-08-05,2026-08-06,1,50.2371,-0.01108,50.8036,7.1e-05,49.6116,51.9957,50.8,,,,,False
BAS.DE,2026-08-05,2026-08-07,2,51.596,0.015669,50.6417,-0.003117,48.425,52.8583,50.8,,,,,False
BAS.DE,2026-08-05,2026-08-10,3,49.8251,-0.019191,50.5451,-0.005018,47.8262,53.264,50.8,,,,,False
NESN.SW,2026-08-05,2026-08-06,1,80.8636,-0.012172,81.8298,-0.000369,79.9531,83.7064,81.86,,,,,False
NESN.SW,2026-08-05,2026-08-07,2,80.4508,-0.017214,81.2599,-0.00733,78.5348,83.9851,81.86,,,,,False
NESN.SW,2026-08-05,2026-08-10,3,80.1341,-0.021083,81.5338,-0.003985,77.7456,85.322,81.86,,,,,False
NOVN.SW,2026-08-05,2026-08-06,1,126.5664,0.011399,125.2751,0.00108,122.4047,128.1455,125.14,,,,,False
NOVN.SW,2026-08-05,2026-08-07,2,123.1227,-0.01612,125.771,0.005043,122.2242,129.3178,125.14,,,,,False
NOVN.SW,2026-08-05,2026-08-10,3,127.6106,0.019743,125.9764,0.006684,121.076,130.8769,125.14,,,,,False
VWCE.DE,2026-08-05,2026-08-06,1,167.465,-0.005434,163.1661,-0.030965,160.8212,165.511,168.38,,,,,False
VWCE.DE,2026-08-05,2026-08-07,2,169.674,0.007685,158.2641,-0.060078,154.0976,162.4306,168.38,,,,,False
VWCE.DE,2026-08-05,2026-08-10,3,169.9648,0.009412,156.2573,-0.071996,151.8983,160.6164,168.38,,,,,False
IWDA.AS,2026-08-05,2026-08-06,1,129.2339,0.005164,127.1013,-0.011424,124.095,130.1075,128.57,,,,,False
IWDA.AS,2026-08-05,2026-08-07,2,129.5089,0.007303,128.5422,-0.000216,125.8904,131.1941,128.57,,,,,False
IWDA.AS,2026-08-05,2026-08-10,3,129.72,0.008944,128.7187,0.001156,125.7039,131.7335,128.57,,,,,False
CSPX.L,2026-08-05,2026-08-06,1,842.4321,0.00649,835.8261,-0.001402,821.4055,850.2468,837.0,,,,,False
CSPX.L,2026-08-05,2026-08-07,2,844.6822,0.009178,827.3284,-0.011555,804.1371,850.5197,837.0,,,,,False
CSPX.L,2026-08-05,2026-08-10,3,846.4087,0.011241,834.1892,-0.003358,804.5429,863.8355,837.0,,,,,False
EMIM.AS,2026-08-05,2026-08-06,1,47.2479,0.011731,46.3156,-0.008232,44.2116,48.4196,46.7,,,,,False
EMIM.AS,2026-08-05,2026-08-07,2,47.4748,0.016591,46.0058,-0.014864,43.3564,48.6553,46.7,,,,,False
EMIM.AS,2026-08-05,2026-08-10,3,47.6489,0.020319,45.9932,-0.015136,42.6663,49.32,46.7,,,,,False
MEUD.PA,2026-08-05,2026-08-06,1,321.9268,-0.004709,323.6645,0.000663,318.7915,328.5375,323.45,,,,,False
MEUD.PA,2026-08-05,2026-08-07,2,325.6042,0.00666,323.7188,0.000831,316.5038,330.9338,323.45,,,,,False
MEUD.PA,2026-08-05,2026-08-10,3,320.8117,-0.008157,323.7209,0.000837,315.2619,332.1798,323.45,,,,,False
SJPA.MI,2026-08-05,2026-08-06,1,72.2486,0.009199,71.543,-0.000657,69.9942,73.0918,71.59,,,,,False
SJPA.MI,2026-08-05,2026-08-07,2,72.5214,0.01301,71.0631,-0.00736,68.8548,73.2714,71.59,,,,,False
SJPA.MI,2026-08-05,2026-08-10,3,72.7307,0.015933,71.3951,-0.002723,69.136,73.6542,71.59,,,,,False
GLD,2026-08-05,2026-08-06,1,377.29,0.008365,375.9402,0.004758,364.1024,387.778,374.16,,,,,False
GLD,2026-08-05,2026-08-07,2,378.5865,0.01183,378.3928,0.011313,363.0292,393.7565,374.16,,,,,False
GLD,2026-08-05,2026-08-10,3,379.5813,0.014489,377.8946,0.009981,359.5516,396.2376,374.16,,,,,False
SLV,2026-08-05,2026-08-06,1,52.9782,-0.016006,53.7431,-0.001801,50.5074,56.9788,53.84,,,,,False
SLV,2026-08-05,2026-08-07,2,52.6213,-0.022636,53.7571,-0.001539,49.909,57.6053,53.84,,,,,False
SLV,2026-08-05,2026-08-10,3,55.3327,0.027724,53.4547,-0.007157,47.7131,59.1962,53.84,,,,,False
XOM,2026-08-05,2026-08-06,1,151.9961,-0.012756,154.234,0.001779,148.3123,160.1556,153.96,,,,,False
XOM,2026-08-05,2026-08-07,2,156.7374,0.01804,155.6508,0.010982,148.1205,163.1812,153.96,,,,,False
XOM,2026-08-05,2026-08-10,3,150.5584,-0.022094,155.6417,0.010923,146.5123,164.771,153.96,,,,,False
CVX,2026-08-05,2026-08-06,1,192.6611,0.011875,190.1165,-0.001489,184.6802,195.5527,190.4,,,,,False
CVX,2026-08-05,2026-08-07,2,187.2024,-0.016794,190.3507,-0.000259,182.452,198.2494,190.4,,,,,False
CVX,2026-08-05,2026-08-10,3,194.3163,0.020569,189.4936,-0.004761,180.0036,198.9835,190.4,,,,,False
URA,2026-08-05,2026-08-06,1,43.3486,0.020206,42.8031,0.007369,40.366,45.2402,42.49,,,,,False
URA,2026-08-05,2026-08-07,2,41.2758,-0.028576,42.6484,0.003728,39.3369,45.9599,42.49,,,,,False
URA,2026-08-05,2026-08-10,3,43.9771,0.034999,42.93,0.010356,39.2653,46.5948,42.49,,,,,False
LIT,2026-08-05,2026-08-06,1,72.5775,0.01238,71.7217,0.000442,67.6455,75.798,71.69,,,,,False
LIT,2026-08-05,2026-08-07,2,70.4349,-0.017508,71.6209,-0.000963,67.0754,76.1665,71.69,,,,,False
LIT,2026-08-05,2026-08-10,3,73.2272,0.021442,71.6536,-0.000508,66.4809,76.8262,71.69,,,,,False
DBA,2026-08-05,2026-08-06,1,27.8046,0.005229,27.6477,-0.000443,27.2786,28.0168,27.66,,,,,False
DBA,2026-08-05,2026-08-07,2,27.4554,-0.007395,27.5614,-0.003566,26.9406,28.1822,27.66,,,,,False
DBA,2026-08-05,2026-08-10,3,27.4095,-0.009057,27.5768,-0.003006,26.8571,28.2966,27.66,,,,,False
COPX,2026-08-05,2026-08-06,1,82.59,-0.016669,83.9849,-6.1e-05,78.3732,89.5965,83.99,,,,,False
COPX,2026-08-05,2026-08-07,2,82.0101,-0.023573,84.2745,0.003388,77.0964,91.4526,83.99,,,,,False
COPX,2026-08-05,2026-08-10,3,81.5651,-0.028871,83.6636,-0.003886,75.5126,91.8147,83.99,,,,,False
BHP,2026-08-05,2026-08-06,1,88.7232,0.014443,87.4792,0.000219,83.4408,91.5175,87.46,,,,,False
BHP,2026-08-05,2026-08-07,2,89.2465,0.020426,86.4528,-0.011516,80.8874,92.0182,87.46,,,,,False
BHP,2026-08-05,2026-08-10,3,89.648,0.025017,86.2785,-0.013509,79.7931,92.7639,87.46,,,,,False
RIO,2026-08-05,2026-08-06,1,100.1479,0.011492,97.7932,-0.012289,93.9953,101.5911,99.01,,,,,False
RIO,2026-08-05,2026-08-07,2,97.4008,-0.016253,97.5668,-0.014576,91.8233,103.3102,99.01,,,,,False
RIO,2026-08-05,2026-08-10,3,97.0392,-0.019905,98.0364,-0.009833,91.5251,104.5477,99.01,,,,,False
VALE,2026-08-05,2026-08-06,1,15.0146,0.012451,14.8634,0.002255,14.3359,15.391,14.83,,,,,False
VALE,2026-08-05,2026-08-07,2,15.0911,0.017608,14.8989,0.004647,14.0679,15.7299,14.83,,,,,False
VALE,2026-08-05,2026-08-10,3,15.1498,0.021565,14.9331,0.006949,14.0016,15.8645,14.83,,,,,False
BTC-USD,2026-08-05,2026-08-06,1,64860.6144,0.011276,64034.0156,-0.001612,61573.5568,66494.4744,64137.3789,,,,,False
BTC-USD,2026-08-05,2026-08-07,2,63114.5695,-0.015947,64038.1776,-0.001547,61187.8341,66888.5211,64137.3789,,,,,False
BTC-USD,2026-08-05,2026-08-10,3,65390.0595,0.019531,64086.4809,-0.000794,60600.9734,67571.9884,64137.3789,,,,,False
ETH-USD,2026-08-05,2026-08-06,1,1898.7988,0.015373,1963.1681,0.049794,1812.9363,2113.3999,1870.05,,,,,False
ETH-USD,2026-08-05,2026-08-07,2,1910.707,0.021741,2181.5159,0.166555,1821.6623,2541.3696,1870.05,,,,,False
ETH-USD,2026-08-05,2026-08-10,3,1820.2557,-0.026627,2310.5943,0.235579,1824.1156,2797.0729,1870.05,,,,,False
BABA,2026-08-05,2026-08-06,1,127.0573,-0.014983,130.8276,0.014246,124.9506,136.7046,128.99,,,,,False
BABA,2026-08-05,2026-08-07,2,131.7233,0.02119,132.228,0.025103,123.702,140.754,128.99,,,,,False
BABA,2026-08-05,2026-08-10,3,132.3376,0.025952,130.8618,0.014511,118.6998,143.0237,128.99,,,,,False
MCHI,2026-08-05,2026-08-06,1,56.4629,0.006647,56.1278,0.000674,54.7081,57.5476,56.09,,,,,False
MCHI,2026-08-05,2026-08-07,2,56.6173,0.009401,55.9677,-0.00218,54.2149,57.7206,56.09,,,,,False
MCHI,2026-08-05,2026-08-10,3,56.7358,0.011514,55.9618,-0.002285,54.0591,57.8645,56.09,,,,,False
FXI,2026-08-05,2026-08-06,1,36.5675,0.007092,36.4231,0.003114,35.4728,37.3733,36.31,,,,,False
FXI,2026-08-05,2026-08-07,2,35.9458,-0.010029,36.3366,0.000734,35.0948,37.5785,36.31,,,,,False
FXI,2026-08-05,2026-08-10,3,36.756,0.012283,36.3562,0.001272,34.8298,37.8826,36.31,,,,,False
INDA,2026-08-05,2026-08-06,1,50.7925,0.005195,50.5993,0.001372,49.6521,51.5466,50.53,,,,,False
INDA,2026-08-05,2026-08-07,2,50.9012,0.007347,50.4687,-0.001213,49.0431,51.8943,50.53,,,,,False
INDA,2026-08-05,2026-08-10,3,50.9847,0.008998,50.3748,-0.003072,48.7094,52.0401,50.53,,,,,False
INFY,2026-08-05,2026-08-06,1,12.845,0.019444,12.6314,0.002492,12.0031,13.2597,12.6,,,,,False
INFY,2026-08-05,2026-08-07,2,12.2535,-0.027499,12.5237,-0.006057,11.7199,13.3274,12.6,,,,,False
INFY,2026-08-05,2026-08-10,3,13.0244,0.033679,12.5331,-0.005311,11.4551,13.611,12.6,,,,,False
WIT,2026-08-05,2026-08-06,1,2.0884,0.018741,2.0504,0.000205,1.9492,2.1516,2.05,,,,,False
WIT,2026-08-05,2026-08-07,2,2.1043,0.026503,2.0265,-0.011471,1.8422,2.2108,2.05,,,,,False
WIT,2026-08-05,2026-08-10,3,1.9835,-0.03246,2.0297,-0.00988,1.7904,2.2691,2.05,,,,,False
EWJ,2026-08-05,2026-08-06,1,95.5364,0.009792,94.8075,0.002088,92.3257,97.2894,94.61,,,,,False
EWJ,2026-08-05,2026-08-07,2,95.9202,0.013848,95.245,0.006712,91.7423,98.7478,94.61,,,,,False
EWJ,2026-08-05,2026-08-10,3,96.2146,0.01696,95.2949,0.007239,91.6999,98.8899,94.61,,,,,False
EWZ,2026-08-05,2026-08-06,1,35.7982,-0.008085,36.1524,0.00173,35.0613,37.2435,36.09,,,,,False
EWZ,2026-08-05,2026-08-07,2,35.6774,-0.011434,36.1461,0.001554,34.8194,37.4728,36.09,,,,,False
EWZ,2026-08-05,2026-08-10,3,35.5846,-0.014004,36.1891,0.002746,34.5935,37.7847,36.09,,,,,False
ITUB,2026-08-05,2026-08-06,1,8.275,0.010375,8.2104,0.002494,7.9362,8.4846,8.19,,,,,False
ITUB,2026-08-05,2026-08-07,2,8.3102,0.014673,8.2331,0.005266,7.8545,8.6117,8.19,,,,,False
ITUB,2026-08-05,2026-08-10,3,8.3372,0.017971,8.2337,0.005337,7.7978,8.6696,8.19,,,,,False
ILF,2026-08-05,2026-08-06,1,35.3525,0.007768,35.1636,0.002382,34.1742,36.1529,35.08,,,,,False
ILF,2026-08-05,2026-08-07,2,35.4654,0.010986,35.1054,0.000723,33.9648,36.246,35.08,,,,,False
ILF,2026-08-05,2026-08-10,3,34.608,-0.013454,35.1111,0.000888,33.6255,36.5968,35.08,,,,,False
TLT,2026-08-05,2026-08-06,1,83.1271,0.003708,82.888,0.000821,82.0536,83.7224,82.82,,,,,False
TLT,2026-08-05,2026-08-07,2,83.2544,0.005245,83.1012,0.003395,81.9195,84.2828,82.82,,,,,False
TLT,2026-08-05,2026-08-10,3,83.352,0.006423,83.3278,0.006132,81.9733,84.6823,82.82,,,,,False
AGG,2026-08-05,2026-08-06,1,97.7999,0.001432,97.7244,0.000659,97.2443,98.2045,97.66,,,,,False
AGG,2026-08-05,2026-08-07,2,97.8578,0.002026,97.8556,0.002003,97.2281,98.4831,97.66,,,,,False
AGG,2026-08-05,2026-08-10,3,97.9023,0.002481,97.9565,0.003036,97.1986,98.7144,97.66,,,,,False
HYG,2026-08-05,2026-08-06,1,79.6579,0.001357,79.5681,0.000228,79.2196,79.9166,79.55,,,,,False
HYG,2026-08-05,2026-08-07,2,79.3974,-0.001919,79.5857,0.000448,79.1374,80.034,79.55,,,,,False
HYG,2026-08-05,2026-08-10,3,79.7369,0.00235,79.5231,-0.000338,78.9356,80.1107,79.55,,,,,False
TIP,2026-08-05,2026-08-06,1,107.1934,0.001339,107.0816,0.000295,106.6533,107.5098,107.05,,,,,False
TIP,2026-08-05,2026-08-07,2,106.8473,-0.001894,107.1525,0.000957,106.6175,107.6874,107.05,,,,,False
TIP,2026-08-05,2026-08-10,3,107.2983,0.00232,107.2724,0.002077,106.5994,107.9454,107.05,,,,,False
EMB,2026-08-05,2026-08-06,1,95.4209,0.002109,95.2735,0.000561,94.5785,95.9684,95.22,,,,,False
EMB,2026-08-05,2026-08-07,2,95.5041,0.002983,95.3125,0.000971,94.3869,96.2381,95.22,,,,,False
EMB,2026-08-05,2026-08-10,3,95.5679,0.003654,95.3744,0.001622,94.1795,96.5693,95.22,,,,,False
LQD,2026-08-05,2026-08-06,1,106.5448,-0.002016,106.8826,0.001148,106.1947,107.5704,106.76,,,,,False
LQD,2026-08-05,2026-08-07,2,106.4556,-0.002851,106.9789,0.00205,106.0394,107.9184,106.76,,,,,False
LQD,2026-08-05,2026-08-10,3,107.1328,0.003492,107.062,0.002828,105.9267,108.1972,106.76,,,,,False
SHY,2026-08-05,2026-08-06,1,81.9089,0.000475,81.8904,0.00025,81.7578,82.0231,81.87,,,,,False
SHY,2026-08-05,2026-08-07,2,81.925,0.000671,81.8951,0.000306,81.7018,82.0883,81.87,,,,,False
SHY,2026-08-05,2026-08-10,3,81.9373,0.000822,81.9206,0.000618,81.6827,82.1585,81.87,,,,,False
VNQ,2026-08-05,2026-08-06,1,98.2236,-0.00704,98.8108,-0.001104,97.0924,100.5292,98.92,,,,,False
VNQ,2026-08-05,2026-08-07,2,97.9351,-0.009957,98.4614,-0.004636,95.9859,100.937,98.92,,,,,False
VNQ,2026-08-05,2026-08-10,3,100.1262,0.012194,98.5149,-0.004095,95.1734,101.8565,98.92,,,,,False
VNQI,2026-08-05,2026-08-06,1,46.0482,-0.004578,46.312,0.001124,45.4735,47.1505,46.26,,,,,False
VNQI,2026-08-05,2026-08-07,2,45.9605,-0.006474,46.3538,0.002028,45.2167,47.4909,46.26,,,,,False
VNQI,2026-08-05,2026-08-10,3,45.8932,-0.00793,46.2912,0.000674,44.8195,47.7628,46.26,,,,,False
O,2026-08-05,2026-08-06,1,62.2732,-0.009964,62.8743,-0.000409,61.7598,63.9888,62.9,,,,,False
O,2026-08-05,2026-08-07,2,62.0136,-0.014092,62.957,0.000906,61.2028,64.7111,62.9,,,,,False
O,2026-08-05,2026-08-10,3,61.8144,-0.017259,62.8168,-0.001322,60.8468,64.7869,62.9,,,,,False
PLD,2026-08-05,2026-08-06,1,137.1221,-0.013864,138.2564,-0.005707,134.5268,141.986,139.05,,,,,False
PLD,2026-08-05,2026-08-07,2,136.3236,-0.019607,138.6026,-0.003218,133.1672,144.038,139.05,,,,,False
PLD,2026-08-05,2026-08-10,3,142.3891,0.024014,140.2474,0.008611,134.3156,146.1792,139.05,,,,,False
UVXY,2026-08-05,2026-08-06,1,24.0421,0.037193,23.3303,0.006486,21.3075,25.3532,23.18,,,,,False
UVXY,2026-08-05,2026-08-07,2,24.3993,0.052599,23.419,0.01031,20.4992,26.3388,23.18,,,,,False
UVXY,2026-08-05,2026-08-10,3,24.6733,0.064421,23.7391,0.024122,20.0822,27.3961,23.18,,,,,False
VXX,2026-08-05,2026-08-06,1,20.7663,-0.023684,21.3503,0.003773,20.0526,22.6479,21.27,,,,,False
VXX,2026-08-05,2026-08-07,2,21.9824,0.033494,21.4418,0.008076,19.5686,23.315,21.27,,,,,False
VXX,2026-08-05,2026-08-10,3,22.1425,0.041021,21.6012,0.015573,19.3654,23.8371,21.27,,,,,False
XLF,2026-08-05,2026-08-06,1,58.2132,0.005757,57.8903,0.000177,56.865,58.9155,57.88,,,,,False
XLF,2026-08-05,2026-08-07,2,58.3512,0.008142,57.9462,0.001143,56.3078,59.5845,57.88,,,,,False
XLF,2026-08-05,2026-08-10,3,58.4571,0.009971,57.9736,0.001617,56.512,59.4351,57.88,,,,,False
XLK,2026-08-05,2026-08-06,1,184.0057,-0.015486,188.3523,0.007771,181.9303,194.7744,186.9,,,,,False
XLK,2026-08-05,2026-08-07,2,190.9931,0.0219,188.0607,0.00621,179.0315,197.0899,186.9,,,,,False
XLK,2026-08-05,2026-08-10,3,191.913,0.026822,186.6825,-0.001164,175.4693,197.8957,186.9,,,,,False
XLE,2026-08-05,2026-08-06,1,57.9121,-0.010387,58.7392,0.003746,57.2241,60.2543,58.52,,,,,False
XLE,2026-08-05,2026-08-07,2,57.6604,-0.01469,59.0227,0.00859,56.6057,61.4397,58.52,,,,,False
XLE,2026-08-05,2026-08-10,3,57.4672,-0.017991,59.4678,0.016197,56.3793,62.5564,58.52,,,,,False
XLV,2026-08-05,2026-08-06,1,160.6411,-0.009,162.0115,-0.000546,158.8844,165.1386,162.1,,,,,False
XLV,2026-08-05,2026-08-07,2,160.0368,-0.012728,161.5052,-0.00367,157.2331,165.7772,162.1,,,,,False
XLV,2026-08-05,2026-08-10,3,159.5731,-0.015589,160.7793,-0.008148,155.245,166.3135,162.1,,,,,False
XLI,2026-08-05,2026-08-06,1,187.9925,0.008543,186.2892,-0.000595,181.5585,191.0198,186.4,,,,,False
XLI,2026-08-05,2026-08-07,2,188.6521,0.012082,186.0561,-0.001845,179.8799,192.2323,186.4,,,,,False
XLI,2026-08-05,2026-08-10,3,189.1583,0.014798,185.2128,-0.006369,178.4195,192.0062,186.4,,,,,False
XLY,2026-08-05,2026-08-06,1,117.2132,-0.009103,118.5617,0.002297,115.7424,121.3809,118.29,,,,,False
XLY,2026-08-05,2026-08-07,2,116.7672,-0.012873,118.9056,0.005204,114.6812,123.13,118.29,,,,,False
XLY,2026-08-05,2026-08-10,3,116.425,-0.015767,119.0997,0.006845,113.9182,124.2813,118.29,,,,,False
XLP,2026-08-05,2026-08-06,1,86.2214,0.009973,85.3166,-0.000626,83.797,86.8362,85.37,,,,,False
XLP,2026-08-05,2026-08-07,2,84.1659,-0.014105,85.0931,-0.003244,82.9944,87.1917,85.37,,,,,False
XLP,2026-08-05,2026-08-10,3,86.8447,0.017274,84.6507,-0.008425,82.5592,86.7423,85.37,,,,,False
XLU,2026-08-05,2026-08-06,1,43.7279,-0.008663,44.1916,0.001849,43.3935,44.9896,44.11,,,,,False
XLU,2026-08-05,2026-08-07,2,43.5696,-0.012252,44.2422,0.002997,43.1816,45.3028,44.11,,,,,False
XLU,2026-08-05,2026-08-10,3,44.7719,0.015005,44.4091,0.00678,43.095,45.7231,44.11,,,,,False
VGK,2026-08-05,2026-08-06,1,92.3743,0.005818,91.9702,0.001418,89.937,94.0034,91.84,,,,,False
VGK,2026-08-05,2026-08-07,2,92.5956,0.008227,92.0208,0.001969,89.4389,94.6026,91.84,,,,,False
VGK,2026-08-05,2026-08-10,3,92.7654,0.010076,92.054,0.00233,89.4294,94.6786,91.84,,,,,False
ICLN,2026-08-05,2026-08-06,1,18.7336,0.01592,18.4309,-0.000492,17.6704,19.1914,18.44,,,,,False
ICLN,2026-08-05,2026-08-07,2,18.0248,-0.022515,18.3359,-0.005645,17.3325,19.3393,18.44,,,,,False
ICLN,2026-08-05,2026-08-10,3,18.9485,0.027575,18.3669,-0.003963,17.1427,19.5911,18.44,,,,,False
CIBR,2026-08-05,2026-08-06,1,96.7564,-0.012085,97.0771,-0.008811,93.4881,100.666,97.94,,,,,False
CIBR,2026-08-05,2026-08-07,2,96.2661,-0.017091,96.3959,-0.015766,90.2891,102.5028,97.94,,,,,False
CIBR,2026-08-05,2026-08-10,3,95.8899,-0.020932,97.0937,-0.008641,90.5169,103.6704,97.94,,,,,False
BOTZ,2026-08-05,2026-08-06,1,37.5047,0.01118,37.1193,0.000791,35.6169,38.6217,37.09,,,,,False
BOTZ,2026-08-05,2026-08-07,2,37.6764,0.015811,36.983,-0.002884,35.1399,38.8262,37.09,,,,,False
BOTZ,2026-08-05,2026-08-10,3,37.8082,0.019365,36.3105,-0.021017,34.1225,38.4985,37.09,,,,,False
ITA,2026-08-05,2026-08-06,1,247.6686,-0.011895,250.7197,0.000278,242.7833,258.6561,250.65,,,,,False
ITA,2026-08-05,2026-08-07,2,246.4336,-0.016822,250.488,-0.000646,239.6248,261.3513,250.65,,,,,False
ITA,2026-08-05,2026-08-10,3,255.814,0.020602,249.4842,-0.004651,237.8475,261.1209,250.65,,,,,False
PHO,2026-08-05,2026-08-06,1,72.2368,-0.008826,72.8073,-0.000998,71.4061,74.2085,72.88,,,,,False
PHO,2026-08-05,2026-08-07,2,71.9704,-0.012481,72.6576,-0.003051,70.6941,74.6211,72.88,,,,,False
PHO,2026-08-05,2026-08-10,3,71.7659,-0.015286,72.4924,-0.005318,70.0097,74.9751,72.88,,,,,False
KRE,2026-08-05,2026-08-06,1,77.1829,-0.008442,77.9819,0.001823,76.3516,79.6122,77.84,,,,,False
KRE,2026-08-05,2026-08-07,2,76.9107,-0.011939,77.662,-0.002287,75.6213,79.7027,77.84,,,,,False
KRE,2026-08-05,2026-08-10,3,78.9782,0.014622,77.8749,0.000448,75.3097,80.4401,77.84,,,,,False
VYM,2026-08-05,2026-08-06,1,166.095,0.004809,165.4035,0.000626,163.4471,167.3599,165.3,,,,,False
VYM,2026-08-05,2026-08-07,2,166.4243,0.006802,165.2739,-0.000158,162.7605,167.7873,165.3,,,,,False
VYM,2026-08-05,2026-08-10,3,166.677,0.00833,165.4606,0.000972,162.3124,168.6088,165.3,,,,,False
NOBL,2026-08-05,2026-08-06,1,58.6025,0.007608,58.1372,-0.000391,57.2125,59.062,58.16,,,,,False
NOBL,2026-08-05,2026-08-07,2,57.5342,-0.01076,58.2011,0.000707,57.118,59.2842,58.16,,,,,False
NOBL,2026-08-05,2026-08-10,3,58.9264,0.013178,58.0267,-0.002293,56.7571,59.2962,58.16,,,,,False
QQQ,2026-08-05,2026-08-06,1,731.7957,0.010977,724.7025,0.001178,705.6683,743.7367,723.85,,,,,False
QQQ,2026-08-05,2026-08-07,2,735.0869,0.015524,722.7646,-0.001499,694.6454,750.8838,723.85,,,,,False
QQQ,2026-08-05,2026-08-10,3,737.6124,0.019013,720.1204,-0.005152,683.5899,756.6508,723.85,,,,,False
IWM,2026-08-05,2026-08-06,1,303.9125,0.0073,299.9857,-0.005715,292.6211,307.3502,301.71,,,,,False
IWM,2026-08-05,2026-08-07,2,298.5952,-0.010324,300.6558,-0.003494,289.7719,311.5396,301.71,,,,,False
IWM,2026-08-05,2026-08-10,3,305.5248,0.012644,300.1663,-0.005117,289.2622,311.0703,301.71,,,,,False
RSP,2026-08-05,2026-08-06,1,221.3918,0.005275,220.1554,-0.000339,217.1979,223.1128,220.23,,,,,False
RSP,2026-08-05,2026-08-07,2,221.873,0.00746,220.022,-0.000944,215.7416,224.3024,220.23,,,,,False
RSP,2026-08-05,2026-08-10,3,218.2177,-0.009137,219.467,-0.003464,214.4293,224.5048,220.23,,,,,False
FM,2026-08-05,2026-08-06,1,27.2435,0.001969,27.1931,0.000114,27.0945,27.2917,27.19,,,,,False
FM,2026-08-05,2026-08-07,2,27.2657,0.002785,27.1939,0.000144,27.0744,27.3134,27.19,,,,,False
FM,2026-08-05,2026-08-10,3,27.0973,-0.003411,27.1997,0.000355,27.0638,27.3355,27.19,,,,,False
ASEA,2026-08-05,2026-08-06,1,21.4329,0.004822,21.2694,-0.00284,20.965,21.5738,21.33,,,,,False
ASEA,2026-08-05,2026-08-07,2,21.1845,-0.00682,21.2527,-0.003624,20.7602,21.7452,21.33,,,,,False
ASEA,2026-08-05,2026-08-10,3,21.5082,0.008352,21.1792,-0.00707,20.6031,21.7553,21.33,,,,,False
VTI,2026-08-05,2026-08-06,1,383.1839,0.006207,380.857,9.7e-05,373.7915,387.9226,380.82,,,,,False
VTI,2026-08-05,2026-08-07,2,384.1631,0.008779,380.9537,0.000351,371.7976,390.1098,380.82,,,,,False
VTI,2026-08-05,2026-08-10,3,376.7256,-0.010752,380.966,0.000383,369.3007,392.6314,380.82,,,,,False
VOO,2026-08-05,2026-08-06,1,713.4035,0.006239,709.078,0.000138,696.4842,721.6717,708.98,,,,,False
VOO,2026-08-05,2026-08-07,2,715.2359,0.008824,708.7699,-0.000296,692.5191,725.0207,708.98,,,,,False
VOO,2026-08-05,2026-08-10,3,716.6418,0.010807,709.1196,0.000197,686.7132,731.5261,708.98,,,,,False
SPY,2026-08-05,2026-08-06,1,766.5139,-0.006244,765.5554,-0.007487,749.2214,781.8893,771.33,,,,,False
SPY,2026-08-05,2026-08-07,2,778.141,0.00883,770.6077,-0.000936,752.8014,788.4141,771.33,,,,,False
SPY,2026-08-05,2026-08-10,3,779.6717,0.010815,771.2334,-0.000125,746.8518,795.615,771.33,,,,,False
DIA,2026-08-05,2026-08-06,1,543.7882,0.006214,540.9089,0.000886,531.7161,550.1016,540.43,,,,,False
DIA,2026-08-05,2026-08-07,2,545.1792,0.008788,540.9878,0.001032,530.417,551.5585,540.43,,,,,False
DIA,2026-08-05,2026-08-10,3,546.2465,0.010763,541.0599,0.001166,525.1353,556.9846,540.43,,,,,False
IVV,2026-08-05,2026-08-06,1,769.9485,-0.006249,775.0254,0.000304,761.705,788.3458,774.79,,,,,False
IVV,2026-08-05,2026-08-07,2,781.6368,0.008837,774.9453,0.0002,756.0995,793.791,774.79,,,,,False
IVV,2026-08-05,2026-08-10,3,766.4044,-0.010823,774.6965,-0.000121,749.3751,800.0178,774.79,,,,,False
ITOT,2026-08-05,2026-08-06,1,170.1361,0.006186,169.1641,0.000438,166.6171,171.7111,169.09,,,,,False
ITOT,2026-08-05,2026-08-07,2,167.6106,-0.008749,169.1655,0.000446,165.2618,173.0692,169.09,,,,,False
ITOT,2026-08-05,2026-08-10,3,170.9018,0.010715,169.1409,0.000301,163.6336,174.6481,169.09,,,,,False
SCHB,2026-08-05,2026-08-06,1,29.9875,0.006292,29.8059,0.000198,29.3419,30.2699,29.8,,,,,False
SCHB,2026-08-05,2026-08-07,2,30.0652,0.008898,29.8011,3.5e-05,29.1089,30.4932,29.8,,,,,False
SCHB,2026-08-05,2026-08-10,3,29.4752,-0.010898,29.8085,0.000285,28.8453,30.7717,29.8,,,,,False
SCHX,2026-08-05,2026-08-06,1,30.6054,0.006093,30.4219,6.3e-05,29.9489,30.8949,30.42,,,,,False
SCHX,2026-08-05,2026-08-07,2,30.6821,0.008617,30.4207,2.2e-05,29.7105,31.1308,30.42,,,,,False
SCHX,2026-08-05,2026-08-10,3,30.741,0.010554,30.4224,7.7e-05,29.4842,31.3605,30.42,,,,,False
MDY,2026-08-05,2026-08-06,1,710.8328,0.006161,704.8001,-0.002378,691.616,717.9843,706.48,,,,,False
MDY,2026-08-05,2026-08-07,2,700.3241,-0.008713,704.7017,-0.002517,684.4601,724.9432,706.48,,,,,False
MDY,2026-08-05,2026-08-10,3,714.0194,0.010672,704.6428,-0.002601,683.8207,725.4648,706.48,,,,,False
VXF,2026-08-05,2026-08-06,1,244.11,-0.007199,245.9433,0.000257,240.9872,250.8993,245.88,,,,,False
VXF,2026-08-05,2026-08-07,2,248.3832,0.01018,246.3758,0.002016,239.7707,252.9808,245.88,,,,,False
VXF,2026-08-05,2026-08-10,3,242.8143,-0.012468,246.1456,0.00108,238.0305,254.2608,245.88,,,,,False
SPTM,2026-08-05,2026-08-06,1,94.2339,0.00602,93.6466,-0.00025,92.1545,95.1388,93.67,,,,,False
SPTM,2026-08-05,2026-08-07,2,94.4675,0.008514,93.6948,0.000265,91.5541,95.8355,93.67,,,,,False
SPTM,2026-08-05,2026-08-10,3,92.6932,-0.010428,93.691,0.000225,90.8145,96.5676,93.67,,,,,False
MTUM,2026-08-05,2026-08-06,1,307.7182,-0.017973,313.1885,-0.000516,300.3534,326.0235,313.35,,,,,False
MTUM,2026-08-05,2026-08-07,2,305.3855,-0.025417,309.8621,-0.011131,292.1524,327.5719,313.35,,,,,False
MTUM,2026-08-05,2026-08-10,3,303.5955,-0.03113,308.4907,-0.015508,288.9432,328.0381,313.35,,,,,False
VLUE,2026-08-05,2026-08-06,1,195.9793,-0.010206,198.1075,0.000543,191.4449,204.7702,198.0,,,,,False
VLUE,2026-08-05,2026-08-07,2,200.8577,0.014433,198.7062,0.003566,190.1433,207.2691,198.0,,,,,False
VLUE,2026-08-05,2026-08-10,3,201.5,0.017677,198.8709,0.004399,189.188,208.5538,198.0,,,,,False
QUAL,2026-08-05,2026-08-06,1,226.0411,0.005387,224.778,-0.000231,221.524,228.032,224.83,,,,,False
QUAL,2026-08-05,2026-08-07,2,223.1173,-0.007618,224.6385,-0.000852,219.8279,229.4492,224.83,,,,,False
QUAL,2026-08-05,2026-08-10,3,226.9276,0.00933,224.8264,-1.6e-05,218.7126,230.9403,224.83,,,,,False
USMV,2026-08-05,2026-08-06,1,99.2264,-0.00475,99.6226,-0.000777,98.5044,100.7408,99.7,,,,,False
USMV,2026-08-05,2026-08-07,2,99.0303,-0.006717,98.665,-0.010382,97.2339,100.096,99.7,,,,,False
USMV,2026-08-05,2026-08-10,3,98.8797,-0.008227,98.016,-0.016891,96.5162,99.5158,99.7,,,,,False
VTV,2026-08-05,2026-08-06,1,224.9457,0.004805,223.8264,-0.000195,221.0914,226.5615,223.87,,,,,False
VTV,2026-08-05,2026-08-07,2,225.3913,0.006795,223.6116,-0.001154,220.281,226.9422,223.87,,,,,False
VTV,2026-08-05,2026-08-10,3,225.7332,0.008323,222.7136,-0.005165,218.9391,226.4881,223.87,,,,,False
VUG,2026-08-05,2026-08-06,1,89.935,0.009485,89.1462,0.000631,87.1259,91.1664,89.09,,,,,False
VUG,2026-08-05,2026-08-07,2,90.285,0.013414,88.9839,-0.001191,85.784,92.1838,89.09,,,,,False
VUG,2026-08-05,2026-08-10,3,87.6264,-0.016428,89.047,-0.000483,85.3762,92.7178,89.09,,,,,False
VBR,2026-08-05,2026-08-06,1,252.7854,0.006191,251.0792,-0.0006,247.186,254.9724,251.23,,,,,False
VBR,2026-08-05,2026-08-07,2,249.0304,-0.008755,250.8123,-0.001663,244.9225,256.702,251.23,,,,,False
VBR,2026-08-05,2026-08-10,3,248.536,-0.010723,249.9678,-0.005024,242.7526,257.183,251.23,,,,,False
VBK,2026-08-05,2026-08-06,1,359.0782,0.009043,354.9115,-0.002665,345.8514,363.9716,355.86,,,,,False
VBK,2026-08-05,2026-08-07,2,351.3087,-0.012789,356.1578,0.000837,344.5484,367.7672,355.86,,,,,False
VBK,2026-08-05,2026-08-10,3,361.4341,0.015664,355.3093,-0.001548,341.8916,368.727,355.86,,,,,False
VB,2026-08-05,2026-08-06,1,303.6325,-0.006276,304.6309,-0.003008,298.0088,311.2529,305.55,,,,,False
VB,2026-08-05,2026-08-07,2,302.8382,-0.008875,304.0143,-0.005026,295.0991,312.9296,305.55,,,,,False
VB,2026-08-05,2026-08-10,3,308.8712,0.01087,304.4181,-0.003705,295.333,313.5031,305.55,,,,,False
VO,2026-08-05,2026-08-06,1,83.3268,0.005269,82.8856,-5.3e-05,81.6957,84.0755,82.89,,,,,False
VO,2026-08-05,2026-08-07,2,82.2723,-0.007452,82.9092,0.000231,81.1845,84.6338,82.89,,,,,False
VO,2026-08-05,2026-08-10,3,83.6465,0.009127,82.9735,0.001008,80.9404,85.0066,82.89,,,,,False
SPLV,2026-08-05,2026-08-06,1,75.8716,-0.006786,76.4007,0.00014,75.3959,77.4055,76.39,,,,,False
SPLV,2026-08-05,2026-08-07,2,77.1231,0.009596,76.4291,0.000512,75.0941,77.7642,76.39,,,,,False
SPLV,2026-08-05,2026-08-10,3,77.2878,0.011753,76.4204,0.000398,74.9347,77.9061,76.39,,,,,False
SPHQ,2026-08-05,2026-08-06,1,87.7846,0.007629,87.0575,-0.000718,85.3297,88.7853,87.12,,,,,False
SPHQ,2026-08-05,2026-08-07,2,88.06,0.010789,87.3094,0.002174,84.8785,89.7403,87.12,,,,,False
SPHQ,2026-08-05,2026-08-10,3,88.2712,0.013214,87.3452,0.002585,84.7309,89.9595,87.12,,,,,False
COWZ,2026-08-05,2026-08-06,1,68.732,0.008244,68.1511,-0.000278,67.0863,69.2158,68.17,,,,,False
COWZ,2026-08-05,2026-08-07,2,68.9647,0.011658,68.115,-0.000807,66.7543,69.4757,68.17,,,,,False
COWZ,2026-08-05,2026-08-10,3,67.1966,-0.014278,67.9174,-0.003705,66.3309,69.504,68.17,,,,,False
SIZE,2026-08-05,2026-08-06,1,182.9814,-0.00402,183.7181,-1e-05,180.8466,186.5897,183.72,,,,,False
SIZE,2026-08-05,2026-08-07,2,182.6755,-0.005685,183.6279,-0.000501,180.0428,187.2131,183.72,,,,,False
SIZE,2026-08-05,2026-08-10,3,184.9992,0.006963,183.5894,-0.000711,179.344,187.8349,183.72,,,,,False
DFSV,2026-08-05,2026-08-06,1,40.8994,0.006383,40.6513,0.000278,40.0273,41.2752,40.64,,,,,False
DFSV,2026-08-05,2026-08-07,2,41.0068,0.009027,40.6461,0.000151,39.7886,41.5037,40.64,,,,,False
DFSV,2026-08-05,2026-08-10,3,41.0893,0.011055,40.6307,-0.000228,39.6986,41.5629,40.64,,,,,False
DFUV,2026-08-05,2026-08-06,1,56.9646,0.004667,56.6694,-0.000539,55.9497,57.3891,56.7,,,,,False
DFUV,2026-08-05,2026-08-07,2,57.0743,0.006601,56.6594,-0.000716,55.6326,57.6861,56.7,,,,,False
DFUV,2026-08-05,2026-08-10,3,57.1584,0.008084,56.6673,-0.000577,55.5965,57.7381,56.7,,,,,False
SOXX,2026-08-05,2026-08-06,1,527.1975,-0.027688,546.2294,0.007413,508.2276,584.2313,542.21,,,,,False
SOXX,2026-08-05,2026-08-07,2,520.9791,-0.039156,541.9174,-0.00054,492.4717,591.3631,542.21,,,,,False
SOXX,2026-08-05,2026-08-10,3,516.2076,-0.047956,545.3552,0.005801,489.1549,601.5555,542.21,,,,,False
SMH,2026-08-05,2026-08-06,1,562.3618,-0.023186,585.7915,0.017511,551.4262,620.1569,575.71,,,,,False
SMH,2026-08-05,2026-08-07,2,594.5872,0.032789,579.4074,0.006422,533.7768,625.038,575.71,,,,,False
SMH,2026-08-05,2026-08-10,3,598.8298,0.040159,579.4798,0.006548,526.2686,632.691,575.71,,,,,False
VGT,2026-08-05,2026-08-06,1,118.4929,-0.013792,120.2947,0.001204,116.7919,123.7975,120.15,,,,,False
VGT,2026-08-05,2026-08-07,2,122.4936,0.019505,120.0729,-0.000642,114.587,125.5587,120.15,,,,,False
VGT,2026-08-05,2026-08-10,3,117.2797,-0.023889,120.1222,-0.000231,113.3194,126.925,120.15,,,,,False
FTEC,2026-08-05,2026-08-06,1,290.7114,0.013744,287.2493,0.001671,278.6195,295.8791,286.77,,,,,False
FTEC,2026-08-05,2026-08-07,2,292.344,0.019437,286.5958,-0.000607,273.5766,299.615,286.77,,,,,False
FTEC,2026-08-05,2026-08-10,3,293.5967,0.023806,286.4966,-0.000953,269.9881,303.005,286.77,,,,,False
IGV,2026-08-05,2026-08-06,1,100.6421,-0.013312,102.124,0.001216,97.8337,106.4144,102.0,,,,,False
IGV,2026-08-05,2026-08-07,2,100.0797,-0.018826,101.5884,-0.004035,95.2531,107.9238,102.0,,,,,False
IGV,2026-08-05,2026-08-10,3,99.6481,-0.023058,101.3668,-0.006208,93.2594,109.4742,102.0,,,,,False
WCLD,2026-08-05,2026-08-06,1,38.6539,0.01828,37.7652,-0.005132,35.9688,39.5615,37.96,,,,,False
WCLD,2026-08-05,2026-08-07,2,36.9787,-0.025851,37.6177,-0.009018,34.5813,40.6541,37.96,,,,,False
WCLD,2026-08-05,2026-08-10,3,36.7581,-0.031661,37.5279,-0.011384,33.5107,41.5451,37.96,,,,,False
SKYY,2026-08-05,2026-08-06,1,155.4021,0.012854,153.8108,0.002482,147.7652,159.8565,153.43,,,,,False
SKYY,2026-08-05,2026-08-07,2,156.219,0.018178,153.891,0.003004,145.3212,162.4607,153.43,,,,,False
SKYY,2026-08-05,2026-08-10,3,150.0141,-0.022263,153.478,0.000313,141.7227,165.2333,153.43,,,,,False
CLOU,2026-08-05,2026-08-06,1,26.3236,-0.014836,26.7165,-0.000132,25.5557,27.8772,26.72,,,,,False
CLOU,2026-08-05,2026-08-07,2,26.1594,-0.020982,26.638,-0.003069,24.908,28.368,26.72,,,,,False
CLOU,2026-08-05,2026-08-10,3,26.0334,-0.025697,26.5952,-0.004669,24.5163,28.6742,26.72,,,,,False
FDN,2026-08-05,2026-08-06,1,291.0596,0.010343,287.8634,-0.000752,280.4793,295.2476,288.08,,,,,False
FDN,2026-08-05,2026-08-07,2,292.2938,0.014627,288.1624,0.000286,277.4554,298.8695,288.08,,,,,False
FDN,2026-08-05,2026-08-10,3,293.2409,0.017915,288.726,0.002243,275.3419,302.1102,288.08,,,,,False
PNQI,2026-08-05,2026-08-06,1,51.1096,0.010471,50.39,-0.003757,48.9873,51.7926,50.58,,,,,False
PNQI,2026-08-05,2026-08-07,2,51.329,0.014809,50.3714,-0.004124,48.5688,52.174,50.58,,,,,False
PNQI,2026-08-05,2026-08-10,3,49.6626,-0.018137,50.1781,-0.007946,47.2102,53.146,50.58,,,,,False
QTEC,2026-08-05,2026-08-06,1,324.7089,0.01516,321.0455,0.003706,308.6235,333.4674,319.86,,,,,False
QTEC,2026-08-05,2026-08-07,2,326.7174,0.021439,319.4502,-0.001281,301.6591,337.2413,319.86,,,,,False
QTEC,2026-08-05,2026-08-10,3,311.4614,-0.026257,318.6174,-0.003885,297.9604,339.2745,319.86,,,,,False
IYW,2026-08-05,2026-08-06,1,256.8836,0.013148,254.1173,0.002237,246.0302,262.2044,253.55,,,,,False
IYW,2026-08-05,2026-08-07,2,258.2644,0.018593,253.6595,0.000432,241.272,266.0471,253.55,,,,,False
IYW,2026-08-05,2026-08-10,3,259.3239,0.022772,253.5178,-0.000127,238.0813,268.9542,253.55,,,,,False
XNTK,2026-08-05,2026-08-06,1,355.0032,-0.016966,362.2234,0.003028,345.1621,379.2848,361.13,,,,,False
XNTK,2026-08-05,2026-08-07,2,352.4654,-0.023993,361.5393,0.001134,341.7202,381.3585,361.13,,,,,False
XNTK,2026-08-05,2026-08-10,3,371.7419,0.029385,363.215,0.005774,338.4334,387.9967,361.13,,,,,False
PSI,2026-08-05,2026-08-06,1,151.8946,0.033297,147.526,0.003578,136.4591,158.5928,147.0,,,,,False
PSI,2026-08-05,2026-08-07,2,140.0779,-0.047089,146.533,-0.003177,130.9309,162.135,147.0,,,,,False
PSI,2026-08-05,2026-08-10,3,155.4778,0.057672,144.8917,-0.014342,127.5508,162.2325,147.0,,,,,False
ARKK,2026-08-05,2026-08-06,1,78.127,0.017808,76.7807,0.000269,73.702,79.8594,76.76,,,,,False
ARKK,2026-08-05,2026-08-07,2,74.8268,-0.025185,76.0522,-0.009221,71.7179,80.3865,76.76,,,,,False
ARKK,2026-08-05,2026-08-10,3,79.1277,0.030845,76.1056,-0.008526,70.2767,81.9344,76.76,,,,,False
ARKQ,2026-08-05,2026-08-06,1,122.848,-0.015877,125.5194,0.005523,120.2215,130.8173,124.83,,,,,False
ARKQ,2026-08-05,2026-08-07,2,122.0271,-0.022454,125.3677,0.004307,118.1672,132.5681,124.83,,,,,False
ARKQ,2026-08-05,2026-08-10,3,121.3971,-0.0275,125.6591,0.006641,117.3403,133.9778,124.83,,,,,False
ARKW,2026-08-05,2026-08-06,1,149.2646,0.015267,147.6314,0.004159,141.815,153.4478,147.02,,,,,False
ARKW,2026-08-05,2026-08-07,2,143.8457,-0.021591,147.5705,0.003744,138.4131,156.7279,147.02,,,,,False
ARKW,2026-08-05,2026-08-10,3,143.1323,-0.026443,148.3929,0.009338,138.3626,158.4231,147.02,,,,,False
ARKF,2026-08-05,2026-08-06,1,42.61,0.014523,43.7451,0.04155,41.0083,46.4819,42.0,,,,,False
ARKF,2026-08-05,2026-08-07,2,41.1374,-0.020539,42.6227,0.014826,40.4332,44.8122,42.0,,,,,False
ARKF,2026-08-05,2026-08-10,3,40.9435,-0.025154,44.0436,0.048657,40.3437,47.7434,42.0,,,,,False
THNQ,2026-08-05,2026-08-06,1,91.6545,0.013989,90.5582,0.001861,87.1863,93.9302,90.39,,,,,False
THNQ,2026-08-05,2026-08-07,2,88.6017,-0.019784,90.6069,0.002399,85.2231,95.9906,90.39,,,,,False
THNQ,2026-08-05,2026-08-10,3,92.5802,0.02423,90.7712,0.004217,83.6789,97.8635,90.39,,,,,False
ROBO,2026-08-05,2026-08-06,1,83.3408,-0.011847,83.4602,-0.010431,79.9807,86.9398,84.34,,,,,False
ROBO,2026-08-05,2026-08-07,2,82.9269,-0.016754,82.4373,-0.02256,77.3622,87.5124,84.34,,,,,False
ROBO,2026-08-05,2026-08-10,3,86.0706,0.02052,82.6977,-0.019472,76.9118,88.4837,84.34,,,,,False
IRBO,2026-08-05,2026-08-06,1,66.8392,0.021537,65.0445,-0.005892,61.2908,68.7982,65.43,,,,,False
IRBO,2026-08-05,2026-08-07,2,67.4229,0.030458,65.1438,-0.004374,59.797,70.4907,65.43,,,,,False
IRBO,2026-08-05,2026-08-10,3,67.8708,0.037303,65.5021,0.001102,58.8854,72.1189,65.43,,,,,False
DRIV,2026-08-05,2026-08-06,1,35.5469,0.015627,34.8607,-0.00398,33.3849,36.3365,35.0,,,,,False
DRIV,2026-08-05,2026-08-07,2,35.7735,0.022099,34.6878,-0.008921,32.6454,36.7301,35.0,,,,,False
DRIV,2026-08-05,2026-08-10,3,35.9473,0.027066,35.0769,0.002197,32.8478,37.306,35.0,,,,,False
KARS,2026-08-05,2026-08-06,1,30.6707,0.011066,30.4667,0.004341,29.5222,31.4112,30.335,,,,,False
KARS,2026-08-05,2026-08-07,2,29.8603,-0.015649,30.4297,0.003123,29.0756,31.7839,30.335,,,,,False
KARS,2026-08-05,2026-08-10,3,29.7536,-0.019166,30.3653,0.001,28.5084,32.2223,30.335,,,,,False
BATT,2026-08-05,2026-08-06,1,14.7375,-0.014216,14.9901,0.002685,14.1495,15.8308,14.95,,,,,False
BATT,2026-08-05,2026-08-07,2,14.6494,-0.020105,14.9911,0.002751,13.9153,16.067,14.95,,,,,False
BATT,2026-08-05,2026-08-10,3,14.5819,-0.024624,14.9515,9.8e-05,13.8801,16.0228,14.95,,,,,False
TAN,2026-08-05,2026-08-06,1,52.4321,-0.017573,53.4733,0.001936,51.1349,55.8117,53.37,,,,,False
TAN,2026-08-05,2026-08-07,2,52.0437,-0.024852,53.8416,0.008837,50.0394,57.6438,53.37,,,,,False
TAN,2026-08-05,2026-08-10,3,54.9944,0.030437,53.9135,0.010184,49.294,58.5331,53.37,,,,,False
FAN,2026-08-05,2026-08-06,1,23.7361,-0.007689,23.6007,-0.013349,22.9787,24.2227,23.92,,,,,False
FAN,2026-08-05,2026-08-07,2,23.6599,-0.010874,23.6913,-0.009561,22.8974,24.4852,23.92,,,,,False
FAN,2026-08-05,2026-08-10,3,24.2386,0.013318,23.8652,-0.002289,22.9711,24.7594,23.92,,,,,False
GRID,2026-08-05,2026-08-06,1,189.1107,0.012587,186.8246,0.000346,179.8025,193.8468,186.76,,,,,False
GRID,2026-08-05,2026-08-07,2,190.0844,0.0178,186.2243,-0.002868,177.2594,195.1893,186.76,,,,,False
GRID,2026-08-05,2026-08-10,3,182.6884,-0.021801,185.1483,-0.00863,176.0919,194.2048,186.76,,,,,False
QCLN,2026-08-05,2026-08-06,1,51.1321,-0.022143,52.8834,0.011347,49.8941,55.8726,52.29,,,,,False
QCLN,2026-08-05,2026-08-07,2,53.9275,0.031315,52.8024,0.0098,49.011,56.5939,52.29,,,,,False
QCLN,2026-08-05,2026-08-10,3,50.2845,-0.038353,53.417,0.021553,48.5161,58.3179,52.29,,,,,False
SMOG,2026-08-05,2026-08-06,1,138.1214,-0.008461,139.7274,0.003068,135.6191,143.8357,139.3,,,,,False
SMOG,2026-08-05,2026-08-07,2,137.6333,-0.011965,139.7136,0.002969,134.3869,145.0403,139.3,,,,,False
SMOG,2026-08-05,2026-08-10,3,141.3413,0.014654,139.0551,-0.001758,132.0064,146.1039,139.3,,,,,False
RNRG,2026-08-05,2026-08-06,1,34.2894,-0.005385,34.4605,-0.00042,33.7722,35.1488,34.475,,,,,False
RNRG,2026-08-05,2026-08-07,2,34.2125,-0.007615,34.3973,-0.002253,33.4761,35.3186,34.475,,,,,False
RNRG,2026-08-05,2026-08-10,3,34.1535,-0.009327,34.4668,-0.000239,33.2639,35.6696,34.475,,,,,False
HAIL,2026-08-05,2026-08-06,1,38.5939,0.010471,38.2329,0.001019,36.8313,39.6345,38.194,,,,,False
HAIL,2026-08-05,2026-08-07,2,38.7596,0.014808,38.0682,-0.003293,35.8353,40.3012,38.194,,,,,False
HAIL,2026-08-05,2026-08-10,3,38.8867,0.018136,38.0939,-0.00262,35.0945,41.0933,38.194,,,,,False
HACK,2026-08-05,2026-08-06,1,112.5751,-0.013105,113.0354,-0.00907,107.9488,118.1221,114.07,,,,,False
HACK,2026-08-05,2026-08-07,2,111.956,-0.018533,112.2851,-0.015648,105.1197,119.4504,114.07,,,,,False
HACK,2026-08-05,2026-08-10,3,116.6592,0.022698,113.1643,-0.00794,105.1265,121.2021,114.07,,,,,False
BUG,2026-08-05,2026-08-06,1,40.2941,-0.015055,40.1978,-0.017409,38.1118,42.2838,40.91,,,,,False
BUG,2026-08-05,2026-08-07,2,41.781,0.021291,39.8093,-0.026906,35.9721,43.6464,40.91,,,,,False
BUG,2026-08-05,2026-08-10,3,39.8432,-0.026076,40.1275,-0.019128,36.1703,44.0847,40.91,,,,,False
IHAK,2026-08-05,2026-08-06,1,63.6741,-0.012345,64.0581,-0.006389,61.6336,66.4827,64.47,,,,,False
IHAK,2026-08-05,2026-08-07,2,63.3444,-0.017459,63.5404,-0.014419,59.6171,67.4637,64.47,,,,,False
IHAK,2026-08-05,2026-08-10,3,63.0915,-0.021382,63.7541,-0.011104,58.688,68.8202,64.47,,,,,False
WCBR,2026-08-05,2026-08-06,1,40.6826,0.015035,39.7799,-0.007489,37.815,41.7448,40.08,,,,,False
WCBR,2026-08-05,2026-08-07,2,39.2278,-0.021263,39.4964,-0.014562,36.4948,42.4979,40.08,,,,,False
WCBR,2026-08-05,2026-08-10,3,41.1237,0.026042,39.708,-0.009282,36.3637,43.0522,40.08,,,,,False
ARKG,2026-08-05,2026-08-06,1,41.4744,0.019027,40.3725,-0.008046,38.2388,42.5063,40.7,,,,,False
ARKG,2026-08-05,2026-08-07,2,39.6048,-0.026908,40.4179,-0.006931,37.0603,43.7755,40.7,,,,,False
ARKG,2026-08-05,2026-08-10,3,39.3587,-0.032955,40.1261,-0.0141,36.5213,43.731,40.7,,,,,False
XHE,2026-08-05,2026-08-06,1,93.4532,-0.009295,94.0564,-0.002901,91.3368,96.7759,94.33,,,,,False
XHE,2026-08-05,2026-08-07,2,93.09,-0.013145,93.8221,-0.005385,89.8594,97.7847,94.33,,,,,False
XHE,2026-08-05,2026-08-10,3,92.8114,-0.016099,93.4969,-0.008832,88.7553,98.2384,94.33,,,,,False
XPH,2026-08-05,2026-08-06,1,70.5932,0.011364,69.6616,-0.001983,67.8723,71.4508,69.8,,,,,False
XPH,2026-08-05,2026-08-07,2,68.6782,-0.016071,69.8228,0.000326,67.0167,72.6289,69.8,,,,,False
XPH,2026-08-05,2026-08-10,3,71.1739,0.019683,69.7831,-0.000242,66.5222,73.044,69.8,,,,,False
IHI,2026-08-05,2026-08-06,1,53.4671,-0.011881,54.1559,0.000848,52.3811,55.9306,54.11,,,,,False
IHI,2026-08-05,2026-08-07,2,55.0191,0.016802,54.1182,0.000152,52.0334,56.2031,54.11,,,,,False
IHI,2026-08-05,2026-08-10,3,55.2235,0.020578,53.9696,-0.002594,51.5483,56.391,54.11,,,,,False
IHF,2026-08-05,2026-08-06,1,55.9239,-0.009495,53.789,-0.047307,51.5428,56.0352,56.46,,,,,False
IHF,2026-08-05,2026-08-07,2,55.7019,-0.013428,52.5165,-0.069846,49.378,55.6549,56.46,,,,,False
IHF,2026-08-05,2026-08-10,3,55.5315,-0.016445,53.0558,-0.060294,48.8434,57.2682,56.46,,,,,False
FBT,2026-08-05,2026-08-06,1,244.9479,-0.00879,248.9574,0.007435,242.3294,255.5854,247.12,,,,,False
FBT,2026-08-05,2026-08-07,2,244.0481,-0.012431,253.5301,0.025939,244.3305,262.7297,247.12,,,,,False
FBT,2026-08-05,2026-08-10,3,243.3577,-0.015224,250.975,0.0156,241.5932,260.3569,247.12,,,,,False
BBH,2026-08-05,2026-08-06,1,209.5575,0.007343,208.4911,0.002217,203.597,213.3853,208.03,,,,,False
BBH,2026-08-05,2026-08-07,2,205.8698,-0.010384,210.1357,0.010122,203.2217,217.0497,208.03,,,,,False
BBH,2026-08-05,2026-08-10,3,205.3843,-0.012718,210.6343,0.012519,201.4449,219.8236,208.03,,,,,False
PBE,2026-08-05,2026-08-06,1,92.1839,0.007144,91.7478,0.002379,89.8978,93.5978,91.53,,,,,False
PBE,2026-08-05,2026-08-07,2,92.4548,0.010104,92.027,0.00543,89.1744,94.8797,91.53,,,,,False
PBE,2026-08-05,2026-08-10,3,92.6626,0.012375,92.0629,0.005822,88.9227,95.2032,91.53,,,,,False
KBE,2026-08-05,2026-08-06,1,70.7332,-0.007949,71.3567,0.000795,69.8842,72.8291,71.3,,,,,False
KBE,2026-08-05,2026-08-07,2,70.4984,-0.011242,71.1734,-0.001776,69.4351,72.9117,71.3,,,,,False
KBE,2026-08-05,2026-08-10,3,72.2817,0.013769,71.1052,-0.002732,68.985,73.2255,71.3,,,,,False
IAI,2026-08-05,2026-08-06,1,190.6182,0.008562,190.2253,0.006483,185.8102,194.6404,189.0,,,,,False
IAI,2026-08-05,2026-08-07,2,186.7115,-0.012108,189.43,0.002275,183.5371,195.3228,189.0,,,,,False
IAI,2026-08-05,2026-08-10,3,191.8028,0.01483,189.4993,0.002642,181.4652,197.5333,189.0,,,,,False
IYF,2026-08-05,2026-08-06,1,137.8457,0.005586,137.2738,0.001414,134.428,140.1197,137.08,,,,,False
IYF,2026-08-05,2026-08-07,2,135.9971,-0.0079,137.2412,0.001176,131.6253,142.8571,137.08,,,,,False
IYF,2026-08-05,2026-08-10,3,138.4063,0.009675,137.2678,0.00137,129.5182,145.0174,137.08,,,,,False
KBWB,2026-08-05,2026-08-06,1,97.5218,-0.008219,98.4481,0.001201,96.5255,100.3706,98.33,,,,,False
KBWB,2026-08-05,2026-08-07,2,97.187,-0.011624,98.7067,0.003831,95.7716,101.6418,98.33,,,,,False
KBWB,2026-08-05,2026-08-10,3,99.7299,0.014236,98.8479,0.005267,95.3034,102.3925,98.33,,,,,False
VFH,2026-08-05,2026-08-06,1,142.5593,0.005638,141.8183,0.000411,139.598,144.0386,141.76,,,,,False
VFH,2026-08-05,2026-08-07,2,142.8904,0.007974,141.7806,0.000145,137.2531,146.3081,141.76,,,,,False
VFH,2026-08-05,2026-08-10,3,143.1444,0.009766,141.7922,0.000227,135.4137,148.1707,141.76,,,,,False
IAK,2026-08-05,2026-08-06,1,146.1607,-0.008408,143.1303,-0.028967,138.47,147.7906,147.4,,,,,False
IAK,2026-08-05,2026-08-07,2,145.6474,-0.01189,141.5749,-0.039519,134.0641,149.0858,147.4,,,,,False
IAK,2026-08-05,2026-08-10,3,149.5465,0.014562,140.5298,-0.046609,130.4518,150.6078,147.4,,,,,False
KIE,2026-08-05,2026-08-06,1,64.1268,-0.009166,64.1747,-0.008425,62.5198,65.8297,64.72,,,,,False
KIE,2026-08-05,2026-08-07,2,65.5589,0.012962,63.093,-0.02514,60.8463,65.3396,64.72,,,,,False
KIE,2026-08-05,2026-08-10,3,65.7475,0.015876,63.0543,-0.025737,60.6568,65.4518,64.72,,,,,False
XOP,2026-08-05,2026-08-06,1,174.2714,0.013501,172.8935,0.005487,166.5376,179.2494,171.95,,,,,False
XOP,2026-08-05,2026-08-07,2,175.233,0.019093,174.5285,0.014996,165.9912,183.0659,171.95,,,,,False
XOP,2026-08-05,2026-08-10,3,167.9292,-0.023384,175.1207,0.01844,163.5973,186.6441,171.95,,,,,False
OIH,2026-08-05,2026-08-06,1,386.3671,-0.014747,392.7514,0.001533,379.8868,405.6159,392.15,,,,,False
OIH,2026-08-05,2026-08-07,2,400.3282,0.020855,393.9775,0.00466,374.4031,413.552,392.15,,,,,False
OIH,2026-08-05,2026-08-10,3,402.1662,0.025542,396.5664,0.011262,372.7352,420.3976,392.15,,,,,False
AMLP,2026-08-05,2026-08-06,1,55.3436,0.006247,54.9425,-0.001045,54.0272,55.8579,55.0,,,,,False
AMLP,2026-08-05,2026-08-07,2,54.5141,-0.008834,54.5452,-0.00827,52.5985,56.4918,55.0,,,,,False
AMLP,2026-08-05,2026-08-10,3,55.5951,0.01082,54.0477,-0.017314,50.4579,57.6375,55.0,,,,,False
FCG,2026-08-05,2026-08-06,1,28.9779,0.013212,28.7113,0.00389,27.5716,29.8509,28.6,,,,,False
FCG,2026-08-05,2026-08-07,2,29.1344,0.018684,28.7648,0.005762,27.4543,30.0753,28.6,,,,,False
FCG,2026-08-05,2026-08-10,3,27.9455,-0.022883,28.9833,0.013403,27.1675,30.7991,28.6,,,,,False
CRAK,2026-08-05,2026-08-06,1,53.8891,-0.010119,54.5247,0.001556,53.0041,56.0454,54.44,,,,,False
CRAK,2026-08-05,2026-08-07,2,53.661,-0.01431,54.6916,0.004621,52.5334,56.8498,54.44,,,,,False
CRAK,2026-08-05,2026-08-10,3,53.4859,-0.017526,54.6913,0.004616,52.1735,57.2092,54.44,,,,,False
PXE,2026-08-05,2026-08-06,1,38.0996,0.011674,37.867,0.005496,36.6119,39.1221,37.66,,,,,False
PXE,2026-08-05,2026-08-07,2,38.2817,0.01651,38.1073,0.011877,36.476,39.7385,37.66,,,,,False
PXE,2026-08-05,2026-08-10,3,38.4215,0.02022,37.8575,0.005245,35.6896,40.0254,37.66,,,,,False
XES,2026-08-05,2026-08-06,1,115.4275,0.014569,113.8039,0.000298,110.2148,117.393,113.77,,,,,False
XES,2026-08-05,2026-08-07,2,116.1141,0.020603,114.5408,0.006775,108.8364,120.2451,113.77,,,,,False
XES,2026-08-05,2026-08-10,3,116.6409,0.025234,113.9152,0.001276,106.3994,121.431,113.77,,,,,False
PAVE,2026-08-05,2026-08-06,1,57.9968,-0.009956,58.6502,0.001198,56.9143,60.3861,58.58,,,,,False
PAVE,2026-08-05,2026-08-07,2,57.7552,-0.014081,58.6167,0.000626,56.3579,60.8754,58.58,,,,,False
PAVE,2026-08-05,2026-08-10,3,57.5698,-0.017245,58.6948,0.001959,56.2413,61.1483,58.58,,,,,False
IFRA,2026-08-05,2026-08-06,1,62.1217,0.007814,61.7214,0.00132,60.5488,62.894,61.64,,,,,False
IFRA,2026-08-05,2026-08-07,2,62.3212,0.011051,61.878,0.003861,60.2377,63.5183,61.64,,,,,False
IFRA,2026-08-05,2026-08-10,3,62.4743,0.013535,61.8236,0.002979,59.9323,63.7149,61.64,,,,,False
XAR,2026-08-05,2026-08-06,1,285.99,0.013825,282.2532,0.000579,271.9524,292.5541,282.09,,,,,False
XAR,2026-08-05,2026-08-07,2,287.6054,0.019552,282.575,0.001719,268.5506,296.5995,282.09,,,,,False
XAR,2026-08-05,2026-08-10,3,275.335,-0.023946,281.6514,-0.001555,265.785,297.5177,282.09,,,,,False
PPA,2026-08-05,2026-08-06,1,185.5254,0.010817,183.8097,0.00147,178.2651,189.3544,183.54,,,,,False
PPA,2026-08-05,2026-08-07,2,186.3477,0.015298,184.0451,0.002752,177.5006,190.5896,183.54,,,,,False
PPA,2026-08-05,2026-08-10,3,186.9787,0.018736,183.7275,0.001021,175.5857,191.8693,183.54,,,,,False
DFEN,2026-08-05,2026-08-06,1,83.1954,-0.031486,86.1546,0.002963,78.4628,93.8463,85.9,,,,,False
DFEN,2026-08-05,2026-08-07,2,82.0751,-0.044527,85.9788,0.000917,74.0154,97.9421,85.9,,,,,False
DFEN,2026-08-05,2026-08-10,3,90.5845,0.054535,86.4541,0.00645,73.6942,99.214,85.9,,,,,False
NFRA,2026-08-05,2026-08-06,1,65.5875,-0.003986,65.8717,0.00033,65.0028,66.7407,65.85,,,,,False
NFRA,2026-08-05,2026-08-07,2,65.4788,-0.005638,65.9643,0.001736,64.9502,66.9785,65.85,,,,,False
NFRA,2026-08-05,2026-08-10,3,65.3953,-0.006905,66.0217,0.002608,64.8376,67.2058,65.85,,,,,False
ROAD,2026-08-05,2026-08-06,1,108.9748,0.021224,106.4722,-0.002228,99.0134,113.931,106.71,,,,,False
ROAD,2026-08-05,2026-08-07,2,103.5071,-0.030015,106.3856,-0.00304,96.6736,116.0977,106.71,,,,,False
ROAD,2026-08-05,2026-08-10,3,102.7873,-0.036761,107.2872,0.005409,95.2521,119.3222,106.71,,,,,False
FLM,2026-08-05,2026-08-06,1,87.4799,-0.003797,87.7924,-0.000239,86.2486,89.3362,87.8134,,,,,False
FLM,2026-08-05,2026-08-07,2,87.3418,-0.00537,87.9963,0.002083,85.9417,90.051,87.8134,,,,,False
FLM,2026-08-05,2026-08-10,3,87.2358,-0.006577,88.045,0.002637,85.8859,90.2041,87.8134,,,,,False
VCR,2026-08-05,2026-08-06,1,404.5789,0.008598,400.7291,-0.001,391.6572,409.8009,401.13,,,,,False
VCR,2026-08-05,2026-08-07,2,396.2525,-0.012159,401.8418,0.001775,388.8696,414.814,401.13,,,,,False
VCR,2026-08-05,2026-08-10,3,395.1563,-0.014892,403.3963,0.00565,384.4321,422.3606,401.13,,,,,False
VDC,2026-08-05,2026-08-06,1,229.1861,-0.009482,231.4138,0.000146,227.2635,235.5642,231.38,,,,,False
VDC,2026-08-05,2026-08-07,2,234.4827,0.013409,230.8336,-0.002361,225.3216,236.3456,231.38,,,,,False
VDC,2026-08-05,2026-08-10,3,227.58,-0.016423,230.3387,-0.0045,225.0141,235.6633,231.38,,,,,False
FXD,2026-08-05,2026-08-06,1,72.3718,0.008244,71.6369,-0.001994,69.8285,73.4453,71.78,,,,,False
FXD,2026-08-05,2026-08-07,2,70.9431,-0.011659,71.5187,-0.003641,69.1103,73.927,71.78,,,,,False
FXD,2026-08-05,2026-08-10,3,70.755,-0.01428,71.6513,-0.001794,68.4037,74.8988,71.78,,,,,False
FDIS,2026-08-05,2026-08-06,1,104.9854,0.008505,103.9885,-0.001072,101.6708,106.3061,104.1,,,,,False
FDIS,2026-08-05,2026-08-07,2,105.3521,0.012028,104.1746,0.000717,100.5254,107.8239,104.1,,,,,False
FDIS,2026-08-05,2026-08-10,3,102.5665,-0.014731,104.4425,0.00329,99.8716,109.0135,104.1,,,,,False
RTH,2026-08-05,2026-08-06,1,269.9868,-0.00762,270.9976,-0.003905,265.8298,276.1655,272.06,,,,,False
RTH,2026-08-05,2026-08-07,2,269.128,-0.010777,271.0965,-0.003541,264.0864,278.1066,272.06,,,,,False
RTH,2026-08-05,2026-08-10,3,268.4691,-0.013199,267.7909,-0.015692,257.0814,278.5003,272.06,,,,,False
XRT,2026-08-05,2026-08-06,1,91.4057,-0.010225,92.2053,-0.001567,89.8505,94.56,92.35,,,,,False
XRT,2026-08-05,2026-08-07,2,91.0146,-0.01446,92.2261,-0.001341,89.0162,95.436,92.35,,,,,False
XRT,2026-08-05,2026-08-10,3,90.7144,-0.01771,92.1788,-0.001854,88.1497,96.2079,92.35,,,,,False
SRVR,2026-08-05,2026-08-06,1,32.2333,0.009498,31.9533,0.000731,31.2633,32.6434,31.93,,,,,False
SRVR,2026-08-05,2026-08-07,2,32.3589,0.013433,32.1211,0.005986,31.2495,32.9928,31.93,,,,,False
SRVR,2026-08-05,2026-08-10,3,32.4553,0.016452,32.1587,0.007161,31.0963,33.2211,31.93,,,,,False
INDS,2026-08-05,2026-08-06,1,41.6391,-0.008594,41.8845,-0.002751,40.9021,42.8668,42.0,,,,,False
INDS,2026-08-05,2026-08-07,2,42.5105,0.012154,41.5545,-0.010606,40.2205,42.8885,42.0,,,,,False
INDS,2026-08-05,2026-08-10,3,41.3748,-0.014885,41.4299,-0.013573,39.8671,42.9927,42.0,,,,,False
REZ,2026-08-05,2026-08-06,1,94.9504,-0.008041,95.4287,-0.003044,93.52,97.3373,95.72,,,,,False
REZ,2026-08-05,2026-08-07,2,94.6316,-0.011371,95.1232,-0.006235,91.6162,98.6301,95.72,,,,,False
REZ,2026-08-05,2026-08-10,3,97.0531,0.013927,94.147,-0.016433,89.2469,99.0471,95.72,,,,,False
REM,2026-08-05,2026-08-06,1,21.5154,-0.008509,21.7096,0.000441,21.2899,22.1292,21.7,,,,,False
REM,2026-08-05,2026-08-07,2,21.9611,0.012033,21.7067,0.000309,21.2593,22.1542,21.7,,,,,False
REM,2026-08-05,2026-08-10,3,22.0198,0.014738,21.7264,0.001217,21.1303,22.3225,21.7,,,,,False
REET,2026-08-05,2026-08-06,1,28.4764,0.005879,28.286,-0.000847,27.8142,28.7579,28.31,,,,,False
REET,2026-08-05,2026-08-07,2,28.0746,-0.008314,28.2899,-0.00071,27.725,28.8548,28.31,,,,,False
REET,2026-08-05,2026-08-10,3,28.5983,0.010182,28.2785,-0.001111,27.5664,28.9907,28.31,,,,,False
HOMZ,2026-08-05,2026-08-06,1,46.7832,-0.007843,47.1403,-0.000269,46.0694,48.2113,47.153,,,,,False
HOMZ,2026-08-05,2026-08-07,2,47.676,0.011092,47.0346,-0.002512,45.556,48.5131,47.153,,,,,False
HOMZ,2026-08-05,2026-08-10,3,47.7936,0.013585,47.0896,-0.001344,45.339,48.8402,47.153,,,,,False
BBRE,2026-08-05,2026-08-06,1,109.8638,0.00617,109.015,-0.001603,107.254,110.7759,109.19,,,,,False
BBRE,2026-08-05,2026-08-07,2,110.1428,0.008726,108.9863,-0.001866,106.2861,111.6864,109.19,,,,,False
BBRE,2026-08-05,2026-08-10,3,110.357,0.010688,108.624,-0.005184,105.1844,112.0636,109.19,,,,,False
VPU,2026-08-05,2026-08-06,1,192.1007,0.008191,190.8711,0.001738,187.2698,194.4725,190.54,,,,,False
VPU,2026-08-05,2026-08-07,2,192.7472,0.011584,191.3237,0.004113,186.8275,195.82,190.54,,,,,False
VPU,2026-08-05,2026-08-10,3,193.2432,0.014187,192.2733,0.009097,186.9296,197.617,190.54,,,,,False
IDU,2026-08-05,2026-08-06,1,112.7036,0.007451,112.2695,0.003571,110.1813,114.3578,111.87,,,,,False
IDU,2026-08-05,2026-08-07,2,113.0489,0.010538,112.662,0.00708,110.0002,115.3239,111.87,,,,,False
IDU,2026-08-05,2026-08-10,3,113.3138,0.012906,113.1297,0.011261,109.9825,116.2769,111.87,,,,,False
FUTY,2026-08-05,2026-08-06,1,57.3386,0.008062,57.1547,0.00483,56.045,58.2645,56.88,,,,,False
FUTY,2026-08-05,2026-08-07,2,57.5285,0.011402,56.7872,-0.001632,55.441,58.1333,56.88,,,,,False
FUTY,2026-08-05,2026-08-10,3,57.6743,0.013964,57.3187,0.007713,55.6823,58.9551,56.88,,,,,False
PSCU,2026-08-05,2026-08-06,1,65.8268,-0.00353,65.932,-0.001937,64.7908,67.0732,66.06,,,,,False
PSCU,2026-08-05,2026-08-07,2,66.3898,0.004993,66.2843,0.003395,64.6463,67.9223,66.06,,,,,False
PSCU,2026-08-05,2026-08-10,3,66.4639,0.006115,65.8402,-0.003328,63.5492,68.1311,66.06,,,,,False
XLB,2026-08-05,2026-08-06,1,52.4707,0.009052,51.9529,-0.000905,50.8146,53.0913,52.0,,,,,False
XLB,2026-08-05,2026-08-07,2,52.6657,0.012802,51.8303,-0.003264,50.2951,53.3654,52.0,,,,,False
XLB,2026-08-05,2026-08-10,3,51.1847,-0.015679,51.8408,-0.003061,50.2135,53.4682,52.0,,,,,False
VAW,2026-08-05,2026-08-06,1,229.2936,-0.007988,231.1933,0.000231,225.9402,236.4465,231.14,,,,,False
VAW,2026-08-05,2026-08-07,2,233.7512,0.011297,230.94,-0.000865,223.5785,238.3014,231.14,,,,,False
VAW,2026-08-05,2026-08-10,3,227.9419,-0.013836,230.5954,-0.002356,223.0104,238.1804,231.14,,,,,False
MXI,2026-08-05,2026-08-06,1,108.3354,-0.007464,109.207,0.000523,106.3749,112.0392,109.15,,,,,False
MXI,2026-08-05,2026-08-07,2,110.3021,0.010555,109.2224,0.000663,104.9054,113.5394,109.15,,,,,False
MXI,2026-08-05,2026-08-10,3,107.739,-0.012927,109.0177,-0.001212,103.4576,114.5777,109.15,,,,,False
IYM,2026-08-05,2026-08-06,1,183.2893,0.008303,181.799,0.000105,177.5197,186.0783,181.78,,,,,False
IYM,2026-08-05,2026-08-07,2,183.9145,0.011742,181.1645,-0.003386,174.8935,187.4356,181.78,,,,,False
IYM,2026-08-05,2026-08-10,3,179.1658,-0.014381,180.0277,-0.00964,173.7902,186.2651,181.78,,,,,False
EFA,2026-08-05,2026-08-06,1,106.6379,-0.006356,107.3087,-0.000106,104.939,109.6784,107.32,,,,,False
EFA,2026-08-05,2026-08-07,2,106.3553,-0.008989,107.2395,-0.00075,104.2869,110.192,107.32,,,,,False
EFA,2026-08-05,2026-08-10,3,106.1385,-0.011009,107.0651,-0.002375,103.9572,110.173,107.32,,,,,False
EWG,2026-08-05,2026-08-06,1,43.5579,-0.006436,43.9041,0.001463,42.8884,44.9198,43.84,,,,,False
EWG,2026-08-05,2026-08-07,2,43.441,-0.009102,43.845,0.000114,42.4822,45.2078,43.84,,,,,False
EWG,2026-08-05,2026-08-10,3,44.3287,0.011147,43.836,-9.2e-05,42.5025,45.1694,43.84,,,,,False
EWU,2026-08-05,2026-08-06,1,48.0661,-0.005667,48.4401,0.002071,47.3569,49.5232,48.34,,,,,False
EWU,2026-08-05,2026-08-07,2,48.7274,0.008014,48.4775,0.002844,47.2784,49.6766,48.34,,,,,False
EWU,2026-08-05,2026-08-10,3,48.8145,0.009815,48.5832,0.005031,47.3092,49.8573,48.34,,,,,False
EWI,2026-08-05,2026-08-06,1,62.7904,-0.006639,63.3058,0.001516,61.7699,64.8417,63.21,,,,,False
EWI,2026-08-05,2026-08-07,2,63.8035,0.009389,63.5221,0.004938,61.6647,65.3796,63.21,,,,,False
EWI,2026-08-05,2026-08-10,3,63.9368,0.011499,63.5331,0.005112,61.394,65.6722,63.21,,,,,False
EWP,2026-08-05,2026-08-06,1,61.5314,-0.007558,62.1185,0.001912,60.771,63.4661,62.0,,,,,False
EWP,2026-08-05,2026-08-07,2,61.3373,-0.010688,62.1833,0.002957,60.0001,64.3666,62.0,,,,,False
EWP,2026-08-05,2026-08-10,3,62.8116,0.01309,61.9241,-0.001224,59.759,64.0892,62.0,,,,,False
EWQ,2026-08-05,2026-08-06,1,47.2293,-0.006327,47.5787,0.001025,46.458,48.6994,47.53,,,,,False
EWQ,2026-08-05,2026-08-07,2,47.9553,0.008947,47.6377,0.002265,46.3492,48.9261,47.53,,,,,False
EWQ,2026-08-05,2026-08-10,3,48.0509,0.010958,47.6975,0.003525,46.2371,49.1579,47.53,,,,,False
EWL,2026-08-05,2026-08-06,1,64.1371,0.006073,63.661,-0.001396,62.3217,65.0003,63.75,,,,,False
EWL,2026-08-05,2026-08-07,2,64.2975,0.008588,63.3659,-0.006026,61.8659,64.8658,63.75,,,,,False
EWL,2026-08-05,2026-08-10,3,64.4206,0.010518,63.2865,-0.00727,61.6437,64.9293,63.75,,,,,False
EWD,2026-08-05,2026-08-06,1,53.9293,0.007083,53.5002,-0.00093,52.0162,54.9842,53.55,,,,,False
EWD,2026-08-05,2026-08-07,2,54.0864,0.010017,53.4922,-0.00108,51.5978,55.3866,53.55,,,,,False
EWD,2026-08-05,2026-08-10,3,54.2069,0.012268,53.5078,-0.000788,51.3057,55.7099,53.55,,,,,False
EWN,2026-08-05,2026-08-06,1,69.7961,0.010512,69.247,0.002563,67.1065,71.3875,69.07,,,,,False
EWN,2026-08-05,2026-08-07,2,68.0432,-0.014866,69.0093,-0.000879,66.1861,71.8325,69.07,,,,,False
EWN,2026-08-05,2026-08-10,3,67.8124,-0.018207,68.9317,-0.002002,65.8493,72.0141,69.07,,,,,False
EWA,2026-08-05,2026-08-06,1,29.9111,-0.006937,30.0526,-0.002238,29.3262,30.779,30.12,,,,,False
EWA,2026-08-05,2026-08-07,2,30.4155,0.00981,30.1407,0.000686,29.2411,31.0402,30.12,,,,,False
EWA,2026-08-05,2026-08-10,3,29.7581,-0.012014,30.1108,-0.000305,29.1378,31.0838,30.12,,,,,False
EWC,2026-08-05,2026-08-06,1,60.3086,0.005143,60.0329,0.000548,59.2049,60.8608,60.0,,,,,False
EWC,2026-08-05,2026-08-07,2,60.4364,0.007273,60.1128,0.00188,58.7994,61.4262,60.0,,,,,False
EWC,2026-08-05,2026-08-10,3,59.4655,-0.008908,60.125,0.002083,58.647,61.603,60.0,,,,,False
EWS,2026-08-05,2026-08-06,1,32.7807,0.005543,32.6238,0.000731,32.0529,33.1948,32.6,,,,,False
EWS,2026-08-05,2026-08-07,2,32.8556,0.00784,32.6432,0.001326,31.7912,33.4953,32.6,,,,,False
EWS,2026-08-05,2026-08-10,3,32.913,0.009601,32.6412,0.001265,31.5135,33.769,32.6,,,,,False
EWH,2026-08-05,2026-08-06,1,23.0418,0.005314,22.9469,0.001174,22.5579,23.336,22.92,,,,,False
EWH,2026-08-05,2026-08-07,2,22.7478,-0.007514,22.9483,0.001237,22.2547,23.642,22.92,,,,,False
EWH,2026-08-05,2026-08-10,3,22.7091,-0.009203,23.0198,0.004354,22.1543,23.8852,22.92,,,,,False
EWY,2026-08-05,2026-08-06,1,165.9354,-0.030412,173.0333,0.011063,156.6617,189.4049,171.14,,,,,False
EWY,2026-08-05,2026-08-07,2,163.7795,-0.043009,171.1557,9.2e-05,148.2074,194.1041,171.14,,,,,False
EWY,2026-08-05,2026-08-10,3,180.1547,0.052674,169.18,-0.011452,144.1856,194.1745,171.14,,,,,False
EWT,2026-08-05,2026-08-06,1,100.4082,-0.017628,101.0689,-0.011164,95.3686,106.7692,102.21,,,,,False
EWT,2026-08-05,2026-08-07,2,99.6619,-0.02493,101.6038,-0.005931,93.8759,109.3317,102.21,,,,,False
EWT,2026-08-05,2026-08-10,3,105.3308,0.030533,101.0387,-0.011459,92.2003,109.8771,102.21,,,,,False
EWM,2026-08-05,2026-08-06,1,28.5275,0.004489,28.4105,0.000371,27.9488,28.8723,28.4,,,,,False
EWM,2026-08-05,2026-08-07,2,28.2197,-0.006349,28.3921,-0.000278,27.791,28.9932,28.4,,,,,False
EWM,2026-08-05,2026-08-10,3,28.6208,0.007776,28.4022,7.8e-05,27.6341,29.1703,28.4,,,,,False
EWO,2026-08-05,2026-08-06,1,43.5257,-0.007848,44.0398,0.00387,43.0279,45.0516,43.87,,,,,False
EWO,2026-08-05,2026-08-07,2,43.3831,-0.011099,44.1936,0.007377,42.8933,45.494,43.87,,,,,False
EWO,2026-08-05,2026-08-10,3,44.4663,0.013593,44.3157,0.010159,42.6419,45.9895,43.87,,,,,False
EWK,2026-08-05,2026-08-06,1,26.7589,-0.005614,26.9436,0.00125,26.2901,27.5972,26.91,,,,,False
EWK,2026-08-05,2026-08-07,2,26.6964,-0.007939,26.9505,0.001506,26.2436,27.6574,26.91,,,,,False
EWK,2026-08-05,2026-08-10,3,27.1717,0.009724,26.9783,0.00254,25.9693,27.9874,26.91,,,,,False
EIDO,2026-08-05,2026-08-06,1,12.8214,0.007974,12.7318,0.000925,12.1623,13.3012,12.72,,,,,False
EIDO,2026-08-05,2026-08-07,2,12.8634,0.011277,12.7875,0.005306,12.0452,13.5298,12.72,,,,,False
EIDO,2026-08-05,2026-08-10,3,12.5443,-0.013811,12.9348,0.016888,11.9606,13.9091,12.72,,,,,False
VEA,2026-08-05,2026-08-06,1,72.7404,0.007205,72.2611,0.000569,70.4971,74.0252,72.22,,,,,False
VEA,2026-08-05,2026-08-07,2,71.4841,-0.01019,72.2422,0.000307,69.9465,74.5379,72.22,,,,,False
VEA,2026-08-05,2026-08-10,3,73.1213,0.01248,72.0675,-0.002112,69.7999,74.3351,72.22,,,,,False
IDEV,2026-08-05,2026-08-06,1,91.4536,-0.006155,92.0122,-8.5e-05,89.9472,94.0772,92.02,,,,,False
IDEV,2026-08-05,2026-08-07,2,92.821,0.008705,92.0191,-1e-05,89.689,94.3492,92.02,,,,,False
IDEV,2026-08-05,2026-08-10,3,91.0389,-0.010662,91.7808,-0.002599,89.259,94.3026,92.02,,,,,False
IEFA,2026-08-05,2026-08-06,1,99.2479,-0.006329,99.9278,0.000478,97.7529,102.1027,99.88,,,,,False
IEFA,2026-08-05,2026-08-07,2,98.986,-0.008951,99.9582,0.000783,96.9531,102.9634,99.88,,,,,False
IEFA,2026-08-05,2026-08-10,3,98.7851,-0.010962,99.8081,-0.00072,96.8907,102.7255,99.88,,,,,False
SPDW,2026-08-05,2026-08-06,1,50.7961,-0.007114,51.1862,0.000513,49.998,52.3745,51.16,,,,,False
SPDW,2026-08-05,2026-08-07,2,50.6453,-0.01006,51.2172,0.001118,49.5987,52.8358,51.16,,,,,False
SPDW,2026-08-05,2026-08-10,3,50.5297,-0.012321,51.1036,-0.001103,49.6148,52.5924,51.16,,,,,False
EZU,2026-08-05,2026-08-06,1,71.5721,0.006641,71.2504,0.002116,69.5061,72.9948,71.1,,,,,False
EZU,2026-08-05,2026-08-07,2,70.4323,-0.009391,71.3699,0.003797,69.4563,73.2836,71.1,,,,,False
EZU,2026-08-05,2026-08-10,3,71.9178,0.011502,71.4731,0.005248,69.1543,73.792,71.1,,,,,False
HEDJ,2026-08-05,2026-08-06,1,57.6904,-0.006195,58.0408,-0.000159,56.8179,59.2637,58.05,,,,,False
HEDJ,2026-08-05,2026-08-07,2,57.5414,-0.008762,57.966,-0.001447,56.5659,59.3662,58.05,,,,,False
HEDJ,2026-08-05,2026-08-10,3,58.6729,0.010731,57.8245,-0.003884,56.3931,59.256,58.05,,,,,False
DBEF,2026-08-05,2026-08-06,1,55.385,-0.006012,55.6919,-0.000504,54.7989,56.5849,55.72,,,,,False
DBEF,2026-08-05,2026-08-07,2,55.2462,-0.008503,55.7418,0.000391,54.547,56.9366,55.72,,,,,False
DBEF,2026-08-05,2026-08-10,3,55.1398,-0.010413,55.6999,-0.000361,54.4447,56.9551,55.72,,,,,False
HEWJ,2026-08-05,2026-08-06,1,62.6961,-0.009071,63.4533,0.002897,61.9751,64.9314,63.27,,,,,False
HEWJ,2026-08-05,2026-08-07,2,64.0817,0.012828,63.8517,0.009193,61.7096,65.9937,63.27,,,,,False
HEWJ,2026-08-05,2026-08-10,3,64.2641,0.015712,64.1954,0.014626,62.0748,66.316,63.27,,,,,False
DXJ,2026-08-05,2026-08-06,1,175.6618,0.008971,174.5347,0.002497,170.8119,178.2574,174.1,,,,,False
DXJ,2026-08-05,2026-08-07,2,176.3087,0.012686,175.6269,0.00877,170.5685,180.6854,174.1,,,,,False
DXJ,2026-08-05,2026-08-10,3,176.8051,0.015538,175.7868,0.009688,170.5488,181.0247,174.1,,,,,False
VWO,2026-08-05,2026-08-06,1,59.6104,-0.007321,60.1009,0.000847,58.7813,61.4204,60.05,,,,,False
VWO,2026-08-05,2026-08-07,2,59.4283,-0.010354,60.1494,0.001655,58.3264,61.9723,60.05,,,,,False
VWO,2026-08-05,2026-08-10,3,60.8115,0.012681,60.1491,0.001651,58.0378,62.2604,60.05,,,,,False
EEM,2026-08-05,2026-08-06,1,66.7893,0.011959,65.8307,-0.002565,63.3463,68.3152,66.0,,,,,False
EEM,2026-08-05,2026-08-07,2,64.8838,-0.016912,66.0763,0.001156,62.5862,69.5664,66.0,,,,,False
EEM,2026-08-05,2026-08-10,3,67.3671,0.020713,65.7619,-0.003608,61.7534,69.7703,66.0,,,,,False
IEMG,2026-08-05,2026-08-06,1,79.3146,-0.011532,80.0692,-0.002129,77.1114,83.027,80.24,,,,,False
IEMG,2026-08-05,2026-08-07,2,81.5487,0.016309,79.9648,-0.003429,75.72,84.2096,80.24,,,,,False
IEMG,2026-08-05,2026-08-10,3,81.8428,0.019975,79.5086,-0.009116,74.4596,84.5575,80.24,,,,,False
EMQQ,2026-08-05,2026-08-06,1,35.3804,0.007271,34.7865,-0.009636,33.8589,35.7142,35.125,,,,,False
EMQQ,2026-08-05,2026-08-07,2,35.4862,0.010283,34.5169,-0.017312,33.0576,35.9763,35.125,,,,,False
EMQQ,2026-08-05,2026-08-10,3,34.6826,-0.012594,34.5739,-0.015691,32.7691,36.3786,35.125,,,,,False
KWEB,2026-08-05,2026-08-06,1,29.1841,0.01018,28.7764,-0.003931,27.8107,29.7422,28.89,,,,,False
KWEB,2026-08-05,2026-08-07,2,29.3059,0.014397,28.7605,-0.004484,27.5754,29.9455,28.89,,,,,False
KWEB,2026-08-05,2026-08-10,3,29.3994,0.017633,28.8462,-0.001516,27.2555,30.4369,28.89,,,,,False
GXC,2026-08-05,2026-08-06,1,91.4332,-0.00562,92.127,0.001925,89.9222,94.3318,91.95,,,,,False
GXC,2026-08-05,2026-08-07,2,92.6808,0.007948,91.9303,-0.000214,89.2624,94.5982,91.95,,,,,False
GXC,2026-08-05,2026-08-10,3,92.8451,0.009735,91.5298,-0.004569,88.9516,94.1081,91.95,,,,,False
TUR,2026-08-05,2026-08-06,1,39.1482,0.007158,38.9456,0.001945,37.6383,40.2529,38.87,,,,,False
TUR,2026-08-05,2026-08-07,2,39.2635,0.010122,38.9749,0.002699,36.8113,41.1386,38.87,,,,,False
TUR,2026-08-05,2026-08-10,3,38.3881,-0.012397,38.9319,0.001593,35.3977,42.4661,38.87,,,,,False
EWW,2026-08-05,2026-08-06,1,77.7671,0.009177,77.1846,0.001617,75.25,79.1192,77.06,,,,,False
EWW,2026-08-05,2026-08-07,2,76.0599,-0.012978,77.2394,0.002328,74.5157,79.9631,77.06,,,,,False
EWW,2026-08-05,2026-08-10,3,78.2848,0.015894,77.2657,0.00267,73.9921,80.5394,77.06,,,,,False
EZA,2026-08-05,2026-08-06,1,65.255,-0.010688,64.1746,-0.027068,61.3923,66.957,65.96,,,,,False
EZA,2026-08-05,2026-08-07,2,64.963,-0.015116,62.8788,-0.046714,59.1557,66.6018,65.96,,,,,False
EZA,2026-08-05,2026-08-10,3,67.1811,0.018513,65.4193,-0.008197,61.3366,69.502,65.96,,,,,False
EPHE,2026-08-05,2026-08-06,1,26.1379,0.006464,25.9719,7.4e-05,25.3876,26.5563,25.97,,,,,False
EPHE,2026-08-05,2026-08-07,2,26.2074,0.009141,25.9308,-0.001511,25.1571,26.7044,25.97,,,,,False
EPHE,2026-08-05,2026-08-10,3,26.2607,0.011195,25.9515,-0.000714,25.0175,26.8854,25.97,,,,,False
THD,2026-08-05,2026-08-06,1,73.0579,-0.004526,73.3121,-0.001062,71.3362,75.2879,73.39,,,,,False
THD,2026-08-05,2026-08-07,2,72.9203,-0.0064,73.2867,-0.001408,70.7615,75.8119,73.39,,,,,False
THD,2026-08-05,2026-08-10,3,72.8147,-0.007839,72.7151,-0.009196,68.9352,76.495,73.39,,,,,False
ECH,2026-08-05,2026-08-06,1,40.7993,0.008884,40.4293,-0.000265,38.9863,41.8723,40.44,,,,,False
ECH,2026-08-05,2026-08-07,2,39.9319,-0.012564,40.6302,0.004703,38.9615,42.2989,40.44,,,,,False
ECH,2026-08-05,2026-08-10,3,41.0623,0.015388,40.8161,0.009301,38.5831,43.0491,40.44,,,,,False
BND,2026-08-05,2026-08-06,1,72.3356,-0.001441,72.4914,0.00071,72.1514,72.8315,72.44,,,,,False
BND,2026-08-05,2026-08-07,2,72.5877,0.002038,72.5936,0.002121,72.1167,73.0705,72.44,,,,,False
BND,2026-08-05,2026-08-10,3,72.6208,0.002496,72.6363,0.00271,72.0819,73.1908,72.44,,,,,False
BNDX,2026-08-05,2026-08-06,1,48.0323,0.0013,47.9937,0.000495,47.7755,48.2119,47.97,,,,,False
BNDX,2026-08-05,2026-08-07,2,48.0582,0.001838,48.0128,0.000892,47.6811,48.3445,47.97,,,,,False
BNDX,2026-08-05,2026-08-10,3,48.078,0.002251,48.0307,0.001265,47.7074,48.3539,47.97,,,,,False
VGIT,2026-08-05,2026-08-06,1,58.3543,-0.001295,58.4607,0.000526,58.2154,58.7061,58.43,,,,,False
VGIT,2026-08-05,2026-08-07,2,58.323,-0.001832,58.5544,0.002128,58.1894,58.9194,58.43,,,,,False
VGIT,2026-08-05,2026-08-10,3,58.5611,0.002243,58.6829,0.004328,58.2515,59.1143,58.43,,,,,False
VGLT,2026-08-05,2026-08-06,1,53.3406,0.003398,53.1688,0.000165,52.6686,53.669,53.16,,,,,False
VGLT,2026-08-05,2026-08-07,2,52.9046,-0.004805,53.3028,0.002687,52.6154,53.9902,53.16,,,,,False
VGLT,2026-08-05,2026-08-10,3,53.4728,0.005885,53.4229,0.004946,52.5887,54.2571,53.16,,,,,False
VGSH,2026-08-05,2026-08-06,1,58.0007,-0.000505,58.042,0.000207,57.9623,58.1217,58.03,,,,,False
VGSH,2026-08-05,2026-08-07,2,58.0714,0.000714,58.055,0.000431,57.922,58.188,58.03,,,,,False
VGSH,2026-08-05,2026-08-10,3,58.0807,0.000874,58.0736,0.000752,57.9307,58.2165,58.03,,,,,False
IEF,2026-08-05,2026-08-06,1,93.4177,0.001798,93.3388,0.000952,92.8243,93.8532,93.25,,,,,False
IEF,2026-08-05,2026-08-07,2,93.4871,0.002543,93.5534,0.003254,92.7446,94.3623,93.25,,,,,False
IEF,2026-08-05,2026-08-10,3,93.5404,0.003114,93.7564,0.00543,92.8021,94.7106,93.25,,,,,False
IEI,2026-08-05,2026-08-06,1,116.4254,-0.001155,116.622,0.000532,116.2121,117.032,116.56,,,,,False
IEI,2026-08-05,2026-08-07,2,116.7503,0.001633,116.7835,0.001917,116.071,117.4959,116.56,,,,,False
IEI,2026-08-05,2026-08-10,3,116.7931,0.002,116.9508,0.003353,116.097,117.8047,116.56,,,,,False
SPTL,2026-08-05,2026-08-06,1,25.3777,0.003467,25.3014,0.000452,25.0461,25.5568,25.29,,,,,False
SPTL,2026-08-05,2026-08-07,2,25.414,0.004903,25.3566,0.002632,25.0209,25.6923,25.29,,,,,False
SPTL,2026-08-05,2026-08-10,3,25.4419,0.006005,25.4458,0.006161,25.0626,25.829,25.29,,,,,False
MUB,2026-08-05,2026-08-06,1,105.5816,-0.001686,105.8173,0.000542,105.4445,106.1902,105.76,,,,,False
MUB,2026-08-05,2026-08-07,2,106.0122,0.002385,105.8173,0.000542,105.1788,106.4559,105.76,,,,,False
MUB,2026-08-05,2026-08-10,3,106.0689,0.002921,105.7533,-6.3e-05,105.0041,106.5025,105.76,,,,,False
BKLN,2026-08-05,2026-08-06,1,20.4664,0.000801,20.4554,0.000266,20.4031,20.5078,20.45,,,,,False
BKLN,2026-08-05,2026-08-07,2,20.4732,0.001133,20.4628,0.000625,20.3753,20.5503,20.45,,,,,False
BKLN,2026-08-05,2026-08-10,3,20.4784,0.001387,20.4706,0.001009,20.3612,20.5801,20.45,,,,,False
FLOT,2026-08-05,2026-08-06,1,50.9127,-0.00034,50.9347,9.2e-05,50.8846,50.9848,50.93,,,,,False
FLOT,2026-08-05,2026-08-07,2,50.9545,0.000482,50.809,-0.002377,50.7099,50.908,50.93,,,,,False
FLOT,2026-08-05,2026-08-10,3,50.96,0.00059,50.8537,-0.001498,50.7651,50.9423,50.93,,,,,False
HYD,2026-08-05,2026-08-06,1,50.3808,0.002403,50.316,0.001114,50.0637,50.5683,50.26,,,,,False
HYD,2026-08-05,2026-08-07,2,50.4308,0.003399,50.2,-0.001194,49.7721,50.6279,50.26,,,,,False
HYD,2026-08-05,2026-08-10,3,50.4692,0.004162,50.1036,-0.003112,49.4837,50.7235,50.26,,,,,False
VCIT,2026-08-05,2026-08-06,1,81.6475,0.001564,81.5962,0.000935,81.1741,82.0184,81.52,,,,,False
VCIT,2026-08-05,2026-08-07,2,81.7003,0.002212,81.6752,0.001903,81.0773,82.273,81.52,,,,,False
VCIT,2026-08-05,2026-08-10,3,81.7408,0.002709,81.7782,0.003167,81.0543,82.502,81.52,,,,,False
VCLT,2026-08-05,2026-08-06,1,72.8056,0.00297,72.6327,0.000589,72.0314,73.234,72.59,,,,,False
VCLT,2026-08-05,2026-08-07,2,72.8949,0.0042,72.738,0.002039,71.8235,73.6524,72.59,,,,,False
VCLT,2026-08-05,2026-08-10,3,72.2166,-0.005144,72.7142,0.001711,71.6475,73.7809,72.59,,,,,False
SUB,2026-08-05,2026-08-06,1,106.1469,0.000725,106.0834,0.000126,105.9483,106.2185,106.07,,,,,False
SUB,2026-08-05,2026-08-07,2,105.9612,-0.001026,106.1062,0.000341,105.9209,106.2915,106.07,,,,,False
SUB,2026-08-05,2026-08-10,3,106.2032,0.001256,106.1056,0.000335,105.8832,106.3279,106.07,,,,,False
FLRN,2026-08-05,2026-08-06,1,30.7707,0.000347,30.7524,-0.000246,30.7298,30.7751,30.76,,,,,False
FLRN,2026-08-05,2026-08-07,2,30.7751,0.000491,30.7334,-0.000865,30.699,30.7678,30.76,,,,,False
FLRN,2026-08-05,2026-08-10,3,30.7785,0.000601,30.6884,-0.002328,30.6246,30.7522,30.76,,,,,False
HYLB,2026-08-05,2026-08-06,1,36.335,0.00124,36.301,0.000303,36.1381,36.464,36.29,,,,,False
HYLB,2026-08-05,2026-08-07,2,36.3536,0.001754,36.3138,0.000655,36.115,36.5125,36.29,,,,,False
HYLB,2026-08-05,2026-08-10,3,36.212,-0.002148,36.2976,0.00021,36.0546,36.5407,36.29,,,,,False
IGOV,2026-08-05,2026-08-06,1,41.5261,0.00353,41.3827,6.4e-05,40.9802,41.7851,41.38,,,,,False
IGOV,2026-08-05,2026-08-07,2,41.1734,-0.004992,41.4341,0.001307,40.9386,41.9295,41.38,,,,,False
IGOV,2026-08-05,2026-08-10,3,41.127,-0.006114,41.4838,0.00251,40.8511,42.1166,41.38,,,,,False
BWX,2026-08-05,2026-08-06,1,21.8139,-0.003023,21.8751,-0.000222,21.6691,22.0812,21.88,,,,,False
BWX,2026-08-05,2026-08-07,2,21.7865,-0.004275,21.8738,-0.000283,21.6165,22.1312,21.88,,,,,False
BWX,2026-08-05,2026-08-10,3,21.7655,-0.005235,21.8546,-0.001159,21.5396,22.1697,21.88,,,,,False
PCY,2026-08-05,2026-08-06,1,21.2492,0.003743,21.1783,0.000393,20.9892,21.3675,21.17,,,,,False
PCY,2026-08-05,2026-08-07,2,21.2821,0.005294,21.2033,0.001573,20.9438,21.4628,21.17,,,,,False
PCY,2026-08-05,2026-08-10,3,21.3073,0.006483,21.2048,0.001644,20.8711,21.5385,21.17,,,,,False
SCHP,2026-08-05,2026-08-06,1,25.9665,0.001409,25.9395,0.000367,25.8426,26.0364,25.93,,,,,False
SCHP,2026-08-05,2026-08-07,2,25.9817,0.001992,25.9519,0.000843,25.8194,26.0843,25.93,,,,,False
SCHP,2026-08-05,2026-08-10,3,25.9933,0.00244,25.9654,0.001366,25.807,26.1238,25.93,,,,,False
PBTP,2026-08-05,2026-08-06,1,25.6592,-0.000613,25.6804,0.000211,25.6403,25.7206,25.675,,,,,False
PBTP,2026-08-05,2026-08-07,2,25.6973,0.000868,25.6908,0.000617,25.6234,25.7583,25.675,,,,,False
PBTP,2026-08-05,2026-08-10,3,25.7023,0.001063,25.6971,0.000861,25.6143,25.7799,25.675,,,,,False
RINF,2026-08-05,2026-08-06,1,32.5961,-0.001652,32.6184,-0.000969,32.4554,32.7813,32.65,,,,,False
RINF,2026-08-05,2026-08-07,2,32.5737,-0.002336,32.6121,-0.001162,32.3636,32.8605,32.65,,,,,False
RINF,2026-08-05,2026-08-10,3,32.5566,-0.002861,32.5886,-0.001879,32.3054,32.8719,32.65,,,,,False
TIPX,2026-08-05,2026-08-06,1,18.6288,0.001011,18.6129,0.000155,18.5537,18.6721,18.61,,,,,False
TIPX,2026-08-05,2026-08-07,2,18.5834,-0.001429,18.6181,0.000435,18.5376,18.6986,18.61,,,,,False
TIPX,2026-08-05,2026-08-10,3,18.6426,0.00175,18.6245,0.000778,18.5245,18.7245,18.61,,,,,False
USO,2026-08-05,2026-08-06,1,118.8868,0.026834,117.1368,0.011719,108.8456,125.428,115.78,,,,,False
USO,2026-08-05,2026-08-07,2,111.3863,-0.037948,117.353,0.013586,106.0266,128.6794,115.78,,,,,False
USO,2026-08-05,2026-08-10,3,121.1611,0.046477,118.5071,0.023554,106.2645,130.7496,115.78,,,,,False
BNO,2026-08-05,2026-08-06,1,46.4229,0.024335,46.5344,0.026796,43.4667,49.6021,45.32,,,,,False
BNO,2026-08-05,2026-08-07,2,43.7603,-0.034415,47.0294,0.037718,41.8341,52.2246,45.32,,,,,False
BNO,2026-08-05,2026-08-10,3,47.2302,0.042149,47.9008,0.056946,42.1477,53.6539,45.32,,,,,False
UNG,2026-08-05,2026-08-06,1,9.9104,0.014366,9.7597,-0.001049,9.3818,10.1377,9.77,,,,,False
UNG,2026-08-05,2026-08-07,2,9.9685,0.020317,9.8299,0.006132,9.2824,10.3775,9.77,,,,,False
UNG,2026-08-05,2026-08-10,3,10.0131,0.024883,9.756,-0.001438,9.1452,10.3667,9.77,,,,,False
PALL,2026-08-05,2026-08-06,1,24.9204,0.017157,24.5139,0.000565,23.2865,25.7412,24.5,,,,,False
PALL,2026-08-05,2026-08-07,2,23.9055,-0.024264,24.3772,-0.005012,22.8207,25.9337,24.5,,,,,False
PALL,2026-08-05,2026-08-10,3,23.7719,-0.029718,24.2497,-0.010215,22.1822,26.3173,24.5,,,,,False
PPLT,2026-08-05,2026-08-06,1,15.5121,-0.014476,15.7902,0.003189,15.022,16.5584,15.74,,,,,False
PPLT,2026-08-05,2026-08-07,2,15.4178,-0.020473,15.7472,0.000458,14.8317,16.6627,15.74,,,,,False
PPLT,2026-08-05,2026-08-10,3,15.3453,-0.025074,15.7573,0.0011,14.6673,16.8473,15.74,,,,,False
WEAT,2026-08-05,2026-08-06,1,23.5775,-0.01184,23.8256,-0.00144,23.1189,24.5324,23.86,,,,,False
WEAT,2026-08-05,2026-08-07,2,23.4605,-0.016744,23.8107,-0.002068,22.6485,24.9728,23.86,,,,,False
WEAT,2026-08-05,2026-08-10,3,24.3493,0.020507,23.7292,-0.005482,22.2935,25.1649,23.86,,,,,False
CORN,2026-08-05,2026-08-06,1,17.6154,-0.007586,17.7597,0.000544,17.4433,18.076,17.75,,,,,False
CORN,2026-08-05,2026-08-07,2,17.5596,-0.010728,17.7718,0.00123,17.2628,18.2809,17.75,,,,,False
CORN,2026-08-05,2026-08-10,3,17.5168,-0.013138,17.6984,-0.002909,17.1308,18.2659,17.75,,,,,False
SOYB,2026-08-05,2026-08-06,1,25.2082,0.006316,24.8609,-0.007549,24.4005,25.3213,25.05,,,,,False
SOYB,2026-08-05,2026-08-07,2,25.2737,0.008932,25.0012,-0.001948,24.5165,25.4859,25.05,,,,,False
SOYB,2026-08-05,2026-08-10,3,25.324,0.01094,25.0404,-0.000383,24.428,25.6528,25.05,,,,,False
CPER,2026-08-05,2026-08-06,1,39.7825,-0.008906,40.1031,-0.000919,38.9044,41.3018,40.14,,,,,False
CPER,2026-08-05,2026-08-07,2,39.6344,-0.012595,40.1117,-0.000704,38.5598,41.6637,40.14,,,,,False
CPER,2026-08-05,2026-08-10,3,39.5208,-0.015426,40.2084,0.001705,38.354,42.0629,40.14,,,,,False
GSG,2026-08-05,2026-08-06,1,30.7896,0.011154,30.6718,0.007284,29.6782,31.6654,30.45,,,,,False
GSG,2026-08-05,2026-08-07,2,30.9303,0.015774,30.9093,0.015083,29.3323,32.4862,30.45,,,,,False
GSG,2026-08-05,2026-08-10,3,31.0383,0.01932,31.0928,0.021109,29.1632,33.0224,30.45,,,,,False
DJP,2026-08-05,2026-08-06,1,46.2461,0.00754,46.4458,0.011892,45.251,47.6407,45.9,,,,,False
DJP,2026-08-05,2026-08-07,2,46.3894,0.010663,46.638,0.016079,44.7923,48.4837,45.9,,,,,False
DJP,2026-08-05,2026-08-10,3,46.4994,0.013059,46.6775,0.016938,44.3723,48.9826,45.9,,,,,False
GLTR,2026-08-05,2026-08-06,1,186.4568,0.010715,183.9874,-0.00267,177.5901,190.3848,184.48,,,,,False
GLTR,2026-08-05,2026-08-07,2,187.2756,0.015154,183.7339,-0.004045,174.6495,192.8182,184.48,,,,,False
GLTR,2026-08-05,2026-08-10,3,187.9039,0.01856,181.4267,-0.016551,170.2222,192.6311,184.48,,,,,False
IBIT,2026-08-05,2026-08-06,1,36.827,0.012008,36.8017,0.011314,35.4254,38.1781,36.39,,,,,False
IBIT,2026-08-05,2026-08-07,2,35.772,-0.016982,36.7438,0.009722,34.8496,38.6379,36.39,,,,,False
IBIT,2026-08-05,2026-08-10,3,37.1468,0.020798,36.9274,0.014767,34.0436,39.8112,36.39,,,,,False
FBTC,2026-08-05,2026-08-06,1,56.5568,0.01193,56.3339,0.007943,54.2085,58.4593,55.89,,,,,False
FBTC,2026-08-05,2026-08-07,2,54.947,-0.016872,56.6976,0.014449,53.3775,60.0176,55.89,,,,,False
FBTC,2026-08-05,2026-08-10,3,54.7351,-0.020664,56.6318,0.013273,52.2097,61.054,55.89,,,,,False
BITB,2026-08-05,2026-08-06,1,35.2686,0.01172,35.1065,0.007073,33.8483,36.3648,34.86,,,,,False
BITB,2026-08-05,2026-08-07,2,35.4378,0.016575,35.3274,0.013407,33.3493,37.3054,34.86,,,,,False
BITB,2026-08-05,2026-08-10,3,34.1523,-0.0203,35.3131,0.012998,32.5614,38.0648,34.86,,,,,False
GBTC,2026-08-05,2026-08-06,1,49.1425,-0.011814,50.4616,0.014711,48.4271,52.4961,49.73,,,,,False
GBTC,2026-08-05,2026-08-07,2,50.5609,0.016707,50.7145,0.019796,47.7259,53.703,49.73,,,,,False
GBTC,2026-08-05,2026-08-10,3,48.7124,-0.020462,50.7008,0.019521,47.0088,54.3928,49.73,,,,,False
BITO,2026-08-05,2026-08-06,1,8.7862,0.012239,8.7897,0.012637,8.439,9.1404,8.68,,,,,False
BITO,2026-08-05,2026-08-07,2,8.8302,0.017309,8.8154,0.015603,8.2943,9.3366,8.68,,,,,False
BITO,2026-08-05,2026-08-10,3,8.496,-0.021199,8.8275,0.016988,8.1597,9.4952,8.68,,,,,False
TQQQ,2026-08-05,2026-08-06,1,77.0961,0.030421,74.7513,-0.000919,68.8666,80.636,74.82,,,,,False
TQQQ,2026-08-05,2026-08-07,2,71.6011,-0.043021,73.5655,-0.016767,65.415,81.716,74.82,,,,,False
TQQQ,2026-08-05,2026-08-10,3,70.8777,-0.05269,72.0739,-0.036702,61.7653,82.3825,74.82,,,,,False
SQQQ,2026-08-05,2026-08-06,1,38.765,0.040392,37.2647,0.000127,33.8976,40.6319,37.26,,,,,False
SQQQ,2026-08-05,2026-08-07,2,35.1316,-0.057123,37.1894,-0.001894,33.1887,41.1902,37.26,,,,,False
SQQQ,2026-08-05,2026-08-10,3,34.6533,-0.069961,37.1885,-0.001918,32.4903,41.8868,37.26,,,,,False
SPXL,2026-08-05,2026-08-06,1,299.7104,0.017485,294.7636,0.000691,279.5943,309.9328,294.56,,,,,False
SPXL,2026-08-05,2026-08-07,2,301.8437,0.024727,292.7566,-0.006122,272.3752,313.138,294.56,,,,,False
SPXL,2026-08-05,2026-08-10,3,303.4807,0.030285,293.09,-0.004991,263.7039,322.476,294.56,,,,,False
SPXS,2026-08-05,2026-08-06,1,23.5571,-0.021713,24.0866,0.000276,22.7872,25.3861,24.08,,,,,False
SPXS,2026-08-05,2026-08-07,2,23.3406,-0.030707,24.1567,0.003184,22.5484,25.765,24.08,,,,,False
SPXS,2026-08-05,2026-08-10,3,23.1744,-0.037609,24.1458,0.002734,21.8189,26.4728,24.08,,,,,False
SOXL,2026-08-05,2026-08-06,1,128.5118,-0.081403,143.7384,0.027437,115.2756,172.2012,139.9,,,,,False
SOXL,2026-08-05,2026-08-07,2,123.7946,-0.115121,140.53,0.004503,101.8682,179.1917,139.9,,,,,False
SOXL,2026-08-05,2026-08-10,3,159.625,0.140993,140.7315,0.005944,97.0512,184.4119,139.9,,,,,False
SOXS,2026-08-05,2026-08-06,1,47.12,0.113159,44.0495,0.040622,35.3757,52.7234,42.33,,,,,False
SOXS,2026-08-05,2026-08-07,2,35.5559,-0.16003,44.3802,0.048434,32.8926,55.8679,42.33,,,,,False
SOXS,2026-08-05,2026-08-10,3,34.0335,-0.195996,42.8327,0.011875,28.1713,57.4941,42.33,,,,,False
LABU,2026-08-05,2026-08-06,1,260.4222,0.043902,255.6356,0.024715,228.9836,282.2876,249.47,,,,,False
LABU,2026-08-05,2026-08-07,2,264.9587,0.062086,259.9598,0.042048,217.6004,302.3191,249.47,,,,,False
LABU,2026-08-05,2026-08-10,3,268.4397,0.07604,263.5228,0.05633,211.6122,315.4333,249.47,,,,,False
TNA,2026-08-05,2026-08-06,1,76.5154,0.020613,73.7411,-0.016392,68.2298,79.2525,74.97,,,,,False
TNA,2026-08-05,2026-08-07,2,77.1555,0.029151,74.505,-0.006203,66.4301,82.5799,74.97,,,,,False
TNA,2026-08-05,2026-08-10,3,77.6466,0.035703,74.2742,-0.009281,66.0638,82.4846,74.97,,,,,False
TECL,2026-08-05,2026-08-06,1,199.7907,-0.041265,208.8115,0.002023,185.0893,232.5337,208.39,,,,,False
TECL,2026-08-05,2026-08-07,2,196.2288,-0.058358,207.8888,-0.002405,176.7806,238.9971,208.39,,,,,False
TECL,2026-08-05,2026-08-10,3,223.2844,0.071474,206.3406,-0.009835,167.1361,245.545,208.39,,,,,False
FAS,2026-08-05,2026-08-06,1,185.3011,0.016184,182.3188,-0.000171,174.1052,190.5324,182.35,,,,,False
FAS,2026-08-05,2026-08-07,2,178.1766,-0.022887,182.4908,0.000772,170.529,194.4527,182.35,,,,,False
FAS,2026-08-05,2026-08-10,3,177.2386,-0.028031,182.1533,-0.001079,168.5217,195.7849,182.35,,,,,False
SCHD,2026-08-05,2026-08-06,1,33.6121,-0.007027,33.8185,-0.00093,33.3669,34.2701,33.85,,,,,False
SCHD,2026-08-05,2026-08-07,2,33.5136,-0.009937,33.6337,-0.006389,33.0162,34.2512,33.85,,,,,False
SCHD,2026-08-05,2026-08-10,3,33.438,-0.012171,33.5486,-0.008903,32.9021,34.1952,33.85,,,,,False
DVY,2026-08-05,2026-08-06,1,162.1168,-0.006637,163.3029,0.00063,161.3799,165.2259,163.2,,,,,False
DVY,2026-08-05,2026-08-07,2,161.6681,-0.009387,163.3407,0.000862,159.8883,166.7931,163.2,,,,,False
DVY,2026-08-05,2026-08-10,3,165.0762,0.011496,163.8748,0.004135,160.9173,166.8323,163.2,,,,,False
HDV,2026-08-05,2026-08-06,1,28.9382,0.007949,28.7202,0.000356,28.322,29.1184,28.71,,,,,False
HDV,2026-08-05,2026-08-07,2,29.0327,0.011242,28.6873,-0.000791,28.1755,29.199,28.71,,,,,False
HDV,2026-08-05,2026-08-10,3,28.3147,-0.013768,28.6509,-0.002059,28.0944,29.2073,28.71,,,,,False
SDY,2026-08-05,2026-08-06,1,158.3096,0.006867,157.2333,2.1e-05,155.13,159.3365,157.23,,,,,False
SDY,2026-08-05,2026-08-07,2,155.7032,-0.009711,157.0415,-0.001199,154.4644,159.6186,157.23,,,,,False
SDY,2026-08-05,2026-08-10,3,155.36,-0.011893,156.9815,-0.00158,154.2674,159.6956,157.23,,,,,False
SPYD,2026-08-05,2026-08-06,1,49.849,-0.006795,50.2321,0.000838,49.602,50.8622,50.19,,,,,False
SPYD,2026-08-05,2026-08-07,2,50.6723,0.009609,50.2085,0.000369,49.362,51.0551,50.19,,,,,False
SPYD,2026-08-05,2026-08-10,3,50.7807,0.011769,50.3135,0.002461,49.2497,51.3773,50.19,,,,,False
FDVV,2026-08-05,2026-08-06,1,64.2997,0.005311,64.0031,0.000675,63.1876,64.8187,63.96,,,,,False
FDVV,2026-08-05,2026-08-07,2,64.4404,0.007511,64.0264,0.001038,62.7601,65.2928,63.96,,,,,False
FDVV,2026-08-05,2026-08-10,3,64.5483,0.009199,64.0478,0.001373,62.6791,65.4165,63.96,,,,,False
PFF,2026-08-05,2026-08-06,1,30.6176,-0.003658,30.715,-0.000489,30.4409,30.9891,30.73,,,,,False
PFF,2026-08-05,2026-08-07,2,30.889,0.005174,30.7211,-0.00029,30.3229,31.1193,30.73,,,,,False
PFF,2026-08-05,2026-08-10,3,30.5353,-0.006337,30.708,-0.000715,30.2173,31.1987,30.73,,,,,False
DHS,2026-08-05,2026-08-06,1,117.1875,-0.006043,117.9459,0.00039,116.4781,119.4138,117.9,,,,,False
DHS,2026-08-05,2026-08-07,2,116.8924,-0.008546,117.9258,0.000219,116.0101,119.8414,117.9,,,,,False
DHS,2026-08-05,2026-08-10,3,119.134,0.010467,117.9651,0.000552,115.7521,120.178,117.9,,,,,False
SVXY,2026-08-05,2026-08-06,1,57.4529,-0.011309,58.0164,-0.001611,56.3683,59.6644,58.11,,,,,False
SVXY,2026-08-05,2026-08-07,2,59.0393,0.015993,57.8411,-0.004628,55.2316,60.4505,58.11,,,,,False
SVXY,2026-08-05,2026-08-10,3,56.9718,-0.019587,57.9004,-0.003608,54.7261,61.0746,58.11,,,,,False
VIXY,2026-08-05,2026-08-06,1,21.0021,0.027,20.5427,0.004534,19.3833,21.7021,20.45,,,,,False
VIXY,2026-08-05,2026-08-07,2,21.2308,0.038183,20.5706,0.005895,18.7558,22.3853,20.45,,,,,False
VIXY,2026-08-05,2026-08-10,3,19.4937,-0.046765,20.7722,0.015755,18.6164,22.9279,20.45,,,,,False
TAIL,2026-08-05,2026-08-06,1,10.4354,0.003407,10.4128,0.001227,10.3107,10.5148,10.4,,,,,False
TAIL,2026-08-05,2026-08-07,2,10.4501,0.004818,10.4386,0.003707,10.2571,10.62,10.4,,,,,False
TAIL,2026-08-05,2026-08-10,3,10.4614,0.0059,10.4384,0.003694,10.1798,10.697,10.4,,,,,False
AOM,2026-08-05,2026-08-06,1,49.9918,0.003045,49.8578,0.000358,49.3928,50.3229,49.84,,,,,False
AOM,2026-08-05,2026-08-07,2,50.0547,0.004307,49.8954,0.001112,49.3473,50.4436,49.84,,,,,False
AOM,2026-08-05,2026-08-10,3,50.1029,0.005275,49.927,0.001746,49.262,50.5921,49.84,,,,,False
RPAR,2026-08-05,2026-08-06,1,22.1465,0.003923,22.0932,0.001506,21.8089,22.3776,22.06,,,,,False
RPAR,2026-08-05,2026-08-07,2,22.1824,0.005548,22.1231,0.002863,21.741,22.5053,22.06,,,,,False
RPAR,2026-08-05,2026-08-10,3,22.2099,0.006794,22.1393,0.003596,21.707,22.5716,22.06,,,,,False
FIW,2026-08-05,2026-08-06,1,113.7079,0.008317,112.6684,-0.000901,110.1393,115.1974,112.77,,,,,False
FIW,2026-08-05,2026-08-07,2,114.0963,0.011761,112.5252,-0.002171,108.3989,116.6515,112.77,,,,,False
FIW,2026-08-05,2026-08-10,3,114.3944,0.014405,112.0299,-0.006563,107.5437,116.5161,112.77,,,,,False
CGW,2026-08-05,2026-08-06,1,65.8593,-0.006797,66.2803,-0.000447,65.2924,67.2683,66.31,,,,,False
CGW,2026-08-05,2026-08-07,2,65.6726,-0.009613,66.2657,-0.000668,64.7988,67.7326,66.31,,,,,False
CGW,2026-08-05,2026-08-10,3,65.5293,-0.011773,66.3643,0.000819,64.6114,68.1172,66.31,,,,,False
AQWA,2026-08-05,2026-08-06,1,19.6372,-0.006767,19.7626,-0.000426,19.4371,20.088,19.771,,,,,False
AQWA,2026-08-05,2026-08-07,2,19.5818,-0.00957,19.7641,-0.000348,19.2873,20.2409,19.771,,,,,False
AQWA,2026-08-05,2026-08-10,3,19.5393,-0.01172,19.7907,0.000995,19.2143,20.3671,19.771,,,,,False
ECO,2026-08-05,2026-08-06,1,60.2683,0.01753,59.5696,0.005733,56.6731,62.466,59.23,,,,,False
ECO,2026-08-05,2026-08-07,2,60.6984,0.024792,60.3641,0.019147,56.6056,64.1226,59.23,,,,,False
ECO,2026-08-05,2026-08-10,3,61.0284,0.030363,61.0648,0.030978,56.3122,65.8174,59.23,,,,,False
UFO,2026-08-05,2026-08-06,1,48.2687,0.014689,48.8326,0.026543,45.679,51.9863,47.57,,,,,False
UFO,2026-08-05,2026-08-07,2,48.5582,0.020773,48.0269,0.009604,44.1685,51.8852,47.57,,,,,False
UFO,2026-08-05,2026-08-10,3,46.3597,-0.025442,49.1355,0.03291,44.0762,54.1948,47.57,,,,,False
ROKT,2026-08-05,2026-08-06,1,119.465,0.013704,118.2905,0.003737,113.3372,123.2437,117.85,,,,,False
ROKT,2026-08-05,2026-08-07,2,115.566,-0.01938,118.4455,0.005053,110.9404,125.9506,117.85,,,,,False
ROKT,2026-08-05,2026-08-10,3,120.6473,0.023736,118.6589,0.006864,109.3434,127.9744,117.85,,,,,False
ARKX,2026-08-05,2026-08-06,1,33.6573,0.013775,33.3103,0.003323,31.9726,34.6481,33.2,,,,,False
ARKX,2026-08-05,2026-08-07,2,33.8468,0.01948,33.2733,0.002208,31.4413,35.1053,33.2,,,,,False
ARKX,2026-08-05,2026-08-10,3,33.9921,0.023859,33.0105,-0.005707,31.0056,35.0154,33.2,,,,,False
ESPO,2026-08-05,2026-08-06,1,96.1293,0.008384,95.5261,0.002057,93.2461,97.8061,95.33,,,,,False
ESPO,2026-08-05,2026-08-07,2,94.1996,-0.011857,95.4305,0.001054,92.0458,98.8151,95.33,,,,,False
ESPO,2026-08-05,2026-08-10,3,93.9456,-0.014522,95.8295,0.005239,91.204,100.4549,95.33,,,,,False
GAMR,2026-08-05,2026-08-06,1,97.241,0.007386,96.6269,0.001025,94.0566,99.1972,96.528,,,,,False
GAMR,2026-08-05,2026-08-07,2,95.5197,-0.010446,96.4368,-0.000945,92.4805,100.3932,96.528,,,,,False
GAMR,2026-08-05,2026-08-10,3,95.2931,-0.012793,96.4415,-0.000896,91.1253,101.7577,96.528,,,,,False
NERD,2026-08-05,2026-08-06,1,21.6232,0.007792,21.6006,0.00674,21.1331,22.0681,21.456,,,,,False
NERD,2026-08-05,2026-08-07,2,21.2196,-0.011019,21.6124,0.007287,20.9017,22.323,21.456,,,,,False
NERD,2026-08-05,2026-08-10,3,21.7456,0.013496,21.8627,0.018957,20.8104,22.9151,21.456,,,,,False
HERO,2026-08-05,2026-08-06,1,26.8265,0.011365,26.4496,-0.002844,25.8183,27.0808,26.525,,,,,False
HERO,2026-08-05,2026-08-07,2,26.9513,0.016073,26.5335,0.00032,25.5564,27.5106,26.525,,,,,False
HERO,2026-08-05,2026-08-10,3,27.0472,0.019685,26.4795,-0.001715,25.2218,27.7372,26.525,,,,,False
BETZ,2026-08-05,2026-08-06,1,19.4557,0.01016,19.1995,-0.003142,18.7245,19.6744,19.26,,,,,False
BETZ,2026-08-05,2026-08-07,2,19.5367,0.014368,19.2646,0.000241,18.5915,19.9378,19.26,,,,,False
BETZ,2026-08-05,2026-08-10,3,18.9211,-0.017597,19.2641,0.000215,18.3016,20.2267,19.26,,,,,False
NFLX,2026-08-05,2026-08-06,1,72.2171,-0.018389,73.6829,0.001535,70.82,76.5459,73.57,,,,,False
NFLX,2026-08-05,2026-08-07,2,75.4832,0.026006,73.5899,0.00027,69.7431,77.4367,73.57,,,,,False
NFLX,2026-08-05,2026-08-10,3,71.2268,-0.03185,74.692,0.015251,69.6438,79.7403,73.57,,,,,False
ADBE,2026-08-05,2026-08-06,1,250.7753,-0.026077,252.7791,-0.018295,237.1718,268.3864,257.49,,,,,False
ADBE,2026-08-05,2026-08-07,2,247.9941,-0.036879,252.653,-0.018785,232.2608,273.0452,257.49,,,,,False
ADBE,2026-08-05,2026-08-10,3,245.8599,-0.045167,253.3799,-0.015962,229.2949,277.465,257.49,,,,,False
CRM,2026-08-05,2026-08-06,1,186.4911,-0.023556,190.2761,-0.003738,181.6469,198.9052,190.99,,,,,False
CRM,2026-08-05,2026-08-07,2,184.6276,-0.033313,189.9771,-0.005303,174.7836,205.1707,190.99,,,,,False
CRM,2026-08-05,2026-08-10,3,183.1976,-0.0408,188.5212,-0.012926,168.4462,208.5962,190.99,,,,,False
INTC,2026-08-05,2026-08-06,1,96.8818,-0.039443,99.995,-0.008577,84.6295,115.3605,100.86,,,,,False
INTC,2026-08-05,2026-08-07,2,95.234,-0.055781,100.1489,-0.007051,77.8014,122.4964,100.86,,,,,False
INTC,2026-08-05,2026-08-10,3,107.7505,0.068317,103.6161,0.027326,80.3848,126.8474,100.86,,,,,False
QCOM,2026-08-05,2026-08-06,1,166.61,0.024221,162.5504,-0.000735,147.3454,177.7554,162.67,,,,,False
QCOM,2026-08-05,2026-08-07,2,157.098,-0.034253,162.6363,-0.000207,141.118,184.1547,162.67,,,,,False
QCOM,2026-08-05,2026-08-10,3,155.8457,-0.041952,162.3925,-0.001706,136.1664,188.6186,162.67,,,,,False
TXN,2026-08-05,2026-08-06,1,277.5312,-0.021503,283.87,0.000846,269.203,298.5371,283.63,,,,,False
TXN,2026-08-05,2026-08-07,2,275.005,-0.030409,280.5478,-0.010867,254.5393,306.5563,283.63,,,,,False
TXN,2026-08-05,2026-08-10,3,294.1934,0.037244,283.8517,0.000782,252.2248,315.4786,283.63,,,,,False
AMAT,2026-08-05,2026-08-06,1,566.43,0.036241,576.4159,0.054509,530.3696,622.4621,546.62,,,,,False
AMAT,2026-08-05,2026-08-07,2,574.6356,0.051252,557.3365,0.019605,490.1601,624.513,546.62,,,,,False
AMAT,2026-08-05,2026-08-10,3,580.9319,0.062771,561.5156,0.02725,484.126,638.9052,546.62,,,,,False
LRCX,2026-08-05,2026-08-06,1,330.2857,0.039484,329.8086,0.037983,300.873,358.7443,317.74,,,,,False
LRCX,2026-08-05,2026-08-07,2,335.4823,0.055839,316.8767,-0.002717,275.3804,358.3731,317.74,,,,,False
LRCX,2026-08-05,2026-08-10,3,339.4698,0.068389,316.0793,-0.005227,269.3749,362.7838,317.74,,,,,False
KLAC,2026-08-05,2026-08-06,1,202.1346,0.034201,211.8715,0.084019,186.9796,236.7634,195.45,,,,,False
KLAC,2026-08-05,2026-08-07,2,185.9965,-0.048368,200.3076,0.024853,169.7603,230.8549,195.45,,,,,False
KLAC,2026-08-05,2026-08-10,3,207.0281,0.059238,202.5331,0.03624,170.7787,234.2875,195.45,,,,,False
MU,2026-08-05,2026-08-06,1,935.8603,0.048383,906.9895,0.016041,802.3846,1011.5944,892.67,,,,,False
MU,2026-08-05,2026-08-07,2,953.7504,0.068424,910.2056,0.019644,762.6656,1057.7455,892.67,,,,,False
MU,2026-08-05,2026-08-10,3,967.4779,0.083802,913.7103,0.02357,728.4844,1098.9362,892.67,,,,,False
PANW,2026-08-05,2026-08-06,1,374.1643,0.021358,356.5133,-0.026824,328.5183,384.5083,366.34,,,,,False
PANW,2026-08-05,2026-08-07,2,377.4052,0.030205,354.6647,-0.03187,313.7201,395.6093,366.34,,,,,False
PANW,2026-08-05,2026-08-10,3,352.7879,-0.036993,361.7324,-0.012577,311.6975,411.7674,366.34,,,,,False
ZS,2026-08-05,2026-08-06,1,166.8322,0.022131,161.0284,-0.013427,146.9268,175.13,163.22,,,,,False
ZS,2026-08-05,2026-08-07,2,168.3284,0.031298,161.0184,-0.013489,142.1665,179.8703,163.22,,,,,False
ZS,2026-08-05,2026-08-10,3,156.9635,-0.038332,162.0591,-0.007112,139.7048,184.4134,163.22,,,,,False
NET,2026-08-05,2026-08-06,1,294.0668,-0.024104,300.4802,-0.00282,275.283,325.6773,301.33,,,,,False
NET,2026-08-05,2026-08-07,2,291.0583,-0.034088,295.5931,-0.019038,260.9197,330.2666,301.33,,,,,False
NET,2026-08-05,2026-08-10,3,313.9102,0.041749,298.4968,-0.009402,251.6487,345.3449,301.33,,,,,False
DDOG,2026-08-05,2026-08-06,1,294.6078,0.022411,288.0681,-0.000284,267.406,308.7302,288.15,,,,,False
DDOG,2026-08-05,2026-08-07,2,279.0173,-0.031694,287.1065,-0.003621,258.0553,316.1577,288.15,,,,,False
DDOG,2026-08-05,2026-08-10,3,276.9648,-0.038817,285.571,-0.00895,248.0416,323.1004,288.15,,,,,False
CRWD,2026-08-05,2026-08-06,1,215.7303,0.021354,212.2438,0.004847,198.165,226.3225,211.22,,,,,False
CRWD,2026-08-05,2026-08-07,2,217.5986,0.030199,212.1479,0.004393,189.2335,235.0622,211.22,,,,,False
CRWD,2026-08-05,2026-08-10,3,203.4079,-0.036986,214.9444,0.017633,187.0752,242.8137,211.22,,,,,False
SNOW,2026-08-05,2026-08-06,1,309.2165,-0.023845,314.7866,-0.006261,291.0401,338.5332,316.77,,,,,False
SNOW,2026-08-05,2026-08-07,2,327.4523,0.033723,311.9732,-0.015143,276.2386,347.7077,316.77,,,,,False
SNOW,2026-08-05,2026-08-10,3,303.6869,-0.041302,310.4651,-0.019904,271.2071,349.7232,316.77,,,,,False
OKTA,2026-08-05,2026-08-06,1,151.2189,0.022994,146.6938,-0.007619,135.965,157.4226,147.82,,,,,False
OKTA,2026-08-05,2026-08-07,2,152.6268,0.032518,139.0672,-0.059213,122.9339,155.2005,147.82,,,,,False
OKTA,2026-08-05,2026-08-10,3,153.7071,0.039826,136.8294,-0.074351,114.2545,159.4043,147.82,,,,,False
FTNT,2026-08-05,2026-08-06,1,171.7568,0.0206,167.7629,-0.003132,160.2767,175.2492,168.29,,,,,False
FTNT,2026-08-05,2026-08-07,2,163.3872,-0.029133,167.7769,-0.003049,154.6981,180.8558,168.29,,,,,False
FTNT,2026-08-05,2026-08-10,3,162.2853,-0.03568,167.6309,-0.003917,150.3973,184.8645,168.29,,,,,False
S,2026-08-05,2026-08-06,1,20.552,-0.020399,19.9239,-0.05034,18.0338,21.8139,20.98,,,,,False
S,2026-08-05,2026-08-07,2,20.3748,-0.028848,20.7395,-0.011463,18.941,22.538,20.98,,,,,False
S,2026-08-05,2026-08-10,3,20.2387,-0.035332,20.5234,-0.021762,18.3263,22.7205,20.98,,,,,False
MDB,2026-08-05,2026-08-06,1,388.9016,0.023318,378.9495,-0.00287,352.368,405.5309,380.04,,,,,False
MDB,2026-08-05,2026-08-07,2,367.5078,-0.032976,377.9332,-0.005544,338.7364,417.13,380.04,,,,,False
MDB,2026-08-05,2026-08-10,3,364.6913,-0.040387,377.6582,-0.006267,329.1758,426.1407,380.04,,,,,False
TWLO,2026-08-05,2026-08-06,1,198.6134,0.023517,194.9167,0.004466,184.1349,205.6984,194.05,,,,,False
TWLO,2026-08-05,2026-08-07,2,187.5964,-0.033257,190.267,-0.019495,170.7459,209.7882,194.05,,,,,False
TWLO,2026-08-05,2026-08-10,3,186.146,-0.040732,186.3088,-0.039893,162.5744,210.0432,194.05,,,,,False
ZM,2026-08-05,2026-08-06,1,100.3873,-0.016967,101.7021,-0.004092,96.809,106.5953,102.12,,,,,False
ZM,2026-08-05,2026-08-07,2,99.6696,-0.023995,102.4701,0.003429,95.4635,109.4768,102.12,,,,,False
ZM,2026-08-05,2026-08-10,3,99.1189,-0.029388,102.5198,0.003915,92.9344,112.1051,102.12,,,,,False
DOCU,2026-08-05,2026-08-06,1,56.0246,-0.026336,57.2396,-0.005221,53.9045,60.5746,57.54,,,,,False
DOCU,2026-08-05,2026-08-07,2,55.397,-0.037244,56.824,-0.012444,52.1836,61.4643,57.54,,,,,False
DOCU,2026-08-05,2026-08-10,3,60.1647,0.045615,56.2115,-0.023088,49.9975,62.4255,57.54,,,,,False
HUBS,2026-08-05,2026-08-06,1,239.9696,-0.035841,248.9425,0.000211,228.2328,269.6523,248.89,,,,,False
HUBS,2026-08-05,2026-08-07,2,236.2747,-0.050686,246.5659,-0.009338,212.0175,281.1144,248.89,,,,,False
HUBS,2026-08-05,2026-08-10,3,233.4395,-0.062078,245.6285,-0.013104,208.9515,282.3055,248.89,,,,,False
VEEV,2026-08-05,2026-08-06,1,207.7046,-0.019614,211.2738,-0.002767,200.1885,222.3591,211.86,,,,,False
VEEV,2026-08-05,2026-08-07,2,205.9834,-0.027738,211.4494,-0.001938,194.2728,228.6261,211.86,,,,,False
VEEV,2026-08-05,2026-08-10,3,204.6627,-0.033972,210.8318,-0.004853,188.2863,233.3772,211.86,,,,,False
WDAY,2026-08-05,2026-08-06,1,166.1096,-0.030187,169.2463,-0.011873,158.6738,179.8188,171.28,,,,,False
WDAY,2026-08-05,2026-08-07,2,178.592,0.04269,168.234,-0.017784,152.2275,184.2405,171.28,,,,,False
WDAY,2026-08-05,2026-08-10,3,180.2353,0.052285,167.4443,-0.022394,146.0957,188.7929,171.28,,,,,False
JPM,2026-08-05,2026-08-06,1,361.1814,0.010241,357.8512,0.000926,348.2807,367.4217,357.52,,,,,False
JPM,2026-08-05,2026-08-07,2,362.698,0.014483,358.7886,0.003548,346.0346,371.5425,357.52,,,,,False
JPM,2026-08-05,2026-08-10,3,363.8618,0.017738,360.0266,0.007011,345.4833,374.57,357.52,,,,,False
BAC,2026-08-05,2026-08-06,1,63.4339,0.008489,62.9688,0.001094,61.4335,64.5042,62.9,,,,,False
BAC,2026-08-05,2026-08-07,2,62.1449,-0.012005,63.1527,0.004018,61.0604,65.2451,62.9,,,,,False
BAC,2026-08-05,2026-08-10,3,63.8248,0.014703,63.1817,0.004479,60.2145,66.1489,62.9,,,,,False
WFC,2026-08-05,2026-08-06,1,89.3825,0.011229,88.8412,0.005105,86.1642,91.5182,88.39,,,,,False
WFC,2026-08-05,2026-08-07,2,89.7936,0.01588,89.4204,0.011658,85.5059,93.335,88.39,,,,,False
WFC,2026-08-05,2026-08-10,3,90.1091,0.019449,90.6757,0.02586,86.0062,95.3452,88.39,,,,,False
GS,2026-08-05,2026-08-06,1,1073.2014,0.019204,1051.8055,-0.001115,1003.5241,1100.0869,1052.98,,,,,False
GS,2026-08-05,2026-08-07,2,1081.5774,0.027159,1049.0416,-0.00374,993.2151,1104.868,1052.98,,,,,False
GS,2026-08-05,2026-08-10,3,1088.0045,0.033262,1049.5434,-0.003264,983.2225,1115.8643,1052.98,,,,,False
MS,2026-08-05,2026-08-06,1,213.3834,-0.016848,216.9505,-0.000412,208.7416,225.1595,217.04,,,,,False
MS,2026-08-05,2026-08-07,2,222.2112,0.023826,215.5179,-0.007013,205.347,225.6889,217.04,,,,,False
MS,2026-08-05,2026-08-10,3,223.3734,0.029181,215.7195,-0.006084,203.9071,227.5319,217.04,,,,,False
C,2026-08-05,2026-08-06,1,138.6639,0.013107,136.9045,0.000252,131.5276,142.2814,136.87,,,,,False
C,2026-08-05,2026-08-07,2,139.407,0.018536,136.6224,-0.001809,129.7966,143.4481,136.87,,,,,False
C,2026-08-05,2026-08-10,3,133.7628,-0.022702,137.1305,0.001903,128.5751,145.6859,136.87,,,,,False
BLK,2026-08-05,2026-08-06,1,1145.5436,0.012743,1129.1241,-0.001773,1090.0541,1168.194,1131.13,,,,,False
BLK,2026-08-05,2026-08-07,2,1151.5139,0.018021,1122.8383,-0.00733,1073.9949,1171.6817,1131.13,,,,,False
BLK,2026-08-05,2026-08-10,3,1106.165,-0.022071,1119.6889,-0.010115,1056.236,1183.1418,1131.13,,,,,False
SPGI,2026-08-05,2026-08-06,1,405.9268,-0.016007,412.8844,0.000859,398.628,427.1408,412.53,,,,,False
SPGI,2026-08-05,2026-08-07,2,421.8684,0.022637,412.3256,-0.000495,393.0395,431.6117,412.53,,,,,False
SPGI,2026-08-05,2026-08-10,3,401.0929,-0.027724,410.2369,-0.005559,387.5318,432.942,412.53,,,,,False
CB,2026-08-05,2026-08-06,1,352.4418,0.011891,348.3751,0.000216,339.6542,357.096,348.3,,,,,False
CB,2026-08-05,2026-08-07,2,354.1574,0.016817,348.879,0.001662,338.0991,359.6589,348.3,,,,,False
CB,2026-08-05,2026-08-10,3,355.4738,0.020597,349.386,0.003118,336.3488,362.4231,348.3,,,,,False
AXP,2026-08-05,2026-08-06,1,350.8353,0.011899,347.2726,0.001623,336.7767,357.7685,346.71,,,,,False
AXP,2026-08-05,2026-08-07,2,352.5441,0.016827,348.566,0.005353,332.4717,364.6604,346.71,,,,,False
AXP,2026-08-05,2026-08-10,3,353.8553,0.020609,349.8111,0.008944,331.782,367.8402,346.71,,,,,False
V,2026-08-05,2026-08-06,1,365.5186,-0.011016,368.8751,-0.001934,359.6655,378.0847,369.59,,,,,False
V,2026-08-05,2026-08-07,2,375.3479,0.015579,368.0631,-0.004131,355.6992,380.4271,369.59,,,,,False
V,2026-08-05,2026-08-10,3,362.5381,-0.01908,368.9756,-0.001662,351.2022,386.749,369.59,,,,,False
MA,2026-08-05,2026-08-06,1,577.3182,0.010888,570.4133,-0.001202,554.0458,586.7807,571.1,,,,,False
MA,2026-08-05,2026-08-07,2,579.8939,0.015398,569.8057,-0.002266,542.6119,596.9995,571.1,,,,,False
MA,2026-08-05,2026-08-10,3,560.3297,-0.018859,568.926,-0.003807,542.6,595.2521,571.1,,,,,False
PYPL,2026-08-05,2026-08-06,1,57.7646,-0.013245,57.2444,-0.022132,55.1731,59.3157,58.54,,,,,False
PYPL,2026-08-05,2026-08-07,2,59.6365,0.018731,58.2348,-0.005213,54.405,62.0646,58.54,,,,,False
PYPL,2026-08-05,2026-08-10,3,57.197,-0.022941,58.4079,-0.002256,53.3379,63.4779,58.54,,,,,False
COIN,2026-08-05,2026-08-06,1,156.08,0.035494,149.9929,-0.00489,138.9041,161.0817,150.73,,,,,False
COIN,2026-08-05,2026-08-07,2,143.164,-0.050196,151.5623,0.005522,135.9462,167.1784,150.73,,,,,False
COIN,2026-08-05,2026-08-10,3,141.4635,-0.061477,146.5712,-0.027591,128.6223,164.5202,150.73,,,,,False
AMGN,2026-08-05,2026-08-06,1,395.7589,0.014714,388.4368,-0.004059,377.9162,398.9575,390.02,,,,,False
AMGN,2026-08-05,2026-08-07,2,398.1361,0.020809,383.3611,-0.017073,369.9918,396.7304,390.02,,,,,False
AMGN,2026-08-05,2026-08-10,3,399.9601,0.025486,382.9066,-0.018238,367.0539,398.7594,390.02,,,,,False
GILD,2026-08-05,2026-08-06,1,133.32,-0.01427,135.9464,0.005149,131.3342,140.5585,135.25,,,,,False
GILD,2026-08-05,2026-08-07,2,132.5206,-0.020181,137.3774,0.015729,129.6892,145.0656,135.25,,,,,False
GILD,2026-08-05,2026-08-10,3,138.5929,0.024716,138.0258,0.020523,129.3626,146.6889,135.25,,,,,False
BIIB,2026-08-05,2026-08-06,1,204.5825,-0.018554,208.8463,0.001901,201.2157,216.477,208.45,,,,,False
BIIB,2026-08-05,2026-08-07,2,213.9195,0.026239,209.0174,0.002722,198.1997,219.8351,208.45,,,,,False
BIIB,2026-08-05,2026-08-10,3,215.1487,0.032136,208.5491,0.000476,195.4954,221.6028,208.45,,,,,False
REGN,2026-08-05,2026-08-06,1,749.8246,-0.014245,755.3021,-0.007044,727.3879,783.2163,760.66,,,,,False
REGN,2026-08-05,2026-08-07,2,745.3365,-0.020145,753.6336,-0.009237,713.381,793.8863,760.66,,,,,False
REGN,2026-08-05,2026-08-10,3,779.4274,0.024673,750.6213,-0.013197,693.1171,808.1255,760.66,,,,,False
VRTX,2026-08-05,2026-08-06,1,472.1375,-0.01373,477.9011,-0.00169,462.7039,493.0984,478.71,,,,,False
VRTX,2026-08-05,2026-08-07,2,469.4151,-0.019417,471.2693,-0.015543,451.7142,490.8245,478.71,,,,,False
VRTX,2026-08-05,2026-08-10,3,467.3261,-0.02378,457.4273,-0.044458,431.0985,483.7561,478.71,,,,,False
BMY,2026-08-05,2026-08-06,1,66.8482,0.014543,65.6656,-0.003405,63.628,67.7032,65.89,,,,,False
BMY,2026-08-05,2026-08-07,2,67.2451,0.020566,65.0198,-0.013207,62.2379,67.8017,65.89,,,,,False
BMY,2026-08-05,2026-08-10,3,64.2303,-0.025189,65.2227,-0.010128,62.0232,68.4221,65.89,,,,,False
CVS,2026-08-05,2026-08-06,1,103.2258,-0.011437,104.3013,-0.001137,100.6256,107.9769,104.42,,,,,False
CVS,2026-08-05,2026-08-07,2,102.7311,-0.016174,104.1699,-0.002395,97.3061,111.0338,104.42,,,,,False
CVS,2026-08-05,2026-08-10,3,106.4884,0.019809,103.7636,-0.006286,95.159,112.3683,104.42,,,,,False
CI,2026-08-05,2026-08-06,1,278.7428,0.017124,267.3716,-0.024369,257.5107,277.2325,274.05,,,,,False
CI,2026-08-05,2026-08-07,2,280.6867,0.024217,272.3681,-0.006137,260.0184,284.7177,274.05,,,,,False
CI,2026-08-05,2026-08-10,3,282.1783,0.02966,275.7986,0.00638,252.0753,299.5218,274.05,,,,,False
HCA,2026-08-05,2026-08-06,1,407.4825,0.01685,404.9125,0.010437,388.5384,421.2866,400.73,,,,,False
HCA,2026-08-05,2026-08-07,2,410.2795,0.02383,410.3576,0.024025,386.8262,433.889,400.73,,,,,False
HCA,2026-08-05,2026-08-10,3,412.4257,0.029186,412.963,0.030527,382.7554,443.1707,400.73,,,,,False
MDT,2026-08-05,2026-08-06,1,87.3336,0.01315,85.8138,-0.00448,82.8842,88.7435,86.2,,,,,False
MDT,2026-08-05,2026-08-07,2,84.5969,-0.018598,85.8178,-0.004434,81.848,89.7876,86.2,,,,,False
MDT,2026-08-05,2026-08-10,3,84.2366,-0.022777,85.2284,-0.011271,80.8563,89.6006,86.2,,,,,False
SYK,2026-08-05,2026-08-06,1,329.6943,-0.01865,335.6352,-0.000967,320.3103,350.9601,335.96,,,,,False
SYK,2026-08-05,2026-08-07,2,327.0989,-0.026375,335.7683,-0.000571,317.1867,354.3498,335.96,,,,,False
SYK,2026-08-05,2026-08-10,3,325.1075,-0.032303,336.1628,0.000604,314.0073,358.3183,335.96,,,,,False
BSX,2026-08-05,2026-08-06,1,49.9675,0.017875,48.9585,-0.002679,46.74,51.1769,49.09,,,,,False
BSX,2026-08-05,2026-08-07,2,50.331,0.02528,48.8107,-0.00569,45.4963,52.125,49.09,,,,,False
BSX,2026-08-05,2026-08-10,3,50.6099,0.030961,48.6608,-0.008743,43.9713,53.3503,49.09,,,,,False
EW,2026-08-05,2026-08-06,1,90.8582,0.014043,89.5407,-0.000662,86.9048,92.1766,89.6,,,,,False
EW,2026-08-05,2026-08-07,2,87.8206,-0.019859,89.8431,0.002713,86.2448,93.4415,89.6,,,,,False
EW,2026-08-05,2026-08-10,3,91.7793,0.024322,90.3981,0.008907,86.3076,94.4886,89.6,,,,,False
ISRG,2026-08-05,2026-08-06,1,359.7578,-0.023114,371.0237,0.007477,351.8107,390.2366,368.27,,,,,False
ISRG,2026-08-05,2026-08-07,2,356.232,-0.032688,369.2989,0.002794,346.9613,391.6365,368.27,,,,,False
ISRG,2026-08-05,2026-08-10,3,353.5265,-0.040034,366.9262,-0.003649,338.3758,395.4765,368.27,,,,,False
ZTS,2026-08-05,2026-08-06,1,74.8963,-0.015041,72.6177,-0.045007,69.1967,76.0387,76.04,,,,,False
ZTS,2026-08-05,2026-08-07,2,74.4226,-0.021271,69.1355,-0.090801,61.8013,76.4697,76.04,,,,,False
ZTS,2026-08-05,2026-08-10,3,74.0591,-0.026051,69.597,-0.084732,61.785,77.409,76.04,,,,,False
WMT,2026-08-05,2026-08-06,1,110.1379,-0.012659,112.9186,0.012269,109.6242,116.2131,111.55,,,,,False
WMT,2026-08-05,2026-08-07,2,109.5529,-0.017903,113.063,0.013563,108.9896,117.1363,111.55,,,,,False
WMT,2026-08-05,2026-08-10,3,109.1041,-0.021927,113.668,0.018987,107.9064,119.4297,111.55,,,,,False
COST,2026-08-05,2026-08-06,1,937.973,-0.01042,947.6425,-0.000219,927.0798,968.2052,947.85,,,,,False
COST,2026-08-05,2026-08-07,2,933.8818,-0.014737,946.534,-0.001388,913.2329,979.8351,947.85,,,,,False
COST,2026-08-05,2026-08-10,3,964.9575,0.018049,946.7653,-0.001144,905.0429,988.4877,947.85,,,,,False
PG,2026-08-05,2026-08-06,1,146.1573,-0.012517,147.641,-0.002493,144.0541,151.2278,148.01,,,,,False
PG,2026-08-05,2026-08-07,2,145.3899,-0.017702,147.0115,-0.006746,142.0477,151.9752,148.01,,,,,False
PG,2026-08-05,2026-08-10,3,144.8011,-0.02168,145.4589,-0.017236,140.2746,150.6432,148.01,,,,,False
KO,2026-08-05,2026-08-06,1,85.4575,-0.012737,86.6844,0.001437,84.5095,88.8592,86.56,,,,,False
KO,2026-08-05,2026-08-07,2,88.1192,0.018013,86.7459,0.002147,84.2442,89.2475,86.56,,,,,False
KO,2026-08-05,2026-08-10,3,88.4696,0.022061,86.663,0.00119,83.7741,89.5519,86.56,,,,,False
PEP,2026-08-05,2026-08-06,1,137.5232,-0.011336,138.9141,-0.001337,135.4659,142.3622,139.1,,,,,False
PEP,2026-08-05,2026-08-07,2,136.8701,-0.016031,139.1197,0.000141,134.4871,143.7522,139.1,,,,,False
PEP,2026-08-05,2026-08-10,3,141.8311,0.019634,138.7102,-0.002803,133.4402,143.9801,139.1,,,,,False
CL,2026-08-05,2026-08-06,1,91.2063,-0.014306,91.8138,-0.007741,89.3082,94.3193,92.53,,,,,False
CL,2026-08-05,2026-08-07,2,90.6579,-0.020232,91.1798,-0.014592,87.8565,94.5031,92.53,,,,,False
CL,2026-08-05,2026-08-10,3,90.2372,-0.024779,90.8641,-0.018004,87.1494,94.5788,92.53,,,,,False
GIS,2026-08-05,2026-08-06,1,35.5596,-0.017418,36.1111,-0.002181,34.9405,37.2816,36.19,,,,,False
GIS,2026-08-05,2026-08-07,2,35.2985,-0.024633,35.9942,-0.005409,34.227,37.7615,36.19,,,,,False
GIS,2026-08-05,2026-08-10,3,35.0982,-0.030169,35.8588,-0.009152,33.5845,38.1331,36.19,,,,,False
MKC,2026-08-05,2026-08-06,1,52.9514,0.017123,51.463,-0.011468,49.4386,53.4874,52.06,,,,,False
MKC,2026-08-05,2026-08-07,2,50.7993,-0.024216,50.496,-0.030042,47.3073,53.6847,52.06,,,,,False
MKC,2026-08-05,2026-08-10,3,50.516,-0.029658,50.407,-0.031751,47.1735,53.6405,52.06,,,,,False
HSY,2026-08-05,2026-08-06,1,181.4618,0.013527,179.3291,0.001615,172.7495,185.9087,179.04,,,,,False
HSY,2026-08-05,2026-08-07,2,182.4649,0.019129,179.8193,0.004353,170.5078,189.1308,179.04,,,,,False
HSY,2026-08-05,2026-08-10,3,183.2346,0.023429,181.202,0.012075,170.2688,192.1352,179.04,,,,,False
NKE,2026-08-05,2026-08-06,1,42.2018,0.016176,42.2556,0.017471,40.3765,44.1346,41.53,,,,,False
NKE,2026-08-05,2026-08-07,2,42.48,0.022876,43.5689,0.049096,40.3174,46.8205,41.53,,,,,False
NKE,2026-08-05,2026-08-10,3,42.6936,0.028017,43.3045,0.042727,39.6157,46.9932,41.53,,,,,False
MCD,2026-08-05,2026-08-06,1,265.3771,-0.011041,270.1423,0.006717,263.1001,277.1845,268.34,,,,,False
MCD,2026-08-05,2026-08-07,2,264.1499,-0.015615,271.0007,0.009916,261.2958,280.7057,268.34,,,,,False
MCD,2026-08-05,2026-08-10,3,263.2082,-0.019124,271.6548,0.012353,259.3811,283.9285,268.34,,,,,False
SBUX,2026-08-05,2026-08-06,1,106.5618,0.015164,104.8357,-0.001279,102.0438,107.6276,104.97,,,,,False
SBUX,2026-08-05,2026-08-07,2,102.7189,-0.021445,104.9035,-0.000634,100.3118,109.4951,104.97,,,,,False
SBUX,2026-08-05,2026-08-10,3,102.2129,-0.026265,104.3306,-0.006091,98.0255,110.6357,104.97,,,,,False
CMG,2026-08-05,2026-08-06,1,32.9707,-0.025112,33.4568,-0.01074,32.0685,34.8451,33.82,,,,,False
CMG,2026-08-05,2026-08-07,2,32.6189,-0.035514,33.5448,-0.008137,31.4984,35.5912,33.82,,,,,False
CMG,2026-08-05,2026-08-10,3,32.349,-0.043495,33.4941,-0.009636,30.7247,36.2635,33.82,,,,,False
TGT,2026-08-05,2026-08-06,1,150.1936,0.014068,147.8587,-0.001697,142.7552,152.9622,148.11,,,,,False
TGT,2026-08-05,2026-08-07,2,151.0566,0.019895,143.0163,-0.034391,134.0606,151.9721,148.11,,,,,False
TGT,2026-08-05,2026-08-10,3,151.7189,0.024366,142.8672,-0.035398,132.121,153.6134,148.11,,,,,False
LOW,2026-08-05,2026-08-06,1,221.2445,0.014511,218.8105,0.00335,210.8377,226.7832,218.08,,,,,False
LOW,2026-08-05,2026-08-07,2,213.6047,-0.020521,218.8802,0.003669,208.8467,228.9136,218.08,,,,,False
LOW,2026-08-05,2026-08-10,3,212.5989,-0.025134,219.8655,0.008187,207.8237,231.9072,218.08,,,,,False
TJX,2026-08-05,2026-08-06,1,155.7514,-0.011416,158.2106,0.004193,153.9315,162.4896,157.55,,,,,False
TJX,2026-08-05,2026-08-07,2,160.0936,0.016144,158.7348,0.00752,152.8344,164.6352,157.55,,,,,False
TJX,2026-08-05,2026-08-10,3,160.6652,0.019773,159.6448,0.013296,152.3526,166.937,157.55,,,,,False
ETSY,2026-08-05,2026-08-06,1,87.8957,0.016958,83.8847,-0.029449,78.717,89.0525,86.43,,,,,False
ETSY,2026-08-05,2026-08-07,2,84.3572,-0.023983,81.834,-0.053176,73.7116,89.9565,86.43,,,,,False
ETSY,2026-08-05,2026-08-10,3,83.8913,-0.029373,80.391,-0.069872,70.3739,90.4081,86.43,,,,,False
EBAY,2026-08-05,2026-08-06,1,111.3475,0.015852,109.9904,0.00347,105.9427,114.0381,109.61,,,,,False
EBAY,2026-08-05,2026-08-07,2,112.0672,0.022418,110.4065,0.007267,104.8251,115.988,109.61,,,,,False
EBAY,2026-08-05,2026-08-10,3,112.6194,0.027456,110.6005,0.009037,103.5668,117.6343,109.61,,,,,False
ROST,2026-08-05,2026-08-06,1,253.8157,0.010976,251.0318,-0.000112,241.3867,260.6769,251.06,,,,,False
ROST,2026-08-05,2026-08-07,2,247.1628,-0.015523,250.8057,-0.001013,234.0273,267.5842,251.06,,,,,False
ROST,2026-08-05,2026-08-10,3,255.833,0.019012,250.9632,-0.000385,230.9973,270.9291,251.06,,,,,False
CAT,2026-08-05,2026-08-06,1,898.9633,0.025582,885.2723,0.009962,834.8972,935.6473,876.54,,,,,False
CAT,2026-08-05,2026-08-07,2,908.2514,0.036178,882.9186,0.007277,816.1956,949.6416,876.54,,,,,False
CAT,2026-08-05,2026-08-10,3,915.3784,0.044309,881.7777,0.005975,812.7334,950.822,876.54,,,,,False
DE,2026-08-05,2026-08-06,1,626.9146,0.01546,617.1568,-0.000345,587.1697,647.1438,617.37,,,,,False
DE,2026-08-05,2026-08-07,2,603.8718,-0.021864,614.9611,-0.003902,580.6809,649.2413,617.37,,,,,False
DE,2026-08-05,2026-08-10,3,600.8382,-0.026778,612.754,-0.007477,571.9824,653.5256,617.37,,,,,False
HON,2026-08-05,2026-08-06,1,252.3986,0.014504,248.8141,9.7e-05,240.4027,257.2254,248.79,,,,,False
HON,2026-08-05,2026-08-07,2,243.6867,-0.020512,249.3481,0.002243,235.6181,263.0781,248.79,,,,,False
HON,2026-08-05,2026-08-10,3,255.0402,0.025123,249.889,0.004418,234.6517,265.1263,248.79,,,,,False
MMM,2026-08-05,2026-08-06,1,184.1018,0.014614,181.0763,-0.00206,176.4746,185.6779,181.45,,,,,False
MMM,2026-08-05,2026-08-07,2,185.2002,0.020668,180.4319,-0.005611,173.0512,187.8126,181.45,,,,,False
MMM,2026-08-05,2026-08-10,3,176.857,-0.025313,179.3036,-0.011829,172.2652,186.3421,181.45,,,,,False
GE,2026-08-05,2026-08-06,1,371.5271,-0.015248,377.263,-4.5e-05,361.2699,393.256,377.28,,,,,False
GE,2026-08-05,2026-08-07,2,369.1442,-0.021564,375.8757,-0.003722,352.4637,399.2878,377.28,,,,,False
GE,2026-08-05,2026-08-10,3,367.3158,-0.026411,373.5196,-0.009967,349.0163,398.0229,377.28,,,,,False
RTX,2026-08-05,2026-08-06,1,214.9111,-0.013853,217.4542,-0.002183,209.3647,225.5437,217.93,,,,,False
RTX,2026-08-05,2026-08-07,2,213.6606,-0.019591,216.7538,-0.005397,204.2802,229.2274,217.93,,,,,False
RTX,2026-08-05,2026-08-10,3,212.7011,-0.023994,216.4584,-0.006752,198.8539,234.063,217.93,,,,,False
LMT,2026-08-05,2026-08-06,1,598.4518,0.015478,589.3963,0.000113,573.5685,605.2242,589.33,,,,,False
LMT,2026-08-05,2026-08-07,2,576.4299,-0.02189,590.8477,0.002575,564.0557,617.6397,589.33,,,,,False
LMT,2026-08-05,2026-08-10,3,605.1294,0.026809,592.8052,0.005897,549.1942,636.4161,589.33,,,,,False
NOC,2026-08-05,2026-08-06,1,542.5207,-0.016371,553.4072,0.003367,536.6268,570.1876,551.55,,,,,False
NOC,2026-08-05,2026-08-07,2,564.3193,0.023152,554.1424,0.0047,529.523,578.7617,551.55,,,,,False
NOC,2026-08-05,2026-08-10,3,567.1892,0.028355,554.028,0.004493,512.3518,595.7042,551.55,,,,,False
GD,2026-08-05,2026-08-06,1,381.2004,-0.01182,386.0901,0.000856,377.3099,394.8703,385.76,,,,,False
GD,2026-08-05,2026-08-07,2,392.2083,0.016716,385.835,0.000194,369.8885,401.7815,385.76,,,,,False
GD,2026-08-05,2026-08-10,3,377.8625,-0.020473,386.645,0.002294,368.0762,405.2138,385.76,,,,,False
BA,2026-08-05,2026-08-06,1,241.2211,0.017124,237.2104,0.000213,225.4781,248.9428,237.16,,,,,False
BA,2026-08-05,2026-08-07,2,231.4168,-0.024217,237.535,0.001581,222.9282,252.1419,237.16,,,,,False
BA,2026-08-05,2026-08-10,3,244.194,0.029659,238.2316,0.004519,219.0911,257.3722,237.16,,,,,False
UPS,2026-08-05,2026-08-06,1,107.4025,-0.015649,109.0513,-0.000538,105.0383,113.0644,109.11,,,,,False
UPS,2026-08-05,2026-08-07,2,111.5248,0.022132,108.1054,-0.009207,102.5021,113.7087,109.11,,,,,False
UPS,2026-08-05,2026-08-10,3,106.1525,-0.027105,107.4613,-0.01511,98.6923,116.2303,109.11,,,,,False
FDX,2026-08-05,2026-08-06,1,316.8421,0.011177,312.9732,-0.001171,300.8969,325.0495,313.34,,,,,False
FDX,2026-08-05,2026-08-07,2,308.3872,-0.015806,313.8764,0.001712,299.3866,328.3661,313.34,,,,,False
FDX,2026-08-05,2026-08-10,3,307.2741,-0.019359,314.1959,0.002732,297.2034,331.1885,313.34,,,,,False
UNP,2026-08-05,2026-08-06,1,300.5232,0.014082,295.4468,-0.003048,286.1634,304.7301,296.35,,,,,False
UNP,2026-08-05,2026-08-07,2,290.4482,-0.019915,294.7439,-0.00542,281.4844,308.0033,296.35,,,,,False
UNP,2026-08-05,2026-08-10,3,289.1218,-0.024391,293.3368,-0.010168,276.6639,310.0096,296.35,,,,,False
CSX,2026-08-05,2026-08-06,1,50.3382,-0.013556,50.8868,-0.002806,49.4897,52.2839,51.03,,,,,False
CSX,2026-08-05,2026-08-07,2,50.0517,-0.019172,50.7151,-0.00617,48.8584,52.5719,51.03,,,,,False
CSX,2026-08-05,2026-08-10,3,49.8318,-0.02348,50.4197,-0.011959,48.0038,52.8357,51.03,,,,,False
NSC,2026-08-05,2026-08-06,1,345.5164,0.012443,340.951,-0.000935,333.8686,348.0333,341.27,,,,,False
NSC,2026-08-05,2026-08-07,2,335.2646,-0.017597,340.5245,-0.002184,328.259,352.7901,341.27,,,,,False
NSC,2026-08-05,2026-08-10,3,333.915,-0.021552,342.0656,0.002331,326.9994,357.1318,341.27,,,,,False
COP,2026-08-05,2026-08-06,1,116.3664,-0.013342,118.3808,0.003737,113.6722,123.0893,117.94,,,,,False
COP,2026-08-05,2026-08-07,2,115.7146,-0.018869,119.005,0.00903,112.4424,125.5676,117.94,,,,,False
COP,2026-08-05,2026-08-10,3,120.6655,0.023109,119.9014,0.01663,112.4372,127.3655,117.94,,,,,False
OXY,2026-08-05,2026-08-06,1,55.8868,0.014463,54.9574,-0.002407,52.3931,57.5216,55.09,,,,,False
OXY,2026-08-05,2026-08-07,2,56.2168,0.020454,54.6765,-0.007506,50.7278,58.6252,55.09,,,,,False
OXY,2026-08-05,2026-08-10,3,53.7099,-0.025051,54.6986,-0.007105,49.8279,59.5693,55.09,,,,,False
SLB,2026-08-05,2026-08-06,1,51.7032,0.017579,50.8732,0.001243,49.0552,52.6911,50.81,,,,,False
SLB,2026-08-05,2026-08-07,2,52.0732,0.024861,51.0943,0.005596,48.5445,53.6441,50.81,,,,,False
SLB,2026-08-05,2026-08-10,3,52.3571,0.030449,50.9296,0.002354,47.1232,54.736,50.81,,,,,False
HAL,2026-08-05,2026-08-06,1,31.8179,-0.016753,32.295,-0.002009,31.108,33.482,32.36,,,,,False
HAL,2026-08-05,2026-08-07,2,33.1267,0.023693,32.2385,-0.003754,30.4618,34.0152,32.36,,,,,False
HAL,2026-08-05,2026-08-10,3,33.299,0.029018,32.3346,-0.000786,30.2246,34.4446,32.36,,,,,False
PSX,2026-08-05,2026-08-06,1,208.9704,0.014961,207.0724,0.005743,198.4431,215.7017,205.89,,,,,False
PSX,2026-08-05,2026-08-07,2,210.2463,0.021158,208.1344,0.010901,197.0856,219.1831,205.89,,,,,False
PSX,2026-08-05,2026-08-10,3,211.2253,0.025914,207.6453,0.008525,194.9324,220.3582,205.89,,,,,False
VLO,2026-08-05,2026-08-06,1,314.2736,0.017956,309.6973,0.003133,295.1185,324.276,308.73,,,,,False
VLO,2026-08-05,2026-08-07,2,300.8901,-0.025394,312.7387,0.012984,292.7287,332.7486,308.73,,,,,False
VLO,2026-08-05,2026-08-10,3,318.3319,0.031101,315.0272,0.020397,296.017,334.0373,308.73,,,,,False
MPC,2026-08-05,2026-08-06,1,317.2957,0.014989,314.0583,0.004633,300.7144,327.4021,312.61,,,,,False
MPC,2026-08-05,2026-08-07,2,319.2366,0.021198,314.1922,0.005061,296.3657,332.0188,312.61,,,,,False
MPC,2026-08-05,2026-08-10,3,304.4941,-0.025962,315.8368,0.010322,294.5331,337.1404,312.61,,,,,False
DVN,2026-08-05,2026-08-06,1,43.4375,-0.013905,44.031,-0.000431,42.1365,45.9256,44.05,,,,,False
DVN,2026-08-05,2026-08-07,2,43.1838,-0.019664,43.6855,-0.008276,41.1476,46.2233,44.05,,,,,False
DVN,2026-08-05,2026-08-10,3,45.1109,0.024084,43.8542,-0.004445,40.715,46.9934,44.05,,,,,False
EOG,2026-08-05,2026-08-06,1,145.5126,0.013884,143.0621,-0.003191,138.0441,148.0801,143.52,,,,,False
EOG,2026-08-05,2026-08-07,2,146.3379,0.019634,144.2161,0.00485,137.4688,150.9634,143.52,,,,,False
EOG,2026-08-05,2026-08-10,3,140.0688,-0.024047,144.2355,0.004985,135.6474,152.8236,143.52,,,,,False
FANG,2026-08-05,2026-08-06,1,188.5775,-0.01716,191.9328,0.000328,184.4559,199.4098,191.87,,,,,False
FANG,2026-08-05,2026-08-07,2,187.2137,-0.024268,191.9501,0.000417,181.3983,202.5018,191.87,,,,,False
FANG,2026-08-05,2026-08-10,3,197.5728,0.029722,192.5811,0.003706,180.6575,204.5046,191.87,,,,,False
NEE,2026-08-05,2026-08-06,1,86.2821,-0.010526,87.2707,0.000811,85.1864,89.355,87.2,,,,,False
NEE,2026-08-05,2026-08-07,2,88.498,0.014886,87.2836,0.000958,85.1574,89.4097,87.2,,,,,False
NEE,2026-08-05,2026-08-10,3,85.6102,-0.018231,86.8311,-0.004231,83.8493,89.8128,87.2,,,,,False
D,2026-08-05,2026-08-06,1,69.9096,0.009963,69.2044,-0.000226,67.6433,70.7654,69.22,,,,,False
D,2026-08-05,2026-08-07,2,70.1953,0.01409,68.6577,-0.008123,67.0767,70.2387,69.22,,,,,False
D,2026-08-05,2026-08-10,3,70.4145,0.017257,68.6542,-0.008175,66.6984,70.6099,69.22,,,,,False
DUK,2026-08-05,2026-08-06,1,122.9964,-0.010248,124.5904,0.002578,121.9549,127.2259,124.27,,,,,False
DUK,2026-08-05,2026-08-07,2,126.0711,0.014493,125.103,0.006703,122.2565,127.9496,124.27,,,,,False
DUK,2026-08-05,2026-08-10,3,126.4759,0.017751,125.7399,0.011828,122.2866,129.1931,124.27,,,,,False
SO,2026-08-05,2026-08-06,1,92.1889,-0.011379,93.3013,0.00055,91.5051,95.0975,93.25,,,,,False
SO,2026-08-05,2026-08-07,2,91.7494,-0.016092,93.2514,1.5e-05,91.1369,95.3659,93.25,,,,,False
SO,2026-08-05,2026-08-10,3,91.4122,-0.019709,93.2063,-0.000469,90.4327,95.9799,93.25,,,,,False
AEP,2026-08-05,2026-08-06,1,129.7554,0.010949,128.7314,0.002972,125.6187,131.8442,128.35,,,,,False
AEP,2026-08-05,2026-08-07,2,130.3375,0.015485,129.3047,0.007438,125.4256,133.1837,128.35,,,,,False
AEP,2026-08-05,2026-08-10,3,130.7842,0.018965,129.5972,0.009717,124.1361,135.0583,128.35,,,,,False
EXC,2026-08-05,2026-08-06,1,45.2954,-0.011881,46.0113,0.003738,44.884,47.1387,45.84,,,,,False
EXC,2026-08-05,2026-08-07,2,45.0698,-0.016803,45.9954,0.003391,44.5243,47.4666,45.84,,,,,False
EXC,2026-08-05,2026-08-10,3,44.8967,-0.020579,45.9776,0.003001,44.1683,47.7869,45.84,,,,,False
SRE,2026-08-05,2026-08-06,1,85.6543,-0.011491,86.8105,0.001853,84.698,88.9231,86.65,,,,,False
SRE,2026-08-05,2026-08-07,2,88.0582,0.016251,86.8833,0.002692,84.411,89.3555,86.65,,,,,False
SRE,2026-08-05,2026-08-10,3,88.3746,0.019903,87.5003,0.009813,84.6213,90.3794,86.65,,,,,False
XEL,2026-08-05,2026-08-06,1,78.6586,0.011686,78.276,0.006766,76.5589,79.9931,77.75,,,,,False
XEL,2026-08-05,2026-08-07,2,79.0349,0.016526,78.7709,0.01313,76.5478,80.9939,77.75,,,,,False
XEL,2026-08-05,2026-08-10,3,79.3237,0.02024,78.4877,0.009488,75.3701,81.6053,77.75,,,,,False
T,2026-08-05,2026-08-06,1,23.7832,0.017246,23.4889,0.004659,22.5097,24.4681,23.38,,,,,False
T,2026-08-05,2026-08-07,2,23.9502,0.02439,23.4965,0.004984,21.659,25.3341,23.38,,,,,False
T,2026-08-05,2026-08-10,3,24.0784,0.029871,23.6379,0.011032,20.8391,26.4367,23.38,,,,,False
VZ,2026-08-05,2026-08-06,1,47.6118,0.01561,46.9407,0.001294,45.7431,48.1383,46.88,,,,,False
VZ,2026-08-05,2026-08-07,2,47.9149,0.022076,47.0502,0.003631,45.2334,48.8671,46.88,,,,,False
VZ,2026-08-05,2026-08-10,3,48.1475,0.027037,47.0252,0.003098,44.6,49.4504,46.88,,,,,False
CMCSA,2026-08-05,2026-08-06,1,25.4321,0.020142,24.9182,-0.000475,23.8816,25.9547,24.93,,,,,False
CMCSA,2026-08-05,2026-08-07,2,25.6401,0.028485,24.8599,-0.002814,23.3145,26.4052,24.93,,,,,False
CMCSA,2026-08-05,2026-08-10,3,24.0603,-0.034887,24.8573,-0.002917,23.1066,26.6079,24.93,,,,,False
DIS,2026-08-05,2026-08-06,1,99.3504,0.011921,98.3894,0.002132,95.5698,101.2089,98.18,,,,,False
DIS,2026-08-05,2026-08-07,2,99.8351,0.016858,98.1181,-0.00063,94.3684,101.8678,98.18,,,,,False
DIS,2026-08-05,2026-08-10,3,96.1529,-0.020647,98.2019,0.000223,93.9832,102.4206,98.18,,,,,False
CHTR,2026-08-05,2026-08-06,1,149.2293,-0.025091,153.9076,0.005472,145.1988,162.6164,153.07,,,,,False
CHTR,2026-08-05,2026-08-07,2,147.6384,-0.035484,155.3813,0.0151,135.9663,174.7963,153.07,,,,,False
CHTR,2026-08-05,2026-08-10,3,146.4177,-0.043459,156.8816,0.024901,129.4897,184.2734,153.07,,,,,False
WBD,2026-08-05,2026-08-06,1,26.0818,0.011314,26.0678,0.010771,25.4041,26.7315,25.79,,,,,False
WBD,2026-08-05,2026-08-07,2,26.2026,0.016,25.7602,-0.001157,24.7786,26.7417,25.79,,,,,False
WBD,2026-08-05,2026-08-10,3,26.2954,0.019596,26.1604,0.014363,24.41,27.9109,25.79,,,,,False
FOXA,2026-08-05,2026-08-06,1,58.2936,-0.013311,59.3941,0.005316,57.1009,61.6873,59.08,,,,,False
FOXA,2026-08-05,2026-08-07,2,60.1922,0.018825,59.728,0.010967,56.8938,62.5621,59.08,,,,,False
FOXA,2026-08-05,2026-08-10,3,60.4421,0.023056,60.0174,0.015866,56.1023,63.9325,59.08,,,,,False
AMT,2026-08-05,2026-08-06,1,172.7229,-0.01442,174.9524,-0.001698,169.5949,180.31,175.25,,,,,False
AMT,2026-08-05,2026-08-07,2,171.6761,-0.020393,173.8852,-0.007788,166.4523,181.3181,175.25,,,,,False
AMT,2026-08-05,2026-08-10,3,170.8729,-0.024977,173.1115,-0.012202,165.0109,181.2122,175.25,,,,,False
CCI,2026-08-05,2026-08-06,1,76.3257,-0.017181,77.7341,0.000954,74.8095,80.6587,77.66,,,,,False
CCI,2026-08-05,2026-08-07,2,75.773,-0.024298,77.4563,-0.002622,73.8337,81.079,77.66,,,,,False
CCI,2026-08-05,2026-08-10,3,79.9711,0.029759,77.1806,-0.006173,72.9769,81.3842,77.66,,,,,False
EQIX,2026-08-05,2026-08-06,1,1033.3875,-0.017253,1048.9158,-0.002486,1021.6155,1076.2162,1051.53,,,,,False
EQIX,2026-08-05,2026-08-07,2,1025.8727,-0.0244,1045.2818,-0.005942,1005.5157,1085.0479,1051.53,,,,,False
EQIX,2026-08-05,2026-08-10,3,1020.1063,-0.029884,1038.987,-0.011928,987.7657,1090.2084,1051.53,,,,,False
DLR,2026-08-05,2026-08-06,1,190.1825,-0.019122,193.479,-0.00212,188.0008,198.9572,193.89,,,,,False
DLR,2026-08-05,2026-08-07,2,188.6468,-0.027042,192.0542,-0.009468,183.983,200.1253,193.89,,,,,False
DLR,2026-08-05,2026-08-10,3,187.4684,-0.03312,192.3066,-0.008167,181.4668,203.1464,193.89,,,,,False
SBAC,2026-08-05,2026-08-06,1,184.5461,-0.01785,187.576,-0.001724,179.8366,195.3155,187.9,,,,,False
SBAC,2026-08-05,2026-08-07,2,192.6432,0.025243,187.671,-0.001218,178.4609,196.8812,187.9,,,,,False
SBAC,2026-08-05,2026-08-10,3,193.7092,0.030916,188.5407,0.00341,176.8121,200.2694,187.9,,,,,False
WY,2026-08-05,2026-08-06,1,25.4475,-0.014808,25.7315,-0.003812,24.9159,26.5472,25.83,,,,,False
WY,2026-08-05,2026-08-07,2,25.2891,-0.020942,25.7015,-0.004976,24.5139,26.889,25.83,,,,,False
WY,2026-08-05,2026-08-10,3,25.1675,-0.025649,25.6877,-0.005508,24.291,27.0845,25.83,,,,,False
AVB,2026-08-05,2026-08-06,1,187.4286,-0.009624,188.993,-0.001358,184.0997,193.8863,189.25,,,,,False
AVB,2026-08-05,2026-08-07,2,191.8259,0.013611,188.8767,-0.001972,182.4716,195.2819,189.25,,,,,False
AVB,2026-08-05,2026-08-10,3,192.4048,0.01667,189.0279,-0.001173,181.0247,197.0312,189.25,,,,,False
EQR,2026-08-05,2026-08-06,1,67.0246,-0.009829,67.4839,-0.003044,65.8729,69.0949,67.69,,,,,False
EQR,2026-08-05,2026-08-07,2,66.749,-0.013901,67.4773,-0.003143,64.9119,70.0426,67.69,,,,,False
EQR,2026-08-05,2026-08-10,3,68.8424,0.017025,67.2032,-0.007191,63.903,70.5034,67.69,,,,,False
MRNA,2026-08-05,2026-08-06,1,58.6127,0.028473,57.5219,0.009332,53.0118,62.0319,56.99,,,,,False
MRNA,2026-08-05,2026-08-07,2,59.2848,0.040267,58.4827,0.026192,52.1165,64.8489,56.99,,,,,False
MRNA,2026-08-05,2026-08-10,3,54.1794,-0.049317,58.2118,0.021438,50.328,66.0955,56.99,,,,,False
BNTX,2026-08-05,2026-08-06,1,92.6463,0.014191,91.5934,0.002665,88.1026,95.0842,91.35,,,,,False
BNTX,2026-08-05,2026-08-07,2,93.1833,0.020069,91.8911,0.005923,87.6805,96.1017,91.35,,,,,False
BNTX,2026-08-05,2026-08-10,3,93.5953,0.024579,92.249,0.009841,87.0717,97.4262,91.35,,,,,False
NVAX,2026-08-05,2026-08-06,1,7.815,0.020235,7.6594,-7.8e-05,7.1544,8.1644,7.66,,,,,False
NVAX,2026-08-05,2026-08-07,2,7.8792,0.028617,7.6859,0.003381,6.9332,8.4386,7.66,,,,,False
NVAX,2026-08-05,2026-08-10,3,7.3915,-0.035048,7.6771,0.002229,6.6665,8.6877,7.66,,,,,False
IONS,2026-08-05,2026-08-06,1,56.1532,0.01967,56.6462,0.028622,54.0478,59.2447,55.07,,,,,False
IONS,2026-08-05,2026-08-07,2,56.6019,0.027817,56.9856,0.034786,52.4852,61.4861,55.07,,,,,False
IONS,2026-08-05,2026-08-10,3,56.9462,0.034069,57.0669,0.036261,52.161,61.9728,55.07,,,,,False
ALNY,2026-08-05,2026-08-06,1,210.9611,-0.036707,220.615,0.007375,211.3441,229.886,219.0,,,,,False
ALNY,2026-08-05,2026-08-07,2,230.3688,0.051912,223.5147,0.020615,210.3641,236.6653,219.0,,,,,False
ALNY,2026-08-05,2026-08-10,3,232.9238,0.063579,216.6451,-0.010753,199.4815,233.8088,219.0,,,,,False
ACAD,2026-08-05,2026-08-06,1,27.5664,0.015338,27.0372,-0.004153,26.0364,28.0381,27.15,,,,,False
ACAD,2026-08-05,2026-08-07,2,26.5611,-0.021691,26.9301,-0.008101,25.4556,28.4045,27.15,,,,,False
ACAD,2026-08-05,2026-08-10,3,26.4287,-0.026566,27.1402,-0.000361,25.376,28.9044,27.15,,,,,False
NBIX,2026-08-05,2026-08-06,1,169.2371,0.019133,165.2549,-0.004848,151.031,179.4789,166.06,,,,,False
NBIX,2026-08-05,2026-08-07,2,170.5532,0.027057,165.1053,-0.005749,140.2064,190.0041,166.06,,,,,False
NBIX,2026-08-05,2026-08-10,3,171.563,0.033138,167.8391,0.010714,132.2502,203.428,166.06,,,,,False
SRPT,2026-08-05,2026-08-06,1,16.7996,0.024993,17.6412,0.076339,16.0657,19.2167,16.39,,,,,False
SRPT,2026-08-05,2026-08-07,2,16.9693,0.035346,17.4831,0.066695,16.1586,18.8077,16.39,,,,,False
SRPT,2026-08-05,2026-08-10,3,15.6805,-0.04329,20.5985,0.256773,15.9817,25.2153,16.39,,,,,False
EXEL,2026-08-05,2026-08-06,1,55.1571,-0.015051,55.5362,-0.008282,53.3468,57.7256,56.0,,,,,False
EXEL,2026-08-05,2026-08-07,2,54.808,-0.021285,55.8294,-0.003047,53.6141,58.0447,56.0,,,,,False
EXEL,2026-08-05,2026-08-10,3,54.5401,-0.026069,52.6482,-0.059854,48.7805,56.5158,56.0,,,,,False
MDGL,2026-08-05,2026-08-06,1,521.3029,0.027076,511.0834,0.006942,484.4384,537.7284,507.56,,,,,False
MDGL,2026-08-05,2026-08-07,2,526.9953,0.038292,512.7044,0.010136,471.1506,554.2583,507.56,,,,,False
MDGL,2026-08-05,2026-08-10,3,531.3633,0.046898,512.1538,0.009051,475.4658,548.8418,507.56,,,,,False
PCVX,2026-08-05,2026-08-06,1,55.8769,0.021702,54.5749,-0.002104,51.821,57.3288,54.69,,,,,False
PCVX,2026-08-05,2026-08-07,2,56.3685,0.030691,54.3338,-0.006513,50.5336,58.134,54.69,,,,,False
PCVX,2026-08-05,2026-08-10,3,56.7457,0.037588,54.1579,-0.009729,49.0893,59.2266,54.69,,,,,False
HOOD,2026-08-05,2026-08-06,1,96.7901,0.035078,94.609,0.011753,86.5332,102.6848,93.51,,,,,False
HOOD,2026-08-05,2026-08-07,2,88.8712,-0.049607,99.8152,0.067429,88.1581,111.4724,93.51,,,,,False
HOOD,2026-08-05,2026-08-10,3,87.8287,-0.060756,99.0025,0.058737,85.6043,112.4007,93.51,,,,,False
SOFI,2026-08-05,2026-08-06,1,18.2476,-0.024194,19.3788,0.036302,17.9408,20.8168,18.7,,,,,False
SOFI,2026-08-05,2026-08-07,2,18.0602,-0.034216,18.8759,0.009409,17.0531,20.6988,18.7,,,,,False
SOFI,2026-08-05,2026-08-10,3,19.4836,0.041905,18.9015,0.010774,16.5771,21.2258,18.7,,,,,False
AFRM,2026-08-05,2026-08-06,1,76.4042,-0.021964,77.9042,-0.002763,73.0506,82.7577,78.12,,,,,False
AFRM,2026-08-05,2026-08-07,2,75.6935,-0.031062,78.0175,-0.001313,71.4676,84.5673,78.12,,,,,False
AFRM,2026-08-05,2026-08-10,3,75.1481,-0.038043,78.6501,0.006786,70.2006,87.0996,78.12,,,,,False
UPST,2026-08-05,2026-08-06,1,31.0883,0.02534,29.3,-0.03364,27.1803,31.4197,30.32,,,,,False
UPST,2026-08-05,2026-08-07,2,29.2334,-0.035837,29.9627,-0.011786,27.1404,32.7849,30.32,,,,,False
UPST,2026-08-05,2026-08-10,3,31.6508,0.043891,29.8657,-0.014983,26.5432,33.1883,30.32,,,,,False
NU,2026-08-05,2026-08-06,1,14.0898,-0.016761,14.3025,-0.001917,13.7751,14.83,14.33,,,,,False
NU,2026-08-05,2026-08-07,2,13.9903,-0.023703,14.1746,-0.010844,13.3718,14.9774,14.33,,,,,False
NU,2026-08-05,2026-08-10,3,13.914,-0.02903,14.0682,-0.018269,13.0434,15.093,14.33,,,,,False
MELI,2026-08-05,2026-08-06,1,1863.3232,-0.013332,1888.0461,-0.00024,1822.7487,1953.3434,1888.5,,,,,False
MELI,2026-08-05,2026-08-07,2,1852.8947,-0.018854,1912.4541,0.012684,1819.9612,2004.9471,1888.5,,,,,False
MELI,2026-08-05,2026-08-10,3,1844.8925,-0.023091,1887.1187,-0.000731,1768.9893,2005.248,1888.5,,,,,False
STNE,2026-08-05,2026-08-06,1,11.4232,0.017205,11.3204,0.00805,10.7633,11.8775,11.23,,,,,False
STNE,2026-08-05,2026-08-07,2,10.9568,-0.024332,11.4237,0.017247,10.6555,12.1918,11.23,,,,,False
STNE,2026-08-05,2026-08-10,3,11.5647,0.0298,11.4452,0.019161,10.4325,12.4579,11.23,,,,,False
VTEX,2026-08-05,2026-08-06,1,4.3271,-0.023218,4.3954,-0.007799,4.1367,4.6541,4.43,,,,,False
VTEX,2026-08-05,2026-08-07,2,4.5755,0.032836,4.3634,-0.015037,4.0023,4.7245,4.43,,,,,False
VTEX,2026-08-05,2026-08-10,3,4.6082,0.040215,4.3399,-0.020342,3.9528,4.727,4.43,,,,,False
F,2026-08-05,2026-08-06,1,14.5139,0.019237,14.239,-6.9e-05,13.6099,14.8681,14.24,,,,,False
F,2026-08-05,2026-08-07,2,13.8526,-0.027205,14.2471,0.0005,13.2261,15.2681,14.24,,,,,False
F,2026-08-05,2026-08-10,3,13.7655,-0.033319,14.2534,0.000943,12.7581,15.7488,14.24,,,,,False
GM,2026-08-05,2026-08-06,1,86.7461,-0.01771,88.1676,-0.001613,84.2884,92.0468,88.31,,,,,False
GM,2026-08-05,2026-08-07,2,86.0983,-0.025045,88.0648,-0.002776,82.8506,93.2791,88.31,,,,,False
GM,2026-08-05,2026-08-10,3,85.6012,-0.030674,88.2903,-0.000223,82.8309,93.7497,88.31,,,,,False
RIVN,2026-08-05,2026-08-06,1,16.2282,0.029709,15.7974,0.002371,14.4456,17.1491,15.76,,,,,False
RIVN,2026-08-05,2026-08-07,2,16.4222,0.042015,15.8236,0.004033,14.163,17.4842,15.76,,,,,False
RIVN,2026-08-05,2026-08-10,3,16.571,0.051458,15.7963,0.002306,13.8618,17.7309,15.76,,,,,False
LCID,2026-08-05,2026-08-06,1,8.2175,0.056234,7.8748,0.012191,6.3912,9.3585,7.78,,,,,False
LCID,2026-08-05,2026-08-07,2,7.1613,-0.079527,7.8898,0.014114,6.4172,9.3624,7.78,,,,,False
LCID,2026-08-05,2026-08-10,3,7.0222,-0.0974,7.6442,-0.017449,6.0028,9.2857,7.78,,,,,False
TM,2026-08-05,2026-08-06,1,187.3,-0.009885,190.5927,0.007521,185.3892,195.7962,189.17,,,,,False
TM,2026-08-05,2026-08-07,2,186.5254,-0.01398,190.088,0.004853,180.954,199.2221,189.17,,,,,False
TM,2026-08-05,2026-08-10,3,185.9311,-0.017122,191.144,0.010435,180.7444,201.5435,189.17,,,,,False
DAL,2026-08-05,2026-08-06,1,91.3886,-0.014891,92.766,-4.3e-05,88.7421,96.7899,92.77,,,,,False
DAL,2026-08-05,2026-08-07,2,90.8164,-0.021059,92.184,-0.006316,86.1037,98.2643,92.77,,,,,False
DAL,2026-08-05,2026-08-10,3,95.1627,0.025792,91.6425,-0.012154,83.8007,99.4843,92.77,,,,,False
UAL,2026-08-05,2026-08-06,1,135.1064,0.018749,132.686,0.000498,123.2994,142.0726,132.62,,,,,False
UAL,2026-08-05,2026-08-07,2,129.1037,-0.026514,133.9824,0.010273,121.9912,145.9735,132.62,,,,,False
UAL,2026-08-05,2026-08-10,3,128.3134,-0.032473,134.4253,0.013613,121.3186,147.532,132.62,,,,,False
AAL,2026-08-05,2026-08-06,1,16.1968,-0.021933,16.5353,-0.001491,15.6224,17.4482,16.56,,,,,False
AAL,2026-08-05,2026-08-07,2,16.0463,-0.031018,16.517,-0.002597,14.8544,18.1796,16.56,,,,,False
AAL,2026-08-05,2026-08-10,3,15.9309,-0.037989,16.5203,-0.002396,14.7165,18.3242,16.56,,,,,False
LUV,2026-08-05,2026-08-06,1,49.6,0.01848,48.7962,0.001975,46.5533,51.0391,48.7,,,,,False
LUV,2026-08-05,2026-08-07,2,49.9728,0.026135,48.9795,0.00574,45.4073,52.5518,48.7,,,,,False
LUV,2026-08-05,2026-08-10,3,50.2588,0.032009,49.4071,0.01452,45.7627,53.0515,48.7,,,,,False
ALK,2026-08-05,2026-08-06,1,51.3586,-0.022672,52.5853,0.000672,49.1282,56.0425,52.55,,,,,False
ALK,2026-08-05,2026-08-07,2,50.8651,-0.032063,52.8138,0.005021,48.6528,56.9749,52.55,,,,,False
ALK,2026-08-05,2026-08-10,3,50.4864,-0.03927,53.0286,0.009107,48.1182,57.939,52.55,,,,,False
MAR,2026-08-05,2026-08-06,1,340.4107,-0.013874,343.1869,-0.005832,332.091,354.2828,345.2,,,,,False
MAR,2026-08-05,2026-08-07,2,338.4269,-0.019621,343.6499,-0.004491,328.9358,358.364,345.2,,,,,False
MAR,2026-08-05,2026-08-10,3,353.4953,0.02403,342.2808,-0.008457,326.6135,357.948,345.2,,,,,False
HLT,2026-08-05,2026-08-06,1,307.9711,-0.013135,312.9815,0.002921,303.8245,322.1385,312.07,,,,,False
HLT,2026-08-05,2026-08-07,2,317.8668,0.018575,312.0524,-5.7e-05,299.1305,324.9742,312.07,,,,,False
HLT,2026-08-05,2026-08-10,3,319.1696,0.02275,314.4457,0.007613,300.3828,328.5087,312.07,,,,,False
CCL,2026-08-05,2026-08-06,1,30.0946,0.017055,29.8035,0.007215,28.173,31.434,29.59,,,,,False
CCL,2026-08-05,2026-08-07,2,30.3037,0.024119,29.9499,0.012162,27.857,32.0427,29.59,,,,,False
CCL,2026-08-05,2026-08-10,3,30.4641,0.029539,29.8315,0.008162,27.3638,32.2992,29.59,,,,,False
RCL,2026-08-05,2026-08-06,1,319.8403,-0.018112,326.4426,0.002157,309.4786,343.4066,325.74,,,,,False
RCL,2026-08-05,2026-08-07,2,317.3966,-0.025614,324.9826,-0.002325,301.9084,348.0569,325.74,,,,,False
RCL,2026-08-05,2026-08-10,3,315.5215,-0.03137,326.1773,0.001343,298.8548,353.4998,325.74,,,,,False
ABNB,2026-08-05,2026-08-06,1,151.9418,0.013486,149.0412,-0.005862,143.759,154.3234,149.92,,,,,False
ABNB,2026-08-05,2026-08-07,2,147.0608,-0.019072,148.0071,-0.012759,140.9048,155.1095,149.92,,,,,False
ABNB,2026-08-05,2026-08-10,3,153.4218,0.023358,145.8992,-0.02682,137.6111,154.1872,149.92,,,,,False
BKNG,2026-08-05,2026-08-06,1,197.8121,0.018233,194.4594,0.000975,185.4738,203.4449,194.27,,,,,False
BKNG,2026-08-05,2026-08-07,2,189.2607,-0.025785,194.3825,0.000579,182.0909,206.6741,194.27,,,,,False
BKNG,2026-08-05,2026-08-10,3,200.4052,0.031581,194.7995,0.002725,181.2105,208.3885,194.27,,,,,False
EXPE,2026-08-05,2026-08-06,1,318.2364,0.019792,309.8865,-0.006965,293.7932,325.9799,312.06,,,,,False
EXPE,2026-08-05,2026-08-07,2,320.7948,0.027991,307.621,-0.014225,284.1477,331.0943,312.06,,,,,False
EXPE,2026-08-05,2026-08-10,3,301.3621,-0.034281,309.624,-0.007806,284.1811,335.0669,312.06,,,,,False
FCX,2026-08-05,2026-08-06,1,68.7879,0.022108,67.4075,0.001598,63.3824,71.4326,67.3,,,,,False
FCX,2026-08-05,2026-08-07,2,69.4042,0.031265,67.3602,0.000894,61.718,73.0023,67.3,,,,,False
FCX,2026-08-05,2026-08-10,3,64.723,-0.038292,67.1191,-0.002688,60.4134,73.8248,67.3,,,,,False
NEM,2026-08-05,2026-08-06,1,99.3886,0.016971,98.1527,0.004325,93.3573,102.9481,97.73,,,,,False
NEM,2026-08-05,2026-08-07,2,100.0756,0.024001,98.7015,0.009941,90.9844,106.4186,97.73,,,,,False
NEM,2026-08-05,2026-08-10,3,100.6027,0.029395,99.1348,0.014374,88.857,109.4126,97.73,,,,,False
GOLD,2026-08-05,2026-08-06,1,43.491,0.018762,42.744,0.001264,40.4535,45.0344,42.69,,,,,False
GOLD,2026-08-05,2026-08-07,2,41.5573,-0.026534,42.6083,-0.001913,39.527,45.6896,42.69,,,,,False
GOLD,2026-08-05,2026-08-10,3,44.0773,0.032497,42.6949,0.000114,39.0033,46.3864,42.69,,,,,False
WPM,2026-08-05,2026-08-06,1,117.4989,0.0181,115.8606,0.003904,109.7883,121.933,115.41,,,,,False
WPM,2026-08-05,2026-08-07,2,112.4558,-0.025597,116.3445,0.008098,106.4889,126.2002,115.41,,,,,False
WPM,2026-08-05,2026-08-10,3,111.7919,-0.03135,117.049,0.014201,104.4793,129.6187,115.41,,,,,False
AEM,2026-08-05,2026-08-06,1,153.2489,0.017522,151.5476,0.006225,143.8387,159.2565,150.61,,,,,False
AEM,2026-08-05,2026-08-07,2,146.878,-0.024779,152.794,0.014501,140.2948,165.2933,150.61,,,,,False
AEM,2026-08-05,2026-08-10,3,155.1808,0.030348,152.5961,0.013187,137.6635,167.5287,150.61,,,,,False
PAAS,2026-08-05,2026-08-06,1,44.0307,-0.019579,45.269,0.007995,42.7441,47.794,44.91,,,,,False
PAAS,2026-08-05,2026-08-07,2,46.1535,0.027689,45.858,0.021108,41.8833,49.8327,44.91,,,,,False
PAAS,2026-08-05,2026-08-10,3,46.433,0.033912,46.069,0.025808,40.4699,51.6682,44.91,,,,,False
AG,2026-08-05,2026-08-06,1,16.9625,0.028654,16.8205,0.020041,15.617,18.024,16.49,,,,,False
AG,2026-08-05,2026-08-07,2,15.8218,-0.040522,17.3192,0.050286,15.0094,19.629,16.49,,,,,False
AG,2026-08-05,2026-08-10,3,15.6716,-0.04963,17.2344,0.045145,14.4672,20.0017,16.49,,,,,False
BIDU,2026-08-05,2026-08-06,1,114.2646,0.014964,112.6357,0.000494,106.8386,118.4327,112.58,,,,,False
BIDU,2026-08-05,2026-08-07,2,110.1976,-0.021162,112.077,-0.004468,103.4696,120.6844,112.58,,,,,False
BIDU,2026-08-05,2026-08-10,3,109.6621,-0.025918,111.2731,-0.011609,99.5626,122.9835,112.58,,,,,False
JD,2026-08-05,2026-08-06,1,33.2988,0.009971,32.4423,-0.016004,31.3248,33.5599,32.97,,,,,False
JD,2026-08-05,2026-08-07,2,32.5051,-0.014101,32.0804,-0.026982,30.1155,34.0453,32.97,,,,,False
JD,2026-08-05,2026-08-10,3,32.4006,-0.017271,31.9339,-0.031425,29.508,34.3598,32.97,,,,,False
PDD,2026-08-05,2026-08-06,1,92.1768,0.012598,91.581,0.006053,87.7279,95.4341,91.03,,,,,False
PDD,2026-08-05,2026-08-07,2,89.4082,-0.017816,91.6313,0.006605,86.5114,96.7512,91.03,,,,,False
PDD,2026-08-05,2026-08-10,3,89.0437,-0.02182,92.248,0.01338,85.6625,98.8334,91.03,,,,,False
NTES,2026-08-05,2026-08-06,1,132.2807,0.012869,130.5688,-0.000239,126.1741,134.9634,130.6,,,,,False
NTES,2026-08-05,2026-08-07,2,128.2231,-0.0182,130.4327,-0.001281,123.4444,137.4211,130.6,,,,,False
NTES,2026-08-05,2026-08-10,3,133.5111,0.02229,130.0589,-0.004143,120.1521,139.9658,130.6,,,,,False
TCEHY,2026-08-05,2026-08-06,1,61.8811,-0.014319,63.1388,0.005715,60.7403,65.5372,62.78,,,,,False
TCEHY,2026-08-05,2026-08-07,2,61.5087,-0.02025,62.9219,0.002261,59.8888,65.9551,62.78,,,,,False
TCEHY,2026-08-05,2026-08-10,3,61.223,-0.024801,62.9354,0.002475,58.8535,67.0172,62.78,,,,,False
BEKE,2026-08-05,2026-08-06,1,17.3375,0.011521,17.0763,-0.003718,16.3258,17.8268,17.14,,,,,False
BEKE,2026-08-05,2026-08-07,2,16.8607,-0.016293,16.9494,-0.01112,15.7678,18.131,17.14,,,,,False
BEKE,2026-08-05,2026-08-10,3,16.798,-0.019954,16.7528,-0.022593,15.2692,18.2363,17.14,,,,,False
NIO,2026-08-05,2026-08-06,1,4.8375,0.016282,4.7678,0.001635,4.4639,5.0717,4.76,,,,,False
NIO,2026-08-05,2026-08-07,2,4.8696,0.023026,4.7659,0.001249,4.3787,5.1532,4.76,,,,,False
NIO,2026-08-05,2026-08-10,3,4.6258,-0.0282,4.7882,0.005925,4.3751,5.2013,4.76,,,,,False
XPEV,2026-08-05,2026-08-06,1,11.7941,-0.021236,12.193,0.01187,11.5947,12.7914,12.05,,,,,False
XPEV,2026-08-05,2026-08-07,2,12.4119,0.030032,12.1756,0.010419,11.2234,13.1277,12.05,,,,,False
XPEV,2026-08-05,2026-08-10,3,12.4932,0.036782,12.3191,0.022336,10.9735,13.6648,12.05,,,,,False
LI,2026-08-05,2026-08-06,1,13.103,0.018893,12.8794,0.001511,12.3488,13.4101,12.86,,,,,False
LI,2026-08-05,2026-08-07,2,13.2036,0.026719,12.9322,0.005616,12.0819,13.7825,12.86,,,,,False
LI,2026-08-05,2026-08-10,3,13.2808,0.032724,12.9399,0.006213,11.97,13.9098,12.86,,,,,False
VNET,2026-08-05,2026-08-06,1,7.4607,0.03334,7.3979,0.024636,6.827,7.9688,7.22,,,,,False
VNET,2026-08-05,2026-08-07,2,7.5604,0.04715,7.4093,0.026224,6.6262,8.1925,7.22,,,,,False
VNET,2026-08-05,2026-08-10,3,7.6369,0.057746,7.461,0.03338,6.4113,8.5107,7.22,,,,,False
SAP,2026-08-05,2026-08-06,1,199.57,0.020871,191.7688,-0.019035,181.9678,201.5699,195.49,,,,,False
SAP,2026-08-05,2026-08-07,2,201.26,0.029516,186.7324,-0.044798,170.3089,203.156,195.49,,,,,False
SAP,2026-08-05,2026-08-10,3,188.4232,-0.036149,184.6274,-0.055566,161.7754,207.4794,195.49,,,,,False
NVS,2026-08-05,2026-08-06,1,155.1182,0.012059,153.7158,0.002908,149.1272,158.3044,153.27,,,,,False
NVS,2026-08-05,2026-08-07,2,155.8838,0.017053,154.081,0.005291,149.136,159.0261,153.27,,,,,False
NVS,2026-08-05,2026-08-10,3,156.4712,0.020886,154.2255,0.006234,148.2604,160.1906,153.27,,,,,False
NSRGY,2026-08-05,2026-08-06,1,101.1486,0.011992,99.8631,-0.000869,97.503,102.2232,99.95,,,,,False
NSRGY,2026-08-05,2026-08-07,2,101.645,0.016959,99.6286,-0.003216,95.7534,103.5037,99.95,,,,,False
NSRGY,2026-08-05,2026-08-10,3,97.874,-0.02077,99.152,-0.007984,94.5836,103.7204,99.95,,,,,False
LIN,2026-08-05,2026-08-06,1,490.6111,0.012321,486.5333,0.003907,475.2381,497.8285,484.64,,,,,False
LIN,2026-08-05,2026-08-07,2,493.0844,0.017424,489.5254,0.010081,476.6594,502.3915,484.64,,,,,False
LIN,2026-08-05,2026-08-10,3,494.9822,0.02134,491.6626,0.01449,471.5109,511.8143,484.64,,,,,False
SONY,2026-08-05,2026-08-06,1,22.0454,-0.013631,22.2076,-0.006373,21.4069,23.0083,22.35,,,,,False
SONY,2026-08-05,2026-08-07,2,21.9192,-0.019277,22.3111,-0.001741,20.9719,23.6503,22.35,,,,,False
SONY,2026-08-05,2026-08-10,3,21.8223,-0.023609,22.3983,0.002161,21.0294,23.7672,22.35,,,,,False
HMC,2026-08-05,2026-08-06,1,29.7982,-0.010683,30.146,0.000862,29.0519,31.24,30.12,,,,,False
HMC,2026-08-05,2026-08-07,2,30.5751,0.015109,30.0578,-0.002064,28.6495,31.4662,30.12,,,,,False
HMC,2026-08-05,2026-08-10,3,30.6773,0.018504,30.0338,-0.002861,28.188,31.8797,30.12,,,,,False
MUFG,2026-08-05,2026-08-06,1,22.1046,0.012581,21.8458,0.000723,21.147,22.5445,21.83,,,,,False
MUFG,2026-08-05,2026-08-07,2,21.4416,-0.017792,21.7563,-0.003377,20.7662,22.7463,21.83,,,,,False
MUFG,2026-08-05,2026-08-10,3,22.3057,0.021791,21.5562,-0.012541,20.2588,22.8537,21.83,,,,,False
BP,2026-08-05,2026-08-06,1,43.0071,0.013363,42.3933,-0.0011,41.0612,43.7255,42.44,,,,,False
BP,2026-08-05,2026-08-07,2,41.6379,-0.018899,42.4234,-0.00039,40.0073,44.8396,42.44,,,,,False
BP,2026-08-05,2026-08-10,3,43.4223,0.023146,42.5527,0.002656,39.6473,45.4581,42.44,,,,,False
SHEL,2026-08-05,2026-08-06,1,88.99,-0.009461,89.6947,-0.001618,87.1181,92.2712,89.84,,,,,False
SHEL,2026-08-05,2026-08-07,2,91.0421,0.013381,89.4985,-0.003801,85.6362,93.3607,89.84,,,,,False
SHEL,2026-08-05,2026-08-10,3,88.3677,-0.016388,89.4362,-0.004495,84.3899,94.4824,89.84,,,,,False
GSK,2026-08-05,2026-08-06,1,52.2311,0.013605,51.7157,0.003604,50.2896,53.1418,51.53,,,,,False
GSK,2026-08-05,2026-08-07,2,52.5215,0.019241,51.8485,0.00618,49.9662,53.7307,51.53,,,,,False
GSK,2026-08-05,2026-08-10,3,52.7443,0.023565,52.1188,0.011426,49.7541,54.4835,51.53,,,,,False
VOD,2026-08-05,2026-08-06,1,15.4732,-0.013817,15.6798,-0.000651,15.0649,16.2946,15.69,,,,,False
VOD,2026-08-05,2026-08-07,2,15.3834,-0.01954,15.7359,0.002925,14.9246,16.5472,15.69,,,,,False
VOD,2026-08-05,2026-08-10,3,15.3145,-0.023931,15.8582,0.010723,14.92,16.7965,15.69,,,,,False
RY,2026-08-05,2026-08-06,1,210.2578,0.008237,206.5624,-0.009483,201.1812,211.9435,208.54,,,,,False
RY,2026-08-05,2026-08-07,2,210.9693,0.011649,205.3563,-0.015267,198.3529,212.3597,208.54,,,,,False
RY,2026-08-05,2026-08-10,3,211.5153,0.014267,206.5267,-0.009654,198.6561,214.3974,208.54,,,,,False
TD,2026-08-05,2026-08-06,1,118.2714,-0.009369,119.612,0.00186,116.6329,122.5912,119.39,,,,,False
TD,2026-08-05,2026-08-07,2,120.9719,0.01325,118.8921,-0.004171,114.6877,123.0965,119.39,,,,,False
TD,2026-08-05,2026-08-10,3,121.3274,0.016228,119.1902,-0.001673,115.1179,123.2625,119.39,,,,,False
CNI,2026-08-05,2026-08-06,1,125.9979,-0.010229,126.8304,-0.003689,123.6325,130.0283,127.3,,,,,False
CNI,2026-08-05,2026-08-07,2,125.4585,-0.014466,126.3708,-0.007299,120.7541,131.9875,127.3,,,,,False
CNI,2026-08-05,2026-08-10,3,125.0446,-0.017717,125.7245,-0.012377,119.8795,131.5694,127.3,,,,,False
BAM,2026-08-05,2026-08-06,1,51.2495,-0.013295,52.0047,0.001246,50.2423,53.7672,51.94,,,,,False
BAM,2026-08-05,2026-08-07,2,50.9634,-0.018802,52.3093,0.007111,49.7518,54.8669,51.94,,,,,False
BAM,2026-08-05,2026-08-10,3,50.744,-0.023027,52.3205,0.007326,49.3937,55.2473,51.94,,,,,False
SE,2026-08-05,2026-08-06,1,113.559,0.019014,111.142,-0.002674,104.7784,117.5057,111.44,,,,,False
SE,2026-08-05,2026-08-07,2,108.4433,-0.02689,110.0762,-0.012238,101.1965,118.9559,111.44,,,,,False
SE,2026-08-05,2026-08-10,3,107.7698,-0.032934,110.9007,-0.004839,100.4096,121.3918,111.44,,,,,False
GRAB,2026-08-05,2026-08-06,1,3.6436,-0.020545,3.711,-0.002426,3.5684,3.8536,3.72,,,,,False
GRAB,2026-08-05,2026-08-07,2,3.6119,-0.029055,3.6941,-0.006956,3.4747,3.9136,3.72,,,,,False
GRAB,2026-08-05,2026-08-10,3,3.8524,0.035586,3.7439,0.006412,3.4389,4.0488,3.72,,,,,False
CPNG,2026-08-05,2026-08-06,1,17.0804,0.0179,16.884,0.006196,15.8686,17.8994,16.78,,,,,False
CPNG,2026-08-05,2026-08-07,2,16.3552,-0.025314,16.9907,0.012558,15.3625,18.6189,16.78,,,,,False
CPNG,2026-08-05,2026-08-10,3,16.2598,-0.031003,17.161,0.022706,15.3158,19.0062,16.78,,,,,False
HDB,2026-08-05,2026-08-06,1,24.2271,0.014112,23.789,-0.004227,22.9579,24.6201,23.89,,,,,False
HDB,2026-08-05,2026-08-07,2,24.3668,0.019958,23.1503,-0.030962,21.4043,24.8964,23.89,,,,,False
HDB,2026-08-05,2026-08-10,3,24.4739,0.024443,22.7632,-0.047168,20.6129,24.9134,23.89,,,,,False
SHOP,2026-08-05,2026-08-06,1,120.1145,-0.025835,123.0406,-0.002104,115.2097,130.8716,123.3,,,,,False
SHOP,2026-08-05,2026-08-07,2,118.795,-0.036537,123.4367,0.001109,111.1412,135.7322,123.3,,,,,False
SHOP,2026-08-05,2026-08-10,3,117.7826,-0.044748,123.3455,0.000369,109.8587,136.8323,123.3,,,,,False
ARCO,2026-08-05,2026-08-06,1,8.4446,0.012547,8.2928,-0.005663,7.9711,8.6144,8.34,,,,,False
ARCO,2026-08-05,2026-08-07,2,8.192,-0.017744,8.2928,-0.005656,7.7964,8.7892,8.34,,,,,False
ARCO,2026-08-05,2026-08-10,3,8.5212,0.021732,8.2566,-0.010003,7.7092,8.804,8.34,,,,,False
DKNG,2026-08-05,2026-08-06,1,24.0601,0.019066,23.4688,-0.00598,22.0794,24.8583,23.61,,,,,False
DKNG,2026-08-05,2026-08-07,2,24.2466,0.026963,23.1179,-0.020843,21.3038,24.932,23.61,,,,,False
DKNG,2026-08-05,2026-08-10,3,24.3897,0.033023,22.8378,-0.032705,20.6078,25.0679,23.61,,,,,False
PENN,2026-08-05,2026-08-06,1,19.6875,-0.01759,19.9869,-0.002648,18.982,20.9919,20.04,,,,,False
PENN,2026-08-05,2026-08-07,2,19.5415,-0.024876,19.8384,-0.01006,18.2086,21.4682,20.04,,,,,False
PENN,2026-08-05,2026-08-10,3,19.4295,-0.030466,19.7384,-0.015048,17.4068,22.0701,20.04,,,,,False
MGM,2026-08-05,2026-08-06,1,46.2282,0.011116,45.2926,-0.009349,43.0584,47.5267,45.72,,,,,False
MGM,2026-08-05,2026-08-07,2,46.4387,0.01572,44.9498,-0.016845,41.1905,48.7091,45.72,,,,,False
MGM,2026-08-05,2026-08-10,3,46.6003,0.019253,45.1276,-0.012957,39.6089,50.6463,45.72,,,,,False
WYNN,2026-08-05,2026-08-06,1,96.3579,-0.012727,98.352,0.007704,94.9143,101.7896,97.6,,,,,False
WYNN,2026-08-05,2026-08-07,2,95.8433,-0.017999,101.1346,0.036215,96.0662,106.203,97.6,,,,,False
WYNN,2026-08-05,2026-08-10,3,95.4485,-0.022044,102.4756,0.049955,96.3107,108.6404,97.6,,,,,False
LVS,2026-08-05,2026-08-06,1,46.6949,0.014665,45.764,-0.005562,43.5952,47.9329,46.02,,,,,False
LVS,2026-08-05,2026-08-07,2,46.9744,0.02074,44.9439,-0.023384,42.1553,47.7325,46.02,,,,,False
LVS,2026-08-05,2026-08-10,3,44.851,-0.025401,45.0217,-0.021693,41.8288,48.2146,46.02,,,,,False
