{"center": [0.007118779461268635, 0.018605724060063, 1.0, 57.352959509324826, 0.18390109037572877, 0.18619200057085628, 0.0022791220760480235, 0.044518747738083994, 0.6767322480425508, 0.3160713059561593, 0.00016245829255834288, 0.0032249922814325815, 0.006725513604488259, 0.8885218901743757, 1.038848629256612, 0.0007325201482158983, 17.565000534057617, -0.004622023407450215, 1.0, 1.0, 0.016913536190094947, 0.036261354495715215, 0.06527604139217835, 0.09164949294970881, -0.012719615304902548, 0.1942751645673739, 2.0, 6.0, 0.0, -0.0020188337472373252, 0.0020125698183789398, 0.5201467320762536, 0.0071221289499647025], "scale": [0.01736341653983055, 0.02817051837805037, 1.0, 19.183585433992796, 0.25002321409243233, 0.2202588990025223, 0.08214408094259568, 0.02382984937120275, 0.3665730106916132, 0.12008864539010183, 0.008381244692475642, 0.019012614059741667, 0.0031960720736727635, 0.7109257931494843, 0.439357589336526, 0.009828851353128193, 3.710000991821289, 0.08697238788566908, 1.0, 1.0, 0.039527434189458865, 0.04444550436311817, 0.09193494337896074, 0.1616950909306763, 0.01897492080175104, 0.13540016502896937, 2.0, 7.0, 1.0, 0.02919354872499716, 0.015803829716661943, 0.2932503096471222, 0.018561638302999228], "features": ["SMA20_dist", "SMA50_dist", "sma_cross", "RSI14", "MACD", "MACD_sig", "MACD_hist", "BB_width", "BB_pos", "ATR14", "ret_1d", "ret_5d", "vol_10d", "vol_ratio", "obv_trend", "spy_ret_1d", "vix_level", "vix_change", "vix_regime", "asset_class", "ret_1m", "ret_3m", "ret_6m", "ret_12m", "high52w_dist", "low52w_dist", "day_of_week", "month", "is_options_expiry", "btc_ret_1d", "gold_ret_1d", "corr_spy_20d", "vwap_dist"]}