{"center": [0.004187500488124439, 0.01051556762502774, 1.0, 54.164284297788626, 0.19185285345476188, 0.19964109686699963, -0.01038470278512945, 0.03637210875605957, 0.6289940451331233, 0.46631281333827346, 0.000453608434717756, 0.0009148999791144252, 0.006138904145156145, 0.7165330356236679, 1.0096673685052837, 0.0009012287764704752, 17.649999618530273, -0.004632673488730754, 1.0, 0.0, 0.009754071846987067, 0.029931421971885808, 0.06283118298922497, 0.1075201369770118, -0.01891006044133034, 0.1614632565799831, 2.0, 6.0, 0.0, -0.0016352711961346023, 0.0019383092584315254, 0.5310461461587656, 0.004352624865723837], "scale": [0.018057773084144278, 0.025673465246208033, 1.0, 19.24910150213698, 0.37241388659433383, 0.33886914929055534, 0.16557161410693544, 0.024704123903289202, 0.5369220218064197, 0.15971626074683165, 0.008110682105273437, 0.020094688462541643, 0.0020790277741030627, 0.6743342282457924, 0.06594671263036522, 0.00937170935178333, 4.289999961853027, 0.08354215283482846, 1.0, 1.0, 0.03151399554000306, 0.06475277109609079, 0.10000926840215463, 0.15616510340302048, 0.02494058004007494, 0.11126666597894572, 2.0, 7.0, 1.0, 0.02849085598604223, 0.016388612654127388, 0.22560635076507812, 0.02039100473312698], "features": ["SMA20_dist", "SMA50_dist", "sma_cross", "RSI14", "MACD", "MACD_sig", "MACD_hist", "BB_width", "BB_pos", "ATR14", "ret_1d", "ret_5d", "vol_10d", "vol_ratio", "obv_trend", "spy_ret_1d", "vix_level", "vix_change", "vix_regime", "asset_class", "ret_1m", "ret_3m", "ret_6m", "ret_12m", "high52w_dist", "low52w_dist", "day_of_week", "month", "is_options_expiry", "btc_ret_1d", "gold_ret_1d", "corr_spy_20d", "vwap_dist"]}