{"center": [0.004379146093834191, 0.02193485072846177, 1.0, 51.77765217607852, 2.151946749293984, 2.463495592573453, -0.1541674730220946, 0.07003547192986502, 0.5717295686528591, 5.995489026079968, 0.0007080783346800068, 0.0011858142449725495, 0.011979159701171055, 0.8748372365927662, 0.9744856940200292, 0.0011228222198350624, 17.420000076293945, -0.008334578568971518, 1.0, 0.0, 0.009212597388574717, 0.04261172806501079, 0.0, 0.030150542495365418, -0.05044712561141474, 0.27658621132461614, 2.0, 6.0, 0.0, 0.0005692244147840197, 0.0019651616722207166, 0.8272289650014515, 0.004801527647814566], "scale": [0.03666816881667215, 0.05856427707213219, 1.0, 20.7112915687821, 5.470445731249512, 4.893863080351551, 1.797522916923834, 0.0535137066138118, 0.516039242195341, 2.230381365523151, 0.015964502431222966, 0.034080526575025305, 0.0054572217014009754, 0.45552150082766996, 0.22491878963690426, 0.008714557989306648, 4.3650007247924805, 0.080996320214061, 1.0, 1.0, 0.0785442880615897, 0.12115795763553963, 0.11387640140631813, 0.13237694168351594, 0.07044006658186291, 0.1493711435213979, 2.0, 7.0, 1.0, 0.027011655928849937, 0.015819693184146055, 0.15532643338312313, 0.03642084475615635], "features": ["SMA20_dist", "SMA50_dist", "sma_cross", "RSI14", "MACD", "MACD_sig", "MACD_hist", "BB_width", "BB_pos", "ATR14", "ret_1d", "ret_5d", "vol_10d", "vol_ratio", "obv_trend", "spy_ret_1d", "vix_level", "vix_change", "vix_regime", "asset_class", "ret_1m", "ret_3m", "ret_6m", "ret_12m", "high52w_dist", "low52w_dist", "day_of_week", "month", "is_options_expiry", "btc_ret_1d", "gold_ret_1d", "corr_spy_20d", "vwap_dist"]}