{"center": [0.021731255120446376, 0.059637176987258136, 1.0, 56.63615903717067, 3.151662661501973, 3.164503320853119, 0.3359501769085238, 0.17989206827115825, 0.6327169387653601, 6.577649514070217, 0.0031901677094952063, 0.015926329664490035, 0.026140376641187995, 0.9484012883965748, 1.0533291592523046, 0.0009528857307679051, 17.440000534057617, -0.005579556721748813, 1.0, 0.0, 0.05821752160974869, 0.12217696934907618, 0.0731103881469759, 0.0, -0.192536023363563, 0.44727041011313, 2.0, 6.0, 0.0, 0.00029724205673309356, 0.0015263333689308212, 0.6522266671082547, 0.023867247302224785], "scale": [0.0904544850368223, 0.1631984094081386, 1.0, 24.20160016236518, 11.607751857975103, 12.586323075164662, 2.663183569758885, 0.1112588122867417, 0.5100109762939913, 8.029762651235535, 0.029457170264206023, 0.07797563721217904, 0.01471127278152199, 0.4148376200547914, 0.25649572717159375, 0.008843229540028474, 3.890000343322754, 0.07839672695029509, 1.0, 1.0, 0.18715589070276772, 0.3931383577303317, 0.6780512070703956, 0.8029468186786974, 0.26787414587572733, 1.4509428939076594, 2.0, 6.0, 1.0, 0.02637971325507793, 0.01630779363905943, 0.1933098197108628, 0.09205229721005065], "features": ["SMA20_dist", "SMA50_dist", "sma_cross", "RSI14", "MACD", "MACD_sig", "MACD_hist", "BB_width", "BB_pos", "ATR14", "ret_1d", "ret_5d", "vol_10d", "vol_ratio", "obv_trend", "spy_ret_1d", "vix_level", "vix_change", "vix_regime", "asset_class", "ret_1m", "ret_3m", "ret_6m", "ret_12m", "high52w_dist", "low52w_dist", "day_of_week", "month", "is_options_expiry", "btc_ret_1d", "gold_ret_1d", "corr_spy_20d", "vwap_dist"]}