{"center": [0.015107064714396108, 0.03926982083457844, 1.0, 55.33256954082198, 0.5636392703738977, 0.5580476716933669, 0.0015383720928885958, 0.1058359671010003, 0.6595813755831013, 0.8576378012820647, 0.0004225121721591618, 0.010194530686603365, 0.014413172103008232, 0.850537814965824, 0.9581512922265398, 0.001854866488732787, 17.355000495910645, -0.007288538293765301, 1.0, 0.0, 0.03501747821181855, 0.11158309125236099, 0.1571078999347716, 0.32428876638780846, -0.03627537788266855, 0.38509044449042124, 2.0, 6.0, 0.0, -0.00027756579302345985, 0.0020351952356854053, 0.5396287244130056, 0.017026095726718468], "scale": [0.04868133305954211, 0.07815414909927623, 1.0, 23.125505412642838, 1.0032443809762164, 1.0071018485748517, 0.3270441140256519, 0.05931836071004849, 0.47108078969638184, 0.84306927507003, 0.019277922522984492, 0.04507489145361135, 0.008381033298753825, 0.750104864172356, 0.39660511334183146, 0.008937516840003934, 3.8150014877319336, 0.07438216174299994, 1.0, 1.0, 0.07865398445582628, 0.158854272865948, 0.2902564720316992, 0.48010894577369406, 0.09580453776154482, 0.49007399662236073, 2.0, 7.0, 1.0, 0.028050015596767786, 0.01490910625000566, 0.4106278173478184, 0.04693622617169313], "features": ["SMA20_dist", "SMA50_dist", "sma_cross", "RSI14", "MACD", "MACD_sig", "MACD_hist", "BB_width", "BB_pos", "ATR14", "ret_1d", "ret_5d", "vol_10d", "vol_ratio", "obv_trend", "spy_ret_1d", "vix_level", "vix_change", "vix_regime", "asset_class", "ret_1m", "ret_3m", "ret_6m", "ret_12m", "high52w_dist", "low52w_dist", "day_of_week", "month", "is_options_expiry", "btc_ret_1d", "gold_ret_1d", "corr_spy_20d", "vwap_dist"]}