{"center": [0.011889023758924987, 0.030471365148258413, 1.0, 54.9618135299717, 0.11699260841413128, 0.11804454749415523, 0.007452652538301838, 0.09564067097938007, 0.6496924333105277, 0.2646044802277868, 0.0013209458616516567, 0.005312107427736024, 0.014021304083991673, 0.9508953086472925, 1.064691312876696, 0.0009004595313388819, 17.479999542236328, -0.006658632403358511, 1.0, 0.0, 0.024096438420615263, 0.096153952767005, 0.19612599399570585, 0.01605195299402795, -0.07140343191042836, 0.33220486484985917, 2.0, 6.0, 0.0, -0.002268068291422898, 0.0020064107533963593, 0.5265781521776006, 0.011185600459561391], "scale": [0.04738285405198701, 0.09648883287898675, 1.0, 20.42206115212882, 0.37355158632528074, 0.3093712896546064, 0.0728177317512248, 0.05849124265010988, 0.5109968457173069, 0.27841200566397695, 0.02060585806304127, 0.04137467078367996, 0.0077440882618811345, 0.532142286289229, 0.27732648045288855, 0.009019689533785402, 4.049999237060547, 0.08027981464213185, 1.0, 1.0, 0.09662585795613476, 0.16398050832313438, 0.29150096560340577, 0.5724073155357698, 0.1485330763561186, 0.6391182587250287, 2.0, 7.0, 1.0, 0.028563963907245138, 0.015287085149027546, 0.3346453472840715, 0.04781161421818905], "features": ["SMA20_dist", "SMA50_dist", "sma_cross", "RSI14", "MACD", "MACD_sig", "MACD_hist", "BB_width", "BB_pos", "ATR14", "ret_1d", "ret_5d", "vol_10d", "vol_ratio", "obv_trend", "spy_ret_1d", "vix_level", "vix_change", "vix_regime", "asset_class", "ret_1m", "ret_3m", "ret_6m", "ret_12m", "high52w_dist", "low52w_dist", "day_of_week", "month", "is_options_expiry", "btc_ret_1d", "gold_ret_1d", "corr_spy_20d", "vwap_dist"]}