{"center": [0.002126655296379708, 0.004105344522928242, 1.0, 54.04307118823205, 0.0350725213039258, 0.029030746231366977, 0.0021163299353893147, 0.019479223392117984, 0.6230106846311583, 0.13902038184546683, 0.000613728848054107, 0.0006200194581930107, 0.003134536639547881, 0.6568424836014017, 1.016500639352428, 0.000732468790622276, 17.630000114440918, -0.006642781425620192, 1.0, 0.0, 0.004021742264955552, 0.006983690919399654, 0.008145264555752485, 0.0033833792963580134, -0.011948663479168576, 0.058858880679888495, 2.0, 6.0, 0.0, 0.0007769821551248945, 0.0019739858527916265, 0.042784014010083804, 0.0021886003235603102], "scale": [0.009047628580743587, 0.013810459913618308, 1.0, 19.55720289077024, 0.12361335103988491, 0.10849508668026259, 0.04225077963591754, 0.015972446421243097, 0.4547066703951861, 0.04937573647657949, 0.004547620496757859, 0.008602162922171724, 0.0015122097760018214, 1.0202649400056707, 0.1094203299766503, 0.008974019012504386, 3.965001106262207, 0.07997090138274898, 1.0, 1.0, 0.01720154040628294, 0.022910741708520893, 0.02251756095712687, 0.031848561083586635, 0.012501138153643072, 0.03845778286995024, 2.0, 6.75, 1.0, 0.026394703770864808, 0.0150800972843593, 0.6220308320355576, 0.008949785079117109], "features": ["SMA20_dist", "SMA50_dist", "sma_cross", "RSI14", "MACD", "MACD_sig", "MACD_hist", "BB_width", "BB_pos", "ATR14", "ret_1d", "ret_5d", "vol_10d", "vol_ratio", "obv_trend", "spy_ret_1d", "vix_level", "vix_change", "vix_regime", "asset_class", "ret_1m", "ret_3m", "ret_6m", "ret_12m", "high52w_dist", "low52w_dist", "day_of_week", "month", "is_options_expiry", "btc_ret_1d", "gold_ret_1d", "corr_spy_20d", "vwap_dist"]}