{"center": [0.008395303646487043, 0.016990033545447675, 1.0, 54.48120091942981, 0.22107161141017073, 0.06927150598119933, 0.0315728862081856, 0.178640459857419, 0.5625595691200636, 1.5474435224629668, 0.0016778416488282266, 0.011915000692615973, 0.02429821717359082, 0.9372889158740876, 1.0076215189952031, 0.0014362351251661076, 17.38499927520752, -0.005649859110261113, 1.0, 0.0, 0.022777648217586766, 0.035860670465947875, 0.07926983581493163, 0.0, -0.14373065715959887, 0.4335883524782752, 2.0, 6.0, 0.0, 0.0008205798921790963, 0.0007658295226372624, 0.5399606078309516, 0.00902041770789181], "scale": [0.08573307854399817, 0.1297076961665634, 1.0, 22.495993361302105, 1.5837653587695701, 1.4739434357382883, 0.527685768176155, 0.11749117421783813, 0.47926029935849146, 1.3487425108874767, 0.029621181472227337, 0.07456154838723933, 0.015146870704194921, 0.4082592060357595, 0.6746926312000838, 0.008962845269824798, 4.267500162124634, 0.07371539021712287, 1.0, 1.0, 0.16397356981154124, 0.18446618166455542, 0.3270977249524134, 0.4860063421491044, 0.13700781386716843, 0.6108922104134763, 2.0, 6.25, 1.0, 0.028906172499493593, 0.014797981514272252, 0.3895820900948489, 0.08869687381625974], "features": ["SMA20_dist", "SMA50_dist", "sma_cross", "RSI14", "MACD", "MACD_sig", "MACD_hist", "BB_width", "BB_pos", "ATR14", "ret_1d", "ret_5d", "vol_10d", "vol_ratio", "obv_trend", "spy_ret_1d", "vix_level", "vix_change", "vix_regime", "asset_class", "ret_1m", "ret_3m", "ret_6m", "ret_12m", "high52w_dist", "low52w_dist", "day_of_week", "month", "is_options_expiry", "btc_ret_1d", "gold_ret_1d", "corr_spy_20d", "vwap_dist"]}