{"center": [0.005750151022036345, 0.011593399878282335, 1.0, 53.21183879819871, 0.21221527921153793, 0.22687991249364522, 0.0015196445931219826, 0.06102415641606247, 0.6007556431983838, 0.8708849590387595, 0.0007893809975407784, 0.0038071919319154768, 0.01002628265403556, 0.0013255791657679206, 17.494999885559082, -0.007885968150674327, 1.0], "scale": [0.030766673578553838, 0.048455436235618835, 1.0, 20.049198505506723, 0.7025740400865086, 0.6172799046733745, 0.23300607905601345, 0.04628872022683457, 0.4899641772269329, 0.20721042398651712, 0.013626270453141104, 0.030776755074985285, 0.0038754262930492354, 0.009106339528316715, 4.375000953674316, 0.08118713643540876, 1.0], "features": ["SMA20_dist", "SMA50_dist", "sma_cross", "RSI14", "MACD", "MACD_sig", "MACD_hist", "BB_width", "BB_pos", "ATR14", "ret_1d", "ret_5d", "vol_10d", "spy_ret_1d", "vix_level", "vix_change", "vix_regime"]}