{"center": [0.004895046008865332, 0.01055206180821993, 1.0, 54.97372647816587, 0.20564825246796659, 0.2116516116260263, -0.004478930386644486, 0.04896360856731073, 0.6203546119227343, 0.6613995389506953, -0.00017322082410164974, 0.0009924400468626082, 0.0073384096188956385, 0.9488865477531151, 0.9301421716886578, 0.0004802810674313651, 17.479999542236328, -0.002998497855734139, 1.0, 0.0, 0.012564833993247593, 0.022661001271983672, 0.036291682047927765, 0.0, -0.04015659709013812, 0.18331877132106097, 2.0, 6.0, 0.0, -1.9742508661990676e-05, 0.0014210967336203417, 0.6152213566459775, 0.004951963075393488], "scale": [0.023861992726632225, 0.036409607941177424, 1.0, 20.76057864153391, 0.5610865947674277, 0.4739568247195745, 0.2085301541826311, 0.030086397517841534, 0.5141674733708188, 0.16555854629615596, 0.01085691250440074, 0.02187148701056374, 0.0032637238606714747, 0.310358890384008, 0.866576681257777, 0.009780258033749434, 4.165000915527344, 0.08709713946508452, 1.0, 1.0, 0.04317409938835448, 0.06369999624537082, 0.10401887954920075, 0.12160356769855685, 0.050475810649553615, 0.1394305742937717, 2.0, 7.0, 1.0, 0.02933902251711129, 0.016426650239230123, 0.2438029410668161, 0.024056193566498192], "features": ["SMA20_dist", "SMA50_dist", "sma_cross", "RSI14", "MACD", "MACD_sig", "MACD_hist", "BB_width", "BB_pos", "ATR14", "ret_1d", "ret_5d", "vol_10d", "vol_ratio", "obv_trend", "spy_ret_1d", "vix_level", "vix_change", "vix_regime", "asset_class", "ret_1m", "ret_3m", "ret_6m", "ret_12m", "high52w_dist", "low52w_dist", "day_of_week", "month", "is_options_expiry", "btc_ret_1d", "gold_ret_1d", "corr_spy_20d", "vwap_dist"]}