{"center": [-0.004645707884829653, -0.00768972014853311, 1.0, 47.78265004658689, -0.9807919110403418, -0.7591331698902323, -0.3681513927266309, 0.09806884122172155, 0.44834776798371057, 12.15214102608817, -0.0008985201268394416, -0.004732147060281688, 0.015130245008812888, 0.9511908234607748, 1.0215408768358565, 0.0015704538117717881, 17.350000381469727, -0.007869662158076385, 1.0, 0.0, -0.011427750253675484, 0.0, 0.01057560030367477, 0.0, -0.13103446414093406, 0.18712450707960265, 2.0, 6.0, 0.0, 0.0021715582000447764, 0.0020813110966888537, 0.6197180889719898, -0.0013821393816527683], "scale": [0.041806096018383636, 0.11180566133024158, 1.0, 22.68120221047834, 15.798845616388405, 16.14740250672827, 3.027281066768162, 0.06515388363423787, 0.48360114049594183, 3.587847028459821, 0.01777671447681417, 0.04023919769641415, 0.008002772078372897, 0.4438968169607578, 0.4145739966620552, 0.00885449934779381, 4.310000419616699, 0.08160337728134637, 1.0, 1.0, 0.09811354004825068, 0.24716132202383534, 0.09611058666894334, 0.049104086079442055, 0.17251207380249567, 0.20628590445799877, 2.0, 7.0, 1.0, 0.0298935113744625, 0.013992267287380677, 0.34012761653499685, 0.04188499663157238], "features": ["SMA20_dist", "SMA50_dist", "sma_cross", "RSI14", "MACD", "MACD_sig", "MACD_hist", "BB_width", "BB_pos", "ATR14", "ret_1d", "ret_5d", "vol_10d", "vol_ratio", "obv_trend", "spy_ret_1d", "vix_level", "vix_change", "vix_regime", "asset_class", "ret_1m", "ret_3m", "ret_6m", "ret_12m", "high52w_dist", "low52w_dist", "day_of_week", "month", "is_options_expiry", "btc_ret_1d", "gold_ret_1d", "corr_spy_20d", "vwap_dist"]}