{"center": [0.007878573544825648, 0.012603221007303522, 1.0, 54.81023337576173, 1.3269253091809503, 1.3074335605321015, -0.15995252370844515, 0.07562350244745196, 0.5987784369315916, 4.97519225178281, 0.0004957440560131587, 0.002517324630317397, 0.011613273952573567, 0.9603018017041389, 1.012163435480279, 0.001093923806363195, 17.3799991607666, -0.005720161498773413, 1.0, 0.0, 0.021804023135553185, 0.038494523628740174, 0.07778831544198117, 0.11633644417426825, -0.0484535413401372, 0.3156078482727095, 2.0, 6.0, 0.0, -0.00022924323774897726, 0.000748780548875283, 0.3659134355055544, 0.0063285725749352385], "scale": [0.04558832341984486, 0.06567122982787779, 1.0, 24.768525030997232, 5.265162984802629, 5.0901966338951, 1.6362060728053673, 0.06455627853896567, 0.5359174542767399, 1.449892722830393, 0.01242270616040192, 0.03718694878151413, 0.005717596750701895, 0.5079671267818904, 0.2629931402956218, 0.009037917424162878, 3.984999656677246, 0.08157054614393833, 1.0, 1.0, 0.0920278677098354, 0.1141321697381048, 0.1413106762551265, 0.23629093281400781, 0.06882242290317411, 0.22925434352467056, 2.0, 6.5, 1.0, 0.02712552433754223, 0.01443417969405758, 0.43772849478158976, 0.04385567648401731], "features": ["SMA20_dist", "SMA50_dist", "sma_cross", "RSI14", "MACD", "MACD_sig", "MACD_hist", "BB_width", "BB_pos", "ATR14", "ret_1d", "ret_5d", "vol_10d", "vol_ratio", "obv_trend", "spy_ret_1d", "vix_level", "vix_change", "vix_regime", "asset_class", "ret_1m", "ret_3m", "ret_6m", "ret_12m", "high52w_dist", "low52w_dist", "day_of_week", "month", "is_options_expiry", "btc_ret_1d", "gold_ret_1d", "corr_spy_20d", "vwap_dist"]}