{"center": [0.008047573565064735, 0.021031129997660943, 1.0, 57.35979856309287, 3.1132864547606687, 3.026249008330473, -0.026727693436549682, 0.05063014744376101, 0.666007955061924, 4.8065649867838784, 0.0001672262332674812, 0.002563265930021652, 0.007294237402824572, 0.9894942946211498, 1.055122142859488, 0.0012779544649297314, 17.479999542236328, -0.005579556721748813, 1.0, 0.0, 0.018522710870374492, 0.044632899708157536, 0.05361009462968025, 0.08842166046931688, -0.014205586766132589, 0.1831742500092706, 2.0, 6.0, 0.0, -0.0008264678561502592, 0.0019763991077348386, 0.8654410485419151, 0.008294152559227505], "scale": [0.02398934023835559, 0.03044989356991149, 1.0, 21.561876290796214, 3.430491809004195, 2.787541358567456, 1.3855051342432487, 0.0407962210848126, 0.45904727626600533, 1.6831613063239192, 0.010045986311831179, 0.022274989265005152, 0.003036264279294162, 0.4210021157858307, 0.1260732891134564, 0.008703864482438428, 4.2699995040893555, 0.08238408300534583, 1.0, 1.0, 0.04410400692024097, 0.07133079438664636, 0.10830479239022339, 0.13711800621607328, 0.037335958289394636, 0.13012074867909695, 2.0, 7.0, 1.0, 0.027139191152030673, 0.014057585666618744, 0.10779811044869636, 0.02236028218619804], "features": ["SMA20_dist", "SMA50_dist", "sma_cross", "RSI14", "MACD", "MACD_sig", "MACD_hist", "BB_width", "BB_pos", "ATR14", "ret_1d", "ret_5d", "vol_10d", "vol_ratio", "obv_trend", "spy_ret_1d", "vix_level", "vix_change", "vix_regime", "asset_class", "ret_1m", "ret_3m", "ret_6m", "ret_12m", "high52w_dist", "low52w_dist", "day_of_week", "month", "is_options_expiry", "btc_ret_1d", "gold_ret_1d", "corr_spy_20d", "vwap_dist"]}