{"center": [0.011777060474992006, 0.03948278841059184, 1.0, 52.967485769166046, 0.5576177069494541, 0.5976215723601848, 0.009149083530980762, 0.14299298451205428, 0.5987883201224049, 2.1233926500592912, 0.00036411861557505976, 0.007167231069857838, 0.022956664266366257, 0.9316383626600391, 1.0199892189749433, 0.0012259318587931611, 17.420000076293945, -0.005630684757875204, 1.0, 0.0, 0.02751973356554127, 0.07248602250984504, 0.05029289919286761, 0.1432622527194909, -0.10801901073969425, 0.5881681663861298, 2.0, 6.0, 0.0, -0.0017664949928740126, 0.001423505566895189, 0.7946945742038467, 0.01373864076135433], "scale": [0.07224652507713217, 0.1288282677758233, 1.0, 21.96362243295414, 2.0225237447423723, 1.9885322383779824, 0.6644001944270711, 0.10559894413913112, 0.48339017622246, 0.7491976193019321, 0.03145644510069301, 0.06648650279857893, 0.012061973908208342, 0.4630163186561733, 0.23905093596028226, 0.008846555779033871, 4.057500123977661, 0.08000534396324305, 1.0, 1.0, 0.14093366535687193, 0.3203654667100345, 0.270598650773233, 0.45576762835983314, 0.14896238580097418, 0.5197829493946919, 2.0, 7.0, 1.0, 0.02929844329029438, 0.015598214566332674, 0.17340574613510384, 0.07256664192238965], "features": ["SMA20_dist", "SMA50_dist", "sma_cross", "RSI14", "MACD", "MACD_sig", "MACD_hist", "BB_width", "BB_pos", "ATR14", "ret_1d", "ret_5d", "vol_10d", "vol_ratio", "obv_trend", "spy_ret_1d", "vix_level", "vix_change", "vix_regime", "asset_class", "ret_1m", "ret_3m", "ret_6m", "ret_12m", "high52w_dist", "low52w_dist", "day_of_week", "month", "is_options_expiry", "btc_ret_1d", "gold_ret_1d", "corr_spy_20d", "vwap_dist"]}