{"center": [0.009515519204248075, 0.023306849742707372, 1.0, 56.79350586615748, 0.2409926206543176, 0.2384674479461012, 0.0054410421561703615, 0.05940896860681775, 0.6653392968766373, 0.3835721697126116, 0.0010143890471057126, 0.006962003503123482, 0.009421993607738021, 0.7509881422924901, 1.0280052294777404, 0.0014611496712728655, 17.479999542236328, -0.006586862594382348, 1.0, 0.0, 0.021514629571672828, 0.0528251398116526, 0.08184835501408583, 0.08889611278486331, -0.028931335976618407, 0.16604666547465438, 2.0, 6.0, 0.0, -0.0007713643170961237, 0.0010471549570203464, 0.0663624255315007, 0.008995624482020818], "scale": [0.025902515609291257, 0.048328203779995395, 1.0, 20.794877779859235, 0.469234481989691, 0.45088008315495964, 0.1392505325516409, 0.041581402746675246, 0.426160257532669, 0.25642844608851845, 0.011396287108448089, 0.03105047665866789, 0.004234367989023837, 0.7423535611438475, 0.10471709205296997, 0.008808829745367341, 4.069999694824219, 0.07829972317604283, 1.0, 1.0, 0.05366125489386753, 0.10306349889499944, 0.1533180321449661, 0.19486541541142333, 0.037738346631832544, 0.10654475492381796, 2.0, 7.0, 1.0, 0.02632903001287401, 0.015612543066049756, 0.5872410882869425, 0.02508179535548525], "features": ["SMA20_dist", "SMA50_dist", "sma_cross", "RSI14", "MACD", "MACD_sig", "MACD_hist", "BB_width", "BB_pos", "ATR14", "ret_1d", "ret_5d", "vol_10d", "vol_ratio", "obv_trend", "spy_ret_1d", "vix_level", "vix_change", "vix_regime", "asset_class", "ret_1m", "ret_3m", "ret_6m", "ret_12m", "high52w_dist", "low52w_dist", "day_of_week", "month", "is_options_expiry", "btc_ret_1d", "gold_ret_1d", "corr_spy_20d", "vwap_dist"]}