{"center": [0.01959487509561383, 0.05589252306898337, 1.0, 58.58736135860165, 2.267717867271699, 2.2475828400863596, -0.03964454399167927, 0.11196593327385625, 0.6970053540799892, 3.357049175343714, 0.0012715084097296714, 0.007698337377298081, 0.015728320447511376, 0.9515456274952886, 1.0363223796096273, 0.0013759502770052112, 17.649999618530273, -0.009244158887228515, 1.0, 0.0, 0.05091405817248096, 0.1384460296186636, 0.18178686411742784, 0.3212534565722367, -0.026577872468803394, 0.5836188061766984, 2.0, 6.0, 0.0, 0.0008014800420892421, 0.001992014086009908, 0.6737289446858638, 0.021073071076706845], "scale": [0.05321199951620749, 0.07864140330355672, 1.0, 25.613940935184246, 3.2499903284752563, 2.8609816358252216, 1.0228439465708656, 0.09136092760842217, 0.46481689372911317, 2.013462893662609, 0.01917613170728283, 0.04796428049932716, 0.009893420168158355, 0.36759151053863004, 0.13064063354190536, 0.00909497975200102, 3.9499988555908203, 0.08801675721662328, 1.0, 1.0, 0.1141488836057335, 0.16176619943915405, 0.2762115774489725, 0.5133063996530752, 0.0638193601934332, 0.26378539908777177, 2.0, 7.0, 1.0, 0.02774008396866645, 0.01622252969437421, 0.20938096466889144, 0.04757497295321931], "features": ["SMA20_dist", "SMA50_dist", "sma_cross", "RSI14", "MACD", "MACD_sig", "MACD_hist", "BB_width", "BB_pos", "ATR14", "ret_1d", "ret_5d", "vol_10d", "vol_ratio", "obv_trend", "spy_ret_1d", "vix_level", "vix_change", "vix_regime", "asset_class", "ret_1m", "ret_3m", "ret_6m", "ret_12m", "high52w_dist", "low52w_dist", "day_of_week", "month", "is_options_expiry", "btc_ret_1d", "gold_ret_1d", "corr_spy_20d", "vwap_dist"]}