{"center": [0.008473554948296335, 0.025324938135656335, 1.0, 53.05428718722958, 1.5208547055983956, 1.847815730411779, -0.020274876889301297, 0.11042596911295673, 0.5838610880145607, 5.487857273646763, 0.0011435177345771042, 0.0036601787050327683, 0.01677449235147893, 0.9262547299468292, 1.0868796232415092, 0.000984565078659072, 17.350000381469727, -0.006626930447881874, 1.0, 0.0, 0.03084982779092016, 0.07163802468954095, 0.016026639717006574, 0.0, -0.07539453104217417, 0.33452395746636393, 2.0, 6.0, 0.0, 0.0008420581944230676, 0.0014259144001700363, 0.6686553586457948, 0.009786386169094873], "scale": [0.05385537940221169, 0.09881513594481595, 1.0, 23.07612984290394, 5.696783023169473, 5.549245814645402, 1.8042158256208878, 0.09653412457519747, 0.47892606921893005, 1.8671449933733264, 0.023268477334459248, 0.05359263612263443, 0.007503694246871424, 0.3545122850422272, 0.41429574091627464, 0.008555227595492099, 4.140000343322754, 0.08397831875741868, 1.0, 1.0, 0.10943236239989496, 0.17526908330101043, 0.1388691961097014, 0.16935520057797282, 0.08837671540648154, 0.14732642450829925, 2.0, 7.0, 1.0, 0.027563378143998785, 0.01572923602392373, 0.24143772693935994, 0.05203915179426782], "features": ["SMA20_dist", "SMA50_dist", "sma_cross", "RSI14", "MACD", "MACD_sig", "MACD_hist", "BB_width", "BB_pos", "ATR14", "ret_1d", "ret_5d", "vol_10d", "vol_ratio", "obv_trend", "spy_ret_1d", "vix_level", "vix_change", "vix_regime", "asset_class", "ret_1m", "ret_3m", "ret_6m", "ret_12m", "high52w_dist", "low52w_dist", "day_of_week", "month", "is_options_expiry", "btc_ret_1d", "gold_ret_1d", "corr_spy_20d", "vwap_dist"]}