{"center": [0.007839678102057376, 0.024285206103572116, 1.0, 55.52224817653091, 1.7534514730273258, 1.7765468393595785, -0.08577549911835369, 0.07734950188632277, 0.6469987697169859, 4.286069052559989, 0.0014445026922978998, 0.003942849377121416, 0.011480373508370952, 0.792022687896105, 1.0357404640207242, 0.001366998499955585, 17.5600004196167, -0.008035713733259009, 1.0, 0.0, 0.02132758508806143, 0.05317288980681456, 0.022462917046839004, 0.0, -0.04310711446776908, 0.31586700040110605, 2.0, 6.0, 0.0, -0.00020332970930003746, 0.001712988281543426, 0.8204023979315258, 0.00895168136609215], "scale": [0.03942860249342556, 0.0842937441735318, 1.0, 21.951441835384834, 5.295652279485374, 5.269189939019941, 1.1206750114399129, 0.059091651586600936, 0.4948167673143293, 1.7058901105608255, 0.015892825127706844, 0.034848608898094935, 0.005937159970613372, 0.6712017507720425, 0.18082908158301514, 0.008778337798113628, 4.324999809265137, 0.08177638834515194, 1.0, 1.0, 0.08079788322878304, 0.18333926430685643, 0.12342225057545686, 0.17881954231946146, 0.07682353475099811, 0.18405523158394274, 2.0, 7.0, 1.0, 0.026427077332298404, 0.015094289916814302, 0.14192826458819796, 0.03883377381492249], "features": ["SMA20_dist", "SMA50_dist", "sma_cross", "RSI14", "MACD", "MACD_sig", "MACD_hist", "BB_width", "BB_pos", "ATR14", "ret_1d", "ret_5d", "vol_10d", "vol_ratio", "obv_trend", "spy_ret_1d", "vix_level", "vix_change", "vix_regime", "asset_class", "ret_1m", "ret_3m", "ret_6m", "ret_12m", "high52w_dist", "low52w_dist", "day_of_week", "month", "is_options_expiry", "btc_ret_1d", "gold_ret_1d", "corr_spy_20d", "vwap_dist"]}