{"center": [0.0010642641622444458, 0.003294708957478506, 1.0, 49.781189203324715, -0.03513350860744424, 0.054499734483103315, 0.017870298107730054, 0.07204309966588929, 0.5175567988309093, 1.9237530661115971, -0.0002872633447645878, -0.0010127600454378771, 0.012034817024204064, 0.9206994708445178, 1.0240317242663544, 0.0012349383493427402, 17.40999984741211, -0.008142008332229278, 1.0, 0.0, 0.002506678159127418, 0.007051641105214834, 0.0, 0.0, -0.11518260591056248, 0.06181745004803166, 2.0, 6.0, 0.0, 0.0007781713812019531, 0.0016024120815585352, 0.39627420375204037, 0.0008319479787939411], "scale": [0.03712226632212664, 0.05990186522387742, 1.0, 20.922003227438026, 1.6905069887171358, 1.6607754665748322, 0.5589058760836689, 0.04060714284102586, 0.4944227145793433, 0.5927820320292474, 0.014925047204403019, 0.03642997443357571, 0.0061110924932772405, 0.4337995020051977, 0.24397722659216958, 0.009768277707409623, 4.320001125335693, 0.08202490083933581, 1.0, 1.0, 0.06678086992735385, 0.13330076631919174, 0.16949354643912584, 0.05795144188776749, 0.1015179639899143, 0.11966178276720231, 2.0, 7.0, 1.0, 0.02933350054207387, 0.015232456186946963, 0.33399877852782694, 0.03623142137099618], "features": ["SMA20_dist", "SMA50_dist", "sma_cross", "RSI14", "MACD", "MACD_sig", "MACD_hist", "BB_width", "BB_pos", "ATR14", "ret_1d", "ret_5d", "vol_10d", "vol_ratio", "obv_trend", "spy_ret_1d", "vix_level", "vix_change", "vix_regime", "asset_class", "ret_1m", "ret_3m", "ret_6m", "ret_12m", "high52w_dist", "low52w_dist", "day_of_week", "month", "is_options_expiry", "btc_ret_1d", "gold_ret_1d", "corr_spy_20d", "vwap_dist"]}