{"center": [0.014631128614040341, 0.05548687343092637, 1.0, 55.721990505881635, 0.8160741339875912, 0.8096503078794106, -0.006382520691134097, 0.12420288618274271, 0.6272896355167322, 1.19322992978834, 0.0011197221322944984, 0.011814441941868203, 0.018670229374567058, 0.8838938156700911, 1.0170167934978198, 0.001151711603039951, 17.440000534057617, -0.005681812794001595, 1.0, 0.0, 0.038101000551192366, 0.14571543232673467, 0.11783199920668919, 0.1394845482181506, -0.08474157777172069, 0.37096901152872974, 2.0, 7.0, 0.0, 0.00029724205673309356, 0.0017841598670260694, 0.521949494815885, 0.014190411993059161], "scale": [0.0629929230070743, 0.1173913979674393, 1.0, 22.09426535914575, 1.6431578899740913, 1.6518481404253, 0.42923582500315177, 0.07044407105817074, 0.4627151146561369, 0.8765545743308458, 0.025398626686736203, 0.0575542701318813, 0.009381984645279602, 0.6038563161837105, 0.37787854871441207, 0.008943292393114088, 3.7899999618530273, 0.0764222273007149, 1.0, 1.0, 0.1229203351774168, 0.25473594918967934, 0.5050241074510585, 0.6753892369186502, 0.1268336314133529, 0.9537630972981184, 2.0, 7.0, 1.0, 0.02729323531065997, 0.014645485762169674, 0.42329970260351246, 0.05945661413525828], "features": ["SMA20_dist", "SMA50_dist", "sma_cross", "RSI14", "MACD", "MACD_sig", "MACD_hist", "BB_width", "BB_pos", "ATR14", "ret_1d", "ret_5d", "vol_10d", "vol_ratio", "obv_trend", "spy_ret_1d", "vix_level", "vix_change", "vix_regime", "asset_class", "ret_1m", "ret_3m", "ret_6m", "ret_12m", "high52w_dist", "low52w_dist", "day_of_week", "month", "is_options_expiry", "btc_ret_1d", "gold_ret_1d", "corr_spy_20d", "vwap_dist"]}