{"center": [0.028380380054700036, 0.07573630588445897, 1.0, 59.407890362888054, 8.443368187838132, 8.089666056362645, 0.24167147836817016, 0.1349132993285692, 0.7171320519256963, 10.01428262100969, 0.000749077397055764, 0.012827961421361334, 0.017122656102690155, 0.9723418508948225, 1.044194950745409, 0.0010938140906693317, 17.399999618530273, -0.006658632403358511, 1.0, 0.0, 0.06036713023381268, 0.19486691249596166, 0.17781542129148065, 0.24892915579083752, -0.042354881248682655, 0.5384402052817646, 2.0, 6.0, 0.0, -0.0007713643170961237, 0.001670691560653026, 0.6621327856960746, 0.029140526877575176], "scale": [0.07126149360700065, 0.1033296913373898, 1.0, 25.113198096689615, 13.751582078750772, 13.071661399445855, 3.7113386461919777, 0.0886917736483048, 0.47813385289516025, 10.495594460686299, 0.022754102023984535, 0.05636817381443898, 0.010225865300718687, 0.39083900311823494, 0.27946074209058325, 0.008432369242815985, 3.7300004959106445, 0.07909179460290205, 1.0, 1.0, 0.1337341411302434, 0.22880660080558046, 0.5836033984896353, 0.6948400326044651, 0.07886557323200548, 1.097349542961561, 2.0, 7.0, 1.0, 0.027159510252490304, 0.014060901373219192, 0.22668372147086013, 0.06916338488289579], "features": ["SMA20_dist", "SMA50_dist", "sma_cross", "RSI14", "MACD", "MACD_sig", "MACD_hist", "BB_width", "BB_pos", "ATR14", "ret_1d", "ret_5d", "vol_10d", "vol_ratio", "obv_trend", "spy_ret_1d", "vix_level", "vix_change", "vix_regime", "asset_class", "ret_1m", "ret_3m", "ret_6m", "ret_12m", "high52w_dist", "low52w_dist", "day_of_week", "month", "is_options_expiry", "btc_ret_1d", "gold_ret_1d", "corr_spy_20d", "vwap_dist"]}