{"center": [0.016313513535562582, 0.06060697575208721, 1.0, 55.55539999715823, 3.2976187439710998, 3.4107984610622033, 0.010196328095519958, 0.17971694094944646, 0.6047700416606712, 6.848790255376702, 0.002754755523630581, 0.0070265548820610535, 0.026705238266065866, 0.9519897805636006, 1.063339271914173, 0.0004749092627577278, 17.394999504089355, 0.00028769359507252457, 1.0, 0.0, 0.05029574850669316, 0.12411916971493209, 0.08387622012444396, 0.0, -0.17898794668376009, 0.45406401913210975, 2.0, 6.0, 0.0, -0.00032262427558105156, 0.000978748110388561, 0.6305113254785486, 0.019656517059349676], "scale": [0.08867531400954497, 0.1673448780150829, 1.0, 24.9552230184512, 11.829707870574687, 12.327161462532095, 2.7179304091244534, 0.1083793556847037, 0.5133868051284928, 6.629722496452822, 0.03088641768697606, 0.07889768367734218, 0.012834470045034269, 0.38701190859370116, 0.31186907190332325, 0.00867097221333435, 3.864999771118164, 0.0783151118174073, 1.0, 1.0, 0.18325336567943035, 0.37900630837658605, 0.6632432371521644, 0.7581764235368493, 0.27850849900897623, 1.3243073857124814, 2.0, 7.0, 1.0, 0.02731676663241442, 0.014812646264118462, 0.1838900314423958, 0.09136231138394343], "features": ["SMA20_dist", "SMA50_dist", "sma_cross", "RSI14", "MACD", "MACD_sig", "MACD_hist", "BB_width", "BB_pos", "ATR14", "ret_1d", "ret_5d", "vol_10d", "vol_ratio", "obv_trend", "spy_ret_1d", "vix_level", "vix_change", "vix_regime", "asset_class", "ret_1m", "ret_3m", "ret_6m", "ret_12m", "high52w_dist", "low52w_dist", "day_of_week", "month", "is_options_expiry", "btc_ret_1d", "gold_ret_1d", "corr_spy_20d", "vwap_dist"]}