{"center": [-0.0042635266743160545, -0.019833622473623965, 0.0, 48.703167811136936, -0.2114157806402801, -0.22883236606586463, 0.038350153579473856, 0.12739150979161695, 0.4505737215560401, 1.260000501360212, 0.00017141622094318798, -0.003971613890735859, 0.01923735697387695, 0.8956125986773812, 1.0079684610817148, 0.0014456352254532678, 17.440000534057617, -0.008114863341212808, 1.0, 0.0, -0.015389181523363549, -0.052310352950958205, -0.11775603744722363, -0.06598547389221665, -0.2880895425177277, 0.13552496077010562, 2.0, 6.0, 0.0, 0.0007548627203146641, 0.000554096378723612, 0.37819426541008416, -0.002526522738405601], "scale": [0.06803647146676774, 0.11012297558427586, 1.0, 23.383902690802934, 1.4079395232168128, 1.413176679214125, 0.4167353437007182, 0.07104627284794827, 0.5178267082260888, 0.35535648890904037, 0.023706065241638652, 0.05570553997611183, 0.007733443450177582, 0.47046320961428867, 0.11981375107853087, 0.009003187528457302, 3.689999580383301, 0.08406485270087816, 1.0, 1.0, 0.12074778929541147, 0.20642917590912618, 0.18973307513488363, 0.3323334967815682, 0.26541714773210034, 0.11976912587795155, 2.0, 7.0, 1.0, 0.02846999115522958, 0.015962851825481794, 0.32361933487258265, 0.06561822097889752], "features": ["SMA20_dist", "SMA50_dist", "sma_cross", "RSI14", "MACD", "MACD_sig", "MACD_hist", "BB_width", "BB_pos", "ATR14", "ret_1d", "ret_5d", "vol_10d", "vol_ratio", "obv_trend", "spy_ret_1d", "vix_level", "vix_change", "vix_regime", "asset_class", "ret_1m", "ret_3m", "ret_6m", "ret_12m", "high52w_dist", "low52w_dist", "day_of_week", "month", "is_options_expiry", "btc_ret_1d", "gold_ret_1d", "corr_spy_20d", "vwap_dist"]}