{"center": [-0.0010603475331341565, 0.0039021168548086876, 0.0, 49.613840281097126, 0.1858898267632867, 0.05462258230946604, -0.11887444986386919, 0.1359590861861929, 0.48927707561226597, 5.56285640171596, 4.6161989457838004e-05, 0.0013138273473329853, 0.018575328906072497, 0.8804046472694027, 1.0031893631864255, 0.001151803537192908, 17.479999542236328, -0.0067322198012426115, 1.0, 0.0, -0.00658478548787178, 0.005537211383034091, 0.029343333026561558, 0.07743304324677247, -0.10398744328189803, 0.38370309003054437, 2.0, 6.0, 0.0, -0.001682150134457161, 0.002254447895034817, 0.3515733800051404, -0.0021038955627320447], "scale": [0.0739558718357365, 0.12029573395425774, 1.0, 26.1442533627892, 6.106905403903539, 5.934957909103353, 2.0861170540720053, 0.09329903879045688, 0.5715479889389917, 1.6999980381556918, 0.02440879856011502, 0.06381713747576934, 0.008423212587849312, 0.46897596465820657, 0.2069694457057728, 0.008694892803282506, 4.539999961853027, 0.07692373980544176, 1.0, 1.0, 0.1151522481065792, 0.203467095846392, 0.19078095340573586, 0.32081343900612147, 0.11304849185424468, 0.39088715960722575, 2.0, 7.0, 1.0, 0.02543498961622881, 0.01438987585022411, 0.4378577843159478, 0.07441386384865757], "features": ["SMA20_dist", "SMA50_dist", "sma_cross", "RSI14", "MACD", "MACD_sig", "MACD_hist", "BB_width", "BB_pos", "ATR14", "ret_1d", "ret_5d", "vol_10d", "vol_ratio", "obv_trend", "spy_ret_1d", "vix_level", "vix_change", "vix_regime", "asset_class", "ret_1m", "ret_3m", "ret_6m", "ret_12m", "high52w_dist", "low52w_dist", "day_of_week", "month", "is_options_expiry", "btc_ret_1d", "gold_ret_1d", "corr_spy_20d", "vwap_dist"]}