{"center": [0.018516331243764162, 0.048253008836911734, 1.0, 56.169580261173905, 0.7268260701225664, 0.7152637125017842, 0.022500376529777433, 0.12426659187010669, 0.6585654743653375, 1.177469992122572, 0.0009525135965284814, 0.0103882388945703, 0.018098018669294603, 0.8908404744871506, 1.0073116671286884, 0.0009008441539046785, 17.40999984741211, -0.0049221973866435675, 1.0, 0.0, 0.0352320742198764, 0.14359835117337227, 0.1324244761802832, 0.1473956461208762, -0.08988217019463068, 0.3921100765449553, 2.0, 6.0, 0.0, -0.0011564734544893818, 0.001788531730296361, 0.5149907204302822, 0.01734870936316692], "scale": [0.061756315887660534, 0.11252368650004814, 1.0, 23.221307012931426, 1.6256205647733921, 1.4205532978439843, 0.38906417088546585, 0.0692453988767705, 0.47187659356891765, 0.8004422604353911, 0.025033888371471996, 0.05587600662463235, 0.009060183848461141, 0.6245871712308309, 0.40298459675346743, 0.00929144757906103, 3.707500457763672, 0.07543056132197384, 1.0, 1.0, 0.11899404285284548, 0.2677435379066643, 0.4713282807308013, 0.6935314913055584, 0.13867228600772058, 0.94404073316397, 2.0, 7.0, 1.0, 0.02659291421728119, 0.015022085636396426, 0.408087086047342, 0.05876297702146923], "features": ["SMA20_dist", "SMA50_dist", "sma_cross", "RSI14", "MACD", "MACD_sig", "MACD_hist", "BB_width", "BB_pos", "ATR14", "ret_1d", "ret_5d", "vol_10d", "vol_ratio", "obv_trend", "spy_ret_1d", "vix_level", "vix_change", "vix_regime", "asset_class", "ret_1m", "ret_3m", "ret_6m", "ret_12m", "high52w_dist", "low52w_dist", "day_of_week", "month", "is_options_expiry", "btc_ret_1d", "gold_ret_1d", "corr_spy_20d", "vwap_dist"]}