{"center": [-0.06376108901533173, -0.15138112062464645, 0.0, 43.884902638356785, -682.7206920596291, -681.6838956373135, 70.18074085766031, 0.37338596654548967, 0.3320338545857154, 1258.399037624947, -0.0020100500017831147, -0.022877139016738268, 0.05878588785073988, 1.0281834389105944, 1.0651561806694443, 0.0005685229860479257, 17.389999389648438, -0.004632673488730754, 1.0, 0.0, -0.10326790778179296, -0.394161205426671, -0.6325822692704238, -0.7325775963555812, -0.8534414134795647, 0.12383902991122327, 2.0, 6.0, 0.0, -0.0016327534538667088, 0.0015263333689308212, -0.7831781080947412, -0.06807233065848478], "scale": [0.17873484061235312, 0.31481128461518904, 1.0, 19.922323888701825, 1230.616479754211, 1120.0940018097895, 511.13856087167983, 0.284262263389762, 0.4308102448512169, 3687.2594963107176, 0.08402672333653999, 0.177403075267124, 0.03556701651457826, 0.5115039727835149, 0.6614536189668554, 0.009234474294184059, 3.8650007247924805, 0.08368229515072934, 1.0, 1.0, 0.3463847072868872, 0.43283732154297483, 0.7507192282271259, 0.8999569273149136, 0.5098635166819584, 0.24287457307047777, 2.0, 7.0, 1.0, 0.028158480922352347, 0.014745292033103208, 0.14422435950818535, 0.17316973667550348], "features": ["SMA20_dist", "SMA50_dist", "sma_cross", "RSI14", "MACD", "MACD_sig", "MACD_hist", "BB_width", "BB_pos", "ATR14", "ret_1d", "ret_5d", "vol_10d", "vol_ratio", "obv_trend", "spy_ret_1d", "vix_level", "vix_change", "vix_regime", "asset_class", "ret_1m", "ret_3m", "ret_6m", "ret_12m", "high52w_dist", "low52w_dist", "day_of_week", "month", "is_options_expiry", "btc_ret_1d", "gold_ret_1d", "corr_spy_20d", "vwap_dist"]}