{"center": [-0.00017198590372347164, 0.006682727998938898, 1.0, 50.68137124771583, 0.17329678365364032, 0.06688282147189754, 0.025487691793760536, 0.0837063762247015, 0.4981747487686775, 1.4009187626483919, -0.0007926268643647649, 0.00075877501721755, 0.011140499807505701, 0.8157925475995795, 1.0074669094439177, 0.000556300212536609, 17.280000686645508, -0.0046113733261696765, 1.0, 0.0, 0.001335929380558376, 0.01974558561328399, 0.0, 0.0, -0.08991070705630759, 0.2035862592724742, 2.0, 6.0, 0.0, -0.0008217291810309613, 0.001992014086009908, 0.01654412319425017, -0.0009346863012618617], "scale": [0.04602015338055235, 0.07725262357028014, 1.0, 28.79700800059176, 2.1607950255091737, 2.159533841496007, 0.5765235629385367, 0.051012084363804, 0.5304796448112516, 0.5565444125951495, 0.014038782558969454, 0.0405910129992168, 0.0057067319128782, 0.5337311165711766, 0.12450885353783414, 0.009314043802825633, 3.9149999618530273, 0.07871770763223612, 1.0, 1.0, 0.0907605742539393, 0.17626571849410766, 0.12462199814208552, 0.06472675751464796, 0.08772099251041875, 0.11571801392059383, 2.0, 7.0, 1.0, 0.02790456559451998, 0.016262045388862945, 0.41797218207015696, 0.04448250399260485], "features": ["SMA20_dist", "SMA50_dist", "sma_cross", "RSI14", "MACD", "MACD_sig", "MACD_hist", "BB_width", "BB_pos", "ATR14", "ret_1d", "ret_5d", "vol_10d", "vol_ratio", "obv_trend", "spy_ret_1d", "vix_level", "vix_change", "vix_regime", "asset_class", "ret_1m", "ret_3m", "ret_6m", "ret_12m", "high52w_dist", "low52w_dist", "day_of_week", "month", "is_options_expiry", "btc_ret_1d", "gold_ret_1d", "corr_spy_20d", "vwap_dist"]}