{"center": [0.002433296838275238, 0.0035047456297184233, 1.0, 52.0912492273829, 0.08506023857356126, 0.08113204656142178, 0.011197119307962217, 0.040451400267232394, 0.5681439782687216, 0.666201120115265, -0.0001365061251944466, 0.0008644274765685633, 0.00625129531331174, 0.9236349961218142, 1.0075474167819356, 0.000984565078659072, 17.479999542236328, -0.008114863341212808, 1.0, 0.0, 0.006604743715366235, 0.007278648065428994, 0.01659011714426617, 0.002046662693288237, -0.02698533420071671, 0.09002033447406564, 2.0, 6.0, 0.0, -0.00032588834829794244, 0.000748780548875283, 0.31641657956228725, 0.0029804668659335273], "scale": [0.019500274979693245, 0.02608825659726725, 1.0, 20.50201136955335, 0.4776746883328826, 0.4444147635020058, 0.19431540187911378, 0.023247836762269537, 0.5132091253100051, 0.16363169453348447, 0.008312599158147083, 0.019587818829495895, 0.0023419068962183777, 0.4558602609473308, 0.2836774481533464, 0.009036402777241603, 3.8199996948242188, 0.08023054254335993, 1.0, 1.0, 0.03020607607308179, 0.04221039587592279, 0.04268186437394417, 0.047815269846177566, 0.026751150844501075, 0.042656617399395164, 2.0, 7.0, 1.0, 0.0287368335202024, 0.01512440894679501, 0.5246416305076607, 0.020191050328002724], "features": ["SMA20_dist", "SMA50_dist", "sma_cross", "RSI14", "MACD", "MACD_sig", "MACD_hist", "BB_width", "BB_pos", "ATR14", "ret_1d", "ret_5d", "vol_10d", "vol_ratio", "obv_trend", "spy_ret_1d", "vix_level", "vix_change", "vix_regime", "asset_class", "ret_1m", "ret_3m", "ret_6m", "ret_12m", "high52w_dist", "low52w_dist", "day_of_week", "month", "is_options_expiry", "btc_ret_1d", "gold_ret_1d", "corr_spy_20d", "vwap_dist"]}