{"center": [0.014558533875580228, 0.05454862792363538, 1.0, 56.45326489595175, 2.9156889905110006, 3.0012523014352808, 0.008254166645933037, 0.12740977352076704, 0.6497098286576344, 5.425514566838379, 0.0008193436344046123, 0.0064841715069796635, 0.016980411464511624, 0.9341135581749083, 1.0273181038790655, 0.0012348849599946865, 17.7450008392334, -0.005438782390179864, 1.0, 0.0, 0.04185092200152396, 0.14329679011221352, 0.11091705462847756, 0.09597744105457484, -0.08040348727900484, 0.35359455098318276, 2.0, 6.0, 0.0, -0.0003184371753567339, 0.0007764358777558877, 0.5554490828839108, 0.01486700932962514], "scale": [0.06355861500972448, 0.11219649948070332, 1.0, 27.696609841847277, 6.959134801587091, 6.767652275610937, 1.739022562764117, 0.06939943668179781, 0.521034329299423, 3.4711902837845425, 0.02178997130059071, 0.052492284288984364, 0.007569008331054504, 0.418379766786942, 0.3023814382033706, 0.009544441539405757, 4.3899993896484375, 0.08349009037681687, 1.0, 1.0, 0.12634177528908788, 0.23128019345208878, 0.40616991894944404, 0.6898623646953036, 0.1267495675596558, 0.9346106632102638, 2.0, 7.0, 1.0, 0.02827926469827724, 0.01565412722470988, 0.2861748056911183, 0.06220231346550453], "features": ["SMA20_dist", "SMA50_dist", "sma_cross", "RSI14", "MACD", "MACD_sig", "MACD_hist", "BB_width", "BB_pos", "ATR14", "ret_1d", "ret_5d", "vol_10d", "vol_ratio", "obv_trend", "spy_ret_1d", "vix_level", "vix_change", "vix_regime", "asset_class", "ret_1m", "ret_3m", "ret_6m", "ret_12m", "high52w_dist", "low52w_dist", "day_of_week", "month", "is_options_expiry", "btc_ret_1d", "gold_ret_1d", "corr_spy_20d", "vwap_dist"]}