{"center": [-0.0017587976534285885, -0.0058880066417422725, 1.0, 50.0, -0.004284018546166335, -0.004673184257382908, 0.0006182310330021257, 0.1055394461469509, 0.4829443907981271, 0.06594698564561818, 0.0, 0.0, 0.01588884923339174, 1.035701812709616, 0.9814603308420584, 0.0014013392615941367, 17.25, -0.008019407740661066, 1.0, 0.0, 0.0, -0.02435067808887803, -0.07532548183337046, -0.06823722898805579, -0.2207858009212793, 0.10000002702593869, 2.0, 6.0, 0.0, -0.000165364255538758, 0.001674234105256911, 0.30014041119455537, -0.001605946262897205], "scale": [0.06033039470115674, 0.10208600899717075, 1.0, 23.707156510273606, 0.0867588127421628, 0.08232935319450996, 0.019979046708077278, 0.08642377659795016, 0.5227473307257327, 0.02479014716153246, 0.02215876597960953, 0.04662795438661166, 0.011139372163792346, 0.6122901719113445, 0.887493011549961, 0.008571482803934466, 3.749999523162842, 0.07658906944266308, 1.0, 1.0, 0.11251141306605908, 0.1902662752478611, 0.1630965403040406, 0.1922881807080192, 0.14364583715479162, 0.13182161327336558, 2.0, 7.0, 1.0, 0.02712909216902823, 0.014029525063903064, 0.33131664436009867, 0.05987871724541109], "features": ["SMA20_dist", "SMA50_dist", "sma_cross", "RSI14", "MACD", "MACD_sig", "MACD_hist", "BB_width", "BB_pos", "ATR14", "ret_1d", "ret_5d", "vol_10d", "vol_ratio", "obv_trend", "spy_ret_1d", "vix_level", "vix_change", "vix_regime", "asset_class", "ret_1m", "ret_3m", "ret_6m", "ret_12m", "high52w_dist", "low52w_dist", "day_of_week", "month", "is_options_expiry", "btc_ret_1d", "gold_ret_1d", "corr_spy_20d", "vwap_dist"]}