{"center": [0.008485481404391522, 0.025104086519719387, 1.0, 54.414237559724455, 0.3313929856548512, 0.3362477639515891, -0.013569885510139601, 0.07143820383995564, 0.6265249921627407, 0.7561504804635112, 0.000693594969119804, 0.005638764478181901, 0.012396712208234182, 0.6838307641849787, 0.9815461814430089, 0.0014611169814298108, 17.389999389648438, -0.006670313141271755, 1.0, 0.0, 0.020700554887070233, 0.054742206816602135, 0.0712880647487979, 0.05834722131428682, -0.03887142727857969, 0.2564481383862532, 2.0, 6.0, 0.0, -0.0016352711961346023, 0.0014259144001700363, 0.58621448189086, 0.008984007775316494], "scale": [0.034472140484810156, 0.049407914639164205, 1.0, 19.23168566643963, 0.6426049950832677, 0.5500630388520338, 0.21973242896048248, 0.041672885711868404, 0.4683937079803656, 0.4452290095361988, 0.017197971472462104, 0.034530105241089626, 0.004305379093847898, 0.6602282268134605, 0.9162715874522407, 0.009099175233193924, 3.6299991607666016, 0.08388343754159988, 1.0, 1.0, 0.06237446695372362, 0.14770902731147068, 0.2150460794631962, 0.2764098215181381, 0.07863023985317369, 0.34623756311493814, 2.0, 7.0, 1.0, 0.027327071577897877, 0.015004611899753273, 0.30379064196206507, 0.03543342418650891], "features": ["SMA20_dist", "SMA50_dist", "sma_cross", "RSI14", "MACD", "MACD_sig", "MACD_hist", "BB_width", "BB_pos", "ATR14", "ret_1d", "ret_5d", "vol_10d", "vol_ratio", "obv_trend", "spy_ret_1d", "vix_level", "vix_change", "vix_regime", "asset_class", "ret_1m", "ret_3m", "ret_6m", "ret_12m", "high52w_dist", "low52w_dist", "day_of_week", "month", "is_options_expiry", "btc_ret_1d", "gold_ret_1d", "corr_spy_20d", "vwap_dist"]}