{"center": [0.007019243064847397, 0.015782887029959426, 1.0, 56.43340423913044, 0.6118877695345333, 0.5950312349844686, 0.023271650718245274, 0.043136001488510906, 0.6737937172358476, 1.463315452838094, 0.0005433239721738259, 0.003300377897780482, 0.007170608586898615, 0.8979759385304669, 0.9928563817090261, 0.001039192360821617, 17.40999984741211, -0.005978320230984713, 1.0, 0.0, 0.016095799087279428, 0.032512965115347625, 0.06380116867120889, 0.05047291679977062, -0.020600242728506073, 0.18231796316306054, 2.0, 6.0, 0.0, -0.0016587106652958816, 0.0019559897357898093, 0.5791903703886904, 0.007960852516787287], "scale": [0.019448923865984773, 0.029647222222163292, 1.0, 16.826063808095277, 0.9728580754772835, 0.8343090421828998, 0.3620583604637644, 0.027784451757402406, 0.44343464980301284, 0.3068344519331545, 0.010087413813975654, 0.020815384010277133, 0.0029152766695127227, 0.4329985113545135, 0.563330115905978, 0.009058322143668085, 4.024999618530273, 0.08455007577511914, 1.0, 1.0, 0.0357906344697253, 0.06974394084730012, 0.10322531576432459, 0.14656089061541255, 0.04282993891806799, 0.09353631668303419, 2.0, 7.0, 1.0, 0.027527959785587447, 0.014910729092676711, 0.2886590765514871, 0.018963092055433305], "features": ["SMA20_dist", "SMA50_dist", "sma_cross", "RSI14", "MACD", "MACD_sig", "MACD_hist", "BB_width", "BB_pos", "ATR14", "ret_1d", "ret_5d", "vol_10d", "vol_ratio", "obv_trend", "spy_ret_1d", "vix_level", "vix_change", "vix_regime", "asset_class", "ret_1m", "ret_3m", "ret_6m", "ret_12m", "high52w_dist", "low52w_dist", "day_of_week", "month", "is_options_expiry", "btc_ret_1d", "gold_ret_1d", "corr_spy_20d", "vwap_dist"]}