{"center": [0.002625197573402353, 0.006319746330864872, 1.0, 53.90476640161245, 0.18984751833673386, 0.19317538696936032, -0.00441226355660268, 0.03200657892401712, 0.595559507056164, 0.7520267091526834, 0.00021116358517647704, 0.0007225921553841719, 0.005630253014013784, 0.9443506858799602, 1.0044698038089275, 0.0007310498015529188, 17.479999542236328, -0.007843129677328364, 1.0, 0.0, 0.006179898078808588, 0.0079762845816862, 0.018924290197732674, 0.011829782500340391, -0.013832125084025435, 0.10835979693066257, 2.0, 6.0, 0.0, -0.0017695992030517527, 0.001670691560653026, 0.6420638586806301, 0.003107507978070078], "scale": [0.013611680670778361, 0.018941665605294006, 1.0, 17.456389651512538, 0.431508793890913, 0.35607584558155303, 0.1851384293455764, 0.021477122249249674, 0.44010369553280054, 0.16891545194571478, 0.00820320865711921, 0.01677861551927995, 0.0018214915117863483, 0.45276580347602613, 0.41478752899492033, 0.008730631486766893, 3.770000457763672, 0.08045867484844738, 1.0, 1.0, 0.023678456198462317, 0.026967446143700724, 0.03740685971592428, 0.050781768292777585, 0.019805056946462504, 0.030761718868186474, 2.0, 7.0, 1.0, 0.02839396881900258, 0.014830970662053744, 0.2916927436329931, 0.014175459488861258], "features": ["SMA20_dist", "SMA50_dist", "sma_cross", "RSI14", "MACD", "MACD_sig", "MACD_hist", "BB_width", "BB_pos", "ATR14", "ret_1d", "ret_5d", "vol_10d", "vol_ratio", "obv_trend", "spy_ret_1d", "vix_level", "vix_change", "vix_regime", "asset_class", "ret_1m", "ret_3m", "ret_6m", "ret_12m", "high52w_dist", "low52w_dist", "day_of_week", "month", "is_options_expiry", "btc_ret_1d", "gold_ret_1d", "corr_spy_20d", "vwap_dist"]}