{"center": [0.009776827081773166, 0.026142049241755543, 1.0, 57.711733114779044, 0.390376455680979, 0.34043808666257497, 0.019680924195889404, 0.09783284763321405, 0.6278252943192099, 0.958898572217426, 0.0009108836653171082, 0.008690822302956258, 0.012420770464402802, 0.9150079360490946, 1.0352038552382892, 0.0005685229860479257, 17.600000381469727, -0.004632673488730754, 1.0, 0.0, 0.015995711439150018, 0.06820281055013133, 0.03644463885652183, 0.1424008239745851, -0.0475355927525287, 0.3188635315536596, 2.0, 6.0, 0.0, -0.0014864790528285043, 0.0020516615880092903, 0.5342632257843962, 0.011398949380604938], "scale": [0.047587572242717785, 0.06756035860103005, 1.0, 28.62656460561991, 0.9735288088255913, 0.9179291960821075, 0.34252093288213104, 0.06251682618836255, 0.470451452544853, 0.3125191497793105, 0.014756404463983408, 0.04228229329119704, 0.005575348065031516, 0.3687271508200032, 0.23905989929803106, 0.008820691955115367, 4.309999465942383, 0.08014161013600563, 1.0, 1.0, 0.10243498148748709, 0.15878299537698404, 0.1604641225436334, 0.23967839874242003, 0.07282514927853057, 0.25887754067387503, 2.0, 7.0, 1.0, 0.027061228194606768, 0.016816316667281228, 0.3200422884438332, 0.04658326802750326], "features": ["SMA20_dist", "SMA50_dist", "sma_cross", "RSI14", "MACD", "MACD_sig", "MACD_hist", "BB_width", "BB_pos", "ATR14", "ret_1d", "ret_5d", "vol_10d", "vol_ratio", "obv_trend", "spy_ret_1d", "vix_level", "vix_change", "vix_regime", "asset_class", "ret_1m", "ret_3m", "ret_6m", "ret_12m", "high52w_dist", "low52w_dist", "day_of_week", "month", "is_options_expiry", "btc_ret_1d", "gold_ret_1d", "corr_spy_20d", "vwap_dist"]}