{"center": [0.004413176292161926, 0.01690859637161432, 1.0, 51.70154842950011, 0.3322574738718558, 0.32189778060085517, -0.030325688251160943, 0.0750301783584541, 0.5739827838710175, 0.9119435347664848, -0.00032122370403286915, 0.00010809839584724479, 0.01165822912737096, 0.6136572973892902, 0.9998714422138913, 0.0009687254047134886, 17.479999542236328, -0.006664472772315133, 1.0, 0.0, 0.015247013646153329, 0.028825250955672677, 0.002225664767976032, 0.03283183822046942, -0.0425094993135353, 0.2240182479544255, 2.0, 6.0, 0.0, 0.0008217691182561548, 0.0018045004095422756, 0.6843883228517639, 0.005090701416458906], "scale": [0.03618184385471206, 0.05483208788823577, 1.0, 23.442500145937395, 1.0816458956717696, 0.9753417500200887, 0.3642348479769364, 0.05063647866398223, 0.4905303198758034, 0.30815199065933285, 0.014679838597940559, 0.033140484238955825, 0.004845738511653187, 0.614793334068553, 0.012634349753797292, 0.008776793810454042, 3.8099989891052246, 0.08033729476685186, 1.0, 1.0, 0.07173755893452338, 0.11473373469155684, 0.09088247115942877, 0.0993170874342203, 0.06230249740780464, 0.18920985010001407, 2.0, 7.0, 1.0, 0.027012418646187863, 0.015853168028752362, 0.23192836930544014, 0.036834833841282395], "features": ["SMA20_dist", "SMA50_dist", "sma_cross", "RSI14", "MACD", "MACD_sig", "MACD_hist", "BB_width", "BB_pos", "ATR14", "ret_1d", "ret_5d", "vol_10d", "vol_ratio", "obv_trend", "spy_ret_1d", "vix_level", "vix_change", "vix_regime", "asset_class", "ret_1m", "ret_3m", "ret_6m", "ret_12m", "high52w_dist", "low52w_dist", "day_of_week", "month", "is_options_expiry", "btc_ret_1d", "gold_ret_1d", "corr_spy_20d", "vwap_dist"]}