{"center": [0.012908693438770087, 0.02814046334200267, 1.0, 51.99205058359988, 0.34362245542122594, 0.3521322692668114, -0.0001586053981813551, 0.13214946958489768, 0.6205183269869957, 1.1593434022278473, -0.00047304773749112794, 0.006163548285811116, 0.019578811188724836, 0.8989575807616885, 0.9927219729186477, 0.0007310498015529188, 17.440000534057617, -0.0036643597696923713, 1.0, 0.0, 0.021146348927399083, 0.0679887011103526, 0.07742946573393361, 0.0, -0.0742740990005657, 0.5693737791925325, 2.0, 7.0, 0.0, -0.00204861414171964, 0.0017929035935666526, 0.8107790358794127, 0.012578245753449013], "scale": [0.06504582151762321, 0.12994048691187976, 1.0, 25.585168632119995, 1.5046810062518468, 1.4224429919134507, 0.3629706915202041, 0.08936794075705382, 0.5494712244885075, 0.3672691454141128, 0.027540629202694344, 0.053617965153417935, 0.009748764413236105, 0.5155132031210098, 0.3244782305129674, 0.00880451577658592, 3.6750001907348633, 0.07816116583009158, 1.0, 1.0, 0.14613128557724608, 0.37391345296995326, 0.3467453729150226, 0.3340001441675121, 0.21351074141624407, 0.5121001342575751, 2.0, 7.0, 1.0, 0.027989156165927676, 0.015124708918487662, 0.21124290287386027, 0.06714486801888044], "features": ["SMA20_dist", "SMA50_dist", "sma_cross", "RSI14", "MACD", "MACD_sig", "MACD_hist", "BB_width", "BB_pos", "ATR14", "ret_1d", "ret_5d", "vol_10d", "vol_ratio", "obv_trend", "spy_ret_1d", "vix_level", "vix_change", "vix_regime", "asset_class", "ret_1m", "ret_3m", "ret_6m", "ret_12m", "high52w_dist", "low52w_dist", "day_of_week", "month", "is_options_expiry", "btc_ret_1d", "gold_ret_1d", "corr_spy_20d", "vwap_dist"]}