{"center": [0.0030784327180538736, 0.007828128366836645, 1.0, 50.37102552033292, 0.23992995631561342, 0.3172384279616737, -0.08860564331936227, 0.14279847311868346, 0.532386419066246, 3.163521668776819, -0.00046301488747269026, -0.002129668597741663, 0.021200547244364487, 0.9151048168912008, 0.9648328092611596, 0.0009429485798330139, 17.239999771118164, -0.008334578568971518, 1.0, 0.0, 0.0015185942786457574, 0.016679005019267334, 0.02742540643812541, 0.16703611226680193, -0.13871640314836114, 0.42148729494067894, 2.0, 6.0, 0.0, 0.0005692244147840197, 0.00195494092813997, 0.3392415984075938, 0.0045031171703899765], "scale": [0.07494402639768938, 0.11185045215411665, 1.0, 24.99918352964989, 2.870481654877562, 2.9674854876920067, 1.1138414880267262, 0.09131903910039366, 0.5323194695270963, 0.9617172354123564, 0.02873204643681526, 0.07219067752986882, 0.011213866376304539, 0.48437478365012054, 0.30879776047785956, 0.008282165130977376, 3.847498893737793, 0.07059294254254561, 1.0, 1.0, 0.1470474854283314, 0.23921739783994891, 0.3729829331764466, 0.36361119554321913, 0.1423975550671423, 0.5170200473558715, 2.0, 7.0, 1.0, 0.02729101808843709, 0.016345762695199356, 0.40635032123568937, 0.07542077673397782], "features": ["SMA20_dist", "SMA50_dist", "sma_cross", "RSI14", "MACD", "MACD_sig", "MACD_hist", "BB_width", "BB_pos", "ATR14", "ret_1d", "ret_5d", "vol_10d", "vol_ratio", "obv_trend", "spy_ret_1d", "vix_level", "vix_change", "vix_regime", "asset_class", "ret_1m", "ret_3m", "ret_6m", "ret_12m", "high52w_dist", "low52w_dist", "day_of_week", "month", "is_options_expiry", "btc_ret_1d", "gold_ret_1d", "corr_spy_20d", "vwap_dist"]}