{"center": [0.003952604392442106, 0.013042356436955184, 1.0, 52.19145818067623, 0.08885200273850558, 0.11422717561914869, -0.004221815193939493, 0.06688288257798666, 0.5717795587534742, 0.3704209186784441, -0.00011672183759336985, 0.002940327187564762, 0.00993377690676843, 0.6695400891414017, 0.9976990770206863, 0.0010938196429841618, 17.399999618530273, -0.006586862594382348, 1.0, 0.0, 0.005924149093420317, 0.05587729442828837, 0.13316304931490874, 0.0, -0.06733946152245113, 0.2799375487900078, 2.0, 6.0, 0.0, -0.00022924323774897726, 0.0010471549570203464, 0.4822767247558003, 0.0055811808089418855], "scale": [0.03519187596639009, 0.07725394296374373, 1.0, 22.5033949264609, 0.6521576740106187, 0.6120087033781618, 0.11143434351642233, 0.030160273824038124, 0.5346023240421924, 0.15469663342121015, 0.013155781951425694, 0.029095911620649895, 0.004774310558695861, 0.7112971140289999, 0.18602836651003718, 0.009791641514205585, 3.919999122619629, 0.0841317578091243, 1.0, 1.0, 0.07192495784820213, 0.13581231198134008, 0.1868097487816477, 0.30227359818826527, 0.14368924632892377, 0.39744604500913694, 2.0, 7.0, 1.0, 0.027889119761400405, 0.015094503018727057, 0.30302705441176325, 0.03492320540275412], "features": ["SMA20_dist", "SMA50_dist", "sma_cross", "RSI14", "MACD", "MACD_sig", "MACD_hist", "BB_width", "BB_pos", "ATR14", "ret_1d", "ret_5d", "vol_10d", "vol_ratio", "obv_trend", "spy_ret_1d", "vix_level", "vix_change", "vix_regime", "asset_class", "ret_1m", "ret_3m", "ret_6m", "ret_12m", "high52w_dist", "low52w_dist", "day_of_week", "month", "is_options_expiry", "btc_ret_1d", "gold_ret_1d", "corr_spy_20d", "vwap_dist"]}