{"center": [0.004339840468160632, 0.016363527520053916, 1.0, 52.58621584963348, 0.42836934879395017, 0.3579020886698911, -0.04300389156896589, 0.10365689605075051, 0.5501686412141115, 2.205116675213875, -0.001990413389564405, 0.0016163778066442536, 0.01665801991011448, 0.8907262664787127, 0.9916580476840218, 0.001277977174232836, 17.389999389648438, -0.004522324550077617, 1.0, 0.0, 0.01475880841889321, 0.023414532313358993, 0.0, 0.0, -0.1610473775182857, 0.2531155774548773, 2.0, 6.0, 0.0, -1.9742508661990676e-05, 0.0014210967336203417, 0.30059721237416664, 0.0040311026425723945], "scale": [0.04760884548758461, 0.09904031161740118, 1.0, 20.141992515925565, 2.2687885674115904, 2.3569396053848433, 0.7217540907057094, 0.062035267643660186, 0.4602861374675399, 0.594721013891417, 0.02002349493029809, 0.05286592414321367, 0.008674868239394843, 0.4159480238269654, 0.42348460805845, 0.009340482113487703, 4.30000114440918, 0.08470658340303616, 1.0, 1.0, 0.1076010473746769, 0.1654784675262846, 0.17460333502059056, 0.06131127389476265, 0.20086584463703436, 0.20905765066383425, 2.0, 7.0, 1.0, 0.027563386110357135, 0.015952873398684453, 0.37897974409929125, 0.049152762103517794], "features": ["SMA20_dist", "SMA50_dist", "sma_cross", "RSI14", "MACD", "MACD_sig", "MACD_hist", "BB_width", "BB_pos", "ATR14", "ret_1d", "ret_5d", "vol_10d", "vol_ratio", "obv_trend", "spy_ret_1d", "vix_level", "vix_change", "vix_regime", "asset_class", "ret_1m", "ret_3m", "ret_6m", "ret_12m", "high52w_dist", "low52w_dist", "day_of_week", "month", "is_options_expiry", "btc_ret_1d", "gold_ret_1d", "corr_spy_20d", "vwap_dist"]}