{"center": [0.00458610743047234, 0.012788115401385696, 1.0, 54.18801882796143, 0.16122633809935394, 0.17864490396882096, -0.00253993918595663, 0.07270612832450118, 0.5707055568082497, 0.7507371089690535, 0.0008580247582703482, 0.004068384222703392, 0.010600657671147477, 0.9293859197978046, 1.044190598213634, 0.0018522768711999316, 17.600000381469727, -0.008316000484173136, 1.0, 0.0, 0.009055444321475425, 0.034780018379098054, 0.05495457654398517, 0.028906883119044657, -0.04514828535523046, 0.2090696880968575, 2.0, 6.0, 0.0, 0.0011828564931994912, 0.0019715725978484144, -0.00427825863285255, 0.004741357562852262], "scale": [0.038342388301861874, 0.07406888614246286, 1.0, 21.35673106248543, 0.8441305652657363, 0.7858797267614722, 0.22233145843163504, 0.04364001080782152, 0.5189729743652011, 0.2634106190926464, 0.015876855766534137, 0.03042582280746231, 0.004102376414155222, 0.3766395270404379, 0.16547235788745218, 0.009020039789023049, 4.365000247955322, 0.07994688500367358, 1.0, 1.0, 0.07933374232694607, 0.12488360882191368, 0.1291061465476251, 0.1727451260442131, 0.06021081765081193, 0.1398201117885523, 2.0, 7.0, 1.0, 0.026540109574491266, 0.015826736727512947, 0.32828546905370526, 0.03805301466480607], "features": ["SMA20_dist", "SMA50_dist", "sma_cross", "RSI14", "MACD", "MACD_sig", "MACD_hist", "BB_width", "BB_pos", "ATR14", "ret_1d", "ret_5d", "vol_10d", "vol_ratio", "obv_trend", "spy_ret_1d", "vix_level", "vix_change", "vix_regime", "asset_class", "ret_1m", "ret_3m", "ret_6m", "ret_12m", "high52w_dist", "low52w_dist", "day_of_week", "month", "is_options_expiry", "btc_ret_1d", "gold_ret_1d", "corr_spy_20d", "vwap_dist"]}