{"center": [0.00020957377107043665, -0.0009851195623549372, 1.0, 49.650755589617894, -0.00041375707209212464, -0.0023046816485317173, -0.00045458943388917983, 0.03126654946081304, 0.5102351364275574, 0.14882668802204613, 0.0, -0.00039954707713574233, 0.00487585047338265, 0.7242610348931048, 1.0637511499964085, 0.000984565078659072, 17.479999542236328, -0.008500003814697288, 1.0, 0.0, 0.0010742411019668552, 0.0, 0.0, 0.0, -0.032988862525058074, 0.08511583273433382, 2.0, 6.0, 0.0, -0.0003342625487465778, 0.0019383092584315254, 0.1818535936548896, -0.00028291762475177076], "scale": [0.015837638283273687, 0.022317554564551992, 1.0, 22.538195588403745, 0.14233446380550419, 0.1282429755114194, 0.04208974226316374, 0.01480124181639315, 0.527757518006895, 0.042370868405554984, 0.005462856376008074, 0.013778187159713629, 0.0020065851275227796, 0.7711546858554594, 0.2791162430176093, 0.009411859483639817, 4.399999618530273, 0.08101073184741903, 1.0, 1.0, 0.026917326403405384, 0.040034384072422824, 0.054792285565588295, 0.04110915590625219, 0.03593928580231291, 0.07035530047121921, 2.0, 7.0, 1.0, 0.02905097550698671, 0.015621506244550776, 0.7601617378659713, 0.015035368070228728], "features": ["SMA20_dist", "SMA50_dist", "sma_cross", "RSI14", "MACD", "MACD_sig", "MACD_hist", "BB_width", "BB_pos", "ATR14", "ret_1d", "ret_5d", "vol_10d", "vol_ratio", "obv_trend", "spy_ret_1d", "vix_level", "vix_change", "vix_regime", "asset_class", "ret_1m", "ret_3m", "ret_6m", "ret_12m", "high52w_dist", "low52w_dist", "day_of_week", "month", "is_options_expiry", "btc_ret_1d", "gold_ret_1d", "corr_spy_20d", "vwap_dist"]}