{"center": [0.02150829205780446, 0.04620311515356526, 1.0, 53.56398252390006, 0.06595210742570656, 0.06744173512718288, 0.01798853776127592, 0.32978527237279653, 0.5855488207861834, 0.5832142318998064, -0.0023640209101961074, 0.018697039335489274, 0.05429375745708614, 0.9575657447012833, 1.0565121946299119, 0.0010681488521721016, 17.280000686645508, -0.007856395917702375, 1.0, 0.0, 0.040121969902903065, 0.1419068550668361, 0.28342758055356665, 0.0, -0.34069849065912355, 1.7938766421511687, 2.0, 6.0, 0.0, -0.0002701146200822513, 0.0017661798901260628, 0.35631788871572934, 0.007737148021745356], "scale": [0.1940693279532108, 0.28772566647296427, 1.0, 26.376904621278783, 0.5899328353849818, 0.5331883954294305, 0.19245492265143394, 0.24819718294767498, 0.5643408340073559, 0.3549999254090445, 0.06494656315145164, 0.1673214655580801, 0.023371567006541784, 0.6775589788719769, 0.5678964913848493, 0.009055165435391532, 4.22499942779541, 0.07601483367101541, 1.0, 1.0, 0.34850606219238145, 0.6021558138782682, 0.621448537571282, 0.8784503795980132, 0.2496522894848746, 1.566474131033196, 2.0, 6.0, 1.0, 0.029166008699265805, 0.013671879310404367, 0.3000454110360202, 0.17534207930601992], "features": ["SMA20_dist", "SMA50_dist", "sma_cross", "RSI14", "MACD", "MACD_sig", "MACD_hist", "BB_width", "BB_pos", "ATR14", "ret_1d", "ret_5d", "vol_10d", "vol_ratio", "obv_trend", "spy_ret_1d", "vix_level", "vix_change", "vix_regime", "asset_class", "ret_1m", "ret_3m", "ret_6m", "ret_12m", "high52w_dist", "low52w_dist", "day_of_week", "month", "is_options_expiry", "btc_ret_1d", "gold_ret_1d", "corr_spy_20d", "vwap_dist"]}