{"center": [0.004356532516495912, 0.011789855810074206, 1.0, 54.06460202993047, 0.31654535380402393, 0.30678217050659584, -0.00038478941587757887, 0.05117414756109924, 0.6039056187727175, 1.0452390719085218, 0.0012808123598025967, 0.003195641509786462, 0.00888992173953518, 0.4461508479265159, 1.039913699438641, 0.0008157996596636075, 17.664999961853027, -0.0067021300257369965, 1.0, 0.0, 0.006864707777750834, 0.023386096061034367, 0.018287284429575612, 0.0, -0.04375974010023567, 0.1544734870034444, 2.0, 6.0, 0.0, -0.0017024351995931775, 0.0014737150512755814, 0.4016211996984196, 0.005245706925267437], "scale": [0.024992403117475023, 0.03348740938486772, 1.0, 17.791650539602273, 0.8064894116024028, 0.7093268761009017, 0.32597756365395636, 0.026200909613271664, 0.4912333937966673, 0.2800593655450647, 0.0116183352510566, 0.024576294971871138, 0.0038712663222184446, 0.5220528581774847, 0.2541481886895952, 0.009133562383250166, 4.230001449584961, 0.07858715240860947, 1.0, 1.0, 0.04032744113806683, 0.06947643506287607, 0.06898400810321675, 0.057461617645398144, 0.05454774910200958, 0.056430591254937934, 2.0, 6.0, 1.0, 0.029106767984318493, 0.015923765389029537, 0.37174477036896153, 0.02769114232124662], "features": ["SMA20_dist", "SMA50_dist", "sma_cross", "RSI14", "MACD", "MACD_sig", "MACD_hist", "BB_width", "BB_pos", "ATR14", "ret_1d", "ret_5d", "vol_10d", "vol_ratio", "obv_trend", "spy_ret_1d", "vix_level", "vix_change", "vix_regime", "asset_class", "ret_1m", "ret_3m", "ret_6m", "ret_12m", "high52w_dist", "low52w_dist", "day_of_week", "month", "is_options_expiry", "btc_ret_1d", "gold_ret_1d", "corr_spy_20d", "vwap_dist"]}