{"center": [0.008736824612159414, -0.010283053650033003, 0.0, 53.45910233009862, -0.21705513057790427, -0.19713782498810634, 0.39005079929932585, 0.1303241243848538, 0.5825251468154548, 9.81239080346769, -8.030215802928842e-05, 0.0019823137323053963, 0.017692738069275363, 0.8760320097144535, 0.9688156442457552, 0.0014106858990835525, 17.25, -0.005438782390179864, 1.0, 0.0, 0.015898591548073604, -0.024357626233539487, -0.048489167668789024, -0.10939754151873915, -0.41724180759362073, 0.2225416477025221, 2.0, 6.0, 0.0, -0.0015843145936428327, 0.001650071760848859, 0.1750438217597089, 0.009226357723567254], "scale": [0.07824741349087733, 0.15065401245072554, 1.0, 31.729252022656652, 15.603039828161798, 14.13410686146466, 4.08066660824282, 0.14128067771676495, 0.5376609908427705, 3.1917689674039558, 0.022038920329011447, 0.06009998417860099, 0.011521325336230421, 0.4462671813362956, 0.3658579583750228, 0.008834199659881081, 3.520000457763672, 0.07823487560871384, 1.0, 1.0, 0.1498983804416487, 0.26105729140615563, 0.367139457056375, 0.42367523072639823, 0.3974582304620818, 0.32001612477381336, 2.0, 6.75, 1.0, 0.026025050675719086, 0.014522120701088326, 0.3326925597277771, 0.0704213166321441], "features": ["SMA20_dist", "SMA50_dist", "sma_cross", "RSI14", "MACD", "MACD_sig", "MACD_hist", "BB_width", "BB_pos", "ATR14", "ret_1d", "ret_5d", "vol_10d", "vol_ratio", "obv_trend", "spy_ret_1d", "vix_level", "vix_change", "vix_regime", "asset_class", "ret_1m", "ret_3m", "ret_6m", "ret_12m", "high52w_dist", "low52w_dist", "day_of_week", "month", "is_options_expiry", "btc_ret_1d", "gold_ret_1d", "corr_spy_20d", "vwap_dist"]}