{"center": [0.012156707248950068, 0.03217321749605036, 1.0, 59.16928907460373, 0.5377286751713442, 0.5119809800839832, -0.001364799662334242, 0.06389518300000888, 0.6978250275187787, 0.6220517631748306, 0.0006101402447912241, 0.005442873057896036, 0.009329208999147829, 0.9368346560926428, 1.0576218712124785, 0.000564471706467784, 17.324999809265137, -0.0006478503255957779, 1.0, 0.0, 0.026213893474989702, 0.06750537409536017, 0.13582099663883085, 0.1679458576934595, -0.023334578744312807, 0.29159360186231886, 2.0, 6.0, 0.0, -0.0018336589963325878, 0.001788531730296361, 0.6984189534361883, 0.012329183071603465], "scale": [0.032844278574757704, 0.05486403214687179, 1.0, 23.846585339504372, 0.9740699613594241, 0.9068472076449305, 0.2509317837696945, 0.04876402309894427, 0.46976734234535694, 0.38972879579285824, 0.011274251464284346, 0.029319114359316167, 0.006797563111953893, 0.5007298662401022, 0.3721711676834991, 0.009448569067899426, 3.8775010108947754, 0.0785440852922118, 1.0, 1.0, 0.060875600718195505, 0.07729755042136338, 0.19146650610924398, 0.2947897911001316, 0.055977642141307314, 0.34646476162955664, 2.0, 7.0, 1.0, 0.02842135135749338, 0.014786691495971643, 0.3061091880393707, 0.032008065179342286], "features": ["SMA20_dist", "SMA50_dist", "sma_cross", "RSI14", "MACD", "MACD_sig", "MACD_hist", "BB_width", "BB_pos", "ATR14", "ret_1d", "ret_5d", "vol_10d", "vol_ratio", "obv_trend", "spy_ret_1d", "vix_level", "vix_change", "vix_regime", "asset_class", "ret_1m", "ret_3m", "ret_6m", "ret_12m", "high52w_dist", "low52w_dist", "day_of_week", "month", "is_options_expiry", "btc_ret_1d", "gold_ret_1d", "corr_spy_20d", "vwap_dist"]}