{"center": [0.00367974857144932, 0.007926688221237894, 1.0, 51.84716552861588, 0.43745403019877926, 0.38074781339593533, 0.012952839742658206, 0.06263830230201226, 0.5780178520415172, 1.7719772155200826, 0.0, 0.0015613893701151849, 0.009950901400027828, 0.8365310821181888, 0.9874524939116366, 0.0013759502770052112, 17.479999542236328, -0.006733946910202238, 1.0, 0.0, 0.010839642297203689, 0.010287029779969536, 0.016018695244773173, 0.0, -0.035913600689672885, 0.12044534987395615, 2.0, 6.0, 0.0, 0.00029724205673309356, 0.0016294519610446923, 0.3100421595758006, 0.004697664571099404], "scale": [0.031633582274420965, 0.037470214987511304, 1.0, 21.03293417130088, 1.3797945772821691, 1.0854993813650258, 0.5588961971067294, 0.035655812140184456, 0.49395866164357816, 0.36731025684025953, 0.01386834483915489, 0.025612359370820792, 0.0038739739672569717, 0.6812869203402212, 0.24309444297565563, 0.00992389212622069, 3.810000419616699, 0.08595186374845365, 1.0, 1.0, 0.05351535110699268, 0.05643759156906469, 0.04776372264053608, 0.05839159767836921, 0.038243010283980236, 0.052553826461776795, 2.0, 7.0, 1.0, 0.02617919266440094, 0.015089150806247675, 0.5056004335640633, 0.03132793349566755], "features": ["SMA20_dist", "SMA50_dist", "sma_cross", "RSI14", "MACD", "MACD_sig", "MACD_hist", "BB_width", "BB_pos", "ATR14", "ret_1d", "ret_5d", "vol_10d", "vol_ratio", "obv_trend", "spy_ret_1d", "vix_level", "vix_change", "vix_regime", "asset_class", "ret_1m", "ret_3m", "ret_6m", "ret_12m", "high52w_dist", "low52w_dist", "day_of_week", "month", "is_options_expiry", "btc_ret_1d", "gold_ret_1d", "corr_spy_20d", "vwap_dist"]}