{"center": [0.006262897664458911, 0.0028428937724324184, 0.0, 53.24188475582807, 0.02511826992494548, 0.03325736358895919, 0.12408931034860027, 0.0783112452073265, 0.5870685860304886, 2.1980633451412617, -0.00032065339255687997, 0.004376811231743161, 0.013922411106099949, 0.8810738368209797, 0.9847848177551568, 0.0006498174681648372, 17.27999973297119, -0.006696289656780374, 1.0, 0.0, 0.018909832801348392, -0.025226494929967147, 0.0, 0.0, -0.17541801984574484, 0.09956504340323041, 2.0, 6.0, 0.0, -5.770796242327014e-05, 0.0019739858527916265, 0.35259933987189845, 0.006321640014117161], "scale": [0.04356112730401111, 0.0903072460388755, 1.0, 19.480114208849898, 2.4656385021661897, 2.148388963427344, 0.6789747264733006, 0.07560708780211241, 0.5433605206032149, 0.6540316126151224, 0.019669300961682235, 0.040514819258435725, 0.0058802788243525, 0.36484765710559386, 0.36538826074415387, 0.008760695130409724, 3.9900002479553223, 0.07931702059660578, 1.0, 1.0, 0.0911799371902414, 0.17403353521051493, 0.20449327456044622, 0.1867475726252478, 0.17278371922683994, 0.16680144856081947, 2.0, 7.0, 1.0, 0.02830007395421613, 0.015379125105344282, 0.3295058130972969, 0.0447350424487664], "features": ["SMA20_dist", "SMA50_dist", "sma_cross", "RSI14", "MACD", "MACD_sig", "MACD_hist", "BB_width", "BB_pos", "ATR14", "ret_1d", "ret_5d", "vol_10d", "vol_ratio", "obv_trend", "spy_ret_1d", "vix_level", "vix_change", "vix_regime", "asset_class", "ret_1m", "ret_3m", "ret_6m", "ret_12m", "high52w_dist", "low52w_dist", "day_of_week", "month", "is_options_expiry", "btc_ret_1d", "gold_ret_1d", "corr_spy_20d", "vwap_dist"]}