{"center": [0.007738447436691046, 0.020419847296531804, 1.0, 57.63708813618511, 3.8028491118279817, 4.149687390310685, -0.2022887238726181, 0.049330359469452745, 0.6703508107621952, 6.720530622537605, 0.0001856190297246929, 0.003054624467512701, 0.007663174235163197, 0.9382983142679785, 1.0342695784856193, 0.0007044991031190939, 17.68000030517578, -0.005025144893802347, 1.0, 0.0, 0.016111010754633837, 0.045806152267350075, 0.0666464183391915, 0.13960110634039835, -0.010592423674225153, 0.26466232909080145, 2.0, 6.0, 0.0, -0.0014864790528285043, 0.0014259144001700363, 0.9996652338916445, 0.008704695204236643], "scale": [0.02210305698638672, 0.03585122266159431, 1.0, 22.55887604681594, 5.58177406584025, 5.282194873668585, 1.6561571223808218, 0.03135470077070749, 0.4288591843238243, 3.231823479291733, 0.009060177027986449, 0.02232183428628909, 0.004159155028872415, 0.5091143722759767, 0.24423865971971936, 0.00908584855978678, 4.229999542236328, 0.08740132483120966, 1.0, 1.0, 0.03966622580986878, 0.067455693552539, 0.11642033230475635, 0.18021968220099183, 0.024395824544609354, 0.19221948596386884, 2.0, 7.0, 1.0, 0.028747750181161158, 0.013895498221527136, 0.0005173403178891922, 0.019679389965816786], "features": ["SMA20_dist", "SMA50_dist", "sma_cross", "RSI14", "MACD", "MACD_sig", "MACD_hist", "BB_width", "BB_pos", "ATR14", "ret_1d", "ret_5d", "vol_10d", "vol_ratio", "obv_trend", "spy_ret_1d", "vix_level", "vix_change", "vix_regime", "asset_class", "ret_1m", "ret_3m", "ret_6m", "ret_12m", "high52w_dist", "low52w_dist", "day_of_week", "month", "is_options_expiry", "btc_ret_1d", "gold_ret_1d", "corr_spy_20d", "vwap_dist"]}