{"center": [-0.0013106408104820177, -0.007543078258413634, 0.0, 48.836132669109375, -0.0712375829252494, -0.07523928460500437, 0.008504481261803892, 0.07326201935497431, 0.48028958069150857, 0.3203876699643544, -0.00040368464263818016, 0.0, 0.011013819282308629, 0.8670803771155635, 1.0422204881356438, 0.0009007924550912261, 17.270000457763672, -0.005438782390179864, 1.0, 0.0, -0.009203645581814468, -0.02000362910163206, 0.0, 0.0, -0.11131288005615941, 0.09584045251543111, 2.0, 6.0, 0.0, -0.0011541041169297328, 0.0017661798901260628, 0.3637068408194539, -0.0009676028357667667], "scale": [0.03291231662182798, 0.06713008906425921, 1.0, 23.417296557791808, 0.4790010971770311, 0.43215486779041606, 0.11913751375526174, 0.03572882518753337, 0.5127370105360534, 0.07796356831736523, 0.015272764677586453, 0.035300477241033384, 0.0038093719492486074, 0.876577467367254, 0.8285443136507245, 0.009042613027442387, 3.642500877380371, 0.08098470940331418, 1.0, 1.0, 0.06725158518267879, 0.12475557514810681, 0.07942136560364851, 0.025652725165535295, 0.06108831315619659, 0.0922061727940425, 2.0, 7.0, 1.0, 0.028087813554674324, 0.0157129536946998, 0.39797193297054173, 0.033981041286790664], "features": ["SMA20_dist", "SMA50_dist", "sma_cross", "RSI14", "MACD", "MACD_sig", "MACD_hist", "BB_width", "BB_pos", "ATR14", "ret_1d", "ret_5d", "vol_10d", "vol_ratio", "obv_trend", "spy_ret_1d", "vix_level", "vix_change", "vix_regime", "asset_class", "ret_1m", "ret_3m", "ret_6m", "ret_12m", "high52w_dist", "low52w_dist", "day_of_week", "month", "is_options_expiry", "btc_ret_1d", "gold_ret_1d", "corr_spy_20d", "vwap_dist"]}