{"center": [0.024546628064229206, 0.06737289054478762, 1.0, 55.645425708324495, 1.494715641719992, 1.6075471060553483, 0.04294038059438576, 0.18733849545420028, 0.6420965956237487, 4.099365779331752, 0.0022128783715827938, 0.008588922631957319, 0.02448966842888988, 0.8690273487544801, 0.9810274061242941, 0.00040950665754546645, 17.81999969482422, -0.0026760061162229842, 1.0, 0.0, 0.05488071041849951, 0.09007747825338241, 0.14373701441682452, 0.0, -0.10355605540578872, 0.6815135872832639, 2.0, 6.0, 0.0, -0.001789934462035292, 0.00057764877057076, 0.5152783974925957, 0.024981520468037588], "scale": [0.09233116199593079, 0.1649075363693987, 1.0, 26.379050904697344, 4.597983268375632, 4.486702727900507, 1.2240284513982829, 0.1268668705742198, 0.550789418718782, 1.5871519361223498, 0.03577809417844366, 0.08095978766651635, 0.012309761925900775, 0.47355307259405044, 0.45773694494287753, 0.009601988719178833, 4.3600006103515625, 0.08462872564178828, 1.0, 1.0, 0.18424708630983025, 0.32940700536200396, 0.3263579141964092, 0.45814236771375233, 0.14354218124551912, 0.41251865346031225, 2.0, 7.0, 1.0, 0.02808603213188654, 0.016266160367319177, 0.34157074729031056, 0.09369592016363167], "features": ["SMA20_dist", "SMA50_dist", "sma_cross", "RSI14", "MACD", "MACD_sig", "MACD_hist", "BB_width", "BB_pos", "ATR14", "ret_1d", "ret_5d", "vol_10d", "vol_ratio", "obv_trend", "spy_ret_1d", "vix_level", "vix_change", "vix_regime", "asset_class", "ret_1m", "ret_3m", "ret_6m", "ret_12m", "high52w_dist", "low52w_dist", "day_of_week", "month", "is_options_expiry", "btc_ret_1d", "gold_ret_1d", "corr_spy_20d", "vwap_dist"]}