{"center": [-0.006218697173022879, -0.010434928091198515, 0.0, 45.34596220815746, -0.049872761918312136, -0.048273418514447886, -0.009189822110208246, 0.06053699980597087, 0.37862571959952124, 0.2309904161979033, -0.00014990842287876394, -0.0031323673282860343, 0.008173969654038517, 0.7492093770393052, 1.006155861078961, 0.0013759502770052112, 17.440000534057617, -0.006733946910202238, 1.0, 0.0, -0.0046261387887118754, -0.027543480855917735, -0.006295518943268519, 0.0, -0.08839597390584755, 0.08870964551900805, 2.0, 6.0, 0.0, -0.0008264678561502592, 0.0019404068737312041, 0.49677678853344875, -0.005897864235275762], "scale": [0.03198112645440469, 0.04591593738658511, 1.0, 26.205397978296887, 0.3208787018640322, 0.3080963539004496, 0.09820847541682184, 0.03432025013757058, 0.5432173203895195, 0.07257792322984119, 0.010990661682334424, 0.027425988942228308, 0.004435512425328036, 0.5922571610658338, 0.21682391234594578, 0.008533098844702214, 4.27500057220459, 0.07926602961126605, 1.0, 1.0, 0.053808096732312294, 0.0862329321065794, 0.09454430404601416, 0.04595829721151573, 0.07184497610258322, 0.09333215182137108, 2.0, 7.0, 1.0, 0.028204452863251572, 0.01470358586916315, 0.351931794784452, 0.03216777623997024], "features": ["SMA20_dist", "SMA50_dist", "sma_cross", "RSI14", "MACD", "MACD_sig", "MACD_hist", "BB_width", "BB_pos", "ATR14", "ret_1d", "ret_5d", "vol_10d", "vol_ratio", "obv_trend", "spy_ret_1d", "vix_level", "vix_change", "vix_regime", "asset_class", "ret_1m", "ret_3m", "ret_6m", "ret_12m", "high52w_dist", "low52w_dist", "day_of_week", "month", "is_options_expiry", "btc_ret_1d", "gold_ret_1d", "corr_spy_20d", "vwap_dist"]}