{"center": [0.011013964721276958, 0.0331707151619521, 1.0, 52.744172888941065, 0.8154381074986787, 0.9386803104811776, 0.05483046770956079, 0.26279524535783433, 0.5535438549385512, 6.97756693743002, 0.0007733334005453063, 0.005048530190178369, 0.04505723699108781, 0.9057971014492754, 0.9958243467664855, 0.0009845075813768034, 17.299999237060547, -0.006626930447881874, 1.0, 0.0, 0.04239070813407442, 0.049990887227679304, 0.0, 0.0, -0.2278872743965226, 0.769139828413755, 2.0, 7.0, 0.0, -0.0007713643170961237, 0.0009103412637567754, 0.6056880525077217, 0.021628689520458082], "scale": [0.1257160250990448, 0.23165741921393085, 1.0, 20.240319799660277, 5.950918566568824, 6.052927897878234, 1.7200716043761484, 0.13469691693869493, 0.49753464485819715, 4.855484404907805, 0.058620195737451086, 0.12897621250419916, 0.01666829573077272, 0.3840953502793857, 0.20682045776299052, 0.008421484544123503, 3.669999122619629, 0.08239728009068753, 1.0, 1.0, 0.23572158397110754, 0.6196928153605364, 1.3394119986266524, 0.7098312941014637, 0.3556711952956102, 2.688429245402092, 2.0, 6.0, 1.0, 0.02634750761609289, 0.014567273318432716, 0.22121414404889583, 0.13054094019929896], "features": ["SMA20_dist", "SMA50_dist", "sma_cross", "RSI14", "MACD", "MACD_sig", "MACD_hist", "BB_width", "BB_pos", "ATR14", "ret_1d", "ret_5d", "vol_10d", "vol_ratio", "obv_trend", "spy_ret_1d", "vix_level", "vix_change", "vix_regime", "asset_class", "ret_1m", "ret_3m", "ret_6m", "ret_12m", "high52w_dist", "low52w_dist", "day_of_week", "month", "is_options_expiry", "btc_ret_1d", "gold_ret_1d", "corr_spy_20d", "vwap_dist"]}