{"center": [0.015433693351500221, 0.046902306573610233, 1.0, 55.53418009964939, 1.4781633374553138, 1.5955488409478638, 0.04935078134804449, 0.13619549997848227, 0.650120993947533, 3.5676290563847135, 0.0, 0.011949182536416192, 0.02035368708481932, 0.9157249277859423, 1.0194019028113666, 0.0004856642941051259, 17.3799991607666, -0.0012722937292578562, 1.0, 0.0, 0.035122936961035967, 0.12065565442246684, 0.06772221792604993, 0.07952339370068717, -0.07380874164936464, 0.6470760923894862, 2.0, 6.0, 0.0, -0.0024415545387781457, 0.0007275678386380324, 0.8072717081311505, 0.015734132640478557], "scale": [0.07131348102088317, 0.12980689423032576, 1.0, 24.213910056537173, 4.851249413404894, 4.7528301423666015, 1.041281223512117, 0.10484074353469545, 0.5036999720323492, 1.1661329990505616, 0.028888808329554927, 0.0576091987648622, 0.009905255861460197, 0.5441065273356307, 0.24227832868915522, 0.00881215667249069, 3.6200003623962402, 0.07633616636656693, 1.0, 1.0, 0.1602127678004578, 0.38432722317147, 0.3207612419139606, 0.43711034953532035, 0.18539504775581625, 0.49605570411093425, 2.0, 7.0, 1.0, 0.027168469039201615, 0.014964109148764781, 0.18743385850783278, 0.06921563167521898], "features": ["SMA20_dist", "SMA50_dist", "sma_cross", "RSI14", "MACD", "MACD_sig", "MACD_hist", "BB_width", "BB_pos", "ATR14", "ret_1d", "ret_5d", "vol_10d", "vol_ratio", "obv_trend", "spy_ret_1d", "vix_level", "vix_change", "vix_regime", "asset_class", "ret_1m", "ret_3m", "ret_6m", "ret_12m", "high52w_dist", "low52w_dist", "day_of_week", "month", "is_options_expiry", "btc_ret_1d", "gold_ret_1d", "corr_spy_20d", "vwap_dist"]}