{"center": [0.010897581858199008, 0.03034065446957324, 1.0, 58.39879663294953, 0.5280388829028233, 0.5059381184706644, -0.002504069402936515, 0.06377557815436366, 0.6859722958276737, 0.644727980407693, 0.0010030080563591115, 0.004912139894784784, 0.00949044413913102, 0.9079915547165156, 1.043759156666558, 0.0011554648782075017, 17.440000534057617, -0.006664472772315133, 1.0, 0.0, 0.02300890405658862, 0.06788360602756038, 0.14127595489843103, 0.1801338310882492, -0.025637843920447337, 0.30887427629547226, 2.0, 6.0, 0.0, -0.0005779958648887695, 0.0015508527855015997, 0.7124575168153373, 0.011202683532703466], "scale": [0.033573276512185876, 0.05651071183170369, 1.0, 22.36844937625682, 0.950560592998114, 0.8936138940828775, 0.24535337765323945, 0.04874356675733618, 0.4665640518596087, 0.4431478439651966, 0.011431511932307042, 0.029132944102176733, 0.007310384857161791, 0.47967101217544905, 0.27561750240080096, 0.008862959225186234, 3.987499237060547, 0.07676961965831358, 1.0, 1.0, 0.061900485303629404, 0.07506543178565445, 0.19064342458328143, 0.3204288158749846, 0.054744082253136594, 0.3552295605246478, 2.0, 7.0, 1.0, 0.02709407556730567, 0.014100383819702494, 0.296340847610973, 0.0333481227841595], "features": ["SMA20_dist", "SMA50_dist", "sma_cross", "RSI14", "MACD", "MACD_sig", "MACD_hist", "BB_width", "BB_pos", "ATR14", "ret_1d", "ret_5d", "vol_10d", "vol_ratio", "obv_trend", "spy_ret_1d", "vix_level", "vix_change", "vix_regime", "asset_class", "ret_1m", "ret_3m", "ret_6m", "ret_12m", "high52w_dist", "low52w_dist", "day_of_week", "month", "is_options_expiry", "btc_ret_1d", "gold_ret_1d", "corr_spy_20d", "vwap_dist"]}