{"center": [0.013931633912313474, 0.0330816709023116, 1.0, 55.21498831787562, 7.762815298866485, 7.600549048096292, 0.40979186007943014, 0.1374131572279877, 0.6066954723958515, 24.688748252099938, 0.00274845372346344, 0.006530713040133529, 0.023020078669145, 0.9457817062583853, 0.993201204296504, 0.0005686124327104469, 17.479999542236328, -0.005211721284556381, 1.0, 0.0, 0.04228007970519143, 0.08823805482177072, 0.11949037734477153, 0.0, -0.19156974777552344, 0.32037204990914425, 2.0, 6.0, 0.0, 0.00038358610925337544, 0.0019383092584315254, 0.6497010217916086, 0.016312284087262683], "scale": [0.07309449852755852, 0.134938010044221, 1.0, 23.65139642569764, 33.11810295412147, 32.416547606224995, 10.232021742299345, 0.10222427749330454, 0.4816815095074828, 17.7367069124394, 0.03092598751199349, 0.06145589640257065, 0.011736313169211615, 0.451941604832621, 0.33847376925174866, 0.009285034000950154, 4.510000228881836, 0.08259809338127677, 1.0, 1.0, 0.13303985990123046, 0.29487087919532884, 0.46941689034471934, 0.7538880815652378, 0.2897556054296531, 0.9747512329785551, 2.0, 7.0, 1.0, 0.02872894670569537, 0.01509778205042378, 0.2583301723186995, 0.07424487305273876], "features": ["SMA20_dist", "SMA50_dist", "sma_cross", "RSI14", "MACD", "MACD_sig", "MACD_hist", "BB_width", "BB_pos", "ATR14", "ret_1d", "ret_5d", "vol_10d", "vol_ratio", "obv_trend", "spy_ret_1d", "vix_level", "vix_change", "vix_regime", "asset_class", "ret_1m", "ret_3m", "ret_6m", "ret_12m", "high52w_dist", "low52w_dist", "day_of_week", "month", "is_options_expiry", "btc_ret_1d", "gold_ret_1d", "corr_spy_20d", "vwap_dist"]}