{"center": [0.0062972291102298215, 0.004453074075961331, 1.0, 53.241909709645256, 0.12067749592952026, 0.10062335594243774, 0.1232660527054466, 0.07935960267844687, 0.5875749552660817, 2.208508523492145, -0.0001301193272251755, 0.004680348039701188, 0.014099170323528969, 0.8842536517423488, 0.984312632713226, 0.0009007407562884318, 17.34999942779541, -0.008035713733259009, 1.0, 0.0, 0.019811998461576663, -0.021342426875657516, 0.0, 0.0, -0.17499105295804185, 0.10179962939371612, 2.0, 6.0, 0.0, 0.00013874977403555144, 0.0019739858527916265, 0.35320057202642585, 0.006468169052720233], "scale": [0.04400543263435859, 0.09165400262454221, 1.0, 19.504137230454795, 2.5060460256333954, 2.1628812169676457, 0.6768631255124411, 0.07689827670306508, 0.5402016388162713, 0.6528783565119329, 0.01969471421161126, 0.03971560948514752, 0.005933661044636591, 0.362935928062058, 0.4143110142462111, 0.008798580943165851, 3.9100003242492676, 0.07967732954860579, 1.0, 1.0, 0.09484973164457736, 0.1765874349725787, 0.21141011934302006, 0.16902516241111645, 0.17557320974626894, 0.17169640640154543, 2.0, 7.0, 1.0, 0.028633759444953, 0.015584773209647379, 0.33704161134781374, 0.04460807416787452], "features": ["SMA20_dist", "SMA50_dist", "sma_cross", "RSI14", "MACD", "MACD_sig", "MACD_hist", "BB_width", "BB_pos", "ATR14", "ret_1d", "ret_5d", "vol_10d", "vol_ratio", "obv_trend", "spy_ret_1d", "vix_level", "vix_change", "vix_regime", "asset_class", "ret_1m", "ret_3m", "ret_6m", "ret_12m", "high52w_dist", "low52w_dist", "day_of_week", "month", "is_options_expiry", "btc_ret_1d", "gold_ret_1d", "corr_spy_20d", "vwap_dist"]}