{"center": [0.0016484543746320163, 0.0036908675965835924, 1.0, 51.93513457122959, 0.9292292395874142, 0.5095924216874032, -0.12180762464883799, 0.07073382665111165, 0.5334934874683894, 9.683790962474657, 0.00032783765635935325, 0.0008896768964030688, 0.01110109776077749, 0.9649203708280918, 1.0290865948491226, 0.0005564804700675108, 17.850000381469727, -0.006626930447881874, 1.0, 0.0, 0.0023556725859936734, 0.011100535404584333, 0.008796296095107792, 0.0, -0.04517398784912404, 0.20038861076066972, 2.0, 6.0, 0.0, -9.567341618454961e-05, 0.0014210967336203417, 0.4819065720851829, 0.0025319413820392707], "scale": [0.033348163830424805, 0.0630822323896599, 1.0, 22.621914674458942, 9.402512543020407, 9.161299275800754, 2.4597536197507957, 0.04052073944759657, 0.5038467670769502, 3.380835838181131, 0.013581486504886109, 0.03485515311811582, 0.005162957597542078, 0.35749712419862223, 0.22177782168605442, 0.009131379124685313, 4.579999923706055, 0.08254439244721701, 1.0, 1.0, 0.07335995695575381, 0.09654907698169668, 0.12136364307072212, 0.04684335242477111, 0.08123030231396496, 0.12540136086254852, 2.0, 7.0, 1.0, 0.026757908508461825, 0.014997603209742638, 0.36853407489074785, 0.032588445051188554], "features": ["SMA20_dist", "SMA50_dist", "sma_cross", "RSI14", "MACD", "MACD_sig", "MACD_hist", "BB_width", "BB_pos", "ATR14", "ret_1d", "ret_5d", "vol_10d", "vol_ratio", "obv_trend", "spy_ret_1d", "vix_level", "vix_change", "vix_regime", "asset_class", "ret_1m", "ret_3m", "ret_6m", "ret_12m", "high52w_dist", "low52w_dist", "day_of_week", "month", "is_options_expiry", "btc_ret_1d", "gold_ret_1d", "corr_spy_20d", "vwap_dist"]}