{"center": [0.0019144392340779202, 0.0030859585802827127, 1.0, 53.230954010787315, 0.11040499917950797, 0.08470718778817753, -0.0059096793612526954, 0.02346133354367962, 0.5958469848358838, 0.5424572625611741, 9.257614830837646e-05, 0.00036009065431041876, 0.0034997974163678237, 0.9805487015138181, 1.0129820553108053, 0.0009686732409327492, 17.289999961853027, -0.009640895366577473, 1.0, 0.0, 0.004324146000693974, 0.005716493180726423, 0.004414377494674104, 0.029214047607846405, -0.0163085121700578, 0.06055190254916867, 2.0, 6.0, 0.0, -0.000165364255538758, 0.001788531730296361, 0.3653041243625892, 0.0020370807966926764], "scale": [0.010581677521864698, 0.015192538831634194, 1.0, 20.56378161639612, 0.44078186311320167, 0.4280654280819408, 0.1786826300827457, 0.013688487943179926, 0.46255396202106236, 0.14372028877823106, 0.004877605121061612, 0.009884606837931437, 0.0012393185416266265, 0.3675864084152911, 0.5538195978357349, 0.008819716957095325, 3.8274998664855957, 0.07746820580588404, 1.0, 1.0, 0.018229591128723882, 0.026499968516012135, 0.04149553590060251, 0.057293559099982294, 0.0216574170090289, 0.05399261135642412, 2.0, 7.0, 1.0, 0.027234892019929124, 0.014172583009533252, 0.5376437783693808, 0.010335051278554911], "features": ["SMA20_dist", "SMA50_dist", "sma_cross", "RSI14", "MACD", "MACD_sig", "MACD_hist", "BB_width", "BB_pos", "ATR14", "ret_1d", "ret_5d", "vol_10d", "vol_ratio", "obv_trend", "spy_ret_1d", "vix_level", "vix_change", "vix_regime", "asset_class", "ret_1m", "ret_3m", "ret_6m", "ret_12m", "high52w_dist", "low52w_dist", "day_of_week", "month", "is_options_expiry", "btc_ret_1d", "gold_ret_1d", "corr_spy_20d", "vwap_dist"]}