{"center": [0.014984512515616692, 0.025583270598653902, 1.0, 55.573257913459614, 1.1223860510050656, 1.0432961548607498, 0.22826349147828573, 0.12237437164636872, 0.6122548185390325, 3.4293100216364008, -8.484101754935303e-05, 0.009495746454929455, 0.017384525093155263, 0.9496665781706307, 1.0243128085098747, 0.0014456352254532678, 17.280000686645508, -0.006670313141271755, 1.0, 0.0, 0.03209258847827634, 0.03668792570563273, 0.06446778318113289, 0.0, -0.09335290181689514, 0.39166620914001005, 2.0, 6.0, 0.0, -0.00032588834829794244, 0.0019383092584315254, 0.18174475597161707, 0.014107337811162222], "scale": [0.05331532891887375, 0.06776295261660253, 1.0, 22.143068535064714, 2.649367814027329, 2.4841412769349303, 1.187465783113883, 0.07372412878202979, 0.4409521689590993, 1.341886328571666, 0.02151598700271662, 0.05150558566715535, 0.006505607224868053, 0.46407479520109807, 0.5588863526978666, 0.00841286750080783, 3.859999656677246, 0.07689777318000679, 1.0, 1.0, 0.10310246761496966, 0.17738538121451153, 0.2349619756075061, 0.23928335144834523, 0.09935440279445204, 0.429710200419662, 2.0, 7.0, 1.0, 0.02717111436740771, 0.015074854641281554, 0.5308498533772241, 0.05397225183863756], "features": ["SMA20_dist", "SMA50_dist", "sma_cross", "RSI14", "MACD", "MACD_sig", "MACD_hist", "BB_width", "BB_pos", "ATR14", "ret_1d", "ret_5d", "vol_10d", "vol_ratio", "obv_trend", "spy_ret_1d", "vix_level", "vix_change", "vix_regime", "asset_class", "ret_1m", "ret_3m", "ret_6m", "ret_12m", "high52w_dist", "low52w_dist", "day_of_week", "month", "is_options_expiry", "btc_ret_1d", "gold_ret_1d", "corr_spy_20d", "vwap_dist"]}