{"center": [0.002942550020725453, 0.0072826461853153605, 1.0, 52.000922589272434, 0.09897712006700843, 0.1398391516956345, 0.0035754785497039976, 0.06660504819299236, 0.5546078118997232, 0.6084427881797233, -0.0004470159582867228, 0.00013545782163237874, 0.009834399026520366, 0.9727144035726949, 0.9804188230287738, 0.0009428969275647736, 17.494999885559082, -0.0067330833557224246, 1.0, 0.0, 0.004362864443804515, 0.016760738924260776, 0.01593788222326986, 0.0, -0.06135417545269439, 0.18606704956975637, 2.0, 6.0, 0.0, -0.0007965467490635425, 0.001709445736939541, 0.6134967060467358, 0.004336349203738267], "scale": [0.03557643348223288, 0.047317888408634094, 1.0, 21.687813869005176, 0.6458680903515841, 0.5970134647705744, 0.20808181904418716, 0.03573956658882021, 0.5292636356401177, 0.1850280552022684, 0.013597740002402992, 0.032291901218879815, 0.003323969746159703, 0.4190179498952248, 0.6074830138837236, 0.009105638266026006, 3.609999656677246, 0.08329454420091953, 1.0, 1.0, 0.07451020132025732, 0.09089108499135509, 0.09120951873367139, 0.09847909008958355, 0.05804807984420516, 0.15369552586647042, 2.0, 7.0, 1.0, 0.02759451030704227, 0.015091345229917702, 0.23404812241443274, 0.03565587472432644], "features": ["SMA20_dist", "SMA50_dist", "sma_cross", "RSI14", "MACD", "MACD_sig", "MACD_hist", "BB_width", "BB_pos", "ATR14", "ret_1d", "ret_5d", "vol_10d", "vol_ratio", "obv_trend", "spy_ret_1d", "vix_level", "vix_change", "vix_regime", "asset_class", "ret_1m", "ret_3m", "ret_6m", "ret_12m", "high52w_dist", "low52w_dist", "day_of_week", "month", "is_options_expiry", "btc_ret_1d", "gold_ret_1d", "corr_spy_20d", "vwap_dist"]}