{"center": [-0.013866062743646544, -0.05953823989878226, 0.0, 46.900828874841274, -0.9645368487976924, -1.011028084146389, 0.19008632561542083, 0.17211410396739651, 0.40759676990526744, 2.161799936901388, -0.0014168901373268206, -0.005315378716792329, 0.02360394150406297, 0.8907531875130319, 1.0238530325475008, 0.0014268092873082061, 17.479999542236328, -0.006733946910202238, 1.0, 0.0], "scale": [0.09560760671387114, 0.1315417881311281, 1.0, 27.337346179660983, 3.2187562954976556, 3.2138007285664347, 0.8964421345989201, 0.12887355108479204, 0.5511060214003953, 1.0652184243061906, 0.02950650051673509, 0.08328331447660109, 0.014201716991714082, 0.44642267496254195, 0.291333335620103, 0.008735872772519637, 4.369999885559082, 0.0783906873491994, 1.0, 1.0], "features": ["SMA20_dist", "SMA50_dist", "sma_cross", "RSI14", "MACD", "MACD_sig", "MACD_hist", "BB_width", "BB_pos", "ATR14", "ret_1d", "ret_5d", "vol_10d", "vol_ratio", "obv_trend", "spy_ret_1d", "vix_level", "vix_change", "vix_regime", "asset_class"]}