{"center": [0.005276730344322673, 0.004967083316753882, 1.0, 53.38434410496939, 0.3517612145858351, 0.4097839649809805, 0.13154988905988496, 0.08836485571560607, 0.5740680434553974, 3.9460937874650557, 0.00037923915931670216, 0.003119067498516759, 0.013089363255115418, 0.9365349233696106, 0.9710502129342922, 0.0005183804774587797, 17.84000015258789, -0.00530235080777558, 1.0, 0.0, 0.007480987686843132, 0.02039259153449058, 0.03370852852939821, 0.0, -0.07405243677451644, 0.17246366179183578, 2.0, 6.0, 0.0, -0.0011541041169297328, 0.0009256230818284195, 0.44508675650749036, 0.006133148521094561], "scale": [0.045633795869220915, 0.07914632776589917, 1.0, 24.81561562855132, 4.34316519377127, 4.085389754830157, 1.4980387950257152, 0.08638608183529019, 0.48560143573525383, 1.476218151171115, 0.014464497858028502, 0.034988589787308955, 0.007609536119660896, 0.40598349545508594, 0.986562887940135, 0.008896286873237846, 4.169999122619629, 0.0815851884855257, 1.0, 1.0, 0.07608119607779379, 0.16851562711466417, 0.10941649251999497, 0.09914306346336083, 0.07630912341413694, 0.11846063955782196, 2.0, 7.0, 1.0, 0.02929902668429024, 0.01750506820615577, 0.30072539929581127, 0.04593207235962443], "features": ["SMA20_dist", "SMA50_dist", "sma_cross", "RSI14", "MACD", "MACD_sig", "MACD_hist", "BB_width", "BB_pos", "ATR14", "ret_1d", "ret_5d", "vol_10d", "vol_ratio", "obv_trend", "spy_ret_1d", "vix_level", "vix_change", "vix_regime", "asset_class", "ret_1m", "ret_3m", "ret_6m", "ret_12m", "high52w_dist", "low52w_dist", "day_of_week", "month", "is_options_expiry", "btc_ret_1d", "gold_ret_1d", "corr_spy_20d", "vwap_dist"]}