{"center": [-0.0076621253251567155, -0.0109163042121951, 1.0, 50.30302259657609, -0.006293567778691944, -0.003889550449329245, 0.003825153169241452, 0.21914687638468852, 0.46173104110549773, 0.2807143075125558, -0.0019194297137458127, 0.0, 0.03704533974019882, 0.9116030130020593, 1.0163389083349301, 0.000984565078659072, 17.600000381469727, -0.010543869546671303, 1.0, 0.0, -0.012722633961057661, 0.004255315263436366, 0.0, 0.05054945262240507, -0.34220530481045297, 0.501362428974652, 2.0, 6.0, 0.0, 0.0008420581944230676, 0.0015263333689308212, 0.20910540751902457, -0.009095052348612222], "scale": [0.11499437663410034, 0.22680560244800116, 1.0, 19.663862476965207, 0.3005313234889382, 0.30412792695420077, 0.0755947170449317, 0.1590535708480261, 0.5010010774825714, 0.11999993664877753, 0.049289171309877755, 0.09941786257179452, 0.01759401543314717, 0.5092076549715615, 0.12978552131976384, 0.008996045125034935, 4.280000686645508, 0.07448216382110251, 1.0, 1.0, 0.2273311145431245, 0.4015671254497296, 0.2391295628511939, 0.31887196260686546, 0.17016045529274548, 0.5108710297338244, 2.0, 7.0, 1.0, 0.028350280535474837, 0.014662824459591772, 0.35186577326620977, 0.12250990415533872], "features": ["SMA20_dist", "SMA50_dist", "sma_cross", "RSI14", "MACD", "MACD_sig", "MACD_hist", "BB_width", "BB_pos", "ATR14", "ret_1d", "ret_5d", "vol_10d", "vol_ratio", "obv_trend", "spy_ret_1d", "vix_level", "vix_change", "vix_regime", "asset_class", "ret_1m", "ret_3m", "ret_6m", "ret_12m", "high52w_dist", "low52w_dist", "day_of_week", "month", "is_options_expiry", "btc_ret_1d", "gold_ret_1d", "corr_spy_20d", "vwap_dist"]}