{"center": [-0.011746939451010406, -0.024665359897251583, 0.0, 46.172472489271414, -1.0216348472548873, -0.9358228119557783, -0.15818029559852376, 0.15995392542878956, 0.41318338077722255, 5.153429303850446, 0.0008609474348073576, -0.007579671963715007, 0.019233422807728887, 0.9532662519604561, 0.9658325179428956, 0.0013579397972762752, 17.479999542236328, -0.006586862594382348, 1.0, 0.0, -0.02721629287073002, -0.06617080312892543, -0.0804860567493022, 0.0, -0.22794966225430455, 0.24191717053811623, 2.0, 6.0, 0.0, -0.0016352711961346023, 0.0007275678386380324, 0.5274435741578282, -0.008624376422797925], "scale": [0.08263598302569525, 0.16068704182162594, 1.0, 26.453074601717375, 7.74857199792126, 7.8305696851483795, 1.9106208064381835, 0.1229321186251313, 0.5140930917499456, 1.2959286825997491, 0.029567717911548996, 0.05980467431074504, 0.014466263801819016, 0.44345614256859955, 0.7358842949972393, 0.009100259489039253, 4.160000801086426, 0.09076350923260762, 1.0, 1.0, 0.17511117257558517, 0.3714833085931267, 0.2770029273769352, 0.32131302217952556, 0.28710201195822127, 0.2544457528399119, 2.0, 7.0, 1.0, 0.027634746570569912, 0.015787875535659357, 0.4980409747346156, 0.08017051604674875], "features": ["SMA20_dist", "SMA50_dist", "sma_cross", "RSI14", "MACD", "MACD_sig", "MACD_hist", "BB_width", "BB_pos", "ATR14", "ret_1d", "ret_5d", "vol_10d", "vol_ratio", "obv_trend", "spy_ret_1d", "vix_level", "vix_change", "vix_regime", "asset_class", "ret_1m", "ret_3m", "ret_6m", "ret_12m", "high52w_dist", "low52w_dist", "day_of_week", "month", "is_options_expiry", "btc_ret_1d", "gold_ret_1d", "corr_spy_20d", "vwap_dist"]}