{"center": [0.00814582887301023, 0.01715317800971816, 1.0, 57.5072936341301, 0.47513683868885437, 0.5002282484742053, 0.016688240810206867, 0.040725829939252514, 0.7049869680811324, 0.8957889987213018, 0.00033421982389059135, 0.0037252157514768847, 0.006399831887035645, 0.8832587292848166, 0.9833911341465803, 0.0009428969275647736, 17.420000076293945, -0.006103243584815343, 1.0, 0.0, 0.018026559279898824, 0.031683001537781585, 0.07333756622284915, 0.06400309114794966, -0.013299388185906619, 0.17227339166688801, 2.0, 6.0, 0.0, -0.0003300754485222601, 0.0009665407750373278, 0.4670640476616271, 0.008826560152613924], "scale": [0.017162284966927732, 0.02667665153553832, 1.0, 16.225298137784712, 0.6010724279388597, 0.5540503216088589, 0.27815121008450544, 0.02012724676129197, 0.4164248198722883, 0.23689034621863414, 0.009243476310314969, 0.016847777068615233, 0.00221199362868014, 0.4600860453360125, 0.3685649978567286, 0.009261456599006318, 3.9150004386901855, 0.08438211832038578, 1.0, 1.0, 0.03344965667205252, 0.06376435678451747, 0.10684459062351681, 0.1586348321729797, 0.028377522337944147, 0.06849421205043552, 2.0, 7.0, 1.0, 0.027012418646187863, 0.014862035147528208, 0.32841294363735474, 0.017629795897978445], "features": ["SMA20_dist", "SMA50_dist", "sma_cross", "RSI14", "MACD", "MACD_sig", "MACD_hist", "BB_width", "BB_pos", "ATR14", "ret_1d", "ret_5d", "vol_10d", "vol_ratio", "obv_trend", "spy_ret_1d", "vix_level", "vix_change", "vix_regime", "asset_class", "ret_1m", "ret_3m", "ret_6m", "ret_12m", "high52w_dist", "low52w_dist", "day_of_week", "month", "is_options_expiry", "btc_ret_1d", "gold_ret_1d", "corr_spy_20d", "vwap_dist"]}