{"center": [0.014585117325559564, 0.031975422211106885, 1.0, 55.76036557287383, 0.12675238942818456, 0.12346501565161985, 0.013668614295102605, 0.09881436596011539, 0.6776458726577184, 0.27568841100799557, 0.0014524783110054784, 0.010690159662143817, 0.014638002951412234, 0.9658641274916269, 1.0635249823315833, 0.0014361761686256802, 17.494999885559082, -0.006664472772315133, 1.0, 0.0, 0.02782056423783752, 0.09573212609139625, 0.20370236665840635, 0.022630807527908803, -0.0695793636843686, 0.35804514144885075, 2.0, 6.0, 0.0, -0.0018336589963325878, 0.0014761238845504288, 0.5603675352756223, 0.015952662072380733], "scale": [0.04878731119536792, 0.09062556565188738, 1.0, 20.84816057854649, 0.37397904939450033, 0.30765798938290745, 0.07717509631106755, 0.059357641032117964, 0.4786787665716622, 0.27824768019566204, 0.019426771971649076, 0.04442179883156422, 0.007621179524454413, 0.5261605715036617, 0.2574698489895211, 0.008972908544237462, 3.9050002098083496, 0.07622759567374104, 1.0, 1.0, 0.09512374959176664, 0.15225426450599597, 0.2921877572605831, 0.5773650885555195, 0.15063778006762438, 0.6293499399633092, 2.0, 7.0, 1.0, 0.0288983589291249, 0.01605598532015906, 0.28753977183953505, 0.04936552734951652], "features": ["SMA20_dist", "SMA50_dist", "sma_cross", "RSI14", "MACD", "MACD_sig", "MACD_hist", "BB_width", "BB_pos", "ATR14", "ret_1d", "ret_5d", "vol_10d", "vol_ratio", "obv_trend", "spy_ret_1d", "vix_level", "vix_change", "vix_regime", "asset_class", "ret_1m", "ret_3m", "ret_6m", "ret_12m", "high52w_dist", "low52w_dist", "day_of_week", "month", "is_options_expiry", "btc_ret_1d", "gold_ret_1d", "corr_spy_20d", "vwap_dist"]}