{"center": [0.004022448196288769, 0.007171985382250148, 1.0, 51.833255136997685, 0.18566007918681038, 0.1610410916275869, 0.002980641101558948, 0.05972972654204599, 0.5795532806751729, 0.8495952072559001, 0.000344179375928344, 0.00038433559248363114, 0.010156292949052782, 0.9110169955825089, 0.878694025444412, 0.0013180112206383487, 17.80500030517578, -0.0067012664712571834, 1.0, 0.0, 0.009067873988509945, 0.005322902289322418, 0.00044100349180420384, 0.0, -0.045502066151029114, 0.12288474581517632, 2.0, 6.0, 0.0, 8.154757069173124e-05, 0.0016024120815585352, 0.4173580611491091, 0.005756180622885666], "scale": [0.030673695288135662, 0.03988554018374224, 1.0, 20.93579495494246, 0.6937115452429108, 0.6147997525045963, 0.23857228067862496, 0.032272159475811746, 0.5295424503651787, 0.20589494815294218, 0.014129604193239609, 0.0282415576204032, 0.004026517069423181, 0.5566640809988266, 0.931887045748963, 0.008806136023967126, 3.929999828338623, 0.07853707981209607, 1.0, 1.0, 0.05312746708679014, 0.0503548682995289, 0.05600163967737384, 0.03681208115136125, 0.03842179159211802, 0.07411385656269066, 2.0, 7.0, 1.0, 0.027442488590796843, 0.014216017567407008, 0.4298856970828284, 0.030752287700753597], "features": ["SMA20_dist", "SMA50_dist", "sma_cross", "RSI14", "MACD", "MACD_sig", "MACD_hist", "BB_width", "BB_pos", "ATR14", "ret_1d", "ret_5d", "vol_10d", "vol_ratio", "obv_trend", "spy_ret_1d", "vix_level", "vix_change", "vix_regime", "asset_class", "ret_1m", "ret_3m", "ret_6m", "ret_12m", "high52w_dist", "low52w_dist", "day_of_week", "month", "is_options_expiry", "btc_ret_1d", "gold_ret_1d", "corr_spy_20d", "vwap_dist"]}