{"center": [0.011593124629719839, 0.04139775654214993, 1.0, 52.66170763118786, 0.6265764157493052, 0.6676006951150365, -0.0025563224497494597, 0.18922087191488848, 0.5731444095164986, 2.09285763331822, -0.0002505217131403281, 0.0027247837045163426, 0.027341688470449214, 0.9035687167805618, 1.0051154591610887, 0.0014267172797870487, 17.389999389648438, -0.008169153323245748, 1.0, 0.0, 0.04637215680210449, 0.012293155251598131, -0.0005625837795615318, 0.0, -0.31318535694063265, 0.43469022385275174, 2.0, 6.0, 0.0, -0.0016327534538667088, 0.0005219558189655249, 0.502533683400186, 0.01432133043367406], "scale": [0.10236577031106503, 0.19640995137735484, 1.0, 26.896746745885018, 2.54353299810672, 2.59768921108155, 0.6140080871442727, 0.13610512176851797, 0.5471070199079506, 0.7360722678048273, 0.03454533090805645, 0.08485467929078166, 0.014096566176719609, 0.41283781908286965, 0.7148408532547261, 0.008966343621737427, 4.5, 0.07585610485030764, 1.0, 1.0, 0.22829561804324427, 0.5184814325246654, 0.15970774675858257, 0.18077057810613262, 0.1792678908075542, 0.3314019344379793, 2.0, 6.0, 1.0, 0.02591817389362261, 0.015084625918268979, 0.4089349664112425, 0.1037548885482912], "features": ["SMA20_dist", "SMA50_dist", "sma_cross", "RSI14", "MACD", "MACD_sig", "MACD_hist", "BB_width", "BB_pos", "ATR14", "ret_1d", "ret_5d", "vol_10d", "vol_ratio", "obv_trend", "spy_ret_1d", "vix_level", "vix_change", "vix_regime", "asset_class", "ret_1m", "ret_3m", "ret_6m", "ret_12m", "high52w_dist", "low52w_dist", "day_of_week", "month", "is_options_expiry", "btc_ret_1d", "gold_ret_1d", "corr_spy_20d", "vwap_dist"]}