{"center": [0.009688401582084833, 0.027769687315138084, 1.0, 55.91218819326362, 1.605317550534096, 1.4649216941860188, -0.05386744439469382, 0.07093822881019264, 0.6514675522807457, 3.0421999075061814, 0.0007475020614138295, 0.0035713864473374546, 0.010275209244175028, 0.8925396791398034, 1.036756976919214, 0.0004803706386860007, 17.350000381469727, -0.004632673488730754, 1.0, 0.0, 0.022403847733303506, 0.054799047171345094, 0.06918048753512496, 0.07913478960374087, -0.026363133856345866, 0.3014918113021847, 2.0, 6.0, 0.0, -0.0008264678561502592, 0.0017481999132260562, 0.8767929791781468, 0.009456233450623639], "scale": [0.029238996222361587, 0.050690564679293386, 1.0, 20.708661976974014, 2.66570765829033, 2.543666440439275, 0.6966920979719996, 0.043998735126822675, 0.40831406222354083, 1.289514944296907, 0.015432729064781936, 0.030294648448630335, 0.004789804050164128, 0.4875769715415794, 0.1835068600919143, 0.008907247890097114, 3.510000228881836, 0.07807626406117885, 1.0, 1.0, 0.05845260653296175, 0.09844880068625694, 0.13440458847798342, 0.17667933190053597, 0.047928230043700906, 0.18894891584703616, 2.0, 7.0, 1.0, 0.027100611918519812, 0.014248691642276101, 0.07626291498133564, 0.028293199373112362], "features": ["SMA20_dist", "SMA50_dist", "sma_cross", "RSI14", "MACD", "MACD_sig", "MACD_hist", "BB_width", "BB_pos", "ATR14", "ret_1d", "ret_5d", "vol_10d", "vol_ratio", "obv_trend", "spy_ret_1d", "vix_level", "vix_change", "vix_regime", "asset_class", "ret_1m", "ret_3m", "ret_6m", "ret_12m", "high52w_dist", "low52w_dist", "day_of_week", "month", "is_options_expiry", "btc_ret_1d", "gold_ret_1d", "corr_spy_20d", "vwap_dist"]}