{"center": [0.004829003730686005, 0.012461153846472662, 1.0, 51.46135911581246, 0.07197558199428755, 0.07663015849238089, 0.02178708150049352, 0.09904832286703416, 0.541817804214631, 1.232864208722299, 0.0007782982583661724, 0.002341349085462352, 0.0166545392218255, 0.9045526828575741, 1.0145556815468795, 0.0010391464108796544, 17.260000228881836, -0.00615351204657788, 1.0, 0.0, 0.008820983906895341, 0.022090234770540285, 0.011847353394632054, 0.0, -0.07999940178233025, 0.30718695347408576, 2.0, 6.0, 0.0, -0.0019091066723856964, 0.0016536143054527441, 0.16427318111860545, 0.004935461889659091], "scale": [0.04844977286345685, 0.07317975340768218, 1.0, 22.091120505962245, 1.1380487158558719, 1.0948657827136992, 0.33646879885927217, 0.05183921968329226, 0.49511012585413405, 0.3266400320280971, 0.02075684807159825, 0.04650685810377542, 0.00912452736037897, 0.3666401775728646, 0.1084971755136993, 0.009322947611815124, 3.5824999809265137, 0.08169639752390423, 1.0, 1.0, 0.08580826116952658, 0.17608849972868726, 0.328366471658845, 0.038548153010343256, 0.18949540010252763, 0.2372400620838789, 2.0, 7.0, 1.0, 0.028886008873743874, 0.016717833346645367, 0.47568561607895427, 0.048071172337576705], "features": ["SMA20_dist", "SMA50_dist", "sma_cross", "RSI14", "MACD", "MACD_sig", "MACD_hist", "BB_width", "BB_pos", "ATR14", "ret_1d", "ret_5d", "vol_10d", "vol_ratio", "obv_trend", "spy_ret_1d", "vix_level", "vix_change", "vix_regime", "asset_class", "ret_1m", "ret_3m", "ret_6m", "ret_12m", "high52w_dist", "low52w_dist", "day_of_week", "month", "is_options_expiry", "btc_ret_1d", "gold_ret_1d", "corr_spy_20d", "vwap_dist"]}