{"center": [0.0018103409063926568, 0.007169101241555694, 1.0, 56.7503162135264, 0.1509944687074949, 0.15925421441361562, -0.012784424112362108, 0.014568287796970744, 0.662352424047743, 0.2273247856425087, 0.00012482328122875863, 0.0008814413936251153, 0.002185874665661504, 0.9618691848145452, 1.03157992209988, 0.0007605411933127026, 17.600000381469727, -0.006626930447881874, 1.0, 0.0, 0.005079798768785615, 0.015796881369880333, 0.02801064290813504, 0.05368492150619275, -0.003015012586679453, 0.08051499569991058, 2.0, 6.0, 0.0, -0.0003109860024155253, 0.0014259144001700363, 0.7660898426210306, 0.002351390642414592], "scale": [0.006029688687603092, 0.009415026710829045, 1.0, 19.527744516687562, 0.21439956007290562, 0.1752897640287988, 0.05966604303688815, 0.00833703915708076, 0.4159556618150751, 0.0925629415485574, 0.002763299029289956, 0.006033483485180513, 0.0014179367040875806, 0.36979815427490703, 0.19176688782005136, 0.009267742754463959, 4.3899993896484375, 0.08583492510699109, 1.0, 1.0, 0.012969537415438048, 0.018736392513208244, 0.036398496190500174, 0.07561476511532961, 0.006030907556229535, 0.04333106378838408, 2.0, 7.0, 1.0, 0.03143287599739231, 0.01577756260724883, 0.20906983235487775, 0.006136702361374519], "features": ["SMA20_dist", "SMA50_dist", "sma_cross", "RSI14", "MACD", "MACD_sig", "MACD_hist", "BB_width", "BB_pos", "ATR14", "ret_1d", "ret_5d", "vol_10d", "vol_ratio", "obv_trend", "spy_ret_1d", "vix_level", "vix_change", "vix_regime", "asset_class", "ret_1m", "ret_3m", "ret_6m", "ret_12m", "high52w_dist", "low52w_dist", "day_of_week", "month", "is_options_expiry", "btc_ret_1d", "gold_ret_1d", "corr_spy_20d", "vwap_dist"]}