{"center": [0.0074408794714784735, 0.026511004894532317, 1.0, 55.2037162763128, 1.9495466942471467, 2.170647454525364, -0.09140463714334679, 0.08135856648635256, 0.6298283670619851, 4.393565586635044, 0.000902038627117463, 0.0023012235813477666, 0.011604311143031279, 0.7709627652920819, 1.0300125301930263, 0.00042185454091736574, 17.600000381469727, -0.0046113733261696765, 1.0, 0.0, 0.017041581616319856, 0.05309636086587943, 0.017974370742820156, 0.0, -0.05000376640256888, 0.3249288731967846, 2.0, 6.0, 0.0, -0.0017695992030517527, 0.0017481999132260562, 0.807352276453279, 0.008989967737477369], "scale": [0.04202056300899078, 0.08598009385131195, 1.0, 24.1688167149223, 5.700410614797363, 5.587243016151152, 1.1654685258077597, 0.06524006538853962, 0.5278443074895622, 1.79143306187221, 0.014777858129807142, 0.03313035765316896, 0.006074969159937377, 0.6472498602785121, 0.15999864182122148, 0.009210718243046978, 4.100000381469727, 0.08356641113132557, 1.0, 1.0, 0.08146147597672837, 0.18578594097248924, 0.11215242398540048, 0.12163136846893252, 0.08282651668761717, 0.1852678578845775, 2.0, 7.0, 1.0, 0.027716109591747196, 0.016125355515570816, 0.14879433757394256, 0.04273804027950692], "features": ["SMA20_dist", "SMA50_dist", "sma_cross", "RSI14", "MACD", "MACD_sig", "MACD_hist", "BB_width", "BB_pos", "ATR14", "ret_1d", "ret_5d", "vol_10d", "vol_ratio", "obv_trend", "spy_ret_1d", "vix_level", "vix_change", "vix_regime", "asset_class", "ret_1m", "ret_3m", "ret_6m", "ret_12m", "high52w_dist", "low52w_dist", "day_of_week", "month", "is_options_expiry", "btc_ret_1d", "gold_ret_1d", "corr_spy_20d", "vwap_dist"]}