{"center": [0.0009899389532513681, 0.005491659214195356, 1.0, 50.17666595117055, 0.0444598123157629, 0.05230904462553655, -0.009646664040202296, 0.02765632482616811, 0.5432694770819696, 0.19331859941554277, -0.00015199322592007736, 0.0009341308432381235, 0.004271644824940177, 0.9719426359142078, 1.010328014456718, 0.0013924463676319165, 17.74000072479248, -0.006134337694191971, 1.0, 0.0, 0.0013174497236942972, 0.003375937435553311, 0.02255885841909211, 0.010851702484270476, -0.020202380347021435, 0.09481556583538389, 2.0, 6.0, 0.0, -0.0016587106652958816, 0.0007381741937566577, 0.6825757413068769, 0.0016652035188304889], "scale": [0.015770754090438235, 0.02668517871764841, 1.0, 23.46636548201046, 0.21783438007352185, 0.22222490750310128, 0.06264191350222911, 0.017397759335922316, 0.5511473962092671, 0.047208287612216265, 0.00607484562093874, 0.01604486324951021, 0.001895278040707253, 0.40506394330719164, 0.30798058475833257, 0.009606600827704287, 4.119998931884766, 0.08446565199819611, 1.0, 1.0, 0.0313804873342515, 0.045583870432426565, 0.04336223907737802, 0.056758808429995145, 0.03061222409788143, 0.061867643927456945, 2.0, 7.0, 1.0, 0.029360992516297785, 0.01410863202407775, 0.2956043531402831, 0.015664145417015208], "features": ["SMA20_dist", "SMA50_dist", "sma_cross", "RSI14", "MACD", "MACD_sig", "MACD_hist", "BB_width", "BB_pos", "ATR14", "ret_1d", "ret_5d", "vol_10d", "vol_ratio", "obv_trend", "spy_ret_1d", "vix_level", "vix_change", "vix_regime", "asset_class", "ret_1m", "ret_3m", "ret_6m", "ret_12m", "high52w_dist", "low52w_dist", "day_of_week", "month", "is_options_expiry", "btc_ret_1d", "gold_ret_1d", "corr_spy_20d", "vwap_dist"]}