{"center": [0.002112388495126071, 0.0039975409497499306, 1.0, 54.004582901413066, 0.03481877659937638, 0.029069218362791565, 0.002089569452474821, 0.019483180576583225, 0.6229978911922927, 0.13913208959225873, 0.0006192260032067409, 0.0006192065435361993, 0.003131755389381764, 0.64, 1.0164477878362872, 0.0004400005646272298, 17.649999618530273, -0.006626930447881874, 1.0, 0.0, 0.004016088044844324, 0.007771520903284035, 0.008601644344012449, 0.004928323956160607, -0.011892421214001221, 0.05861814800974394, 2.0, 6.0, 0.0, 0.0003224981011604733, 0.0019715725978484144, 0.04304434182836425, 0.002184669667036345], "scale": [0.009038632196710188, 0.01387813560565488, 1.0, 19.750820895244438, 0.123850118730914, 0.10859516930772993, 0.042197821731524476, 0.015521393363206914, 0.45880197584513593, 0.049565421420958475, 0.004412667303861972, 0.008593179168409681, 0.0014592738035071407, 1.015574975281515, 0.10335669217658783, 0.008963929334912968, 3.960000991821289, 0.07957713878761707, 1.0, 1.0, 0.01715394762795397, 0.022337239597715386, 0.02251229246839337, 0.03101498890381804, 0.01236938192120443, 0.038431341253435544, 2.0, 6.5, 1.0, 0.026642835331656622, 0.015160620206811692, 0.6204672757492837, 0.009032578076842698], "features": ["SMA20_dist", "SMA50_dist", "sma_cross", "RSI14", "MACD", "MACD_sig", "MACD_hist", "BB_width", "BB_pos", "ATR14", "ret_1d", "ret_5d", "vol_10d", "vol_ratio", "obv_trend", "spy_ret_1d", "vix_level", "vix_change", "vix_regime", "asset_class", "ret_1m", "ret_3m", "ret_6m", "ret_12m", "high52w_dist", "low52w_dist", "day_of_week", "month", "is_options_expiry", "btc_ret_1d", "gold_ret_1d", "corr_spy_20d", "vwap_dist"]}