{"center": [0.019992278479426893, 0.056769506984521864, 1.0, 57.178455201387564, 0.6913163793060058, 0.6736381020587128, -0.01617677268885165, 0.11616928048372796, 0.6953076650161696, 1.1319893221289172, 0.002374398708084091, 0.00827241846255089, 0.01750391359743999, 0.9854759656633629, 1.0467355279284503, 0.0013179056834823344, 17.440000534057617, -0.007885968150674327, 1.0, 0.0, 0.04417369267963123, 0.14427283003511282, 0.20089873888382082, 0.48680533397820736, -0.03181909108552134, 0.8143139587154471, 2.0, 6.0, 0.0, -0.0016340123250006555, 0.001234125845320344, 0.8008496110077072, 0.01975833992136603], "scale": [0.060045636860963744, 0.1091041584568313, 1.0, 22.67049187768629, 1.4125653322615666, 1.275434673393799, 0.33467806672626543, 0.10674798156126966, 0.45924571188073815, 1.0286584591960843, 0.02258373474023076, 0.05744424630368444, 0.011251360840556515, 0.5870397748542568, 0.34561654286387666, 0.008930484275467526, 3.492499828338623, 0.07573306638595922, 1.0, 1.0, 0.1080953719583704, 0.2589334290095936, 0.3653896169419988, 0.7104951313374244, 0.07408891293402106, 0.7921420121178137, 2.0, 7.0, 1.0, 0.02734685578093296, 0.015101912182991284, 0.09280573540663328, 0.05748500883314732], "features": ["SMA20_dist", "SMA50_dist", "sma_cross", "RSI14", "MACD", "MACD_sig", "MACD_hist", "BB_width", "BB_pos", "ATR14", "ret_1d", "ret_5d", "vol_10d", "vol_ratio", "obv_trend", "spy_ret_1d", "vix_level", "vix_change", "vix_regime", "asset_class", "ret_1m", "ret_3m", "ret_6m", "ret_12m", "high52w_dist", "low52w_dist", "day_of_week", "month", "is_options_expiry", "btc_ret_1d", "gold_ret_1d", "corr_spy_20d", "vwap_dist"]}