{"center": [0.0007459639754438044, 0.005483976725798389, 1.0, 50.69685318180174, 0.1011522047372182, 0.19118351474895579, -0.06345949067176626, 0.09954120410372623, 0.5100905049918086, 3.4535696847098216, 0.00010523579802379501, -0.00017644264523608566, 0.01573676898197633, 0.944206008583691, 1.1058192289863844, 0.0011517326256851312, 17.479999542236328, -0.0067322198012426115, 1.0, 0.0, -0.0033991940818688393, 0.023421845981103306, 0.04778520079304016, 0.0, -0.08862833177211957, 0.16762274172237412, 2.0, 6.0, 0.0, -0.0007713643170961237, 0.0017481999132260562, 0.5007435083686932, 0.0011077370740031078], "scale": [0.051236510466913604, 0.08606554611228565, 1.0, 21.32812841928161, 4.651570078231842, 4.112263608435767, 1.2190234950583125, 0.0749180544488621, 0.5002372329844988, 0.9977365100106521, 0.01986760028086071, 0.047978511449503436, 0.007035518611349573, 0.430575766446297, 0.8233640121838087, 0.00906778999313701, 3.9300003051757812, 0.08139287698011188, 1.0, 1.0, 0.09497476400674987, 0.129937205365861, 0.10334834853039554, 0.16147551895088963, 0.11201871392178595, 0.18321131581022798, 2.0, 7.0, 1.0, 0.02773989290970863, 0.01628252894812643, 0.2536135394455946, 0.050778961470210354], "features": ["SMA20_dist", "SMA50_dist", "sma_cross", "RSI14", "MACD", "MACD_sig", "MACD_hist", "BB_width", "BB_pos", "ATR14", "ret_1d", "ret_5d", "vol_10d", "vol_ratio", "obv_trend", "spy_ret_1d", "vix_level", "vix_change", "vix_regime", "asset_class", "ret_1m", "ret_3m", "ret_6m", "ret_12m", "high52w_dist", "low52w_dist", "day_of_week", "month", "is_options_expiry", "btc_ret_1d", "gold_ret_1d", "corr_spy_20d", "vwap_dist"]}