{"center": [0.0008096302169055879, 0.0051149248931086095, 1.0, 49.93943825732747, 0.029244724541363176, 0.012509083899187088, 0.0007463181217018944, 0.15840941789394136, 0.5043288860061015, 0.4202642601691951, -0.0005173455450405151, 0.003237676971249437, 0.02533801226840279, 1.0591634013601627, 1.0913045480824437, 0.0013180112206383487, 17.605000495910645, -0.004622023407450215, 1.0, 0.0, 0.008127368681856595, 0.0, 0.0, 0.0, -0.13057487315281546, 0.5013741325458461, 2.0, 6.0, 0.0, -0.00016245832696676343, 0.0020125698183789398, 0.4608127989421847, 0.0002663199885851777], "scale": [0.0880742084763551, 0.16879966170767308, 1.0, 22.471832194830583, 0.5299467340815984, 0.5206905947245074, 0.17069759579607813, 0.08572854516134604, 0.5435937977007516, 0.21706103620609135, 0.033912508308560935, 0.08044787646688079, 0.011060295948443044, 0.47301539435981266, 0.8341220857998626, 0.00900964599845741, 4.239999771118164, 0.08046587388180351, 1.0, 1.0, 0.16039810641293198, 0.3186014932690238, 0.4555372566527748, 0.14503521429294083, 0.2741270611886628, 0.6980430791225869, 2.0, 6.0, 1.0, 0.026148962419783067, 0.015302328821248268, 0.26164166451924964, 0.08702344520520713], "features": ["SMA20_dist", "SMA50_dist", "sma_cross", "RSI14", "MACD", "MACD_sig", "MACD_hist", "BB_width", "BB_pos", "ATR14", "ret_1d", "ret_5d", "vol_10d", "vol_ratio", "obv_trend", "spy_ret_1d", "vix_level", "vix_change", "vix_regime", "asset_class", "ret_1m", "ret_3m", "ret_6m", "ret_12m", "high52w_dist", "low52w_dist", "day_of_week", "month", "is_options_expiry", "btc_ret_1d", "gold_ret_1d", "corr_spy_20d", "vwap_dist"]}