{"center": [0.003619948549445148, -0.0021015425931902917, 0.0, 51.19495959504549, -0.12317786243842477, -0.2652949198945612, 0.003633148240241968, 0.12228302170440436, 0.5332955574813749, 1.9828917650694093, 0.00047709707842757965, 0.002727260223099437, 0.017646796695607904, 0.8982605083175861, 1.002433837108798, 0.000984565078659072, 17.690000534057617, -0.007869662158076385, 1.0, 0.0, 0.0034219320553130483, -0.016979681224241205, 0.0034338816717567333, 0.0, -0.1371690598030324, 0.27198309498345147, 2.0, 6.0, 0.0, -0.0016352711961346023, 0.0015753722020723782, 0.20865775259336183, 0.003625647876199595], "scale": [0.07171531844485439, 0.10587996376039337, 1.0, 30.453672919247254, 2.2793920337887954, 2.058318920020935, 0.833659850198273, 0.09332604605392122, 0.5809107883683633, 0.4276214489131067, 0.022492617648480984, 0.05639511457827828, 0.009161658196214688, 0.5155085742877371, 0.4080491464350968, 0.009013212289418981, 4.159999847412109, 0.08351789453833136, 1.0, 1.0, 0.1311961178488512, 0.18300600951740653, 0.16078355794815946, 0.14878759567604338, 0.10544586079037867, 0.2732562425691679, 2.0, 6.0, 1.0, 0.027599031228965232, 0.016282390678212577, 0.3550582176861171, 0.07175473461385207], "features": ["SMA20_dist", "SMA50_dist", "sma_cross", "RSI14", "MACD", "MACD_sig", "MACD_hist", "BB_width", "BB_pos", "ATR14", "ret_1d", "ret_5d", "vol_10d", "vol_ratio", "obv_trend", "spy_ret_1d", "vix_level", "vix_change", "vix_regime", "asset_class", "ret_1m", "ret_3m", "ret_6m", "ret_12m", "high52w_dist", "low52w_dist", "day_of_week", "month", "is_options_expiry", "btc_ret_1d", "gold_ret_1d", "corr_spy_20d", "vwap_dist"]}