{"center": [0.007511919242712828, 0.00650288144781893, 1.0, 52.31652815870635, 0.6670398736654022, 0.5445316621994482, 0.10030256369780322, 0.1484889463653082, 0.5508083507119927, 5.130387292576239, 0.00020352618538699296, 0.005231946762058071, 0.019443305059466755, 0.9283365537814842, 0.9766715666666336, 0.0007044991031190939, 17.610000610351562, -0.005298008058610915, 1.0, 0.0, 0.0125351216707692, 0.029531379939027103, 0.005476238283123713, 0.0, -0.12005838245213957, 0.2719215499651232, 2.0, 6.0, 0.0, -0.00151319093281288, 0.0015753722020723782, 0.5405519166192174, 0.0067292907404012045], "scale": [0.08213784620006775, 0.14192533556724893, 1.0, 30.614907294550747, 7.898465609832726, 7.5050002246968415, 1.8570015619573013, 0.09940703252461369, 0.5848601562975921, 1.4444635538101052, 0.022549237815369383, 0.06192089958368169, 0.010324180100794389, 0.40867036043046134, 0.6745348813532185, 0.009200756464229354, 4.325000762939453, 0.07775083558433915, 1.0, 1.0, 0.15491711096880312, 0.22244059468485905, 0.16959687779848387, 0.09907854155084561, 0.11585482192888652, 0.3181402106567669, 2.0, 7.0, 1.0, 0.027320023838776242, 0.015197644069936789, 0.41311539058977736, 0.08255860004776083], "features": ["SMA20_dist", "SMA50_dist", "sma_cross", "RSI14", "MACD", "MACD_sig", "MACD_hist", "BB_width", "BB_pos", "ATR14", "ret_1d", "ret_5d", "vol_10d", "vol_ratio", "obv_trend", "spy_ret_1d", "vix_level", "vix_change", "vix_regime", "asset_class", "ret_1m", "ret_3m", "ret_6m", "ret_12m", "high52w_dist", "low52w_dist", "day_of_week", "month", "is_options_expiry", "btc_ret_1d", "gold_ret_1d", "corr_spy_20d", "vwap_dist"]}