{"center": [-0.0007276896471959948, -0.0037276380101648305, 0.0, 48.78912925487279, -0.06245819183297385, -0.07349181894896929, 0.003364335639275934, 0.04387314690775114, 0.48415430524731545, 0.8266944032595067, -0.0001596716222164174, -0.0013460863603829143, 0.006701061225150868, 0.9283090557432182, 0.992061845392975, 0.0009428969275647736, 17.74000072479248, -0.0067012664712571834, 1.0, 0.0, -0.0010423283819596674, -0.004700901433201732, 0.0, 0.0, -0.0719276700881788, 0.05580186010808144, 2.0, 6.0, 0.0, 0.0010483230342946959, 0.0019584029907330214, 0.16890909602179743, 2.505332021967931e-05], "scale": [0.02034468519151835, 0.02957017836978598, 1.0, 21.829955845825403, 0.735399569870463, 0.6623364458405531, 0.2656011967842507, 0.024971323676038867, 0.5018783212270341, 0.31939615630074647, 0.010173838282090758, 0.01844991399090362, 0.0024947762270465983, 0.45508875489330713, 0.5129856496183494, 0.009106762585357614, 4.175000190734863, 0.0836700901749205, 1.0, 1.0, 0.03935207758788464, 0.04696834992922955, 0.05647521265780342, 0.021465263179650362, 0.07119817991852503, 0.042361272661947946, 2.0, 7.0, 1.0, 0.026950454202586682, 0.015010078829616691, 0.5172834804579338, 0.02030488802093297], "features": ["SMA20_dist", "SMA50_dist", "sma_cross", "RSI14", "MACD", "MACD_sig", "MACD_hist", "BB_width", "BB_pos", "ATR14", "ret_1d", "ret_5d", "vol_10d", "vol_ratio", "obv_trend", "spy_ret_1d", "vix_level", "vix_change", "vix_regime", "asset_class", "ret_1m", "ret_3m", "ret_6m", "ret_12m", "high52w_dist", "low52w_dist", "day_of_week", "month", "is_options_expiry", "btc_ret_1d", "gold_ret_1d", "corr_spy_20d", "vwap_dist"]}