{"center": [0.005321969265130613, 0.018112178899246364, 1.0, 52.89608446357635, 0.32730187937573874, 0.44734788504229783, -0.011749691752551104, 0.06962396515614153, 0.5948610656048671, 1.6048337171330145, 0.0014786268299782357, 0.003969256343618666, 0.011663146419902938, 0.9260165217517558, 1.0201853749022751, 0.0009266205168788622, 17.355000495910645, -0.006664472772315133, 1.0, 0.0, 0.01090676821295189, 0.0637601550720398, 0.008030297593169644, 0.008179679923443373, -0.071323716183959, 0.2554357979653772, 2.0, 6.0, 0.0, -0.0003184371753567339, 0.0010880726502292548, 0.27043897529759864, 0.006056903899189042], "scale": [0.038044126712841624, 0.06902998613596249, 1.0, 19.77209424082526, 1.5158228709507213, 1.5555798905053777, 0.49802690362807744, 0.043729693895066535, 0.5244288018285741, 0.48689755579074645, 0.016813299351803784, 0.03815779720576412, 0.00480500376587981, 0.4023194764204927, 0.27880060419686337, 0.008726302832371385, 3.5999999046325684, 0.07446462071047744, 1.0, 1.0, 0.07289017016029212, 0.11705480252120995, 0.1692296666629012, 0.12409006257956384, 0.09942154220329909, 0.25017277651822756, 2.0, 6.0, 1.0, 0.024926162759958043, 0.0143348247211732, 0.366835669857955, 0.03974058777205012], "features": ["SMA20_dist", "SMA50_dist", "sma_cross", "RSI14", "MACD", "MACD_sig", "MACD_hist", "BB_width", "BB_pos", "ATR14", "ret_1d", "ret_5d", "vol_10d", "vol_ratio", "obv_trend", "spy_ret_1d", "vix_level", "vix_change", "vix_regime", "asset_class", "ret_1m", "ret_3m", "ret_6m", "ret_12m", "high52w_dist", "low52w_dist", "day_of_week", "month", "is_options_expiry", "btc_ret_1d", "gold_ret_1d", "corr_spy_20d", "vwap_dist"]}