{"center": [0.01097530227772366, 0.02632582680368665, 1.0, 56.041676379238794, 0.27216779568375316, 0.2750255824297099, 0.006169648108032846, 0.08675271936689101, 0.6542882633106736, 0.7100989725417335, 0.00030934605897836587, 0.0039304175506376104, 0.012509688696280469, 0.9480313795849175, 1.0321947204991648, 0.0009687775188989001, 17.440000534057617, -0.006642781425620192, 1.0, 0.0, 0.0270157378753193, 0.04530350783481207, 0.06813596705832314, 0.0, -0.04693152844868702, 0.28982816627513264, 2.0, 6.0, 0.0, 0.0005692244147840197, 0.0004784549195300247, 0.4036621963115416, 0.011193332733280353], "scale": [0.0486663552102243, 0.07559323459431161, 1.0, 23.92934847033711, 0.8068221110869782, 0.7377219775642518, 0.22984853173299646, 0.0637256252596902, 0.5564739523094591, 0.2438155268165597, 0.015308622156279844, 0.04055318780809891, 0.005424323411980948, 0.38398631033176156, 0.526503457069726, 0.009619380516081244, 4.4850006103515625, 0.08363341545769526, 1.0, 1.0, 0.09320870690946484, 0.1537641515016889, 0.18940602768474196, 0.179784574538361, 0.088456915485249, 0.3846514495180535, 2.0, 7.0, 1.0, 0.028317471249406007, 0.015976241207889708, 0.3764710763184437, 0.04689210563218524], "features": ["SMA20_dist", "SMA50_dist", "sma_cross", "RSI14", "MACD", "MACD_sig", "MACD_hist", "BB_width", "BB_pos", "ATR14", "ret_1d", "ret_5d", "vol_10d", "vol_ratio", "obv_trend", "spy_ret_1d", "vix_level", "vix_change", "vix_regime", "asset_class", "ret_1m", "ret_3m", "ret_6m", "ret_12m", "high52w_dist", "low52w_dist", "day_of_week", "month", "is_options_expiry", "btc_ret_1d", "gold_ret_1d", "corr_spy_20d", "vwap_dist"]}