{"center": [0.008918740680345285, 0.02195688833937919, 1.0, 58.160945976066664, 2.024708883816345, 1.9427015989079934, -0.08074468575593574, 0.05095540055446946, 0.6815469735386417, 3.327856881277902, 0.0005721389999497895, 0.004077330418764458, 0.007743910849817536, 0.9904937090062663, 0.9999840995151394, 0.0005685787823312971, 17.479999542236328, -0.005720161498773413, 1.0, 0.0, 0.018599011366903007, 0.0434663258387209, 0.05834604054173709, 0.12909530667215718, -0.011317825816640557, 0.25810490669303643, 2.0, 6.0, 0.0, -0.00151319093281288, 0.0011289903434381632, 0.9959994561889203, 0.009151643800007131], "scale": [0.02360218888863145, 0.03933814060204278, 1.0, 22.06842366231475, 2.8288717153286598, 2.6678226900548196, 0.8141894697706044, 0.034536263101561125, 0.43268822292360387, 1.4411818753071493, 0.009204171462754762, 0.023815150836799637, 0.004188163878031877, 0.3134247090848401, 1.3046699857949406, 0.00870108838814565, 4.020000457763672, 0.07758114267982419, 1.0, 1.0, 0.04237769573344663, 0.0784618211912178, 0.11451500164899242, 0.1772521622665395, 0.027406871857382123, 0.20569845927339292, 2.0, 7.0, 1.0, 0.026720696434579305, 0.013945206757469353, 0.003377678640735793, 0.021086316530350365], "features": ["SMA20_dist", "SMA50_dist", "sma_cross", "RSI14", "MACD", "MACD_sig", "MACD_hist", "BB_width", "BB_pos", "ATR14", "ret_1d", "ret_5d", "vol_10d", "vol_ratio", "obv_trend", "spy_ret_1d", "vix_level", "vix_change", "vix_regime", "asset_class", "ret_1m", "ret_3m", "ret_6m", "ret_12m", "high52w_dist", "low52w_dist", "day_of_week", "month", "is_options_expiry", "btc_ret_1d", "gold_ret_1d", "corr_spy_20d", "vwap_dist"]}