{"center": [0.01081818379860418, 0.023350644649033976, 1.0, 56.35287427377304, 0.9990959473243066, 0.9349379719105968, 0.00984937825179344, 0.07436644488383065, 0.6489407256747269, 2.1613965185107378, 0.0005244794631444893, 0.003867888200617342, 0.010897410158912456, 0.9031480071084032, 1.005340704034974, 0.0010938196429841618, 17.440000534057617, -0.005579556721748813, 1.0, 0.0, 0.022191281386537032, 0.0625040537494681, 0.12949530021689548, 0.26570480037558464, -0.03197792948441752, 0.3312384063128698, 2.0, 6.0, 0.0, -0.0007713643170961237, 0.0020569789010425055, 0.6562211378728048, 0.011563922831270253], "scale": [0.03293797185327247, 0.06263880541647049, 1.0, 22.05794451755802, 2.359078390454897, 2.4553347225107016, 0.7151460245433019, 0.03755106941734977, 0.4565582498100841, 1.4240605075861945, 0.013662635945300705, 0.032376061452802474, 0.005649301003693536, 0.45312399278303084, 0.27513364428435516, 0.008910698608710743, 4.25, 0.08182059836232891, 1.0, 1.0, 0.06912636028033792, 0.11611296454322373, 0.16320750203161616, 0.37365577544886697, 0.052490712156613994, 0.3137989651601363, 2.0, 7.0, 1.0, 0.027139191152030673, 0.01590816065622347, 0.24353288192752331, 0.03439731627609618], "features": ["SMA20_dist", "SMA50_dist", "sma_cross", "RSI14", "MACD", "MACD_sig", "MACD_hist", "BB_width", "BB_pos", "ATR14", "ret_1d", "ret_5d", "vol_10d", "vol_ratio", "obv_trend", "spy_ret_1d", "vix_level", "vix_change", "vix_regime", "asset_class", "ret_1m", "ret_3m", "ret_6m", "ret_12m", "high52w_dist", "low52w_dist", "day_of_week", "month", "is_options_expiry", "btc_ret_1d", "gold_ret_1d", "corr_spy_20d", "vwap_dist"]}