{"center": [0.0011170756340230456, 0.0032198942639118534, 1.0, 60.244860862359324, 0.07682798900185617, 0.08059401139842419, -0.002391660833275633, 0.005685485644458262, 0.7311623445506525, 0.08519397810099301, 0.00012107462251842449, 0.0005055644316613872, 0.0008289622354708815, 0.9383691678701985, 1.0360975564834527, 0.0018994848443159018, 17.479999542236328, -0.009244158887228515, 1.0, 0.0, 0.002877260659123859, 0.009293390545165536, 0.02043223646390957, 0.031108360480408326, -0.0014493861498775244, 0.042482449743017146, 2.0, 6.0, 0.0, 0.00018283765004545316, 0.0016294519610446923, 0.020213306148605368, 0.001044716808623305], "scale": [0.0023875244385171846, 0.0037516571949689466, 1.0, 20.17892036807121, 0.08064270846575994, 0.07235570310523358, 0.026218092104097854, 0.003302569762324306, 0.37972078497886186, 0.031942918736599976, 0.0009715905388492097, 0.00218536095463695, 0.0003104682376312096, 0.47655516133917986, 0.08216520019060103, 0.00921392601058324, 3.759998321533203, 0.08114398050683724, 1.0, 1.0, 0.004434538091220741, 0.009288573518892562, 0.013728486905966175, 0.04678153009880415, 0.003460880399838226, 0.018232099783247573, 2.0, 7.0, 1.0, 0.028098429624781818, 0.01597607790587341, 0.5875209058338153, 0.0023214418353684056], "features": ["SMA20_dist", "SMA50_dist", "sma_cross", "RSI14", "MACD", "MACD_sig", "MACD_hist", "BB_width", "BB_pos", "ATR14", "ret_1d", "ret_5d", "vol_10d", "vol_ratio", "obv_trend", "spy_ret_1d", "vix_level", "vix_change", "vix_regime", "asset_class", "ret_1m", "ret_3m", "ret_6m", "ret_12m", "high52w_dist", "low52w_dist", "day_of_week", "month", "is_options_expiry", "btc_ret_1d", "gold_ret_1d", "corr_spy_20d", "vwap_dist"]}