{"center": [0.005587733844183523, 0.010832241709969919, 1.0, 53.462973301317476, 0.2087791028862398, 0.2215537511193746, 0.023191654482949242, 0.07106381366393258, 0.5853126295764162, 1.0918754026163238, 0.002355769924670681, 0.0052504688056685955, 0.01236798617337422, 0.9605364877055891, 1.038134534775617, 0.0015944063142455667, 17.460000038146973, -0.0067012664712571834, 1.0, 0.0, 0.013099406891347254, 0.027484193646806987, 0.082049946483288, 0.08597552090483462, -0.05195146032724149, 0.22286707100738226, 2.0, 6.0, 0.0, -0.0007565505558835839, 0.001423505566895189, 0.11560884424612322, 0.0068706244962839745], "scale": [0.03477074516232825, 0.055905175472084824, 1.0, 19.579015617816616, 1.1321070104556057, 1.0466009926164224, 0.35534266750102106, 0.0508082296651039, 0.4620083277521575, 0.5988080113529638, 0.014972609032124745, 0.034584702222543645, 0.005691671537595552, 0.4013148046897439, 0.3859427764007123, 0.009137381325361044, 4.052500247955322, 0.08047298701321809, 1.0, 1.0, 0.07094149155416349, 0.09576613983980609, 0.1608522524915305, 0.21637880066763027, 0.0703010953608719, 0.18760438009939273, 2.0, 7.0, 1.0, 0.030348992680835934, 0.016619138839009312, 0.5553616040936371, 0.03302765276015329], "features": ["SMA20_dist", "SMA50_dist", "sma_cross", "RSI14", "MACD", "MACD_sig", "MACD_hist", "BB_width", "BB_pos", "ATR14", "ret_1d", "ret_5d", "vol_10d", "vol_ratio", "obv_trend", "spy_ret_1d", "vix_level", "vix_change", "vix_regime", "asset_class", "ret_1m", "ret_3m", "ret_6m", "ret_12m", "high52w_dist", "low52w_dist", "day_of_week", "month", "is_options_expiry", "btc_ret_1d", "gold_ret_1d", "corr_spy_20d", "vwap_dist"]}