{"center": [0.058664816984820276, 0.10121061498955294, 1.0, 60.835743171628465, 3.9300979976538883, 3.9955548775744343, 0.3540162214509319, 0.28347738751430174, 0.7008964222846138, 5.358751172991755, 0.0033425650793679207, 0.030759724747144723, 0.036749766955404835, 0.9325736599010178, 1.0379432969524944, 0.0014609060507264626, 17.479999542236328, -0.008316000484173136, 1.0, 0.0, 0.0904342904963018, 0.24804074381376973, 0.2739199863908246, 0.0797050379175619, -0.1293509237604994, 0.8868175172459266, 2.0, 6.0, 0.0, 0.0009202877056453396, 0.001670691560653026, 0.5861375979115473, 0.05607178080808658], "scale": [0.13786033437724804, 0.28245297117035817, 1.0, 26.76796520570481, 14.482467309484448, 12.952428272288987, 2.6188857279331743, 0.19367138705179882, 0.4516758236950485, 13.465992021663194, 0.049701920963978186, 0.11955626091005733, 0.021402163832857157, 0.45084517562714954, 0.3341863555920235, 0.008673926911091812, 3.979999542236328, 0.08128494546129572, 1.0, 1.0, 0.3030616548174849, 0.7055037653241936, 1.5048088605469685, 2.5182253797148784, 0.2654356274656164, 3.9991444895469845, 2.0, 6.0, 1.0, 0.02672291462200782, 0.01526428701660032, 0.2639600123322717, 0.14138199125608011], "features": ["SMA20_dist", "SMA50_dist", "sma_cross", "RSI14", "MACD", "MACD_sig", "MACD_hist", "BB_width", "BB_pos", "ATR14", "ret_1d", "ret_5d", "vol_10d", "vol_ratio", "obv_trend", "spy_ret_1d", "vix_level", "vix_change", "vix_regime", "asset_class", "ret_1m", "ret_3m", "ret_6m", "ret_12m", "high52w_dist", "low52w_dist", "day_of_week", "month", "is_options_expiry", "btc_ret_1d", "gold_ret_1d", "corr_spy_20d", "vwap_dist"]}