{"center": [0.00841512661190849, 0.021072402400574636, 1.0, 58.2863414335631, 4.039407730574567, 4.198528266889171, -0.1912689671251515, 0.05010473401133725, 0.6952210338940427, 6.725523155899249, 0.00036273518897367296, 0.003971084352194065, 0.007606854273656475, 0.9670536139844433, 1.0437523422969948, 0.0014456352254532678, 17.399999618530273, -0.005720161498773413, 1.0, 0.0, 0.01708935146556745, 0.046798697840094494, 0.062174759165855464, 0.14303420215793738, -0.009531652352802136, 0.2772298698561729, 2.0, 6.0, 0.0, -0.0008264678561502592, 0.0005168326664386491, 0.9999999999453497, 0.01001270543392439], "scale": [0.02188797133049599, 0.03746615949152474, 1.0, 22.50981025716124, 5.197832281839283, 5.019566702596662, 1.692492416038593, 0.03104970625889763, 0.43233080611571173, 3.1485599650200866, 0.009083034693234793, 0.02328873498994688, 0.0043452424489117585, 0.3319068842333829, 0.26939952054345473, 0.00951081180686586, 3.809999465942383, 0.0790177459024407, 1.0, 1.0, 0.04285643247288484, 0.07418376103112001, 0.11867610101193171, 0.1912950636489803, 0.024528586995067225, 0.1874530660790442, 2.0, 7.0, 1.0, 0.028011526847903867, 0.014914595888392057, 1.23794197115501e-10, 0.02038358530739241], "features": ["SMA20_dist", "SMA50_dist", "sma_cross", "RSI14", "MACD", "MACD_sig", "MACD_hist", "BB_width", "BB_pos", "ATR14", "ret_1d", "ret_5d", "vol_10d", "vol_ratio", "obv_trend", "spy_ret_1d", "vix_level", "vix_change", "vix_regime", "asset_class", "ret_1m", "ret_3m", "ret_6m", "ret_12m", "high52w_dist", "low52w_dist", "day_of_week", "month", "is_options_expiry", "btc_ret_1d", "gold_ret_1d", "corr_spy_20d", "vwap_dist"]}