{"center": [0.00392949061134735, 0.02295739345195809, 1.0, 52.625897080856646, 0.39713405047675465, 0.45885251573435204, -0.04362971096267812, 0.09945311122060196, 0.549832517330751, 1.305425118790791, -0.0015864995613382171, 0.0011678788647814242, 0.014228123258750619, 0.9295399638539243, 0.9644029128783249, 0.0017256627047983475, 17.479999542236328, -0.008408002149435212, 1.0, 0.0], "scale": [0.04859637102217623, 0.07017707638323582, 1.0, 25.61021978625225, 1.2660974844485455, 1.1727894877334901, 0.45907923615805124, 0.06882744580375597, 0.5010483915887152, 0.29301925067337997, 0.018737943476167307, 0.044552484432489936, 0.0056569326718094864, 0.4949748271822144, 0.5571471196579704, 0.008922306737670471, 4.614998817443848, 0.07854973102771454, 1.0, 1.0], "features": ["SMA20_dist", "SMA50_dist", "sma_cross", "RSI14", "MACD", "MACD_sig", "MACD_hist", "BB_width", "BB_pos", "ATR14", "ret_1d", "ret_5d", "vol_10d", "vol_ratio", "obv_trend", "spy_ret_1d", "vix_level", "vix_change", "vix_regime", "asset_class"]}