{"center": [0.016729541005660348, 0.04948448316747697, 1.0, 54.87824835872695, 1.6665543061978951, 1.5482942689168007, 0.01359173884868703, 0.1596217218756308, 0.6281999603524282, 3.8758345580415283, 0.003481694162231097, 0.00865943401037228, 0.02221955387753995, 0.9370451909008062, 1.0303772434208116, 0.0007310561539983773, 17.829999923706055, -0.008169153323245748, 1.0, 0.0, 0.04822365877613777, 0.16548209104154954, 0.35079604618854043, 0.5924243138708323, -0.04498565297329601, 0.8288371944125968, 2.0, 6.0, 0.0, -0.0003109860024155253, 0.001677776649860796, 0.32228662900820493, 0.018516875930890048], "scale": [0.07189690999564341, 0.09783375886904123, 1.0, 26.173824227474867, 3.053773467300644, 2.912275018592141, 1.1423432965454126, 0.09269206390281014, 0.5000873981173705, 4.124849282942639, 0.0277327151313026, 0.07728299541964379, 0.01069313225321174, 0.43378018516770567, 0.12696156196550146, 0.009759028409020432, 4.539999008178711, 0.07789599019739069, 1.0, 1.0, 0.12784470163357337, 0.1907045155180913, 0.30048964759192354, 0.9677368992679009, 0.09861423295185677, 0.6700324947692237, 2.0, 7.0, 1.0, 0.02817564337333106, 0.01620318036438384, 0.5463390252303952, 0.07572898158249158], "features": ["SMA20_dist", "SMA50_dist", "sma_cross", "RSI14", "MACD", "MACD_sig", "MACD_hist", "BB_width", "BB_pos", "ATR14", "ret_1d", "ret_5d", "vol_10d", "vol_ratio", "obv_trend", "spy_ret_1d", "vix_level", "vix_change", "vix_regime", "asset_class", "ret_1m", "ret_3m", "ret_6m", "ret_12m", "high52w_dist", "low52w_dist", "day_of_week", "month", "is_options_expiry", "btc_ret_1d", "gold_ret_1d", "corr_spy_20d", "vwap_dist"]}