{"center": [-0.007813038325273386, -0.01741011146273481, 0.0, 48.55171478027168, -0.13086610333188986, -0.1576212616305233, 0.012126383080062142, 0.14029868795986655, 0.4393911838362709, 0.8586715677035374, -0.002364011783233755, 0.0, 0.021758744882711914, 0.9028915580519179, 0.9293367995647466, 0.000984565078659072, 17.360000610351562, -0.006626930447881874, 1.0, 0.0, -0.006437741600763713, -0.005284719619647715, -0.05305463879069139, 0.0, -0.25458360124857643, 0.29040767343735296, 2.0, 6.0, 0.0, -0.00022924323774897726, 0.0017841598670260694, 0.3684656675706018, -0.007592277207280198], "scale": [0.062183474646029316, 0.11036971128642853, 1.0, 20.333228082189983, 0.9472025211676733, 1.0197120459977196, 0.2830675348435646, 0.09090736120456916, 0.4628056180930259, 0.5481436245334621, 0.025420260262713323, 0.0600364014490653, 0.014788450843523725, 0.5357144789795747, 0.37767873424392984, 0.009116204249651372, 4.104999542236328, 0.07689633025773429, 1.0, 1.0, 0.11587787919416553, 0.2270655705877081, 0.12632065981595386, 0.1467060191297046, 0.14955995752510037, 0.3452495472866427, 2.0, 7.0, 1.0, 0.027323724616667044, 0.015324020844204367, 0.41104643617930037, 0.061330815716891515], "features": ["SMA20_dist", "SMA50_dist", "sma_cross", "RSI14", "MACD", "MACD_sig", "MACD_hist", "BB_width", "BB_pos", "ATR14", "ret_1d", "ret_5d", "vol_10d", "vol_ratio", "obv_trend", "spy_ret_1d", "vix_level", "vix_change", "vix_regime", "asset_class", "ret_1m", "ret_3m", "ret_6m", "ret_12m", "high52w_dist", "low52w_dist", "day_of_week", "month", "is_options_expiry", "btc_ret_1d", "gold_ret_1d", "corr_spy_20d", "vwap_dist"]}