{"center": [0.0028781151937269456, 0.009770524676106314, 1.0, 50.415580324197144, 0.20831497270098964, 0.11753688952705062, -0.005350691440338146, 0.15961534544041275, 0.5198497665656446, 1.6932856695992606, -0.0006850842101913668, 0.004497759513317878, 0.02551990158674757, 0.9225577240816261, 0.9812377527569796, 0.001392269581998118, 17.635000228881836, -0.005118433089179364, 1.0, 0.0, 0.012565729996339536, 0.0, 0.0, 0.0, -0.11933965294453533, 0.5572180758697002, 2.0, 6.0, 0.0, 0.0003098700789467834, 0.0020125698183789398, 0.4579111015009224, 0.0025589643978397637], "scale": [0.08950900987978479, 0.16892532778116934, 1.0, 22.47714886289475, 1.9851019791857585, 2.0134954682471236, 0.6593334377165998, 0.08628026138149328, 0.5452497989909811, 0.8673744882856096, 0.034784153930885964, 0.08012125407304702, 0.011614055742046731, 0.5358439383855631, 0.5217229299604171, 0.008997869103746947, 4.210000991821289, 0.08020575048012252, 1.0, 1.0, 0.15137499579578118, 0.32550173688446504, 0.4697472285874499, 0.08141056136618582, 0.257478430064135, 0.7389363033096208, 2.0, 6.0, 1.0, 0.026602195051165095, 0.015063457807735242, 0.2676175783527011, 0.08565503886688336], "features": ["SMA20_dist", "SMA50_dist", "sma_cross", "RSI14", "MACD", "MACD_sig", "MACD_hist", "BB_width", "BB_pos", "ATR14", "ret_1d", "ret_5d", "vol_10d", "vol_ratio", "obv_trend", "spy_ret_1d", "vix_level", "vix_change", "vix_regime", "asset_class", "ret_1m", "ret_3m", "ret_6m", "ret_12m", "high52w_dist", "low52w_dist", "day_of_week", "month", "is_options_expiry", "btc_ret_1d", "gold_ret_1d", "corr_spy_20d", "vwap_dist"]}