{"center": [0.008458037983460332, 0.021083470869778943, 1.0, 57.51895383790692, 3.6793207001273913, 3.8247759071092062, -0.1833479969722771, 0.04998131125234757, 0.6881220318955462, 6.193746940207262, 0.0004110193269277751, 0.00405137465697103, 0.007592680031734271, 0.9121763145876103, 1.046875555663899, 0.0015845357385083636, 17.460000038146973, -0.006606896521132111, 1.0, 0.0, 0.01816815826277185, 0.04538299689112135, 0.06437755582440063, 0.14032170176586256, -0.00959785541281662, 0.2770068991183646, 2.0, 6.0, 0.0, -0.0003300754485222601, 0.0005354645225811305, 0.9997641543325442, 0.00928332586075328], "scale": [0.02202815675508163, 0.03759745025335734, 1.0, 22.52401560377872, 4.840334598018927, 4.64795918171312, 1.5585227308123253, 0.031124204639609257, 0.4287701256365641, 2.747114627482965, 0.009156413796484103, 0.022638348949186593, 0.004350581194667065, 0.5169782767202784, 0.22761427681986146, 0.009363650452986705, 3.804999351501465, 0.0805129082756586, 1.0, 1.0, 0.041642901710569585, 0.07087375252840583, 0.11910428175972138, 0.18998050541125328, 0.024395335436181012, 0.18812531880582986, 2.0, 7.0, 1.0, 0.027354954697125095, 0.014593085850782478, 0.0002643768736158014, 0.020353292332120673], "features": ["SMA20_dist", "SMA50_dist", "sma_cross", "RSI14", "MACD", "MACD_sig", "MACD_hist", "BB_width", "BB_pos", "ATR14", "ret_1d", "ret_5d", "vol_10d", "vol_ratio", "obv_trend", "spy_ret_1d", "vix_level", "vix_change", "vix_regime", "asset_class", "ret_1m", "ret_3m", "ret_6m", "ret_12m", "high52w_dist", "low52w_dist", "day_of_week", "month", "is_options_expiry", "btc_ret_1d", "gold_ret_1d", "corr_spy_20d", "vwap_dist"]}