{"center": [-0.0060111340009705964, -0.029290765142080358, 0.0, 47.82608781499125, -0.10587255232610282, -0.13642656126509167, 0.015290002289927773, 0.19423130548802342, 0.46173164326424787, 0.617142949785505, 0.003097964454772395, -0.0036232021770864486, 0.03146499376135329, 0.9680171271471576, 0.9649590625987944, 0.0009528857307679051, 17.170000076293945, -0.005720161498773413, 1.0, 0.0, -0.0064969646099554135, -0.05545615998525988, -0.04286829259590452, 0.0, -0.3644911604201526, 0.1666667430828807, 2.0, 7.0, 0.0, -1.9742508661990676e-05, 0.001670691560653026, -0.1297932351082193, -0.007264048838189809], "scale": [0.1051618734184639, 0.13357461796636366, 1.0, 20.724519587760923, 0.5491603252081738, 0.5269012320129225, 0.18619532324823368, 0.09388369152878084, 0.511864449784529, 0.2953571251460484, 0.04436866162595732, 0.0988264759167008, 0.012906010819881193, 0.45120029846967014, 0.6597688668599685, 0.008852483386799725, 4.029999732971191, 0.077374515005323, 1.0, 1.0, 0.16592733019741512, 0.2269673504192108, 0.263187881872027, 0.20394311410358823, 0.18383227628257415, 0.21934794637049618, 2.0, 6.0, 1.0, 0.026624859389439093, 0.014142577481746743, 0.3404827359978564, 0.10143238770133475], "features": ["SMA20_dist", "SMA50_dist", "sma_cross", "RSI14", "MACD", "MACD_sig", "MACD_hist", "BB_width", "BB_pos", "ATR14", "ret_1d", "ret_5d", "vol_10d", "vol_ratio", "obv_trend", "spy_ret_1d", "vix_level", "vix_change", "vix_regime", "asset_class", "ret_1m", "ret_3m", "ret_6m", "ret_12m", "high52w_dist", "low52w_dist", "day_of_week", "month", "is_options_expiry", "btc_ret_1d", "gold_ret_1d", "corr_spy_20d", "vwap_dist"]}