{"center": [0.028298296623693875, 0.06107801357198177, 1.0, 59.14901695112563, 1.053517476976559, 1.1138319421135972, 0.0416566967498736, 0.15160519395305, 0.7014029516943623, 1.9355695126464023, 0.004757745727121732, 0.01573368157023325, 0.022085666446970645, 0.8925385873483784, 1.0311075538084937, 0.0009687315689569376, 17.3799991607666, -0.005118433089179364, 1.0, 0.0, 0.05338797425403119, 0.1735206811162009, 0.24419321322571919, 0.2095755643404401, -0.05481204096725888, 0.6489799870432573, 2.0, 6.0, 0.0, -0.0003300754485222601, 0.00195494092813997, 0.7752336932005026, 0.027560921606450316], "scale": [0.07206906955872228, 0.11261102996659374, 1.0, 20.773406396684145, 2.0556221597970428, 1.873043720321374, 0.5978970505860994, 0.10896684094216069, 0.4703458013217995, 1.9475031695337723, 0.028517432703072, 0.07219461648980477, 0.011636189457332545, 0.5474602272396977, 0.15024249704631742, 0.009363858949869741, 3.8199996948242188, 0.07862556770112636, 1.0, 1.0, 0.14241694240690336, 0.2378095535241984, 0.5719889056077361, 0.6586750084175058, 0.08452649045868252, 1.1890635220358383, 2.0, 7.0, 1.0, 0.027721417717449653, 0.015878419460730347, 0.14928001223850074, 0.07034866389926867], "features": ["SMA20_dist", "SMA50_dist", "sma_cross", "RSI14", "MACD", "MACD_sig", "MACD_hist", "BB_width", "BB_pos", "ATR14", "ret_1d", "ret_5d", "vol_10d", "vol_ratio", "obv_trend", "spy_ret_1d", "vix_level", "vix_change", "vix_regime", "asset_class", "ret_1m", "ret_3m", "ret_6m", "ret_12m", "high52w_dist", "low52w_dist", "day_of_week", "month", "is_options_expiry", "btc_ret_1d", "gold_ret_1d", "corr_spy_20d", "vwap_dist"]}