{"center": [0.007070655221076808, 0.015315240287745729, 1.0, 53.896640816294905, 0.8090715364012624, 1.0148423902320982, 0.09358730825263345, 0.1088594542367252, 0.5981582377593482, 2.812820110428109, 0.0007397013073190406, 0.0024644974746708126, 0.013119837181752022, 0.0013255791657679206, 17.494999885559082, -0.007885968150674327, 1.0], "scale": [0.06184546811970222, 0.09564033028824771, 1.0, 30.804664096364874, 3.9841507070167026, 3.6374506238441175, 1.322514721354557, 0.07243701627483382, 0.588701294388349, 1.4225493271819105, 0.01743777500956023, 0.042784873270441504, 0.0055484455526469845, 0.009106339528316715, 4.375000953674316, 0.08118713643540876, 1.0], "features": ["SMA20_dist", "SMA50_dist", "sma_cross", "RSI14", "MACD", "MACD_sig", "MACD_hist", "BB_width", "BB_pos", "ATR14", "ret_1d", "ret_5d", "vol_10d", "spy_ret_1d", "vix_level", "vix_change", "vix_regime"]}