{"center": [0.009829725552555738, 0.02043471860291262, 1.0, 56.24856453643195, 0.4438646083845015, 0.4276051846063153, 0.003947824002764333, 0.05872935262179334, 0.6831554323272009, 0.7535897754182247, 0.0013274840217496475, 0.00569770834996064, 0.008096133396512484, 0.0013745672777747409, 17.479999542236328, -0.007856395917702375, 1.0], "scale": [0.02922877503045697, 0.04512751688526223, 1.0, 23.041123124527815, 0.9113175471662167, 0.8711356589224045, 0.27092785424222054, 0.02823003983339375, 0.49674926090403193, 0.31307876353662434, 0.01107105287868873, 0.027167674891678317, 0.0040307664022963385, 0.009078321330412115, 4.345000267028809, 0.08085382439832423, 1.0], "features": ["SMA20_dist", "SMA50_dist", "sma_cross", "RSI14", "MACD", "MACD_sig", "MACD_hist", "BB_width", "BB_pos", "ATR14", "ret_1d", "ret_5d", "vol_10d", "spy_ret_1d", "vix_level", "vix_change", "vix_regime"]}