{"center": [0.020785115895058187, 0.03703486327712553, 1.0, 56.70013301757915, 1.0909767631104188, 1.057489370683072, 0.21558100766952792, 0.21128160733237605, 0.6112289415190549, 5.833214896065848, 0.0014258316018753714, 0.009925179214861246, 0.02800975271679374, 0.9300727218342215, 1.029217752118924, 0.0015135911584317485, 17.6850004196167, -0.005254864671583648, 1.0, 0.0, 0.031907284726539586, 0.09169953786535867, 0.1964718032353857, 0.03480163924749591, -0.19305830464707086, 1.0393811771782282, 2.0, 6.0, 0.0, 0.0008999836816623308, 0.0015006433011212073, 0.5910373823437407, 0.021129271483265332], "scale": [0.1243768144787519, 0.2775638439519512, 1.0, 29.321352318914037, 11.68194661514913, 11.419860106468505, 2.269871132761797, 0.16696117173819114, 0.5483891594821368, 6.096609115600586, 0.039984353738604456, 0.09884760896596459, 0.015585830363067023, 0.3839838032666927, 0.30271173751300084, 0.009480474631305691, 3.7824997901916504, 0.07931702059660578, 1.0, 1.0, 0.2849799497420579, 0.5064469331668149, 0.6723691773888897, 0.8686115441053122, 0.2543341624850774, 1.7032729431412537, 2.0, 7.0, 1.0, 0.029665386338227046, 0.014821885069156215, 0.2698689509465597, 0.12137829490684185], "features": ["SMA20_dist", "SMA50_dist", "sma_cross", "RSI14", "MACD", "MACD_sig", "MACD_hist", "BB_width", "BB_pos", "ATR14", "ret_1d", "ret_5d", "vol_10d", "vol_ratio", "obv_trend", "spy_ret_1d", "vix_level", "vix_change", "vix_regime", "asset_class", "ret_1m", "ret_3m", "ret_6m", "ret_12m", "high52w_dist", "low52w_dist", "day_of_week", "month", "is_options_expiry", "btc_ret_1d", "gold_ret_1d", "corr_spy_20d", "vwap_dist"]}