{"center": [0.0011100833916021827, 0.003283715475497498, 1.0, 58.821654600919736, 0.07822379102903199, 0.08346088108677677, -0.002759769168263135, 0.005769738454125126, 0.7218112364778662, 0.08540076764102215, 0.00012053986232785086, 0.0004874225764570639, 0.0008425716514767148, 0.9192866165987349, 1.0353423467803784, 0.0009012287764704752, 17.3799991607666, -0.007869662158076385, 1.0, 0.0, 0.0030583665731318543, 0.009610978878940468, 0.020192043352688094, 0.03303501961234412, -0.0013114530436000651, 0.042099106202014326, 2.0, 6.0, 0.0, -0.0008217291810309613, 0.0014210967336203417, 0.01932276832665478, 0.0010578597034415472], "scale": [0.002656494384359966, 0.004407517191354486, 1.0, 22.775738409731787, 0.0954083758164046, 0.08338464992770844, 0.027298716021830774, 0.003546663039033327, 0.43491855002298657, 0.03078655554900779, 0.0010885375507184714, 0.0022941253320397648, 0.00033143610784142747, 0.47482469118806603, 0.08458317012267902, 0.008849431942660635, 3.880000114440918, 0.07829972317604283, 1.0, 1.0, 0.0046498373007699545, 0.009964365271181164, 0.014824086208919729, 0.044222255187464254, 0.0037003168780396075, 0.01819973229572875, 2.0, 7.0, 1.0, 0.025929553935692407, 0.015137686648053705, 0.6034610242832288, 0.002622500490324151], "features": ["SMA20_dist", "SMA50_dist", "sma_cross", "RSI14", "MACD", "MACD_sig", "MACD_hist", "BB_width", "BB_pos", "ATR14", "ret_1d", "ret_5d", "vol_10d", "vol_ratio", "obv_trend", "spy_ret_1d", "vix_level", "vix_change", "vix_regime", "asset_class", "ret_1m", "ret_3m", "ret_6m", "ret_12m", "high52w_dist", "low52w_dist", "day_of_week", "month", "is_options_expiry", "btc_ret_1d", "gold_ret_1d", "corr_spy_20d", "vwap_dist"]}