{"center": [0.01016754498568262, 0.047414664597880955, 1.0, 52.511172368444804, 0.07330359021347244, 0.1052033138543959, -0.001963391701430419, 0.2689684080654651, 0.5367352516879407, 0.44305632416326046, 0.0004203614177088477, 0.014387332128932062, 0.04166281686716718, 0.9741107611822764, 1.0249416196541943, 0.0010260960785120066, 17.460000038146973, -0.0049221973866435675, 1.0, 0.0, 0.04343776054815662, 0.1942567424193219, 0.4464024772236824, 0.5539720407648367, -0.18101233398230632, 0.9202773446474033, 2.0, 6.0, 0.0, -0.0031113739899076287, 0.001712988281543426, 0.3263478112464145, 0.008771289653588518], "scale": [0.13585984955332758, 0.24080252592707418, 1.0, 22.51897318204528, 0.5723753858420826, 0.5554131390264962, 0.13981393130199155, 0.20668872434486826, 0.49229781925178023, 0.8218431113527638, 0.0505318815975023, 0.11296505518850089, 0.020796599266323414, 0.4156610140522998, 0.4181952788611173, 0.009009756204962416, 4.6775007247924805, 0.08033729476685186, 1.0, 1.0, 0.2620274090314181, 0.4273585063062426, 0.9403609912298312, 1.829078135945291, 0.2393571402901158, 1.8207626758125988, 2.0, 7.0, 1.0, 0.02766308446353946, 0.016126439467529535, 0.46541798346517743, 0.1279939203042695], "features": ["SMA20_dist", "SMA50_dist", "sma_cross", "RSI14", "MACD", "MACD_sig", "MACD_hist", "BB_width", "BB_pos", "ATR14", "ret_1d", "ret_5d", "vol_10d", "vol_ratio", "obv_trend", "spy_ret_1d", "vix_level", "vix_change", "vix_regime", "asset_class", "ret_1m", "ret_3m", "ret_6m", "ret_12m", "high52w_dist", "low52w_dist", "day_of_week", "month", "is_options_expiry", "btc_ret_1d", "gold_ret_1d", "corr_spy_20d", "vwap_dist"]}