{"center": [0.0023038680064065673, 0.007193440027846993, 1.0, 57.66052810638398, 0.0749018440990632, 0.07745689384944571, -0.004551485142738697, 0.014659380469186495, 0.679985384319324, 0.10366409226606496, 0.0, 0.0008175903236989912, 0.002128212581686716, 0.8108951141308631, 1.0339564881682461, 0.0009970874485094594, 17.55500030517578, -0.008780079685700826, 1.0, 0.0, 0.005697634756845593, 0.016525664402908813, 0.03272611579568108, 0.06715155968428543, -0.0024362806868894102, 0.08742935723549598, 2.0, 6.0, 0.0, -0.0003300754485222601, 0.000686881516564597, 0.7655825224503401, 0.0027098082400901914], "scale": [0.006452329908205332, 0.008602728140565145, 1.0, 20.538005414573774, 0.09636348207592249, 0.08778977187786671, 0.027995940268267537, 0.008837651361541158, 0.4193306536076091, 0.0375772191175642, 0.0029996717806789475, 0.005515995159037085, 0.00137982817200884, 0.5830791299411539, 0.17680913933984876, 0.009414761962436319, 4.324999809265137, 0.08210406112313773, 1.0, 1.0, 0.013833151669298577, 0.01885740032808425, 0.03203632526657363, 0.07921929241542253, 0.005774067727843036, 0.0340754430983565, 2.0, 7.0, 1.0, 0.028533075169298067, 0.013929869097143832, 0.18189940197169985, 0.006501512500499672], "features": ["SMA20_dist", "SMA50_dist", "sma_cross", "RSI14", "MACD", "MACD_sig", "MACD_hist", "BB_width", "BB_pos", "ATR14", "ret_1d", "ret_5d", "vol_10d", "vol_ratio", "obv_trend", "spy_ret_1d", "vix_level", "vix_change", "vix_regime", "asset_class", "ret_1m", "ret_3m", "ret_6m", "ret_12m", "high52w_dist", "low52w_dist", "day_of_week", "month", "is_options_expiry", "btc_ret_1d", "gold_ret_1d", "corr_spy_20d", "vwap_dist"]}