{"center": [0.011005994068514928, 0.024889544458866306, 1.0, 56.184717476867476, 1.7967053183168389, 1.8807956644944834, 0.03727543902313357, 0.09147179618784916, 0.629703239418853, 5.663572038922991, 0.001343785509365203, 0.006260545288347519, 0.013319471504143468, 0.9469149471111241, 1.0315109653616752, 0.0009004595313388819, 17.479999542236328, -0.004632673488730754, 1.0, 0.0, 0.017485898915339693, 0.055257021450696886, 0.11285092335597335, 0.1436541900286139, -0.043228373316610745, 0.3926503394138132, 2.0, 6.0, 0.0, -0.0003342625487465778, 0.0016294519610446923, 0.5822501470565974, 0.011943130976616964], "scale": [0.04792113627390479, 0.06999427055420188, 1.0, 25.327011690268343, 5.518650021667327, 4.900332547836387, 1.9607408955583066, 0.06472563570581406, 0.5274869458585579, 2.0899188868725718, 0.015768153054361522, 0.0411737774198182, 0.007108120165418634, 0.37540604283052037, 0.12235193325250071, 0.009333213748741742, 4.409999847412109, 0.08915264970532732, 1.0, 1.0, 0.0952986644424102, 0.13640691459644882, 0.18185486753115865, 0.3583388504488145, 0.06880796822674036, 0.2380825023883102, 2.0, 7.0, 1.0, 0.029044936548680234, 0.015393742447020298, 0.30599787178465143, 0.048720163782425586], "features": ["SMA20_dist", "SMA50_dist", "sma_cross", "RSI14", "MACD", "MACD_sig", "MACD_hist", "BB_width", "BB_pos", "ATR14", "ret_1d", "ret_5d", "vol_10d", "vol_ratio", "obv_trend", "spy_ret_1d", "vix_level", "vix_change", "vix_regime", "asset_class", "ret_1m", "ret_3m", "ret_6m", "ret_12m", "high52w_dist", "low52w_dist", "day_of_week", "month", "is_options_expiry", "btc_ret_1d", "gold_ret_1d", "corr_spy_20d", "vwap_dist"]}