{"center": [0.009533789079635615, 0.020416389320415826, 1.0, 57.07587954125077, 0.17627330742730152, 0.18495457880967425, 0.0067792636057164846, 0.08200814193675975, 0.6335770766555564, 0.42918475902648456, 0.0006460143569172461, 0.004101980680617734, 0.01050145248683362, 0.8107306234726938, 1.0904913761842452, 0.000926901741828412, 17.545000076293945, -0.006103243584815343, 1.0, 0.0, 0.021372063617515646, 0.07424220037427098, 0.17469932013334666, 0.015560559845876454, -0.05544233160636439, 0.3842439385919818, 2.0, 6.0, 0.0, -0.0002701146200822513, 0.0019739858527916265, 0.376589152667973, 0.009091567656093941], "scale": [0.04410673902960201, 0.08093113188266692, 1.0, 30.39599474946293, 0.8161635106831229, 0.7161202449912334, 0.19796839106879344, 0.05530823622870048, 0.5273693834977928, 0.3327831013401997, 0.013240144825669126, 0.03546970659217308, 0.003876255144491785, 0.8409991297596906, 0.6964219262222945, 0.00939583645655001, 4.125000953674316, 0.08158261810849288, 1.0, 1.0, 0.08986328985129372, 0.1899746247122301, 0.2838374208329938, 0.43018438699676637, 0.12326667704552587, 0.570494604305104, 2.0, 7.0, 1.0, 0.028628293704238278, 0.014821869796099285, 0.41320062561111276, 0.04130068952745722], "features": ["SMA20_dist", "SMA50_dist", "sma_cross", "RSI14", "MACD", "MACD_sig", "MACD_hist", "BB_width", "BB_pos", "ATR14", "ret_1d", "ret_5d", "vol_10d", "vol_ratio", "obv_trend", "spy_ret_1d", "vix_level", "vix_change", "vix_regime", "asset_class", "ret_1m", "ret_3m", "ret_6m", "ret_12m", "high52w_dist", "low52w_dist", "day_of_week", "month", "is_options_expiry", "btc_ret_1d", "gold_ret_1d", "corr_spy_20d", "vwap_dist"]}