{"center": [0.002991037732563863, 0.011761299523061748, 1.0, 51.01266462190002, 0.051143090197669494, 0.06282939808005301, -0.008555115810787273, 0.15476835130900166, 0.5271404430982536, 0.4206674971571419, -0.002663445596700842, 0.0, 0.025729153490358776, 1.0559458756180067, 1.0269116592305614, 0.0004400741058487867, 17.440000534057617, -0.005025144893802347, 1.0, 0.0, 0.01306564098497165, 0.010330453081696112, 0.0, 0.0, -0.12481928765052833, 0.5324093572954096, 2.0, 6.0, 0.0, -0.0008217291810309613, 0.0007275678386380324, 0.4534000200574511, 0.0029102106816040496], "scale": [0.07697078185546885, 0.13859152974049668, 1.0, 20.001117707832492, 0.4532871433606491, 0.4255796162295034, 0.16207539117347797, 0.07840509826244822, 0.5063855710949725, 0.20650491561310091, 0.03662404423124932, 0.07116841434037191, 0.011578067544269165, 0.40812739078945637, 0.8884763255088692, 0.00857970037022282, 3.75, 0.07478074063853613, 1.0, 1.0, 0.130621768566897, 0.35773592604070104, 0.4443249661107379, 0.11777069202464718, 0.24649391600391862, 0.6770990129093476, 2.0, 6.0, 1.0, 0.027381823430221552, 0.014614167236852826, 0.2897960145435954, 0.07387427106567786], "features": ["SMA20_dist", "SMA50_dist", "sma_cross", "RSI14", "MACD", "MACD_sig", "MACD_hist", "BB_width", "BB_pos", "ATR14", "ret_1d", "ret_5d", "vol_10d", "vol_ratio", "obv_trend", "spy_ret_1d", "vix_level", "vix_change", "vix_regime", "asset_class", "ret_1m", "ret_3m", "ret_6m", "ret_12m", "high52w_dist", "low52w_dist", "day_of_week", "month", "is_options_expiry", "btc_ret_1d", "gold_ret_1d", "corr_spy_20d", "vwap_dist"]}