{"center": [0.0023139172825576756, 0.005980207214532645, 1.0, 51.250821217902164, 1.8293168842401428, 1.9211873538812827, -0.19609682966109188, 0.09201541356308687, 0.5304673201496681, 10.894694153033704, 0.0003443534781419899, 0.0005427206948088736, 0.01335427576528338, 0.9376716860235004, 0.9991978268759678, 0.001254882296981119, 17.324999809265137, -0.006642781425620192, 1.0, 0.0, 0.006067147959310959, 0.022911054428964128, 0.07949170039488118, 0.12411839426680116, -0.08162599701869477, 0.2565106720915381, 2.0, 6.0, 0.0, 0.0003098700789467834, 0.0019584029907330214, 0.05967338764886858, 0.0013036766684324341], "scale": [0.05160171333000637, 0.09366039685615975, 1.0, 24.850672316825005, 14.41589308817423, 14.04227477794209, 4.314721538322523, 0.06728315120978184, 0.5590501774914204, 5.7798714884277995, 0.016917881549737696, 0.042002964077831384, 0.008400593070434, 0.4157059919617372, 0.15905888766756826, 0.00884602370184387, 3.809999465942383, 0.07927028329963975, 1.0, 1.0, 0.09416791049180434, 0.2378043126146557, 0.18988813469858007, 0.21307896788454433, 0.09562274227634943, 0.22696594357593008, 2.0, 7.0, 1.0, 0.0266299337453427, 0.015034152555293945, 0.4629093489497546, 0.053234563907382536], "features": ["SMA20_dist", "SMA50_dist", "sma_cross", "RSI14", "MACD", "MACD_sig", "MACD_hist", "BB_width", "BB_pos", "ATR14", "ret_1d", "ret_5d", "vol_10d", "vol_ratio", "obv_trend", "spy_ret_1d", "vix_level", "vix_change", "vix_regime", "asset_class", "ret_1m", "ret_3m", "ret_6m", "ret_12m", "high52w_dist", "low52w_dist", "day_of_week", "month", "is_options_expiry", "btc_ret_1d", "gold_ret_1d", "corr_spy_20d", "vwap_dist"]}