{"center": [0.008640310508482789, 0.016268920759269487, 1.0, 55.132175690560125, 0.7465117971468942, 0.6577162012402702, 0.022927756758350765, 0.07072609972263155, 0.6388711298405811, 1.8445848226924864, 0.000410963422288968, 0.004003312905033085, 0.009934689849376016, 0.6232947821958105, 1.001562891493294, 0.001443752624735617, 17.289999961853027, -0.0067330833557224246, 1.0, 0.0, 0.018927430213143803, 0.04159837975968683, 0.0711131044529768, 0.0, -0.041741733214493426, 0.2387191739125057, 2.0, 6.0, 0.0, 0.0003098700789467834, 0.001674234105256911, 0.6466507540320507, 0.007924685441143366], "scale": [0.03583379763650704, 0.0489372536044905, 1.0, 20.146944052234495, 1.9990426043959317, 1.8233783009160385, 0.6884762839469586, 0.040337346569156676, 0.49085660300282635, 0.9354326866524678, 0.013607393404537843, 0.034380287583193975, 0.004817285327759248, 0.6209850562503136, 0.3998939047458857, 0.008453993505550955, 3.974999189376831, 0.07127159413931672, 1.0, 1.0, 0.06625093124925313, 0.09185988946797216, 0.1592474081240413, 0.23361650972110032, 0.0756683522643316, 0.2821253338066414, 2.0, 7.0, 1.0, 0.026707140384535366, 0.0144834977492663, 0.2463546476977445, 0.03474250487375924], "features": ["SMA20_dist", "SMA50_dist", "sma_cross", "RSI14", "MACD", "MACD_sig", "MACD_hist", "BB_width", "BB_pos", "ATR14", "ret_1d", "ret_5d", "vol_10d", "vol_ratio", "obv_trend", "spy_ret_1d", "vix_level", "vix_change", "vix_regime", "asset_class", "ret_1m", "ret_3m", "ret_6m", "ret_12m", "high52w_dist", "low52w_dist", "day_of_week", "month", "is_options_expiry", "btc_ret_1d", "gold_ret_1d", "corr_spy_20d", "vwap_dist"]}