{"center": [0.01826168272026357, 0.04459272292087503, 1.0, 57.967657984419354, 0.5086552918622047, 0.4690051714671598, 0.003136910490634026, 0.11329665554990737, 0.6788797555690066, 0.8988435460348876, 0.0032073813055115696, 0.009056838700809422, 0.01672483846166153, 0.9451132090360961, 1.0278046339229485, 0.0005046930393417526, 17.350000381469727, -0.004522324550077617, 1.0, 0.0, 0.03822328818461318, 0.10876860085277129, 0.1080519931376811, 0.24093680843532406, -0.036243575023570083, 0.5263919447216556, 2.0, 6.0, 0.0, -0.001682150134457161, 0.0014259144001700363, 0.8317010371363355, 0.019715928491296955], "scale": [0.049710503248330457, 0.0836063721384406, 1.0, 23.448918707695, 0.918115590444156, 0.8124468532256901, 0.26963987981234994, 0.05894936732212294, 0.45278139016888064, 0.7978624064579469, 0.023229868848139767, 0.049697528732516205, 0.009406967502252488, 0.6078571459015096, 0.39890177705440455, 0.008915192284457696, 3.814999580383301, 0.07886335095000485, 1.0, 1.0, 0.10198270995742409, 0.11637000408451825, 0.25337798965621994, 0.37281029359919116, 0.07761113792862373, 0.5122485636607954, 2.0, 7.0, 1.0, 0.026712120317791577, 0.016016865920176926, 0.09859040939142694, 0.0490433330280184], "features": ["SMA20_dist", "SMA50_dist", "sma_cross", "RSI14", "MACD", "MACD_sig", "MACD_hist", "BB_width", "BB_pos", "ATR14", "ret_1d", "ret_5d", "vol_10d", "vol_ratio", "obv_trend", "spy_ret_1d", "vix_level", "vix_change", "vix_regime", "asset_class", "ret_1m", "ret_3m", "ret_6m", "ret_12m", "high52w_dist", "low52w_dist", "day_of_week", "month", "is_options_expiry", "btc_ret_1d", "gold_ret_1d", "corr_spy_20d", "vwap_dist"]}