{"center": [0.008826784955250732, 0.02132685054217286, 1.0, 58.232323699788836, 0.6828439572002338, 0.6710453028876988, 0.010905165637500991, 0.04252690930590652, 0.6984762641777587, 1.0114282880510603, 0.0007038328242467973, 0.0033559095756372503, 0.006746519950619217, 0.9333260022348826, 1.0273057987682395, 0.0004856642941051259, 17.479999542236328, -0.004522324550077617, 1.0, 1.0, 0.015320981531967481, 0.05061767131346184, 0.06192219040745672, 0.05195071662665196, -0.015453289635540508, 0.22250221259155498, 2.0, 6.0, 0.0, -0.002374738351372918, 0.0019383092584315254, 0.5896985915827154, 0.009022263701622178], "scale": [0.020229362958757467, 0.026543407463034473, 1.0, 24.18194056304214, 0.772914002046889, 0.7588607697012151, 0.27975895508798176, 0.026776784013106604, 0.42319191875221807, 0.3514289855957031, 0.008021354676586323, 0.02022383138559941, 0.0039102297539039075, 0.445228079616522, 0.41644882026831287, 0.00858091697847091, 3.8299999237060547, 0.0771236991493619, 1.0, 1.0, 0.03306636554438547, 0.06855266594509668, 0.11198804746056135, 0.10997391372984555, 0.03894296945417209, 0.1070026086137007, 2.0, 7.0, 1.0, 0.030657534945750353, 0.014215352274651816, 0.27182025615131855, 0.020055880566257928], "features": ["SMA20_dist", "SMA50_dist", "sma_cross", "RSI14", "MACD", "MACD_sig", "MACD_hist", "BB_width", "BB_pos", "ATR14", "ret_1d", "ret_5d", "vol_10d", "vol_ratio", "obv_trend", "spy_ret_1d", "vix_level", "vix_change", "vix_regime", "asset_class", "ret_1m", "ret_3m", "ret_6m", "ret_12m", "high52w_dist", "low52w_dist", "day_of_week", "month", "is_options_expiry", "btc_ret_1d", "gold_ret_1d", "corr_spy_20d", "vwap_dist"]}