{"center": [0.009846666279268973, 0.01095043522139861, 1.0, 54.97573192179144, 0.5372292110777721, 0.6556613052723737, 0.14748838679121712, 0.11313204674135323, 0.6144820107472364, 3.480001177106585, 0.0010712469899988308, 0.006464930282401027, 0.01647964754465565, 0.903928280033995, 1.0302924743394277, 0.0011228282160241632, 17.515000343322754, -0.005438782390179864, 1.0, 0.0, 0.013848987731400642, 0.026318074818567738, 0.0, 0.0, -0.15132045436540775, 0.35573064734188686, 2.0, 6.5, 0.0, -0.0016587106652958816, 0.001423505566895189, 0.3953402963503456, 0.010808766411141153], "scale": [0.0582290825397258, 0.11799510194885851, 1.0, 23.76126073164596, 3.9601289839507885, 4.226545429086755, 1.0069929743527248, 0.06345070110037346, 0.5146919619643258, 1.2628562109810968, 0.021410106239997367, 0.05380563349324527, 0.010217534164903345, 0.3640437142669273, 0.2566251343362578, 0.00886691285215005, 4.37999963760376, 0.08478728276455089, 1.0, 1.0, 0.10728840024616834, 0.250247916013567, 0.18802199357054075, 0.1842264668446511, 0.14001587178680971, 0.4412861439760938, 2.0, 7.0, 1.0, 0.030805363611839304, 0.016470441182863033, 0.3433524548852239, 0.059119907328128954], "features": ["SMA20_dist", "SMA50_dist", "sma_cross", "RSI14", "MACD", "MACD_sig", "MACD_hist", "BB_width", "BB_pos", "ATR14", "ret_1d", "ret_5d", "vol_10d", "vol_ratio", "obv_trend", "spy_ret_1d", "vix_level", "vix_change", "vix_regime", "asset_class", "ret_1m", "ret_3m", "ret_6m", "ret_12m", "high52w_dist", "low52w_dist", "day_of_week", "month", "is_options_expiry", "btc_ret_1d", "gold_ret_1d", "corr_spy_20d", "vwap_dist"]}