{"center": [-0.005306661830458732, -0.00989922271571462, 0.0, 49.29303459704638, -0.26274594179210453, -0.12433373120794779, -0.08781358701979514, 0.10147254785541657, 0.44223366178903384, 5.124338896681048, -0.0016051093413427253, -0.002180216086140052, 0.014436135184981637, 0.9826767388734186, 1.0292951743355858, 0.0011228222198350624, 17.289999961853027, -0.005118433089179364, 1.0, 0.0, -0.004923310794166469, -0.022057220844711678, 0.0, 0.0, -0.1332566418457171, 0.1319720856861561, 2.0, 6.0, 0.0, -0.0003300754485222601, 0.0015508527855015997, 0.38600226519751873, -0.0039093582506831755], "scale": [0.058918778791002206, 0.08326426781675472, 1.0, 26.828570243501915, 5.55365679579576, 5.317683263048468, 1.937327930194083, 0.04471204772833434, 0.5597932658273272, 1.546152752032329, 0.0181289843225437, 0.049758051661550784, 0.006983426696386583, 0.356585321814723, 0.29393931317928423, 0.008760763051536669, 3.679999828338623, 0.08105443998567355, 1.0, 1.0, 0.10003107401890121, 0.16697475818507604, 0.1714191083457632, 0.03924683473554369, 0.12200946018699332, 0.11949018465256599, 2.0, 7.0, 1.0, 0.027064264111710257, 0.01538807322169819, 0.4118350220540223, 0.060244559371560716], "features": ["SMA20_dist", "SMA50_dist", "sma_cross", "RSI14", "MACD", "MACD_sig", "MACD_hist", "BB_width", "BB_pos", "ATR14", "ret_1d", "ret_5d", "vol_10d", "vol_ratio", "obv_trend", "spy_ret_1d", "vix_level", "vix_change", "vix_regime", "asset_class", "ret_1m", "ret_3m", "ret_6m", "ret_12m", "high52w_dist", "low52w_dist", "day_of_week", "month", "is_options_expiry", "btc_ret_1d", "gold_ret_1d", "corr_spy_20d", "vwap_dist"]}