{"center": [-0.013889015044978179, -0.03531606240606182, 0.0, 45.979100456151706, -0.46927548635750327, -0.5233902256473698, 0.07461763370228403, 0.21531900771723037, 0.4130851067768773, 1.9968577793666296, -0.0010148437022617918, 0.0022970942288635943, 0.035848247108654904, 0.944269756614492, 1.0116067917730978, -1.4767362221612679e-05, 17.989999771118164, 0.0033556899700895038, 1.0, 0.0, -0.023773971541052652, -0.09097368590861099, -0.05662046844392632, -0.16503965541458754, -0.5259397787851964, 0.11495142075621965, 2.0, 6.0, 0.0, -0.0031550982687325035, 0.0016294519610446923, -0.8666708085928027, -0.02351099138139614], "scale": [0.10118354765896395, 0.1761126536250431, 1.0, 23.48967706448886, 1.8581652018285961, 1.6652232267819689, 0.43062946499479854, 0.15562696125904452, 0.47669973340710853, 1.343785830906459, 0.04269804902476354, 0.0865275352267833, 0.02849709080357366, 0.5301995741892924, 0.5523996708654335, 0.009131175080884013, 4.704999923706055, 0.0832955484271295, 1.0, 1.0, 0.19488345496382253, 0.30368917992320615, 0.29567888843610035, 0.3700846887335062, 0.16796277237283974, 0.22499334708058538, 2.0, 7.0, 1.0, 0.030851791930506245, 0.014379362861857536, 0.11275512594651071, 0.10138555176844], "features": ["SMA20_dist", "SMA50_dist", "sma_cross", "RSI14", "MACD", "MACD_sig", "MACD_hist", "BB_width", "BB_pos", "ATR14", "ret_1d", "ret_5d", "vol_10d", "vol_ratio", "obv_trend", "spy_ret_1d", "vix_level", "vix_change", "vix_regime", "asset_class", "ret_1m", "ret_3m", "ret_6m", "ret_12m", "high52w_dist", "low52w_dist", "day_of_week", "month", "is_options_expiry", "btc_ret_1d", "gold_ret_1d", "corr_spy_20d", "vwap_dist"]}