{"center": [0.022990993530210124, 0.05980478113434768, 1.0, 54.97885711505747, 0.4267940840950608, 0.4057683334606291, 0.04068473170608375, 0.1833746118380484, 0.6336644019208126, 0.8582391238807866, 0.0014879943564278797, 0.006022486436115582, 0.025503287593939224, 0.8827832872703626, 1.0166377393285242, 0.0007044991031190939, 17.600000381469727, -0.005211721284556381, 1.0, 0.0, 0.0518799676252244, 0.11440724917978584, 0.11412505340711143, 0.0, -0.18607920136539388, 0.34147640025327763, 2.0, 6.0, 0.0, -0.00151319093281288, 0.0019715725978484144, 0.12981905913720143, 0.019598202503457944], "scale": [0.08725350463408076, 0.12619378691106722, 1.0, 24.705692848348875, 1.0944773390464881, 0.9963060332967317, 0.3418569336698346, 0.10792284306566441, 0.5112116308239119, 0.3889793905222547, 0.03550968549634981, 0.07877205296356338, 0.009361777553369272, 0.594732165600393, 0.34020345035141253, 0.009367169620466465, 4.190000534057617, 0.07841005815075708, 1.0, 1.0, 0.17857118208823197, 0.2821630724375892, 0.5423931091361891, 0.720630041877766, 0.26577704666358914, 0.8911368822637292, 2.0, 7.0, 1.0, 0.027986969099362824, 0.015652089322960805, 0.4137261030995155, 0.08387964615481358], "features": ["SMA20_dist", "SMA50_dist", "sma_cross", "RSI14", "MACD", "MACD_sig", "MACD_hist", "BB_width", "BB_pos", "ATR14", "ret_1d", "ret_5d", "vol_10d", "vol_ratio", "obv_trend", "spy_ret_1d", "vix_level", "vix_change", "vix_regime", "asset_class", "ret_1m", "ret_3m", "ret_6m", "ret_12m", "high52w_dist", "low52w_dist", "day_of_week", "month", "is_options_expiry", "btc_ret_1d", "gold_ret_1d", "corr_spy_20d", "vwap_dist"]}