{"center": [0.06425447342151747, 0.10392820415568572, 1.0, 60.87605830366211, 4.222990372108114, 4.129546013067647, 0.4511068990436815, 0.2853157842895184, 0.7150917346980188, 5.410700454665388, 0.0034947316357960556, 0.03208910408160559, 0.03775080056632478, 0.9510407105705981, 1.0289011136857638, 0.0007044991031190939, 17.360000610351562, -0.005211721284556381, 1.0, 0.0, 0.10260675364520755, 0.261766776524589, 0.31153007994400306, 0.14652433752525185, -0.1327546551187652, 0.9039845685602613, 2.0, 6.0, 0.0, 0.00038358610925337544, 0.001677776649860796, 0.5720921189753512, 0.05898719514771129], "scale": [0.1377556045345108, 0.281252397977268, 1.0, 25.897590236770732, 14.05962739837701, 13.328040085750189, 2.6870083165381717, 0.18768018944783713, 0.44669367639634533, 13.38482640730652, 0.05134138544861849, 0.12956522228657125, 0.021028416101619936, 0.46016434194104916, 0.390415042334167, 0.008788907664494361, 4.065000534057617, 0.08112095721199619, 1.0, 1.0, 0.31632817231441407, 0.7260600429384194, 1.590432965610065, 2.5225530665179186, 0.2655464951652172, 3.9703247980372605, 2.0, 7.0, 1.0, 0.026654199107478183, 0.015174777066070622, 0.2871298997588545, 0.13995534777660648], "features": ["SMA20_dist", "SMA50_dist", "sma_cross", "RSI14", "MACD", "MACD_sig", "MACD_hist", "BB_width", "BB_pos", "ATR14", "ret_1d", "ret_5d", "vol_10d", "vol_ratio", "obv_trend", "spy_ret_1d", "vix_level", "vix_change", "vix_regime", "asset_class", "ret_1m", "ret_3m", "ret_6m", "ret_12m", "high52w_dist", "low52w_dist", "day_of_week", "month", "is_options_expiry", "btc_ret_1d", "gold_ret_1d", "corr_spy_20d", "vwap_dist"]}