{"center": [0.0034969129300253263, 0.006035288964091758, 1.0, 53.0482494533663, 0.050363680984387926, 0.022167067880346406, 0.022047981335552344, 0.23091222387928506, 0.5184696803456303, 0.7902143001556396, 0.0002790242421668587, 0.0150713963607505, 0.03638329284651282, 0.9011623190165774, 1.0060985012952495, 0.00047215805552958123, 17.369999885559082, -0.007301804534139311, 1.0, 0.0, 0.0024951250912971235, 0.0042199225653767325, 0.055079341356770395, 0.0, -0.24262566715762257, 0.9890254612614406, 2.0, 6.0, 0.0, -0.0012308695261424307, 0.001623031881362702, 0.22070073243870736, -0.0026508860694126266], "scale": [0.11818095364095768, 0.17883763466398028, 1.0, 22.067386418656746, 0.813104407702038, 0.705729782288616, 0.28329804229825717, 0.16786966099793374, 0.5148997014653146, 0.27351774488176617, 0.050459977885340596, 0.1209968892256929, 0.02076145653018111, 0.5935040486533986, 0.12730397152703576, 0.009394575894952406, 3.8575005531311035, 0.08423527281694171, 1.0, 1.0, 0.20319588738853536, 0.41721445148034186, 0.5455342025148086, 0.587823260472947, 0.19414501298162862, 1.334009326944987, 2.0, 7.0, 1.0, 0.027527959785587447, 0.01406981227397, 0.38781380120742026, 0.11258916065859298], "features": ["SMA20_dist", "SMA50_dist", "sma_cross", "RSI14", "MACD", "MACD_sig", "MACD_hist", "BB_width", "BB_pos", "ATR14", "ret_1d", "ret_5d", "vol_10d", "vol_ratio", "obv_trend", "spy_ret_1d", "vix_level", "vix_change", "vix_regime", "asset_class", "ret_1m", "ret_3m", "ret_6m", "ret_12m", "high52w_dist", "low52w_dist", "day_of_week", "month", "is_options_expiry", "btc_ret_1d", "gold_ret_1d", "corr_spy_20d", "vwap_dist"]}