{"center": [-0.0029662606254099526, -0.005104992606268843, 0.0, 47.32737651727616, -0.10676355101750801, -0.06057211532701315, -0.027080833987086245, 0.0816188914950884, 0.44831398579895637, 1.2004018000674839, -0.001226392217624439, -0.0013904766717593997, 0.01010446830389923, 0.9035715806014412, 1.0520935236989766, 0.0009012287764704752, 17.510000228881836, -0.007843129677328364, 1.0, 0.0, -0.009639067505956889, 0.0, 0.0, 0.0, -0.1106977582717489, 0.10408445203392719, 2.0, 6.0, 0.0, -0.00032588834829794244, 0.0015263333689308212, -0.07377607151362736, -0.0036331583771071468], "scale": [0.0395438394237695, 0.06859092063181937, 1.0, 29.31123437564468, 1.566117136594464, 1.4075171702685891, 0.4458338688090168, 0.056731905826982065, 0.523457711238053, 0.4085467515672485, 0.012512258190323755, 0.03452460085998138, 0.005488188742546824, 0.351265771474492, 0.36466212030609024, 0.008903537401320882, 4.069999694824219, 0.07727703523193513, 1.0, 1.0, 0.08488377661692142, 0.16027138342721708, 0.120948520410596, 0.05622429096471826, 0.07729675819192716, 0.11888713264431743, 2.0, 7.0, 1.0, 0.028991586282923254, 0.014739368685909693, 0.3421336595878792, 0.04110324698652243], "features": ["SMA20_dist", "SMA50_dist", "sma_cross", "RSI14", "MACD", "MACD_sig", "MACD_hist", "BB_width", "BB_pos", "ATR14", "ret_1d", "ret_5d", "vol_10d", "vol_ratio", "obv_trend", "spy_ret_1d", "vix_level", "vix_change", "vix_regime", "asset_class", "ret_1m", "ret_3m", "ret_6m", "ret_12m", "high52w_dist", "low52w_dist", "day_of_week", "month", "is_options_expiry", "btc_ret_1d", "gold_ret_1d", "corr_spy_20d", "vwap_dist"]}