{"center": [0.0029038131699137904, 0.0033168866990915067, 1.0, 53.11800215674121, 0.0840534114794309, 0.06667361582326108, 0.005948150185501405, 0.039912052308647555, 0.5990908468867538, 0.6708530022238922, 0.00041526191229068754, 0.0013058308763378434, 0.006329226350988167, 0.9300129161736206, 0.999592391082083, 0.0018127120190015722, 17.324999809265137, -0.007885968150674327, 1.0, 0.0, 0.004639475780323088, 0.0063649084230381625, 0.01734167187079072, 0.0029314313678509007, -0.026017377280064542, 0.10546425354977967, 2.0, 6.0, 0.0, -0.0003300754485222601, 0.002040198898185297, 0.3316404644866443, 0.003193280941957], "scale": [0.017869884456783065, 0.023900322854830194, 1.0, 18.717210219443274, 0.4260571538813842, 0.4168062425614172, 0.17536448165228574, 0.02163670601947039, 0.46526403751000645, 0.15654043386387406, 0.008468233630855387, 0.01817071807589657, 0.0022832062171478902, 0.44478493745216285, 0.30617383344701166, 0.00912291394050499, 3.58250093460083, 0.0771542976233785, 1.0, 1.0, 0.027291561389595126, 0.0375784769348364, 0.042456260781617516, 0.04655150243267975, 0.02496551341651897, 0.05623874124254666, 2.0, 7.0, 1.0, 0.026232881879721393, 0.014956797006681233, 0.46849934829119655, 0.017962472047004775], "features": ["SMA20_dist", "SMA50_dist", "sma_cross", "RSI14", "MACD", "MACD_sig", "MACD_hist", "BB_width", "BB_pos", "ATR14", "ret_1d", "ret_5d", "vol_10d", "vol_ratio", "obv_trend", "spy_ret_1d", "vix_level", "vix_change", "vix_regime", "asset_class", "ret_1m", "ret_3m", "ret_6m", "ret_12m", "high52w_dist", "low52w_dist", "day_of_week", "month", "is_options_expiry", "btc_ret_1d", "gold_ret_1d", "corr_spy_20d", "vwap_dist"]}