{"center": [0.013883369676110108, 0.029750887304394194, 1.0, 56.5642929031256, 1.6985690520181862, 1.7323562690542842, 0.04034720870001918, 0.10374718649881517, 0.6482364629777212, 4.103437538472161, 0.0006551197775448436, 0.004418877805048571, 0.014936963316672821, 0.9306826654224647, 0.9783045708661806, 0.001122770081183, 17.670000076293945, -0.0066486217945768145, 1.0, 0.0, 0.025676253158022466, 0.087516824977933, 0.17061597971081077, 0.37991903828471874, -0.03827538546019414, 0.4725906614629719, 2.0, 6.0, 0.0, 0.00024003985338927336, 0.001423505566895189, 0.699004353997284, 0.01445973219112016], "scale": [0.04780712101671, 0.07566454498802347, 1.0, 23.944461811505946, 4.035005352418054, 3.515936955266232, 1.4994495638236531, 0.052866665862036186, 0.48133475432361844, 3.493580279368114, 0.020256415848310366, 0.05055290962285555, 0.007514682020238403, 0.47185846686977273, 0.2787176104689928, 0.008824066338754405, 4.314999103546143, 0.07931860544908198, 1.0, 1.0, 0.09526013443453546, 0.12469337659421842, 0.1920307455685018, 0.5129600886999499, 0.06594678751787461, 0.42907137050737765, 2.0, 6.75, 1.0, 0.02570671002549843, 0.015159542933197712, 0.2562251835838989, 0.04868360678858024], "features": ["SMA20_dist", "SMA50_dist", "sma_cross", "RSI14", "MACD", "MACD_sig", "MACD_hist", "BB_width", "BB_pos", "ATR14", "ret_1d", "ret_5d", "vol_10d", "vol_ratio", "obv_trend", "spy_ret_1d", "vix_level", "vix_change", "vix_regime", "asset_class", "ret_1m", "ret_3m", "ret_6m", "ret_12m", "high52w_dist", "low52w_dist", "day_of_week", "month", "is_options_expiry", "btc_ret_1d", "gold_ret_1d", "corr_spy_20d", "vwap_dist"]}