{"center": [0.014036912161666285, 0.039087274922593514, 1.0, 54.85231514833977, 0.11356359780646308, 0.1283723917337273, 0.002018912601136569, 0.11638103166964435, 0.6350972697158149, 0.21251936754286202, 0.002996929522623093, 0.008653377610403412, 0.016066923982952463, 0.8073303615651313, 1.0175959713192553, 0.0005563903663643455, 17.440000534057617, -0.004522324550077617, 1.0, 0.0, 0.025316510622843014, 0.10242218099973188, 0.14445682173739782, 0.20708884600412647, -0.06752877964214003, 0.4833091528933076, 2.0, 6.0, 0.0, -0.0008264678561502592, 0.0005858183101099534, 0.6163168005146349, 0.01326854228065213], "scale": [0.053362723642388935, 0.09656311336161838, 1.0, 23.0225794268758, 0.2814104874445853, 0.2723546741045517, 0.07350177941004989, 0.06862089010683206, 0.4511027564564441, 0.18449087890600008, 0.022530317441384784, 0.05041190545537533, 0.007343179547889902, 0.683509637494014, 0.3021006008249657, 0.009508668160316536, 4.400000095367432, 0.08242326416140511, 1.0, 1.0, 0.09639201141647996, 0.20367294642674671, 0.3905955465264088, 0.6259599263639026, 0.08601460992651169, 0.8214634045020521, 2.0, 7.0, 1.0, 0.028962301477041985, 0.014100586905161472, 0.36387024571357895, 0.05280740407965425], "features": ["SMA20_dist", "SMA50_dist", "sma_cross", "RSI14", "MACD", "MACD_sig", "MACD_hist", "BB_width", "BB_pos", "ATR14", "ret_1d", "ret_5d", "vol_10d", "vol_ratio", "obv_trend", "spy_ret_1d", "vix_level", "vix_change", "vix_regime", "asset_class", "ret_1m", "ret_3m", "ret_6m", "ret_12m", "high52w_dist", "low52w_dist", "day_of_week", "month", "is_options_expiry", "btc_ret_1d", "gold_ret_1d", "corr_spy_20d", "vwap_dist"]}