{"center": [0.006926211708773816, 0.018521028135790884, 1.0, 57.201142713149565, 0.5104788593038734, 0.5384301211640733, 0.01186190053001529, 0.04116507118511029, 0.6975160749907399, 0.8844828665543549, 0.0003312254317929808, 0.00267662851932704, 0.006374161556751598, 0.8913009328832409, 0.9876918597422133, 0.001443817728094987, 17.22000026702881, -0.008008568742242539, 1.0, 0.0, 0.018866456887901784, 0.03826397253205127, 0.07337253562364565, 0.06883879849135277, -0.013383309102175207, 0.1746365632096087, 2.0, 6.0, 0.0, -0.0005486263326970331, 0.0005617878048775893, 0.4772822111028145, 0.0072767264195017535], "scale": [0.017411225575176437, 0.0265231354798698, 1.0, 16.442497423141745, 0.5871823877503708, 0.5693482266665189, 0.2801517406435728, 0.02190986117551657, 0.42376888992503514, 0.22903686905503384, 0.009083729921942119, 0.018764503400486715, 0.002196032504909225, 0.46234453429665756, 0.398856009307924, 0.008705086718214544, 3.880000352859497, 0.07191654145694276, 1.0, 1.0, 0.034901107797758624, 0.07012418836466822, 0.10798653646999423, 0.15925590202020856, 0.028755005627642084, 0.06532235115426407, 2.0, 7.0, 1.0, 0.027391452351018586, 0.01424323797590843, 0.31002598193711406, 0.01763051806563544], "features": ["SMA20_dist", "SMA50_dist", "sma_cross", "RSI14", "MACD", "MACD_sig", "MACD_hist", "BB_width", "BB_pos", "ATR14", "ret_1d", "ret_5d", "vol_10d", "vol_ratio", "obv_trend", "spy_ret_1d", "vix_level", "vix_change", "vix_regime", "asset_class", "ret_1m", "ret_3m", "ret_6m", "ret_12m", "high52w_dist", "low52w_dist", "day_of_week", "month", "is_options_expiry", "btc_ret_1d", "gold_ret_1d", "corr_spy_20d", "vwap_dist"]}