{"center": [0.002031078588079598, 0.0031115350888008247, 1.0, 49.82785640626748, 1.1758757167971794, 1.5467423725759508, 0.06096088667349253, 0.0945370091683849, 0.5212581601376478, 10.853697956045515, -0.00028974276684951006, 0.001661537063742169, 0.013653243549260449, 0.9404281781356956, 0.9952883513960756, 0.0012149077022424182, 17.460000038146973, -0.006664472772315133, 1.0, 0.0, 0.0017549927353474049, 0.01185842976234519, 0.07081010495351092, 0.1288472541480754, -0.08679633503013415, 0.25104918096483786, 2.0, 6.0, 0.0, -0.0011698293944815696, 0.0012774523718040998, 0.05166498819690282, 0.0009925171280360853], "scale": [0.053715230183836796, 0.09571799936240505, 1.0, 26.000771351146952, 14.614797273794366, 14.541901930310226, 4.221432787427608, 0.0746036316249922, 0.5574514479981099, 5.713147148061362, 0.016624025278627608, 0.04346859252041585, 0.008980142088007934, 0.4127865451570778, 0.17459178369790662, 0.008831856013637313, 3.4925003051757812, 0.07551183375380188, 1.0, 1.0, 0.10081283494468352, 0.2219548936795227, 0.19120590158582132, 0.21348294303119858, 0.09594235189001286, 0.21628575076785342, 2.0, 7.0, 1.0, 0.029689167936832628, 0.017595341217756494, 0.4457199085711193, 0.05489798327020237], "features": ["SMA20_dist", "SMA50_dist", "sma_cross", "RSI14", "MACD", "MACD_sig", "MACD_hist", "BB_width", "BB_pos", "ATR14", "ret_1d", "ret_5d", "vol_10d", "vol_ratio", "obv_trend", "spy_ret_1d", "vix_level", "vix_change", "vix_regime", "asset_class", "ret_1m", "ret_3m", "ret_6m", "ret_12m", "high52w_dist", "low52w_dist", "day_of_week", "month", "is_options_expiry", "btc_ret_1d", "gold_ret_1d", "corr_spy_20d", "vwap_dist"]}