{"center": [0.007215813128948817, -0.009414486803824687, 0.0, 51.84742401959342, -0.10399659552235008, -0.1856119409790467, 0.0855175972610598, 0.3346590565621732, 0.5340089954161575, 2.6182142666407993, -0.004093511032042252, 0.00037620505425761674, 0.04782549960062862, 0.9130656007052782, 1.0105623160497859, 0.0016705837326954631, 17.440000534057617, -0.007978996509270586, 1.0, 0.0, -0.0014452939618652683, -0.027915723005196902, -0.03642320512801811, 0.0, -0.4756681229421921, 0.8220433157704052, 2.0, 6.0, 0.0, 0.0009384113313946063, 0.0020125698183789398, 0.48431794866540145, -0.0017738639831337453], "scale": [0.17576239202163935, 0.29226475971829685, 1.0, 25.23547660703283, 3.401588324139043, 2.9647801452189286, 0.8461115271252582, 0.3449741682238928, 0.5439435975717891, 1.1412498950958252, 0.06325706975538209, 0.1463821059551016, 0.03600163569110659, 0.530626643047412, 0.24919051444595364, 0.00891869110538937, 3.822500228881836, 0.07975874848206599, 1.0, 1.0, 0.3470754206702833, 0.35961282592211924, 0.4408439483592421, 0.12488356111426191, 0.1546784408923786, 1.1352329994981607, 2.0, 7.0, 1.0, 0.027410440182149026, 0.015478807825783286, 0.31876939642686664, 0.17992576756511858], "features": ["SMA20_dist", "SMA50_dist", "sma_cross", "RSI14", "MACD", "MACD_sig", "MACD_hist", "BB_width", "BB_pos", "ATR14", "ret_1d", "ret_5d", "vol_10d", "vol_ratio", "obv_trend", "spy_ret_1d", "vix_level", "vix_change", "vix_regime", "asset_class", "ret_1m", "ret_3m", "ret_6m", "ret_12m", "high52w_dist", "low52w_dist", "day_of_week", "month", "is_options_expiry", "btc_ret_1d", "gold_ret_1d", "corr_spy_20d", "vwap_dist"]}