{"center": [0.0004894993425537412, 0.0005335920173474583, 1.0, 53.84920562991584, 0.0006273375107479495, 0.0028277604108881034, 0.004119694125195871, 0.00647375140240264, 0.583810041269003, 0.09073919356819474, 0.0001813101796331873, 0.0004532460240087577, 0.0019750075239614983, 0.8364231912046677, 1.1745029953774409, 0.00038050350836760227, 17.255000114440918, -0.010242775613970023, 1.0, 0.0, 0.002178048963193513, 0.0, 0.0, 0.0, -0.009337295650383725, 0.008773527440894453, 2.0, 11.0, 0.0, -0.003252721817298243, 0.0002870779965911119, -0.24926076464793584, 0.0005520152281670845], "scale": [0.002700736644268243, 0.003405862623445783, 1.0, 15.060099960715746, 0.019278072644422828, 0.01790447353618647, 0.008775920012122133, 0.0024576749431639852, 0.40489068671282613, 0.03831548355044577, 0.002332393225259577, 0.002995218914165765, 0.0006617691124598708, 0.5269874742591334, 0.6879466527831514, 0.007769207637711328, 5.504999160766602, 0.06447536533527104, 1.0, 1.0, 0.00490534582339891, 0.005836696697316124, 1.0, 1.0, 0.002863562884134044, 0.002915913175083322, 2.25, 2.0, 1.0, 0.03367375149464194, 0.01233212537840972, 0.1944142908880796, 0.002876607002657078], "features": ["SMA20_dist", "SMA50_dist", "sma_cross", "RSI14", "MACD", "MACD_sig", "MACD_hist", "BB_width", "BB_pos", "ATR14", "ret_1d", "ret_5d", "vol_10d", "vol_ratio", "obv_trend", "spy_ret_1d", "vix_level", "vix_change", "vix_regime", "asset_class", "ret_1m", "ret_3m", "ret_6m", "ret_12m", "high52w_dist", "low52w_dist", "day_of_week", "month", "is_options_expiry", "btc_ret_1d", "gold_ret_1d", "corr_spy_20d", "vwap_dist"]}