{"center": [0.011904753457391606, 0.044800060885307295, 1.0, 55.02009631107818, 0.1385461433113253, 0.13717735063199565, -0.00477288639321638, 0.12082380477219845, 0.6176161562285699, 0.23393629565563603, 0.002159818104643829, 0.007021021173730491, 0.01685547474921502, 0.8582695430294596, 0.9957060821880012, 0.0005563903663643455, 17.479999542236328, -0.005681812794001595, 1.0, 0.0, 0.025000002721189407, 0.10242218099973188, 0.13961395503436602, 0.3243369931321949, -0.06607496637071447, 0.5355587796142256, 2.0, 6.0, 0.0, -0.0008217291810309613, 0.0017481999132260562, 0.6118277137813843, 0.011072223814683629], "scale": [0.058307994291598254, 0.09829051807234096, 1.0, 24.468724823981397, 0.30390674912037685, 0.2817007322385473, 0.08202618684823965, 0.07656056643000334, 0.4942385412858372, 0.2180013748852649, 0.02544483385367019, 0.05620061929722131, 0.007643711740434659, 0.6628759964982318, 0.20688822359276482, 0.008943298955890078, 4.204999923706055, 0.08104960961635888, 1.0, 1.0, 0.11002576885179666, 0.20680401139896998, 0.3717292673875021, 0.6610825975715815, 0.08699945172731591, 0.8139704124223078, 2.0, 7.0, 1.0, 0.026910651655579876, 0.014727586718665309, 0.36653020055403657, 0.057103480575304094], "features": ["SMA20_dist", "SMA50_dist", "sma_cross", "RSI14", "MACD", "MACD_sig", "MACD_hist", "BB_width", "BB_pos", "ATR14", "ret_1d", "ret_5d", "vol_10d", "vol_ratio", "obv_trend", "spy_ret_1d", "vix_level", "vix_change", "vix_regime", "asset_class", "ret_1m", "ret_3m", "ret_6m", "ret_12m", "high52w_dist", "low52w_dist", "day_of_week", "month", "is_options_expiry", "btc_ret_1d", "gold_ret_1d", "corr_spy_20d", "vwap_dist"]}