{"center": [0.0037242608140780273, 0.00441609627904998, 1.0, 51.127838366485086, 0.07249073616806001, 0.09333279631265573, 0.020579550208866926, 0.07232753675779299, 0.5595469364682071, 0.8192743379737359, 0.0008559845607614136, 0.002826355943486236, 0.012373339606174708, 0.909365623016227, 1.0312811480311252, 0.0009270572536191901, 17.440000534057617, -0.005630684757875204, 1.0, 0.0, 0.00314470289240365, 0.0, 0.0, 0.0, -0.05264907070167463, 0.16156159130052022, 2.0, 6.0, 0.0, -0.0003184371753567339, 0.001674234105256911, 0.6447117383991736, 0.004224071621383722], "scale": [0.03862271035836445, 0.06083266459152234, 1.0, 19.819243632461557, 0.7470859906049547, 0.6785344070359229, 0.2570717091908662, 0.06327091483765016, 0.499967892074759, 0.4183139050154724, 0.016153504845975497, 0.03861461135886754, 0.0066259357422110525, 0.5687501216896871, 0.19410247963267435, 0.008493871045151147, 3.955000877380371, 0.0781816599607803, 1.0, 1.0, 0.0657796842659655, 0.10464326160066537, 0.10743644968274027, 0.03215785531140125, 0.070833150311188, 0.08346577060060768, 2.0, 7.0, 1.0, 0.02648900510803323, 0.016250473303616564, 0.2930313405755814, 0.03685654952218627], "features": ["SMA20_dist", "SMA50_dist", "sma_cross", "RSI14", "MACD", "MACD_sig", "MACD_hist", "BB_width", "BB_pos", "ATR14", "ret_1d", "ret_5d", "vol_10d", "vol_ratio", "obv_trend", "spy_ret_1d", "vix_level", "vix_change", "vix_regime", "asset_class", "ret_1m", "ret_3m", "ret_6m", "ret_12m", "high52w_dist", "low52w_dist", "day_of_week", "month", "is_options_expiry", "btc_ret_1d", "gold_ret_1d", "corr_spy_20d", "vwap_dist"]}