{"center": [0.0019270986295977354, 0.0039259792511290555, 0.0, 51.465158245755305, 0.03134346830634627, 0.07336552351408548, -0.010027660363585503, 0.12828962275518038, 0.5224855275702525, 1.4238215144995257, 6.232450194498806e-05, 0.00163384273413969, 0.01921547692803058, 0.9596539282171268, 1.008230415997856, 0.0005306461989096345, 17.329999923706055, -0.002877397735553344, 1.0, 0.0, -0.0031847748737097725, 0.03611699967944826, 0.1387827808945924, 0.0, -0.10240575884502395, 0.36920343162238267, 2.0, 6.0, 0.0, -0.0005411751597558245, 0.0019992124197031336, 0.3076936268948302, 0.0003187414179153318], "scale": [0.07128704882022546, 0.10181713868251285, 1.0, 26.57307073423309, 1.988478347038864, 1.8910547800315842, 0.5193543735420919, 0.08007611021964967, 0.5723911814737102, 0.5338506857781806, 0.022910450676273814, 0.05756873063411208, 0.011207524937959795, 0.5159505620210715, 0.6391397260930309, 0.009479183375548483, 4.207499980926514, 0.08353126784817644, 1.0, 1.0, 0.13016026381761597, 0.24880761104850868, 0.2604415312114294, 0.5104091299059534, 0.1424111233130476, 0.4642549185614043, 2.0, 7.0, 1.0, 0.027852387302183396, 0.015990767381247273, 0.38587130987662216, 0.06801199656434402], "features": ["SMA20_dist", "SMA50_dist", "sma_cross", "RSI14", "MACD", "MACD_sig", "MACD_hist", "BB_width", "BB_pos", "ATR14", "ret_1d", "ret_5d", "vol_10d", "vol_ratio", "obv_trend", "spy_ret_1d", "vix_level", "vix_change", "vix_regime", "asset_class", "ret_1m", "ret_3m", "ret_6m", "ret_12m", "high52w_dist", "low52w_dist", "day_of_week", "month", "is_options_expiry", "btc_ret_1d", "gold_ret_1d", "corr_spy_20d", "vwap_dist"]}