{"center": [0.007261381552050209, 0.018458285733810254, 1.0, 52.79106688783852, 0.27992662348344766, 0.21826847874048427, 0.019245916678487962, 0.10693043694365194, 0.5905519251780318, 0.785007327947333, 0.0015534336127123183, 0.0023106486855841712, 0.014907925198029082, 0.9422308321113346, 1.0160707428264373, 0.001093923806363195, 17.690000534057617, -0.006658632403358511, 1.0, 0.0, 0.026214975951808217, 0.05524291747644017, 0.08515712063405734, 0.0, -0.10175871798082795, 0.2728497285061794, 2.0, 6.0, 0.0, -0.0003342625487465778, 0.001670691560653026, 0.16238812046059914, 0.009094709910064967], "scale": [0.05412855261535818, 0.08923842577898751, 1.0, 22.058191665936015, 1.0928653543650881, 1.0564778321503259, 0.2729556606773912, 0.06530388815160071, 0.5060861871001425, 0.336073559183219, 0.02130220570141983, 0.04968025612342375, 0.005780217829917186, 0.42035579531931333, 0.2551747590886293, 0.009560309585838977, 4.440000534057617, 0.08140431027936057, 1.0, 1.0, 0.11257672702804844, 0.16512915051727473, 0.22408752114599673, 0.4070770583722785, 0.10828523719356148, 0.3544509071462053, 2.0, 6.0, 1.0, 0.027192617685402376, 0.01622684410311903, 0.32974160885562026, 0.052669177905141404], "features": ["SMA20_dist", "SMA50_dist", "sma_cross", "RSI14", "MACD", "MACD_sig", "MACD_hist", "BB_width", "BB_pos", "ATR14", "ret_1d", "ret_5d", "vol_10d", "vol_ratio", "obv_trend", "spy_ret_1d", "vix_level", "vix_change", "vix_regime", "asset_class", "ret_1m", "ret_3m", "ret_6m", "ret_12m", "high52w_dist", "low52w_dist", "day_of_week", "month", "is_options_expiry", "btc_ret_1d", "gold_ret_1d", "corr_spy_20d", "vwap_dist"]}