{"center": [0.0001228979466967408, 0.0032176434020265484, 1.0, 49.71378355137141, 0.09715671704842066, 0.28032392550146656, -0.07100126193788575, 0.07766015488311236, 0.5026809277942055, 4.197710559716793, 0.0021383390606567465, 0.001391775800970163, 0.011059050859738724, 0.9280008347214967, 1.036943267961326, 0.0014107926777682245, 17.460000038146973, -0.006606896521132111, 1.0, 0.0, -0.0022646440036877546, 0.011313490382672042, 0.0, 0.0, -0.07540335114614703, 0.10542700326653985, 2.0, 6.0, 0.0, 0.0003098700789467834, 0.002224252147563832, 0.32928003805924083, 0.0001269659053820946], "scale": [0.03816691727602205, 0.05228024265546286, 1.0, 21.314322479977605, 3.37174005340389, 3.5400807540028074, 1.3355183456125184, 0.042390026858792895, 0.47341725623667513, 1.4321052019474876, 0.013396709475457624, 0.031612544844681484, 0.006112911620590612, 0.4004289703833709, 0.9505999909209046, 0.008343036415963567, 4.059999942779541, 0.07760158220579508, 1.0, 1.0, 0.07735103110563496, 0.07343211606294983, 0.07556479203856808, 0.03395381807708181, 0.06041087289410475, 0.0706339965813389, 2.0, 7.0, 1.0, 0.02796446011690132, 0.015297154582754241, 0.45949550954231544, 0.03555714761426755], "features": ["SMA20_dist", "SMA50_dist", "sma_cross", "RSI14", "MACD", "MACD_sig", "MACD_hist", "BB_width", "BB_pos", "ATR14", "ret_1d", "ret_5d", "vol_10d", "vol_ratio", "obv_trend", "spy_ret_1d", "vix_level", "vix_change", "vix_regime", "asset_class", "ret_1m", "ret_3m", "ret_6m", "ret_12m", "high52w_dist", "low52w_dist", "day_of_week", "month", "is_options_expiry", "btc_ret_1d", "gold_ret_1d", "corr_spy_20d", "vwap_dist"]}