{"center": [-0.0065351381387161135, -0.031412333578837374, 0.0, 47.816043114161914, -0.11936448686096046, -0.1438219519174583, 0.014575611291954858, 0.19422197833971702, 0.459113522550713, 0.6167856284550257, 0.0032282417725372214, -0.004098217510694113, 0.0314585848875505, 0.9759420786456143, 0.9660206198751866, 0.0009265982704880216, 17.164999961853027, -0.005700987146387504, 1.0, 0.0, -0.007685220264448234, -0.056611654671525846, -0.04624692664237351, 0.0, -0.36534631910056137, 0.16586544266231645, 2.0, 7.0, 0.0, -5.770796242327014e-05, 0.0015985124647919235, -0.1295793817283552, -0.007530309924081798], "scale": [0.1054776399181385, 0.13476129551207183, 1.0, 20.43991103336854, 0.5486107077046891, 0.519191709195001, 0.1853021140975165, 0.09296568273674971, 0.5141420779028143, 0.2876788207462855, 0.04402834662334715, 0.09857555989731764, 0.012858391351689345, 0.45516640294092425, 0.6505732903473063, 0.008844010993526025, 4.024999618530273, 0.07768662644132418, 1.0, 1.0, 0.1656144272947747, 0.2327378396925472, 0.2692712732186663, 0.19430907301518432, 0.17666612764769302, 0.22061632885112442, 2.0, 6.0, 1.0, 0.026618080069238798, 0.014183922698615098, 0.34709083778126665, 0.10133396309224785], "features": ["SMA20_dist", "SMA50_dist", "sma_cross", "RSI14", "MACD", "MACD_sig", "MACD_hist", "BB_width", "BB_pos", "ATR14", "ret_1d", "ret_5d", "vol_10d", "vol_ratio", "obv_trend", "spy_ret_1d", "vix_level", "vix_change", "vix_regime", "asset_class", "ret_1m", "ret_3m", "ret_6m", "ret_12m", "high52w_dist", "low52w_dist", "day_of_week", "month", "is_options_expiry", "btc_ret_1d", "gold_ret_1d", "corr_spy_20d", "vwap_dist"]}