{"center": [0.027277550830557388, 0.048981404301763995, 1.0, 60.20681729548529, 2.4043955138403135, 2.438395658350351, 0.26635632260662856, 0.14106153800871904, 0.7041697353719059, 4.664441508131891, 0.0025823767431407685, 0.013598328632612455, 0.020713110035857726, 0.9239701492196013, 1.0009691707791493, 0.0005685229860479257, 17.510000228881836, -0.006626930447881874, 1.0, 0.0, 0.0509149352274787, 0.11272210312404862, 0.21652347969498642, 0.11401371353375356, -0.08701613458116932, 0.498334633170441, 2.0, 6.0, 0.0, -0.001682150134457161, 0.0019715725978484144, 0.11729351452754615, 0.02802799458563142], "scale": [0.07733473701750429, 0.0916390275287572, 1.0, 21.903124482121257, 4.319645270609726, 3.872444821516461, 1.6368877771355481, 0.05931665664756837, 0.48817486256601184, 3.543340752273958, 0.02487551514269215, 0.06222419412019864, 0.010191344262074017, 0.3715629166313922, 0.5640322098493568, 0.009236080390805035, 4.280000686645508, 0.08284527127969754, 1.0, 1.0, 0.13228878119459309, 0.23932124473358352, 0.44956046253496385, 0.6184351368287091, 0.13403947961045043, 0.8079793951678311, 2.0, 7.0, 1.0, 0.024747120254551835, 0.01614217649728822, 0.4630132136816333, 0.07206725729333863], "features": ["SMA20_dist", "SMA50_dist", "sma_cross", "RSI14", "MACD", "MACD_sig", "MACD_hist", "BB_width", "BB_pos", "ATR14", "ret_1d", "ret_5d", "vol_10d", "vol_ratio", "obv_trend", "spy_ret_1d", "vix_level", "vix_change", "vix_regime", "asset_class", "ret_1m", "ret_3m", "ret_6m", "ret_12m", "high52w_dist", "low52w_dist", "day_of_week", "month", "is_options_expiry", "btc_ret_1d", "gold_ret_1d", "corr_spy_20d", "vwap_dist"]}