{"center": [0.019010021854714187, 0.05264777593939692, 1.0, 56.43767083470982, 2.439510497151531, 2.3904191393861973, -0.08403916629620145, 0.13387532259314722, 0.6623682667455754, 6.527884563612056, 0.0011054619226877893, 0.008610859151303218, 0.01980217577531197, 0.908974629326825, 1.0451620467448604, 0.0014770382037720964, 17.510000228881836, -0.005720161498773413, 1.0, 0.0, 0.04371812849057943, 0.13242974674610974, 0.07301422676014324, 0.3008668783279711, -0.08804708116055776, 0.6146099603182503, 2.0, 6.0, 0.0, 0.0010508749979196708, 0.001670691560653026, 0.48845451833336906, 0.0199839483718117], "scale": [0.06424885868324454, 0.11904143506211909, 1.0, 24.07367980654908, 5.167747564207133, 4.968012037799381, 1.8083861839430493, 0.12299525136701196, 0.4668167448372648, 4.53616991764966, 0.02785898575079282, 0.05889769971715586, 0.01332183189102437, 0.4536979066224558, 0.2118158443513244, 0.008884221200016307, 4.130001068115234, 0.08356641113132557, 1.0, 1.0, 0.11647279645883168, 0.2997330155784478, 0.3678828649417685, 0.4980567869468615, 0.16617619437927955, 0.2011815878328973, 2.0, 7.0, 1.0, 0.02750085652552181, 0.015432943454754877, 0.3419429587292032, 0.06269011456476295], "features": ["SMA20_dist", "SMA50_dist", "sma_cross", "RSI14", "MACD", "MACD_sig", "MACD_hist", "BB_width", "BB_pos", "ATR14", "ret_1d", "ret_5d", "vol_10d", "vol_ratio", "obv_trend", "spy_ret_1d", "vix_level", "vix_change", "vix_regime", "asset_class", "ret_1m", "ret_3m", "ret_6m", "ret_12m", "high52w_dist", "low52w_dist", "day_of_week", "month", "is_options_expiry", "btc_ret_1d", "gold_ret_1d", "corr_spy_20d", "vwap_dist"]}