{"center": [0.011701451198551767, 0.04009387136326808, 1.0, 52.986856845442375, 0.5627501168273028, 0.6111064129709152, 0.007593405621179716, 0.14327039043764173, 0.5986386154084817, 2.1254980904715404, 0.00020657688466929613, 0.006991874880907023, 0.023023452180934163, 0.9307806301923509, 1.021138803596158, 0.001093923806363195, 17.399999618530273, -0.005681812794001595, 1.0, 0.0, 0.02753910590016595, 0.07609721047119677, 0.04487917491330973, 0.12417262235133775, -0.11315250576925043, 0.588294823609641, 2.0, 6.0, 0.0, -0.0018977187896134229, 0.0014259144001700363, 0.7939615403857393, 0.01354365669202495], "scale": [0.07255914241537514, 0.12958478640964172, 1.0, 22.04044918415812, 2.0447378646723067, 1.9908139288230364, 0.6635885988268619, 0.10658896626272188, 0.48819078138423333, 0.7346442086356029, 0.03184202631107069, 0.06540807484122313, 0.012067508856132926, 0.46272082244198065, 0.2627646949600113, 0.0088496792363717, 4.09499979019165, 0.08021071238906874, 1.0, 1.0, 0.14153953646276102, 0.3210327220563118, 0.26431521033803895, 0.4385705655171911, 0.14962449174258247, 0.5182204389166674, 2.0, 7.0, 1.0, 0.02911271019889211, 0.015669030078974078, 0.17286137935012746, 0.07281743292003903], "features": ["SMA20_dist", "SMA50_dist", "sma_cross", "RSI14", "MACD", "MACD_sig", "MACD_hist", "BB_width", "BB_pos", "ATR14", "ret_1d", "ret_5d", "vol_10d", "vol_ratio", "obv_trend", "spy_ret_1d", "vix_level", "vix_change", "vix_regime", "asset_class", "ret_1m", "ret_3m", "ret_6m", "ret_12m", "high52w_dist", "low52w_dist", "day_of_week", "month", "is_options_expiry", "btc_ret_1d", "gold_ret_1d", "corr_spy_20d", "vwap_dist"]}