{"center": [0.006434530899984625, 0.0029412820461325283, 0.0, 53.6508097751174, 0.08811318281630065, 0.02972839079245984, 0.1322664655817007, 0.07937224270947967, 0.6015082590805836, 2.2026476341927954, -0.00038106813066340894, 0.005139259469644664, 0.013564698679747762, 0.895499655125145, 0.9772670066589071, 0.0005047507949251795, 17.440000534057617, -0.005025144893802347, 1.0, 0.0, 0.01968701607003398, -0.02565548667105877, 0.0, 0.0, -0.1746232293040444, 0.09817126034394534, 2.0, 6.0, 0.0, 0.0007548627203146641, 0.0015753722020723782, 0.3640300521185609, 0.006911882507241568], "scale": [0.04473421137598794, 0.08381751748431146, 1.0, 19.778058873282454, 2.364190839311476, 2.1188584271832704, 0.6630230903475894, 0.07577409743525657, 0.5106950392570738, 0.6505991554273809, 0.01980003516968898, 0.03682549449235739, 0.0054944395917732695, 0.37459884007632427, 0.35734382844729085, 0.008828111064853705, 4.25, 0.07831396415795266, 1.0, 1.0, 0.09202991674870731, 0.1785587547825267, 0.2044176701566086, 0.16464704600009028, 0.180788764668373, 0.1732274064444105, 2.0, 7.0, 1.0, 0.029565736278331145, 0.015793514540509812, 0.3103409789955329, 0.04368200322265198], "features": ["SMA20_dist", "SMA50_dist", "sma_cross", "RSI14", "MACD", "MACD_sig", "MACD_hist", "BB_width", "BB_pos", "ATR14", "ret_1d", "ret_5d", "vol_10d", "vol_ratio", "obv_trend", "spy_ret_1d", "vix_level", "vix_change", "vix_regime", "asset_class", "ret_1m", "ret_3m", "ret_6m", "ret_12m", "high52w_dist", "low52w_dist", "day_of_week", "month", "is_options_expiry", "btc_ret_1d", "gold_ret_1d", "corr_spy_20d", "vwap_dist"]}