{"center": [0.0019402448245952946, 0.0030541027346099427, 1.0, 55.70827284013455, 0.1164603970503606, 0.1084161071557632, -0.00788025383027774, 0.014268139307148372, 0.6465796589713332, 0.2705164652844912, 9.275201787750653e-05, 0.001106163526539028, 0.0017588563679974969, 0.9445294139590406, 1.0391770299408025, 0.001093923806363195, 17.260000228881836, -0.007869662158076385, 1.0, 0.0, 0.0034077134304728585, 0.005989713660708773, 0.0045401506406743675, 0.0, -0.010246899176181504, 0.029777322222278985, 2.0, 6.0, 0.0, -0.0003342625487465778, 0.0015263333689308212, 0.22734697630513814, 0.002111289238046874], "scale": [0.007047937867043642, 0.00923409623894999, 1.0, 28.218749530410292, 0.3078640167689528, 0.280398434871589, 0.107581739045788, 0.008413046658800497, 0.5350806087818961, 0.1392353890087925, 0.002474944877023988, 0.0057409324996625655, 0.001193806033575971, 0.4731239540766181, 0.1472220265003007, 0.008834599887784844, 3.910000801086426, 0.084753053366104, 1.0, 1.0, 0.012669063188597784, 0.019001073620802555, 0.03168120698161958, 0.039845976529665705, 0.018240691529901265, 0.046318802532788125, 2.0, 7.0, 1.0, 0.027700112727224113, 0.014102313167121294, 0.5944730833088915, 0.007040287603947095], "features": ["SMA20_dist", "SMA50_dist", "sma_cross", "RSI14", "MACD", "MACD_sig", "MACD_hist", "BB_width", "BB_pos", "ATR14", "ret_1d", "ret_5d", "vol_10d", "vol_ratio", "obv_trend", "spy_ret_1d", "vix_level", "vix_change", "vix_regime", "asset_class", "ret_1m", "ret_3m", "ret_6m", "ret_12m", "high52w_dist", "low52w_dist", "day_of_week", "month", "is_options_expiry", "btc_ret_1d", "gold_ret_1d", "corr_spy_20d", "vwap_dist"]}