{"center": [-0.00543299717602751, 0.008773834813562673, 1.0, 48.08744035106882, 0.029211613199407793, 0.05048768644579757, -0.010741774633001522, 0.19379187671921153, 0.45769770447113073, 1.4054998670305525, 0.0, -0.007226536451746091, 0.02645745725316994, 0.9116793368467052, 0.9961504686023321, 0.0010938196429841618, 17.3799991607666, -0.0067322198012426115, 1.0, 0.0, 0.004466876206150827, -0.019414961927584296, -0.06775887069526176, 0.0, -0.3419330779884843, 0.23651589198387707, 2.0, 6.0, 0.0, -1.9742508661990676e-05, 0.0017481999132260562, 0.33293926649274264, -0.007095201190173464], "scale": [0.09690049262426775, 0.16186021714739263, 1.0, 26.600618082946433, 1.6860200821193665, 1.5266980747663377, 0.4706120057410783, 0.15349873256652335, 0.5566543719086056, 0.28614234924316406, 0.03447697345004064, 0.07420103838139047, 0.014958853656745454, 0.4497807292584167, 0.5914394432616089, 0.009698419719018303, 3.6499996185302734, 0.08475554596278945, 1.0, 1.0, 0.18348057512726312, 0.31817363725736636, 0.20396172942220048, 0.267331539964776, 0.28231761558981455, 0.22987494796306623, 2.0, 7.0, 1.0, 0.02630637076328146, 0.015396628990925976, 0.3721310680216403, 0.09621132027565629], "features": ["SMA20_dist", "SMA50_dist", "sma_cross", "RSI14", "MACD", "MACD_sig", "MACD_hist", "BB_width", "BB_pos", "ATR14", "ret_1d", "ret_5d", "vol_10d", "vol_ratio", "obv_trend", "spy_ret_1d", "vix_level", "vix_change", "vix_regime", "asset_class", "ret_1m", "ret_3m", "ret_6m", "ret_12m", "high52w_dist", "low52w_dist", "day_of_week", "month", "is_options_expiry", "btc_ret_1d", "gold_ret_1d", "corr_spy_20d", "vwap_dist"]}