{"center": [0.010590553103305813, 0.027931312404892366, 1.0, 53.490336108818724, 0.3496553160251139, 0.33138052928925177, 0.011230487098984332, 0.14114109469237043, 0.5872002851328806, 1.208800256634474, -0.0004942871055045872, 0.006634106688521824, 0.020736298377024967, 0.9219612261997631, 0.9926631423432871, 0.0005045885696586261, 17.479999542236328, -0.002998497855734139, 1.0, 0.0, 0.013908461721969134, 0.03745601350789296, 0.08343361139457439, 0.0, -0.09232983911567785, 0.5683453039799558, 2.0, 6.0, 0.0, -0.0007713643170961237, 0.001992014086009908, 0.8078772557482267, 0.01026579800611568], "scale": [0.07817512013235098, 0.1326124456539273, 1.0, 26.861876033866487, 1.5276179477770881, 1.4172688174792345, 0.40592885929966277, 0.09992079638365875, 0.5461063635117965, 0.3407818631807795, 0.02550563869847916, 0.05799040985918741, 0.009442115136472268, 0.5642490866963996, 0.3690882725207776, 0.008857733715959715, 3.8800010681152344, 0.07718657916152993, 1.0, 1.0, 0.15940123467536904, 0.3837485416423379, 0.426014362977423, 0.26035929004264746, 0.24154360408008435, 0.4351442745650006, 2.0, 7.0, 1.0, 0.029550808182256583, 0.013081814215083531, 0.1888307852016422, 0.0770803065002098], "features": ["SMA20_dist", "SMA50_dist", "sma_cross", "RSI14", "MACD", "MACD_sig", "MACD_hist", "BB_width", "BB_pos", "ATR14", "ret_1d", "ret_5d", "vol_10d", "vol_ratio", "obv_trend", "spy_ret_1d", "vix_level", "vix_change", "vix_regime", "asset_class", "ret_1m", "ret_3m", "ret_6m", "ret_12m", "high52w_dist", "low52w_dist", "day_of_week", "month", "is_options_expiry", "btc_ret_1d", "gold_ret_1d", "corr_spy_20d", "vwap_dist"]}