{"center": [0.004206213971697241, 0.01511041729121541, 1.0, 53.79516914136531, 0.9483613420964616, 1.0586131334850029, -0.09931736468084651, 0.05013230577925107, 0.593584271951848, 2.3423584332370817, -0.000178845207603473, 0.0026212842502522093, 0.007770645473411316, 0.8390162347661578, 1.004989145749928, 0.0013669450371407432, 17.38499927520752, -0.006189396951065962, 1.0, 0.0, 0.011068288704325746, 0.03611629186843657, 0.04726392374057964, 0.0853440176617053, -0.017752928434772827, 0.19845198738472375, 2.0, 6.0, 0.0, -0.0003300754485222601, 0.001674234105256911, 0.6649754366092917, 0.0040557044043189995], "scale": [0.02552018470502871, 0.033903560692415353, 0.25, 22.986481171603728, 2.40420421546078, 2.2103349653433093, 0.908550697406009, 0.04360391121789721, 0.4634520554138022, 0.9779886644992168, 0.010568974930817404, 0.023385556292501664, 0.0034595706093745442, 0.5415312906305497, 0.3811552486019487, 0.009161230053724018, 4.3050010204315186, 0.08454589010995647, 1.0, 1.0, 0.048451396314647704, 0.06367358910100107, 0.0831781309554902, 0.1406814994549383, 0.03211933301796467, 0.06877998079645928, 2.0, 7.0, 1.0, 0.027381818325238172, 0.015921780898583704, 0.31553248397303013, 0.02477459291518747], "features": ["SMA20_dist", "SMA50_dist", "sma_cross", "RSI14", "MACD", "MACD_sig", "MACD_hist", "BB_width", "BB_pos", "ATR14", "ret_1d", "ret_5d", "vol_10d", "vol_ratio", "obv_trend", "spy_ret_1d", "vix_level", "vix_change", "vix_regime", "asset_class", "ret_1m", "ret_3m", "ret_6m", "ret_12m", "high52w_dist", "low52w_dist", "day_of_week", "month", "is_options_expiry", "btc_ret_1d", "gold_ret_1d", "corr_spy_20d", "vwap_dist"]}