{"center": [0.0015140657300449704, 0.0032265843349338907, 1.0, 53.804956931057674, 0.02577965858875686, 0.02110165890745161, 0.0008112084736962774, 0.014838255082623687, 0.6144378753764247, 0.0860886475123819, 0.0003757872721668054, 0.0007594328780442527, 0.0023488527632423515, 0.852245235653404, 1.030830036271539, 0.0004857686989643284, 17.479999542236328, -0.006626930447881874, 1.0, 0.0, 0.0033860104222067644, 0.008561969087560461, 0.013624230951254201, 0.0340879462082424, -0.008562947737526007, 0.049628697155537055, 2.0, 6.0, 0.0, -9.567341618454961e-05, 0.0019715725978484144, 0.1550031164434384, 0.001378184546138208], "scale": [0.0074070879536590325, 0.011813324558081813, 1.0, 22.437709131071244, 0.08363705326670079, 0.07333146847395877, 0.024299844408732667, 0.00961747668167591, 0.5113356889982915, 0.028837493816131196, 0.003002286220904482, 0.0061508162630418695, 0.001047047340435456, 0.44888231196695827, 0.12436779729655179, 0.009529941850584644, 4.0, 0.0849898603078238, 1.0, 1.0, 0.012982964583867385, 0.02081881058015539, 0.025513684805123282, 0.051834266823739705, 0.012274032513833726, 0.030956903709356116, 2.0, 7.0, 1.0, 0.02964515932119488, 0.016400274638462664, 0.5514576957117919, 0.007631815806034683], "features": ["SMA20_dist", "SMA50_dist", "sma_cross", "RSI14", "MACD", "MACD_sig", "MACD_hist", "BB_width", "BB_pos", "ATR14", "ret_1d", "ret_5d", "vol_10d", "vol_ratio", "obv_trend", "spy_ret_1d", "vix_level", "vix_change", "vix_regime", "asset_class", "ret_1m", "ret_3m", "ret_6m", "ret_12m", "high52w_dist", "low52w_dist", "day_of_week", "month", "is_options_expiry", "btc_ret_1d", "gold_ret_1d", "corr_spy_20d", "vwap_dist"]}