{"center": [0.004116932590967761, 0.005682434151278152, 1.0, 52.92218151347964, 0.23913009145232422, 0.19754614903613618, 0.0473917417172427, 0.09992179468366211, 0.5495569032349046, 2.2152273443479187, 0.00030411037495403637, -0.0005292175634402096, 0.01460220424760746, 0.9287998404324607, 1.0012922113794929, 0.0012149076348427768, 17.280000686645508, -0.006642781425620192, 1.0, 0.0, 0.01127083018817232, 0.008576291192937346, 0.0, 0.0, -0.18849469355377502, 0.15057986662116707, 2.0, 6.0, 0.0, -0.0016280391279401285, 0.0014761238845504288, 0.13911503277407383, 0.005081404879294253], "scale": [0.05549897900033696, 0.08439903348425534, 1.0, 27.044476076743294, 2.110983108521662, 2.0202891213947685, 0.7217157661220537, 0.06111697295626728, 0.5616503447834532, 0.8559473001628877, 0.019122094580247273, 0.04951189930558558, 0.007378574189733582, 0.36846267696946533, 0.35545032756826267, 0.00866842080091515, 3.717499256134033, 0.0755593590820737, 1.0, 1.0, 0.11220529225455406, 0.21515087062500873, 0.43527908722550124, 0.16184912077989705, 0.23729611061384406, 0.4746345447518332, 2.0, 6.0, 1.0, 0.029330617465007286, 0.015308553061188473, 0.4620042145663394, 0.05812665135365603], "features": ["SMA20_dist", "SMA50_dist", "sma_cross", "RSI14", "MACD", "MACD_sig", "MACD_hist", "BB_width", "BB_pos", "ATR14", "ret_1d", "ret_5d", "vol_10d", "vol_ratio", "obv_trend", "spy_ret_1d", "vix_level", "vix_change", "vix_regime", "asset_class", "ret_1m", "ret_3m", "ret_6m", "ret_12m", "high52w_dist", "low52w_dist", "day_of_week", "month", "is_options_expiry", "btc_ret_1d", "gold_ret_1d", "corr_spy_20d", "vwap_dist"]}