{"center": [0.0037515732555652844, 0.007227884251110744, 1.0, 51.376042681536816, 0.19867572681538803, 0.262716088665844, -0.009914642572822041, 0.08359220350652993, 0.5397022051423936, 1.8303565979003906, 0.00024588712397510815, -0.00044739090642142987, 0.013278556578659981, 0.9145734399889455, 0.9778474778908521, 0.0009266726310533935, 17.635000228881836, -0.006696289656780374, 1.0, 0.0, 0.010630348384715549, 0.028192011573008657, 0.046070832087725555, 0.03532678688986701, -0.11428827023378405, 0.2082064728560783, 2.0, 6.0, 0.0, 8.154757069173124e-05, 0.002040198898185297, 0.3819446619851754, 0.004376752605428148], "scale": [0.04051030078839918, 0.05621673617972481, 1.0, 18.49094335606901, 1.3669893431536302, 1.1281826424300543, 0.4710202611043177, 0.039754319476342115, 0.46386018322546096, 0.5812500544956754, 0.015989946657261028, 0.03943144111255911, 0.008191831914162815, 0.4095677790626642, 0.6530603828430088, 0.009266390643406952, 4.227499961853027, 0.08381643443452735, 1.0, 1.0, 0.06650036116809127, 0.0860565289134071, 0.10351946290719266, 0.14952860173968363, 0.187581383812402, 0.09765351908554204, 2.0, 7.0, 1.0, 0.02748783076596578, 0.01548511723830645, 0.32244487668955824, 0.04178536614510307], "features": ["SMA20_dist", "SMA50_dist", "sma_cross", "RSI14", "MACD", "MACD_sig", "MACD_hist", "BB_width", "BB_pos", "ATR14", "ret_1d", "ret_5d", "vol_10d", "vol_ratio", "obv_trend", "spy_ret_1d", "vix_level", "vix_change", "vix_regime", "asset_class", "ret_1m", "ret_3m", "ret_6m", "ret_12m", "high52w_dist", "low52w_dist", "day_of_week", "month", "is_options_expiry", "btc_ret_1d", "gold_ret_1d", "corr_spy_20d", "vwap_dist"]}