{"center": [0.007482774521835727, 0.026530834410111115, 1.0, 54.3326330575254, 0.10184544657294126, 0.10211249469823251, 0.00576700374799459, 0.095615828564457, 0.6147095100241169, 0.2561219095460433, 0.0007767461854704116, 0.0043385614504742875, 0.014372084270171198, 0.9234988311710937, 1.0552882185188313, 0.0006179236816569178, 17.479999542236328, -0.005254864671583648, 1.0, 0.0, 0.01910057744379745, 0.09649247839753938, 0.18953437057182387, 0.010954796689868096, -0.07278524459619257, 0.31449948117257304, 2.0, 6.0, 0.0, -0.0018336589963325878, 0.00047589334326658683, 0.5466689259971593, 0.00734733411624409], "scale": [0.047797041173090034, 0.08966654403231872, 1.0, 21.342131966028617, 0.3436828343497451, 0.29963720251222886, 0.07276870360935357, 0.057124191148569314, 0.5099046302100667, 0.2677902806450928, 0.019812364483298095, 0.04232539118812298, 0.007870909811068937, 0.5041732691819161, 0.29552785113806324, 0.009379563013826336, 4.124999523162842, 0.08605334597811395, 1.0, 1.0, 0.09845322078097932, 0.17522504688954155, 0.2914303519679188, 0.5317107576367739, 0.15236482933564413, 0.6231158847614927, 2.0, 7.0, 1.0, 0.027879470351915375, 0.015256941215912034, 0.3333281346374075, 0.04844589789787256], "features": ["SMA20_dist", "SMA50_dist", "sma_cross", "RSI14", "MACD", "MACD_sig", "MACD_hist", "BB_width", "BB_pos", "ATR14", "ret_1d", "ret_5d", "vol_10d", "vol_ratio", "obv_trend", "spy_ret_1d", "vix_level", "vix_change", "vix_regime", "asset_class", "ret_1m", "ret_3m", "ret_6m", "ret_12m", "high52w_dist", "low52w_dist", "day_of_week", "month", "is_options_expiry", "btc_ret_1d", "gold_ret_1d", "corr_spy_20d", "vwap_dist"]}