{"center": [0.02156456793537785, 0.05548037489342813, 1.0, 54.26772045550408, 0.6923587810880534, 0.6567347998117734, 0.009896429383635719, 0.2079428410948959, 0.6343844366482334, 1.9992281035546675, 0.0021562577943474714, 0.017071060593368492, 0.03102435796644458, 0.9322921738034339, 1.0246567278837753, 0.0006304447347417197, 17.494999885559082, -0.005254864671583648, 1.0, 0.0, 0.03790668949507425, 0.13452940132214386, 0.07809379697689445, 0.24172737171893077, -0.11177500489128775, 1.2323236821835564, 2.0, 6.0, 0.0, -0.0007989160866231915, 0.001423505566895189, 0.9442020148188568, 0.026639297888845996], "scale": [0.09666122235749691, 0.15134373614455524, 1.0, 24.197318162486056, 1.6760982053812938, 1.5424634721603738, 0.5462305243254751, 0.13875184877812968, 0.48993414815969233, 1.0151122314915038, 0.04001965211144112, 0.09591767354354899, 0.0156932488044714, 0.40264629765511695, 0.17575869932837163, 0.008440558790155872, 4.122500419616699, 0.07867187723670088, 1.0, 1.0, 0.1634231676375585, 0.337996269118035, 0.36761355636474524, 0.48378323652335964, 0.1394945308528588, 1.0241852443019226, 2.0, 7.0, 1.0, 0.02735394286725601, 0.01468349978949024, 0.04749133799206251, 0.09538068903473736], "features": ["SMA20_dist", "SMA50_dist", "sma_cross", "RSI14", "MACD", "MACD_sig", "MACD_hist", "BB_width", "BB_pos", "ATR14", "ret_1d", "ret_5d", "vol_10d", "vol_ratio", "obv_trend", "spy_ret_1d", "vix_level", "vix_change", "vix_regime", "asset_class", "ret_1m", "ret_3m", "ret_6m", "ret_12m", "high52w_dist", "low52w_dist", "day_of_week", "month", "is_options_expiry", "btc_ret_1d", "gold_ret_1d", "corr_spy_20d", "vwap_dist"]}