{"center": [-0.00652151355254702, -0.014618870127167501, 0.0, 46.50166996619072, -0.02344774053568388, -0.00959195733860951, 0.001747354305655236, 0.1634533746665261, 0.45773757951995153, 0.17482141086033412, 0.0, -0.002700192022606518, 0.0235353334479328, 0.9482610083046299, 0.9831331319984198, 0.0011554127640220901, 17.460000038146973, -0.0067330833557224246, 1.0, 0.0, -0.018124563624834, 0.004674193991397679, 0.0, 0.0, -0.17813054943413642, 0.46513045221614124, 2.0, 6.0, 0.0, -5.770796242327014e-05, 0.0019992124197031336, 0.4396407600196902, -0.005650752305840239], "scale": [0.08306397550461894, 0.13018705929971702, 1.0, 24.493155490986474, 0.17644186006733098, 0.16516645255323123, 0.051727708814899576, 0.08858822329658815, 0.5306580222586709, 0.06462499499320987, 0.030049973686146453, 0.07115323771967944, 0.010694721692850427, 0.5194950838674197, 0.21459942348714356, 0.009854269055103976, 3.567500114440918, 0.08566984795090513, 1.0, 1.0, 0.16565844302083596, 0.3100609296192098, 0.2964867037219854, 0.051066240252919226, 0.2413764825776265, 0.3896683172117901, 2.0, 7.0, 1.0, 0.02666251031320796, 0.015278547521415387, 0.4121716856638142, 0.08093596846676632], "features": ["SMA20_dist", "SMA50_dist", "sma_cross", "RSI14", "MACD", "MACD_sig", "MACD_hist", "BB_width", "BB_pos", "ATR14", "ret_1d", "ret_5d", "vol_10d", "vol_ratio", "obv_trend", "spy_ret_1d", "vix_level", "vix_change", "vix_regime", "asset_class", "ret_1m", "ret_3m", "ret_6m", "ret_12m", "high52w_dist", "low52w_dist", "day_of_week", "month", "is_options_expiry", "btc_ret_1d", "gold_ret_1d", "corr_spy_20d", "vwap_dist"]}