{"center": [0.001516478326334375, 0.0003992266802892186, 1.0, 51.121094315432494, 0.012605936781682203, 0.09281864504061905, 0.026939307444473926, 0.12216192968835213, 0.5190708733987084, 2.407692046143747, 0.00020206001688038988, -0.0017002308955537115, 0.01798346320769043, 0.91590823720023, 0.9644830912490989, 0.0018767398754619968, 17.239999771118164, -0.007843129677328364, 1.0, 0.0, 0.005491300140427757, 0.0, 0.0, 0.0, -0.12875504111483665, 0.1346498757621646, 2.0, 6.0, 0.0, -0.00022924323774897726, 0.0020064107533963593, 0.08893645578062594, 0.0011743938552728431], "scale": [0.05977632384124358, 0.0769380335841307, 1.0, 20.974058424668414, 2.0954593350117463, 1.7770812133262106, 0.7249607311028863, 0.05407170027309133, 0.5137666221149575, 0.9251739231773932, 0.022952530375268565, 0.05815653594692699, 0.0066990102494973135, 0.3944839134735497, 0.432352070333464, 0.008776898715415149, 3.5500001907348633, 0.0745174532614955, 1.0, 1.0, 0.10349251188925668, 0.15518521632727633, 0.1730942408362416, 0.050209181001304004, 0.09560748706251064, 0.16876036509430858, 2.0, 7.0, 1.0, 0.026229416400839867, 0.015263713227712583, 0.5856278270488428, 0.05669758642762552], "features": ["SMA20_dist", "SMA50_dist", "sma_cross", "RSI14", "MACD", "MACD_sig", "MACD_hist", "BB_width", "BB_pos", "ATR14", "ret_1d", "ret_5d", "vol_10d", "vol_ratio", "obv_trend", "spy_ret_1d", "vix_level", "vix_change", "vix_regime", "asset_class", "ret_1m", "ret_3m", "ret_6m", "ret_12m", "high52w_dist", "low52w_dist", "day_of_week", "month", "is_options_expiry", "btc_ret_1d", "gold_ret_1d", "corr_spy_20d", "vwap_dist"]}