{"center": [0.0029817663713874363, 0.007731239446433908, 1.0, 51.35923998788396, 0.18903819468894767, 0.22402743703642347, 0.055702339193231865, 0.07982678648170102, 0.5428805505654815, 4.260431373831405, 0.0018426361612224884, 0.002904555088417027, 0.01104573836024598, 0.9198840215874137, 1.0514220522352493, 0.0009012287764704752, 17.399999618530273, -0.006586862594382348, 1.0, 0.0, 0.0032496462470139598, 0.013617035497359486, 0.0, 0.0, -0.07235255648185607, 0.09822990206162667, 2.0, 6.0, 0.0, -0.0008264678561502592, 0.0007275678386380324, 0.35212136703742297, 0.0034060269157070613], "scale": [0.03934388164915827, 0.055807277074554865, 1.0, 23.02669633964912, 3.8254108502953557, 3.6433520240360187, 1.4224787126371425, 0.04686017996952106, 0.5209450439529213, 1.4451611891026106, 0.015158021948731781, 0.03585853220310864, 0.005564499524289113, 0.3862096747286292, 0.7570168712065659, 0.009369940053473358, 4.185000419616699, 0.08344913158356182, 1.0, 1.0, 0.07908361169599448, 0.08268781984737317, 0.10223369313336483, 0.04409873638780182, 0.06203375364335055, 0.11601390737947, 2.0, 7.0, 1.0, 0.028168404925389745, 0.015496991843711116, 0.41497593139708205, 0.04037314011940414], "features": ["SMA20_dist", "SMA50_dist", "sma_cross", "RSI14", "MACD", "MACD_sig", "MACD_hist", "BB_width", "BB_pos", "ATR14", "ret_1d", "ret_5d", "vol_10d", "vol_ratio", "obv_trend", "spy_ret_1d", "vix_level", "vix_change", "vix_regime", "asset_class", "ret_1m", "ret_3m", "ret_6m", "ret_12m", "high52w_dist", "low52w_dist", "day_of_week", "month", "is_options_expiry", "btc_ret_1d", "gold_ret_1d", "corr_spy_20d", "vwap_dist"]}