{"center": [0.027821367077799888, 0.04657127946833764, 1.0, 56.50799888851584, 1.9080938286952218, 1.6725125470736137, 0.05054582724291823, 0.23750710440991132, 0.6316176968355568, 6.637499673025949, -0.0008895022112859197, 0.013249498512499347, 0.033837125142647244, 0.899592900012195, 1.0145125458227215, 0.0009004595313388819, 17.360000610351562, -0.005025144893802347, 1.0, 0.0, 0.05815952699839322, 0.14562377756834954, 0.34536789713275184, 0.0, -0.12092849367670627, 1.9875345468429888, 2.0, 6.0, 0.0, -0.0008217291810309613, 0.001992014086009908, 0.4659779902908369, 0.03253550414225175], "scale": [0.10709687326867148, 0.20316197823238763, 1.0, 26.34818823704535, 6.233913821395376, 5.73618014059693, 1.998835995557243, 0.1151446517606993, 0.5079628557299872, 2.0047890799386163, 0.04170832016763526, 0.10492125856549195, 0.017682701760434908, 0.38151420781598355, 0.060825691634611045, 0.009480201982274727, 4.039999008178711, 0.08512996954832641, 1.0, 1.0, 0.21300669865817645, 0.5819042789187685, 1.0313455250439314, 1.303608883434816, 0.25924263615823645, 2.654862250569355, 2.0, 7.0, 1.0, 0.02833735654793257, 0.015676586982172003, 0.36221819125482463, 0.11561081952783304], "features": ["SMA20_dist", "SMA50_dist", "sma_cross", "RSI14", "MACD", "MACD_sig", "MACD_hist", "BB_width", "BB_pos", "ATR14", "ret_1d", "ret_5d", "vol_10d", "vol_ratio", "obv_trend", "spy_ret_1d", "vix_level", "vix_change", "vix_regime", "asset_class", "ret_1m", "ret_3m", "ret_6m", "ret_12m", "high52w_dist", "low52w_dist", "day_of_week", "month", "is_options_expiry", "btc_ret_1d", "gold_ret_1d", "corr_spy_20d", "vwap_dist"]}