{"center": [0.009649471478223183, 0.03007081556876795, 1.0, 54.13978074354226, 0.20087133883436792, 0.185957753799693, -0.0034536614190762704, 0.09759393971905037, 0.5963509958360995, 0.5252578031571971, -9.057119280703185e-05, 0.006719600416316918, 0.015838465769720544, 0.7133415760120261, 0.9825247859857265, 0.0006303996578278515, 17.494999885559082, -0.005649859110261113, 1.0, 0.0, 0.02182869048993219, 0.061185497517094456, 0.13969646347719866, 0.32348342227868687, -0.07380820481846392, 0.43584587485172066, 2.0, 6.0, 0.0, -0.0016587106652958816, 0.001423505566895189, 0.4897355937321487, 0.007534107017442107], "scale": [0.051478751435685546, 0.08793578536914752, 1.0, 24.48812194768074, 0.5734615567873051, 0.603637749054762, 0.1542907347949501, 0.07184671482615936, 0.4683064990255498, 0.317085793263982, 0.021281484380957588, 0.048432155129415844, 0.006369513743755766, 0.861356935832485, 0.22427457832234898, 0.00920873629809299, 3.840000629425049, 0.07731589164987074, 1.0, 1.0, 0.09465587543745482, 0.18261991410250922, 0.24985713816377048, 0.46604696571138965, 0.11496314347482484, 0.5109689611015096, 2.0, 6.0, 1.0, 0.028959893672299064, 0.014639814802321433, 0.4501431328539053, 0.04662532099031269], "features": ["SMA20_dist", "SMA50_dist", "sma_cross", "RSI14", "MACD", "MACD_sig", "MACD_hist", "BB_width", "BB_pos", "ATR14", "ret_1d", "ret_5d", "vol_10d", "vol_ratio", "obv_trend", "spy_ret_1d", "vix_level", "vix_change", "vix_regime", "asset_class", "ret_1m", "ret_3m", "ret_6m", "ret_12m", "high52w_dist", "low52w_dist", "day_of_week", "month", "is_options_expiry", "btc_ret_1d", "gold_ret_1d", "corr_spy_20d", "vwap_dist"]}