{"center": [0.013586661817386598, 0.03161411507331972, 1.0, 56.90186671642259, 0.5689029828291758, 0.5716738089820192, 0.07045735310226217, 0.1073540641225515, 0.6469051654765007, 1.2302195650424912, 0.0008732993000819533, 0.007432017283428016, 0.015305670041872933, 0.9257813233503444, 1.0267868764814603, 0.0004829726807682455, 17.38499927520752, -0.007288538293765301, 1.0, 0.0, 0.03348707417824537, 0.06956362130136617, 0.061835873206179004, 0.04253655589209282, -0.07957344060777549, 0.215803102662949, 2.0, 6.0, 0.0, -0.0008240985185906102, 0.001991404930565599, 0.42258761700057923, 0.015698202554658657], "scale": [0.05108854315945558, 0.07077450883650506, 1.0, 22.84353408976478, 1.614781146915453, 1.5398295799249804, 0.4653869879766846, 0.06030316300718924, 0.49474519010369555, 0.9751321147868444, 0.018799306471634664, 0.0435681122051938, 0.008175411345063334, 0.41257942440948014, 0.6089628056347516, 0.009063792063165488, 4.099999904632568, 0.07595571527117961, 1.0, 1.0, 0.10331330427234892, 0.15922709078984287, 0.4061011851309139, 0.5035803764601701, 0.10531796268580654, 0.6117301825036583, 2.0, 7.0, 1.0, 0.027551338036023193, 0.01549704062541854, 0.3994319801770674, 0.051741880309591336], "features": ["SMA20_dist", "SMA50_dist", "sma_cross", "RSI14", "MACD", "MACD_sig", "MACD_hist", "BB_width", "BB_pos", "ATR14", "ret_1d", "ret_5d", "vol_10d", "vol_ratio", "obv_trend", "spy_ret_1d", "vix_level", "vix_change", "vix_regime", "asset_class", "ret_1m", "ret_3m", "ret_6m", "ret_12m", "high52w_dist", "low52w_dist", "day_of_week", "month", "is_options_expiry", "btc_ret_1d", "gold_ret_1d", "corr_spy_20d", "vwap_dist"]}