{"center": [0.03602568923757096, 0.08250208140995476, 1.0, 54.27952843829451, 0.5342738208186191, 0.5052775508817853, 0.06568578076545295, 0.4074544673190954, 0.6166919596160296, 2.5792878998951205, 0.00864466127488761, 0.03371426924942811, 0.058472234350199805, 0.9083144683158875, 1.036654882812627, 0.00155047779484363, 17.399999618530273, -0.006670313141271755, 1.0, 0.0, 0.05514020215935034, 0.2838374821910863, 0.08538040324295126, 0.0, -0.3562582699276072, 2.3280628624004582, 2.0, 6.0, 0.0, 0.00029724205673309356, 0.001677776649860796, 0.7948265749394342, 0.04813958058286608], "scale": [0.19690985878158856, 0.37052697359834497, 1.0, 22.35133798798808, 3.2650832422488385, 3.0640864490397934, 0.8529589620574661, 0.25566401277221396, 0.5027112712478194, 2.9295291776209478, 0.07817334930467812, 0.185715755946108, 0.03149122918239511, 0.35055378067854426, 0.27065613970984737, 0.008875561477297067, 3.9700002670288086, 0.07671798351684311, 1.0, 1.0, 0.41991437605231974, 0.7340899128884024, 1.5006484030583287, 1.041894985634939, 0.4577002555391838, 5.165789230899194, 2.0, 7.0, 1.0, 0.027364956769871274, 0.01596669405305806, 0.14350299238160447, 0.20433251488649612], "features": ["SMA20_dist", "SMA50_dist", "sma_cross", "RSI14", "MACD", "MACD_sig", "MACD_hist", "BB_width", "BB_pos", "ATR14", "ret_1d", "ret_5d", "vol_10d", "vol_ratio", "obv_trend", "spy_ret_1d", "vix_level", "vix_change", "vix_regime", "asset_class", "ret_1m", "ret_3m", "ret_6m", "ret_12m", "high52w_dist", "low52w_dist", "day_of_week", "month", "is_options_expiry", "btc_ret_1d", "gold_ret_1d", "corr_spy_20d", "vwap_dist"]}