{"center": [0.008409988149011614, 0.021749528189509534, 1.0, 58.068477507026614, 2.10389713155638, 2.045280491049551, -0.09651116974281404, 0.04995250207943902, 0.6794411979950762, 3.324009087795722, 0.0, 0.003311804698269194, 0.00769106470927276, 0.9697626329935984, 1.029136756186213, 0.0005047975617609168, 17.610000610351562, -0.004522324550077617, 1.0, 0.0, 0.016428467972895877, 0.04787679510799614, 0.06590111772676521, 0.13456671478757265, -0.010386222059896538, 0.27712911859591166, 2.0, 6.0, 0.0, -0.00151319093281288, 0.0014259144001700363, 0.9958515473956733, 0.008974234461134292], "scale": [0.019877108908751953, 0.035999182315495065, 1.0, 22.141218700214154, 2.829016636486074, 2.8255677587597114, 0.8322499885731348, 0.032009202571927846, 0.40956908681355414, 1.672214747239516, 0.009511540281668118, 0.02273752231681303, 0.004287785817467953, 0.29785788753360276, 1.2035079665672264, 0.008961917723745105, 4.079999923706055, 0.08498318938880967, 1.0, 1.0, 0.04191534317125756, 0.06878737460293394, 0.11785642597614521, 0.1834513655330965, 0.024454200445640582, 0.19251569583146053, 2.0, 7.0, 1.0, 0.028888839103737074, 0.013963687530825997, 0.003523009534638244, 0.01999505470319827], "features": ["SMA20_dist", "SMA50_dist", "sma_cross", "RSI14", "MACD", "MACD_sig", "MACD_hist", "BB_width", "BB_pos", "ATR14", "ret_1d", "ret_5d", "vol_10d", "vol_ratio", "obv_trend", "spy_ret_1d", "vix_level", "vix_change", "vix_regime", "asset_class", "ret_1m", "ret_3m", "ret_6m", "ret_12m", "high52w_dist", "low52w_dist", "day_of_week", "month", "is_options_expiry", "btc_ret_1d", "gold_ret_1d", "corr_spy_20d", "vwap_dist"]}