{"center": [-0.04003358147063259, -0.09458000930832917, 0.0, 44.07967605433902, -0.42233009051835957, -0.4381176739214813, 0.04377168292570571, 0.27404436132089455, 0.33283431157659116, 1.1464284488133023, -0.00402115595506275, -0.010676298316429245, 0.04046065131337202, 0.9392390028526971, 1.045949649577377, 0.0014017875113647715, 17.170000076293945, -0.006664472772315133, 1.0, 0.0, -0.08076119942500176, -0.2320912281826527, -0.2904608066344207, -0.3039397287864186, -0.49974621129897795, 0.11041938487968736, 2.0, 6.0, 0.0, 0.0008608689260511948, 0.001788531730296361, 0.37725792455292706, -0.04260478002382658], "scale": [0.1322660290516517, 0.21625564062551855, 1.0, 23.474627276842327, 0.9252248923535344, 0.9229670638387035, 0.40034270437709163, 0.20920354567440677, 0.48212774461497854, 0.9903032098497664, 0.05730147614815237, 0.1102431178650779, 0.017826499622520357, 0.5038711012675797, 0.32215919402491233, 0.008883501599551175, 3.8575005531311035, 0.0770295272342637, 1.0, 1.0, 0.24952744533027, 0.29784869510650486, 0.5008559310189022, 0.6004529519228714, 0.29210804120003886, 0.21577812021704829, 2.0, 7.0, 1.0, 0.02787534457417576, 0.015204340740013977, 0.3235426545118245, 0.14041215893044395], "features": ["SMA20_dist", "SMA50_dist", "sma_cross", "RSI14", "MACD", "MACD_sig", "MACD_hist", "BB_width", "BB_pos", "ATR14", "ret_1d", "ret_5d", "vol_10d", "vol_ratio", "obv_trend", "spy_ret_1d", "vix_level", "vix_change", "vix_regime", "asset_class", "ret_1m", "ret_3m", "ret_6m", "ret_12m", "high52w_dist", "low52w_dist", "day_of_week", "month", "is_options_expiry", "btc_ret_1d", "gold_ret_1d", "corr_spy_20d", "vwap_dist"]}