{"center": [0.006665229972912699, 0.01613292305898858, 1.0, 56.61506657436561, 0.37438584382039153, 0.35692765723344166, -0.014058327177344121, 0.05348274553978567, 0.6399708216420805, 0.8019391927576416, -0.0003242700435079904, 0.0012192169740562475, 0.0075160828797851695, 0.9130820843423385, 0.9808835976624135, 0.0008157546664459003, 17.389999389648438, -0.0048289091912665505, 1.0, 0.0, 0.01377859345944521, 0.025159981229725514, 0.04853483203313136, 0.07275900339615415, -0.015737450958558538, 0.2099245876087043, 2.0, 6.0, 0.0, -0.0007541812183239349, 0.0017309682584434327, 0.8542892902434982, 0.007228130472948185], "scale": [0.023722146233399036, 0.03659595930241585, 1.0, 20.09952249031501, 0.7989866717532905, 0.7461326290882155, 0.21727100008112366, 0.03794606171342488, 0.47363324325726175, 0.3147451108648074, 0.00947965019946162, 0.023614308344452217, 0.004044727641881897, 0.37093487370621325, 0.33415028598980556, 0.010020963714100106, 4.330000400543213, 0.07986721304366037, 1.0, 1.0, 0.04621807519032506, 0.06976048222505399, 0.08828375517757225, 0.1492627778437886, 0.03663738274819376, 0.1195954627261305, 2.0, 7.0, 1.0, 0.026862661446125397, 0.014607031370012041, 0.13159733817564867, 0.023629675763493355], "features": ["SMA20_dist", "SMA50_dist", "sma_cross", "RSI14", "MACD", "MACD_sig", "MACD_hist", "BB_width", "BB_pos", "ATR14", "ret_1d", "ret_5d", "vol_10d", "vol_ratio", "obv_trend", "spy_ret_1d", "vix_level", "vix_change", "vix_regime", "asset_class", "ret_1m", "ret_3m", "ret_6m", "ret_12m", "high52w_dist", "low52w_dist", "day_of_week", "month", "is_options_expiry", "btc_ret_1d", "gold_ret_1d", "corr_spy_20d", "vwap_dist"]}