{"center": [0.012014428583089211, 0.03459846334697765, 1.0, 54.69882595777252, 0.251339178588605, 0.23407368607757081, -0.0044755217551804005, 0.10284269083874878, 0.6296801374885419, 0.46192180976192276, 0.0012986356077224759, 0.0062112175799544644, 0.014160650247701653, 0.8085227813183677, 1.048050186048386, 0.0005685229860479257, 17.479999542236328, -0.005681812794001595, 1.0, 0.0, 0.02763161161094274, 0.08227268733474946, 0.10907011262093724, 0.1985431189415814, -0.0625746442125616, 0.4584956143792559, 2.0, 6.0, 0.0, -0.0003109860024155253, 0.0019763991077348386, 0.8082576873873459, 0.01139055170728126], "scale": [0.049855958850530055, 0.07229744371795337, 1.0, 23.648866959728153, 0.4888627642299035, 0.4982603426213505, 0.15679335129554334, 0.0733569806154377, 0.47867834463250986, 0.3357677641366091, 0.020515641145628538, 0.04919530165687869, 0.006637592806335222, 0.5122552496660459, 0.26961389747112374, 0.008951652291788625, 3.75, 0.08397831875741868, 1.0, 1.0, 0.08593424161506746, 0.17597018796372899, 0.2982159490124703, 0.3731548982132211, 0.08122797845950146, 0.5796785196387919, 2.0, 7.0, 1.0, 0.026931279341849135, 0.014724064250247082, 0.17966764348416786, 0.04985458681913726], "features": ["SMA20_dist", "SMA50_dist", "sma_cross", "RSI14", "MACD", "MACD_sig", "MACD_hist", "BB_width", "BB_pos", "ATR14", "ret_1d", "ret_5d", "vol_10d", "vol_ratio", "obv_trend", "spy_ret_1d", "vix_level", "vix_change", "vix_regime", "asset_class", "ret_1m", "ret_3m", "ret_6m", "ret_12m", "high52w_dist", "low52w_dist", "day_of_week", "month", "is_options_expiry", "btc_ret_1d", "gold_ret_1d", "corr_spy_20d", "vwap_dist"]}