{"center": [0.001451771907895996, 0.004744794544056715, 1.0, 51.28815075093472, 0.03250141845708221, 0.025688417399570635, 0.0077281115145104995, 0.07397968160950791, 0.5241747914849365, 0.5044391698936224, -0.00019441013940274532, 0.00232654333368576, 0.013265334749796048, 0.9528111825544501, 1.0358518902476161, 0.0011227761343346465, 17.280000686645508, -0.005118433089179364, 1.0, 0.0, 0.008652036630755089, 0.008841822930125254, 0.0, 0.0, -0.11174554669302772, 0.15751118236281464, 2.0, 6.0, 0.0, -0.0007989160866231915, 0.002054320244525898, 0.2553660965095458, 0.0016838922799330691], "scale": [0.03304074324396025, 0.05089084487821108, 1.0, 20.58998756620386, 0.3158448306474515, 0.2937225968931374, 0.1340947443769555, 0.039094136359700216, 0.46861934459615345, 0.12467091903979288, 0.017151377763440973, 0.03752239678316968, 0.006152246670584935, 0.39860410542450375, 0.45093109554612143, 0.008775366933974377, 4.152498722076416, 0.08233367047527113, 1.0, 1.0, 0.06568150574144144, 0.11912571721450194, 0.1352250974120003, 0.056371786978512695, 0.09501810218036574, 0.16616454982835932, 2.0, 7.0, 1.0, 0.0264017878498837, 0.015230222830779822, 0.28943301068788385, 0.03512980738030276], "features": ["SMA20_dist", "SMA50_dist", "sma_cross", "RSI14", "MACD", "MACD_sig", "MACD_hist", "BB_width", "BB_pos", "ATR14", "ret_1d", "ret_5d", "vol_10d", "vol_ratio", "obv_trend", "spy_ret_1d", "vix_level", "vix_change", "vix_regime", "asset_class", "ret_1m", "ret_3m", "ret_6m", "ret_12m", "high52w_dist", "low52w_dist", "day_of_week", "month", "is_options_expiry", "btc_ret_1d", "gold_ret_1d", "corr_spy_20d", "vwap_dist"]}