{"center": [-0.0005743563437828135, -0.0008064882309542244, 1.0, 49.46032547082162, -0.00267858342692584, -0.01001365650589292, 2.5428627106196047e-05, 0.030446824374753725, 0.4762789608890434, 0.14754758757913528, -0.0004357630872592888, -0.00019466791502914527, 0.004729281148361093, 0.709493299368958, 1.047024180098683, 0.001039192360821617, 17.38499927520752, -0.005118433089179364, 1.0, 0.0, 0.0005463090042071572, -0.0017117429158934327, 0.0, 0.0, -0.03336681363423122, 0.07950374907063434, 2.0, 6.0, 0.0, -0.002158341216571269, 0.00195494092813997, 0.16973990008908202, -0.000891122653101946], "scale": [0.01372333605341941, 0.02047497503817758, 1.0, 22.16162563587139, 0.1403922696085136, 0.1254884807360414, 0.040221373619322154, 0.015037826216629614, 0.4960467343001856, 0.042577647967716764, 0.00572893140581332, 0.01358213777444442, 0.0021889099622855466, 0.7579810388967734, 0.2682505704402154, 0.00871712114583642, 3.84999942779541, 0.07950877490398153, 1.0, 1.0, 0.026245573281670875, 0.036895669087186084, 0.04799597588164767, 0.04080050479210168, 0.03543102100057548, 0.06966125016579744, 2.0, 7.0, 1.0, 0.028717305340418525, 0.015397261839930704, 0.7875065225806454, 0.013857568625140064], "features": ["SMA20_dist", "SMA50_dist", "sma_cross", "RSI14", "MACD", "MACD_sig", "MACD_hist", "BB_width", "BB_pos", "ATR14", "ret_1d", "ret_5d", "vol_10d", "vol_ratio", "obv_trend", "spy_ret_1d", "vix_level", "vix_change", "vix_regime", "asset_class", "ret_1m", "ret_3m", "ret_6m", "ret_12m", "high52w_dist", "low52w_dist", "day_of_week", "month", "is_options_expiry", "btc_ret_1d", "gold_ret_1d", "corr_spy_20d", "vwap_dist"]}