{"center": [0.014036912161666285, 0.039087274922593514, 1.0, 54.85231514833977, 0.11356359127173654, 0.12837238410508695, 0.00143918616845512, 0.12001866030311004, 0.6350972697158139, 0.22148754760253705, 0.0029872548243043973, 0.008653377610403412, 0.01606692398295246, 0.8069939475453934, 1.0110366914030888, 0.0005686124327104469, 17.399999618530273, -0.004522324550077617, 1.0, 0.0, 0.023200739354532596, 0.10242218099973188, 0.1476119392946169, 0.23822378389165455, -0.06752877964214003, 0.5094338957705563, 2.0, 6.0, 0.0, -0.0014864790528285043, 0.0005694792310315666, 0.6163161748764023, 0.013268542280651927], "scale": [0.05372914658583769, 0.09656311336161838, 1.0, 23.22168299795426, 0.2814188703985492, 0.2723620663227241, 0.07583093919182213, 0.06981567924348978, 0.4614961106772578, 0.1916798578665778, 0.023027907820621085, 0.05096087863301513, 0.007425894612834567, 0.683509637494014, 0.269976240390718, 0.00935672487056638, 4.304999828338623, 0.08242326416140511, 1.0, 1.0, 0.09916953462337535, 0.20435436097486748, 0.3905955465264088, 0.6536061043555761, 0.08601460992651169, 0.8173280064937112, 2.0, 7.0, 1.0, 0.02894364923686016, 0.014279075256386387, 0.36387132469279027, 0.05314738672658211], "features": ["SMA20_dist", "SMA50_dist", "sma_cross", "RSI14", "MACD", "MACD_sig", "MACD_hist", "BB_width", "BB_pos", "ATR14", "ret_1d", "ret_5d", "vol_10d", "vol_ratio", "obv_trend", "spy_ret_1d", "vix_level", "vix_change", "vix_regime", "asset_class", "ret_1m", "ret_3m", "ret_6m", "ret_12m", "high52w_dist", "low52w_dist", "day_of_week", "month", "is_options_expiry", "btc_ret_1d", "gold_ret_1d", "corr_spy_20d", "vwap_dist"]}