{"center": [0.011177857734564253, 0.034170547078855376, 1.0, 55.97207241954611, 0.42773392941371213, 0.42154678733572043, -0.024251900330935577, 0.0883707465627287, 0.6515781024540119, 0.7775296871092492, 0.0010254890553023088, 0.004554663281800209, 0.013905313235462683, 0.9883441746031023, 1.0389546197186212, 0.0003507814457759384, 17.324999809265137, -0.002072906581775724, 1.0, 0.0, 0.025518917027549604, 0.09059805362620699, 0.10867382552587279, 0.24540036055125136, -0.027173836155408672, 0.42648351442628857, 2.0, 6.0, 0.0, -0.00304315102194197, 0.001865606425999089, 0.888143026179204, 0.011192117105903792], "scale": [0.046619152159126154, 0.07241694509202846, 1.0, 24.19281526020781, 0.8376301405737436, 0.811751573097743, 0.24149963912576305, 0.071854053325981, 0.47713964165125894, 0.6104948948943605, 0.01770957401116638, 0.042824960286599906, 0.008078854259392906, 0.4969057332593021, 0.7846920665252229, 0.008725152318865698, 4.015000820159912, 0.08175926984433349, 1.0, 1.0, 0.08356077813798354, 0.15459460960560162, 0.19670395026527543, 0.36879538175801246, 0.07014774026291487, 0.33066122823611316, 2.0, 7.0, 1.0, 0.027493700773905866, 0.01430894413468023, 0.07970801548016149, 0.04150240331840555], "features": ["SMA20_dist", "SMA50_dist", "sma_cross", "RSI14", "MACD", "MACD_sig", "MACD_hist", "BB_width", "BB_pos", "ATR14", "ret_1d", "ret_5d", "vol_10d", "vol_ratio", "obv_trend", "spy_ret_1d", "vix_level", "vix_change", "vix_regime", "asset_class", "ret_1m", "ret_3m", "ret_6m", "ret_12m", "high52w_dist", "low52w_dist", "day_of_week", "month", "is_options_expiry", "btc_ret_1d", "gold_ret_1d", "corr_spy_20d", "vwap_dist"]}