{"center": [0.011031847245287659, 0.025232617020600968, 1.0, 54.66239894414959, 0.3612514145460324, 0.3866170882798343, 0.03714584599918774, 0.1179861958001557, 0.6269711250573254, 1.1172836228779848, 0.0016424724709491745, 0.005252868302944247, 0.016426671710881816, 0.9748844472505916, 1.0450298893214423, 0.0009004595313388819, 17.440000534057617, -0.005298008058610915, 1.0, 0.0, 0.020479257743410084, 0.06653427636636144, 0.06394068577280176, 0.0, -0.10945377068323586, 0.3105418897202813, 2.0, 6.0, 0.0, -0.0007713643170961237, 0.0019763991077348386, 0.458726339034472, 0.012041357571720103], "scale": [0.05738984376066833, 0.0823395125563427, 1.0, 20.26003355428552, 1.50535972219215, 1.4624184297730107, 0.4419466256092033, 0.08765280214677917, 0.49331198708252244, 0.8218157228118729, 0.02359136794491734, 0.05355211922700831, 0.008692231932996966, 0.3801164193234232, 0.6519843714020741, 0.008978186458332038, 3.77500057220459, 0.07729752892464625, 1.0, 1.0, 0.10783590384137315, 0.15727947845452445, 0.2945084445754115, 0.3511592442635554, 0.15382577865931774, 0.527581070922651, 2.0, 7.0, 1.0, 0.029130632172996662, 0.01608803187512703, 0.45138635153152595, 0.057733851717557474], "features": ["SMA20_dist", "SMA50_dist", "sma_cross", "RSI14", "MACD", "MACD_sig", "MACD_hist", "BB_width", "BB_pos", "ATR14", "ret_1d", "ret_5d", "vol_10d", "vol_ratio", "obv_trend", "spy_ret_1d", "vix_level", "vix_change", "vix_regime", "asset_class", "ret_1m", "ret_3m", "ret_6m", "ret_12m", "high52w_dist", "low52w_dist", "day_of_week", "month", "is_options_expiry", "btc_ret_1d", "gold_ret_1d", "corr_spy_20d", "vwap_dist"]}