{"center": [0.015681067878643318, 0.02691606298643587, 1.0, 58.34415812562113, 0.5701128276429444, 0.4502817785004434, -0.0239965421731263, 0.13468568823218593, 0.6565350952096727, 1.8700155358438997, 0.0029536580945082047, 0.007987614099668416, 0.017390884530520127, 0.9167824795397258, 1.044252190659471, 0.0009012287764704752, 17.3799991607666, -0.006393225162856231, 1.0, 0.0, 0.039241651719191584, 0.04083215499766646, 0.15412821704079271, 0.13736900843058497, -0.04733513003744668, 0.5247356668329163, 2.0, 6.0, 0.0, -0.0016352711961346023, 0.0020287362083613036, 0.10685143086696781, 0.015837357417612705], "scale": [0.06589191325776708, 0.11978123880781268, 1.0, 25.6045927745105, 2.2932104944517135, 2.120543198762129, 0.6104817152231772, 0.09046699410891434, 0.5205781824583038, 0.5657171681689801, 0.020905769590673917, 0.055567835790149234, 0.009271051889258294, 0.4691435201468047, 0.13857888442623012, 0.008938228502044843, 3.8799991607666016, 0.07978833941867502, 1.0, 1.0, 0.135931522158114, 0.22606860769425663, 0.23206991077639016, 0.39777309920735804, 0.09265813246931287, 0.4068680325693418, 2.0, 7.0, 1.0, 0.026602281434868202, 0.01596669405305806, 0.3687786414385024, 0.06422949937353138], "features": ["SMA20_dist", "SMA50_dist", "sma_cross", "RSI14", "MACD", "MACD_sig", "MACD_hist", "BB_width", "BB_pos", "ATR14", "ret_1d", "ret_5d", "vol_10d", "vol_ratio", "obv_trend", "spy_ret_1d", "vix_level", "vix_change", "vix_regime", "asset_class", "ret_1m", "ret_3m", "ret_6m", "ret_12m", "high52w_dist", "low52w_dist", "day_of_week", "month", "is_options_expiry", "btc_ret_1d", "gold_ret_1d", "corr_spy_20d", "vwap_dist"]}