{"center": [0.002452624196285621, -0.014826331682816399, 0.0, 51.76558086746429, -0.1992707736228141, -0.30157261164908916, 0.06867096364066061, 0.1681666000667144, 0.5106076570462895, 2.4555021013532365, -0.000699334506325644, -0.0026132290054463603, 0.024321793786762927, 0.9253299984848451, 1.0181502655678343, 0.001151711603039951, 17.239999771118164, -0.006658632403358511, 1.0, 0.0, 0.0031148885203231558, -0.033017829406202015, -0.06887888850493118, 0.0, -0.2862884182166185, 0.3552052892286474, 2.0, 7.0, 0.0, 0.00029724205673309356, 0.0011289903434381632, 0.3994784575862377, 0.004028601157341906], "scale": [0.09231065819480068, 0.13221908277688857, 1.0, 25.815719850407085, 2.7147038225254505, 2.5012291653774716, 0.8944224112461499, 0.12311839755377686, 0.5435684238208318, 0.6892144339425226, 0.02873955645217169, 0.0725919252380191, 0.011336818290708497, 0.529983902782915, 0.3844990143553727, 0.008554229701224936, 3.984999656677246, 0.07791191989885304, 1.0, 1.0, 0.17159439861514347, 0.25789861997826474, 0.23189219533732003, 0.24921543947334207, 0.21978689465523787, 0.4879047305482536, 2.0, 6.0, 1.0, 0.028687315975444716, 0.014204421065937889, 0.4691438125433972, 0.09238331464888301], "features": ["SMA20_dist", "SMA50_dist", "sma_cross", "RSI14", "MACD", "MACD_sig", "MACD_hist", "BB_width", "BB_pos", "ATR14", "ret_1d", "ret_5d", "vol_10d", "vol_ratio", "obv_trend", "spy_ret_1d", "vix_level", "vix_change", "vix_regime", "asset_class", "ret_1m", "ret_3m", "ret_6m", "ret_12m", "high52w_dist", "low52w_dist", "day_of_week", "month", "is_options_expiry", "btc_ret_1d", "gold_ret_1d", "corr_spy_20d", "vwap_dist"]}