{"center": [0.007000147543531239, 0.0179690398411034, 1.0, 56.005539281225126, 1.0485976177862568, 1.089807128915362, -0.052275175339622226, 0.04505885674101387, 0.6562613035294428, 1.8991539199051752, 0.0007500850317765373, 0.0019388678943643711, 0.007479656236653051, 0.8861250579890831, 0.9554436684407557, 0.0007324687515976036, 17.515000343322754, -0.006642781425620192, 1.0, 0.0, 0.014593869653632296, 0.03703171142321904, 0.032752134387130094, 0.07494546423415582, -0.014044895528992522, 0.21827510644737202, 2.0, 6.0, 0.0, 0.0003098700789467834, 0.0017309682584434327, 0.9617326440543881, 0.007496922195452977], "scale": [0.020114135164354435, 0.028410200179584164, 1.0, 18.112699690344336, 1.3242085263100947, 1.121428165386151, 0.45453657281196214, 0.02678045403457232, 0.43359877194387564, 0.7734449289276049, 0.009887912814510347, 0.02229511009832541, 0.0038606401321009303, 0.447835142904051, 1.1343301310823413, 0.008902696507845309, 4.274999618530273, 0.08046762388264111, 1.0, 1.0, 0.03719917021964406, 0.05881000162225175, 0.09682225644833187, 0.11760621855127684, 0.032093890287402206, 0.16077203800908535, 2.0, 7.0, 1.0, 0.026854122207969733, 0.015089601100308048, 0.03830199401894818, 0.019693575292565088], "features": ["SMA20_dist", "SMA50_dist", "sma_cross", "RSI14", "MACD", "MACD_sig", "MACD_hist", "BB_width", "BB_pos", "ATR14", "ret_1d", "ret_5d", "vol_10d", "vol_ratio", "obv_trend", "spy_ret_1d", "vix_level", "vix_change", "vix_regime", "asset_class", "ret_1m", "ret_3m", "ret_6m", "ret_12m", "high52w_dist", "low52w_dist", "day_of_week", "month", "is_options_expiry", "btc_ret_1d", "gold_ret_1d", "corr_spy_20d", "vwap_dist"]}