{"center": [0.005090847868611547, 0.01655400617526315, 1.0, 52.696995954212895, 1.4484418695221848, 1.3174619354201855, -0.17842625099682996, 0.07337412845908267, 0.581701767233447, 5.4050373069025, 0.0011049320104976612, 0.0038975186058365363, 0.011156941010092713, 0.9360868957158175, 1.0149582551940906, 0.0009012287764704752, 17.479999542236328, -0.005579556721748813, 1.0, 0.0, 0.015169886294104318, 0.03749228437249097, 0.03377996661319149, 0.10353067179062148, -0.04663176302448035, 0.2572446575496097, 2.0, 6.0, 0.0, -0.0018977187896134229, 0.0017841598670260694, 0.3739403285446949, 0.005202197680662942], "scale": [0.03266735362231302, 0.055799625853294156, 1.0, 20.782412737651704, 3.9763324258285593, 3.6132431494861366, 1.4555039475500902, 0.0502585064772467, 0.4930878777216217, 2.272648253409157, 0.01393072201483525, 0.033392508876782356, 0.005931508168487981, 0.4387530498507529, 0.19536708689451332, 0.009088096728104844, 3.8900012969970703, 0.07794148975556514, 1.0, 1.0, 0.0650741652152893, 0.10730926938021179, 0.18464917976124906, 0.26698653235589864, 0.09289062789678107, 0.3323984510742032, 2.0, 7.0, 1.0, 0.02947948764107855, 0.014170915382400784, 0.31908110809517, 0.03178371325063895], "features": ["SMA20_dist", "SMA50_dist", "sma_cross", "RSI14", "MACD", "MACD_sig", "MACD_hist", "BB_width", "BB_pos", "ATR14", "ret_1d", "ret_5d", "vol_10d", "vol_ratio", "obv_trend", "spy_ret_1d", "vix_level", "vix_change", "vix_regime", "asset_class", "ret_1m", "ret_3m", "ret_6m", "ret_12m", "high52w_dist", "low52w_dist", "day_of_week", "month", "is_options_expiry", "btc_ret_1d", "gold_ret_1d", "corr_spy_20d", "vwap_dist"]}