{"center": [0.003832364137625469, 0.0007260977401522399, 1.0, 51.804361540784555, 0.01191186836993019, 0.00924731598153835, 0.002390615511954023, 0.056278519688207594, 0.5823549027256409, 0.2020798443780486, 0.0, 0.0016567597907949372, 0.008764053838798774, 0.7673922550300767, 1.0136933370909884, 0.00048302488319784675, 17.460000038146973, -0.004137866547931024, 1.0, 0.0, 0.005377682971133724, 0.008709508213008421, 0.002666539164546178, 0.015220310529625136, -0.03615579250816728, 0.14169589814077732, 2.0, 6.0, 0.0, -0.0005528134329213508, 0.0007764358777558877, 0.607256827940023, 0.0036737987088933206], "scale": [0.025305230827282456, 0.03847861396362489, 1.0, 19.391901135112676, 0.19908691594053618, 0.19384844889806818, 0.07287791656852491, 0.03485285338671392, 0.48103594885762757, 0.06847019675579424, 0.011964135174613255, 0.025564059948518902, 0.003478935606142911, 0.861221839232114, 0.44931924065311624, 0.009204305977111332, 4.0749993324279785, 0.07753508431026657, 1.0, 1.0, 0.05000774692775106, 0.07269285405020637, 0.06291581748561156, 0.1133841371574113, 0.05801112624583532, 0.16798049762797612, 2.0, 7.0, 1.0, 0.029061708896060773, 0.015030765050245642, 0.23942536042890483, 0.02635522109100237], "features": ["SMA20_dist", "SMA50_dist", "sma_cross", "RSI14", "MACD", "MACD_sig", "MACD_hist", "BB_width", "BB_pos", "ATR14", "ret_1d", "ret_5d", "vol_10d", "vol_ratio", "obv_trend", "spy_ret_1d", "vix_level", "vix_change", "vix_regime", "asset_class", "ret_1m", "ret_3m", "ret_6m", "ret_12m", "high52w_dist", "low52w_dist", "day_of_week", "month", "is_options_expiry", "btc_ret_1d", "gold_ret_1d", "corr_spy_20d", "vwap_dist"]}