{"center": [-0.002579212744397429, -0.005687849754478118, 0.0, 48.409595982249165, -0.01348809739597101, -0.024869747472878546, 0.01180876261704189, 0.0840845106255415, 0.46814332396763686, 0.6838197476210546, 0.0004940344850278278, 0.0018000801743015549, 0.013915461823371406, 0.9340077465082463, 1.0097698685797711, 0.0009687254543250257, 17.414999961853027, -0.006189396951065962, 1.0, 0.0, 0.004648630768499196, -0.01888665558372271, -0.04790755708663802, -0.010128405643689053, -0.19098718019536115, 0.07461542317924169, 2.0, 6.0, 0.0, 0.0007781713812019531, 0.002240118713510819, 0.23231382740484524, -0.001334118687814311], "scale": [0.04291047684928899, 0.09341708466324741, 1.0, 21.436115416409173, 0.8219867028644545, 0.7602579863074592, 0.19149407931234896, 0.06743104262359148, 0.4760173760200933, 0.21959302544083714, 0.016714496149873193, 0.037130294670409514, 0.007342817284533334, 0.37165373831444937, 0.5929396946152624, 0.009320681306473705, 3.917499303817749, 0.08435127909352794, 1.0, 1.0, 0.1026126512668297, 0.16178531674783833, 0.10629310882702414, 0.1448955841668669, 0.12602223297960644, 0.10502786940688866, 2.0, 7.0, 1.0, 0.027886100116871898, 0.013952158549448507, 0.45487727008074597, 0.041512854325464275], "features": ["SMA20_dist", "SMA50_dist", "sma_cross", "RSI14", "MACD", "MACD_sig", "MACD_hist", "BB_width", "BB_pos", "ATR14", "ret_1d", "ret_5d", "vol_10d", "vol_ratio", "obv_trend", "spy_ret_1d", "vix_level", "vix_change", "vix_regime", "asset_class", "ret_1m", "ret_3m", "ret_6m", "ret_12m", "high52w_dist", "low52w_dist", "day_of_week", "month", "is_options_expiry", "btc_ret_1d", "gold_ret_1d", "corr_spy_20d", "vwap_dist"]}