{"center": [0.02125695410234977, 0.04353611561235664, 1.0, 55.73501420319171, 0.16746789200231493, 0.14879318219282994, 0.003682241599924835, 0.1858004574921171, 0.6408125221525545, 0.5207141808101109, 0.0010735109616786254, 0.008924410826260831, 0.02744773214471315, 0.9510125541891923, 1.0646001606324988, 0.0014438116652567556, 17.460000038146973, -0.008662493394246573, 1.0, 0.0, 0.054094236742169066, 0.06185557631025962, 0.0, 0.0, -0.2380538634858863, 0.380252242890602, 2.0, 6.0, 0.0, -0.0011564734544893818, 0.001650071760848859, 0.47622541610102714, 0.017036133391146832], "scale": [0.09538484274087364, 0.16296778783110172, 1.0, 25.519127225723842, 0.5693176062420258, 0.5869235340182799, 0.1938069249318498, 0.1192099221307619, 0.526641950018804, 0.1576787403651646, 0.03147269058631505, 0.08077832301602456, 0.015471937060449237, 0.4408103012022906, 0.5331703771197391, 0.009254473968867666, 4.132499694824219, 0.0821438622430952, 1.0, 1.0, 0.19764423898179778, 0.31928598789976925, 0.30856280523415774, 0.05867697573083955, 0.24785923293869677, 0.3183134499343451, 2.0, 7.0, 1.0, 0.026967776015458522, 0.015858284084843716, 0.2993679863489236, 0.09342812629325253], "features": ["SMA20_dist", "SMA50_dist", "sma_cross", "RSI14", "MACD", "MACD_sig", "MACD_hist", "BB_width", "BB_pos", "ATR14", "ret_1d", "ret_5d", "vol_10d", "vol_ratio", "obv_trend", "spy_ret_1d", "vix_level", "vix_change", "vix_regime", "asset_class", "ret_1m", "ret_3m", "ret_6m", "ret_12m", "high52w_dist", "low52w_dist", "day_of_week", "month", "is_options_expiry", "btc_ret_1d", "gold_ret_1d", "corr_spy_20d", "vwap_dist"]}