{"center": [0.0023028362779288227, 0.007016578131930836, 1.0, 52.87500852804245, 0.2633796518256304, 0.22858693260712581, 0.015540287382796336, 0.06323105458571512, 0.5443370879492306, 1.8226307126817278, 0.00031412193853475046, 0.0010503751895649671, 0.010141538087999129, 0.976961712638946, 1.0281956410522664, 0.0018522768711999316, 17.299999237060547, -0.009244158887228515, 1.0, 0.0, 0.006843324762330516, 0.020097705967888402, 0.03856893378301374, 0.06857992296638349, -0.04068643471453965, 0.15948609848119027, 2.0, 6.0, 0.0, 0.0003224981011604733, 0.0005131941200071655, -0.13865035987152205, 0.004203751159177578], "scale": [0.029881891825409318, 0.04474738309126941, 1.0, 19.79928714384507, 1.544557181121064, 1.4625604280825721, 0.5324390959433043, 0.03431184748320071, 0.5046540287477388, 0.4528993847780334, 0.01407776553839779, 0.031296387719846996, 0.003360624192148446, 0.3637034178483488, 0.15855043801246216, 0.009094566312992214, 3.939999580383301, 0.07610557498727633, 1.0, 1.0, 0.054751308125550624, 0.08351916165656914, 0.06945566230314437, 0.12050305379504933, 0.042995134891752794, 0.06163651865078146, 2.0, 7.0, 1.0, 0.02656851020423856, 0.014916442717440193, 0.3528853104894898, 0.029251911554480682], "features": ["SMA20_dist", "SMA50_dist", "sma_cross", "RSI14", "MACD", "MACD_sig", "MACD_hist", "BB_width", "BB_pos", "ATR14", "ret_1d", "ret_5d", "vol_10d", "vol_ratio", "obv_trend", "spy_ret_1d", "vix_level", "vix_change", "vix_regime", "asset_class", "ret_1m", "ret_3m", "ret_6m", "ret_12m", "high52w_dist", "low52w_dist", "day_of_week", "month", "is_options_expiry", "btc_ret_1d", "gold_ret_1d", "corr_spy_20d", "vwap_dist"]}