{"center": [0.007091298456683333, 0.022441304580915967, 1.0, 55.1546363014806, 0.14915724064052327, 0.15447184585391432, -0.001956852927699121, 0.057369484674432536, 0.646283304180368, 0.22783749244920898, 0.0005225505315404888, 0.0036264575205409155, 0.0077718425747201865, 0.47808764940239046, 1.0191481356804817, 0.0005046930393417526, 17.68000030517578, -0.002873519434293592, 1.0, 0.0, 0.0154545448121024, 0.053526228401796994, 0.10686358116420247, 0.16113939878528116, -0.023763453996461254, 0.2500389657744232, 2.0, 6.0, 0.0, -0.00151319093281288, 0.0017841598670260694, 0.46953201375391757, 0.005689550718064476], "scale": [0.030781139068740606, 0.04171289091443853, 1.0, 22.368660765793308, 0.2499624302583534, 0.22581723240314905, 0.09065041186734298, 0.040426817543609155, 0.5055736674386785, 0.11886665359293375, 0.010956249909547022, 0.02885819476176027, 0.004655382117610043, 0.7284612386904648, 0.18229389250398964, 0.010005473970130463, 4.3650007247924805, 0.0855746537611648, 1.0, 1.0, 0.057876228235907545, 0.08503366455970851, 0.15867284496056588, 0.25118332499673723, 0.05765819363457133, 0.2400756043482877, 2.0, 7.0, 1.0, 0.028669508886725703, 0.016451070297406778, 0.31797212762775695, 0.030601352597410286], "features": ["SMA20_dist", "SMA50_dist", "sma_cross", "RSI14", "MACD", "MACD_sig", "MACD_hist", "BB_width", "BB_pos", "ATR14", "ret_1d", "ret_5d", "vol_10d", "vol_ratio", "obv_trend", "spy_ret_1d", "vix_level", "vix_change", "vix_regime", "asset_class", "ret_1m", "ret_3m", "ret_6m", "ret_12m", "high52w_dist", "low52w_dist", "day_of_week", "month", "is_options_expiry", "btc_ret_1d", "gold_ret_1d", "corr_spy_20d", "vwap_dist"]}