{"center": [-0.00671898221275466, -0.013800138390373456, 0.0, 47.034739186189306, -0.26728977589561964, -0.34236910484253824, 0.011030018570851285, 0.08009825004919535, 0.4070446871643651, 1.5035336018983725, -0.0013186900089955378, -0.0011455948623235734, 0.012414926804690099, 0.9739645286354589, 0.979024010639548, 0.0013579397972762752, 17.479999542236328, -0.006586862594382348, 1.0, 0.0, -0.010946607270419628, -0.027552256551858334, -0.01145786601369525, 0.0, -0.1497881521135734, 0.05720804661541647, 2.0, 6.0, 0.0, 0.0008420581944230676, 0.0011289903434381632, -0.07636830078752649, -0.006106066265171109], "scale": [0.04056670118091335, 0.054171421805427514, 1.0, 23.2853119151303, 1.2710767532344818, 1.2628496159087392, 0.47949135308360835, 0.03041644973927865, 0.5149068492182882, 0.5001812013883529, 0.01671585867529568, 0.036434827291327965, 0.0047530155454534335, 0.3250672444782793, 1.0279962338782076, 0.009036299393537894, 4.270000457763672, 0.08174265870937614, 1.0, 1.0, 0.06743768634051817, 0.10693767779672325, 0.11963045084923696, 0.1041709327414172, 0.0671549441161093, 0.09475489335590132, 2.0, 7.0, 1.0, 0.025680681179234388, 0.015499952989840526, 0.4700966660199458, 0.043467749207227485], "features": ["SMA20_dist", "SMA50_dist", "sma_cross", "RSI14", "MACD", "MACD_sig", "MACD_hist", "BB_width", "BB_pos", "ATR14", "ret_1d", "ret_5d", "vol_10d", "vol_ratio", "obv_trend", "spy_ret_1d", "vix_level", "vix_change", "vix_regime", "asset_class", "ret_1m", "ret_3m", "ret_6m", "ret_12m", "high52w_dist", "low52w_dist", "day_of_week", "month", "is_options_expiry", "btc_ret_1d", "gold_ret_1d", "corr_spy_20d", "vwap_dist"]}