{"center": [0.0014187053108061071, 0.0024064978063974953, 1.0, 52.490138787990034, 0.07296782558184134, 0.058186818618073566, 0.0018807925664809863, 0.03592955407940808, 0.5518957318752529, 0.5638938447740947, 0.0002613591243906255, 0.00017686567842079004, 0.005188044864015709, 0.9187773429031152, 1.0284740922334266, 0.001366998499955585, 17.280000686645508, -0.010052360297814311, 1.0, 0.0, 0.003436405387919117, 0.00033089059367297224, 0.0, 0.004881342548381684, -0.033972397631026954, 0.0727032370786343, 2.0, 6.0, 0.0, 8.154757069173124e-05, 0.0019559897357898093, 0.35340899751433236, 0.0014919930540731627], "scale": [0.015556669266652116, 0.022008221035706602, 1.0, 20.86910105755502, 0.47196659688517073, 0.4663153183021131, 0.18093693519095405, 0.02033696083924942, 0.4532832357884513, 0.16227442883452348, 0.007723480446158171, 0.015318013242786255, 0.002048990040911766, 0.5701208644191514, 0.1636625206312482, 0.008897195986552975, 3.8675003051757812, 0.08036079748449348, 1.0, 1.0, 0.0290940824745807, 0.04169442565563816, 0.054668595861055824, 0.051627359355375546, 0.03360641084381064, 0.054970476603294245, 2.0, 7.0, 1.0, 0.027057586194220162, 0.014393671604956665, 0.5191360921784983, 0.016916199659397623], "features": ["SMA20_dist", "SMA50_dist", "sma_cross", "RSI14", "MACD", "MACD_sig", "MACD_hist", "BB_width", "BB_pos", "ATR14", "ret_1d", "ret_5d", "vol_10d", "vol_ratio", "obv_trend", "spy_ret_1d", "vix_level", "vix_change", "vix_regime", "asset_class", "ret_1m", "ret_3m", "ret_6m", "ret_12m", "high52w_dist", "low52w_dist", "day_of_week", "month", "is_options_expiry", "btc_ret_1d", "gold_ret_1d", "corr_spy_20d", "vwap_dist"]}