{"center": [-0.0015250254449977862, 0.015190884059668541, 1.0, 47.402599815333964, 0.09081805013894595, 0.10449596039470796, -0.016464501845159907, 0.11602560653846289, 0.48610631453489106, 0.5049998419625419, -0.0015016044357238911, -0.0007751447272515977, 0.017471305869633927, 0.9550273304275351, 0.9972668821395099, 0.0014611169814298108, 17.350000381469727, -0.006733946910202238, 1.0, 0.0, 0.005491697415480834, 0.03561352060278722, 0.08384616558368396, 0.0, -0.0637873771415612, 0.3359443119787876, 2.0, 6.0, 0.0, 0.000799101589935125, 0.0017841598670260694, 0.5130298995848908, -0.0016820767411615182], "scale": [0.0632103943078951, 0.10507055424050504, 1.0, 26.68178898106507, 0.6422668276298182, 0.5836567695296428, 0.19135055729683137, 0.0645099253232506, 0.552800340076164, 0.16902150264642324, 0.020400409057465096, 0.062326322511149446, 0.008158980508623391, 0.4846228377453903, 0.2805314114408224, 0.008814480512992273, 4.029999732971191, 0.07795304666244418, 1.0, 1.0, 0.10469447404086962, 0.16308873448433192, 0.2165873493623407, 0.2620346504166542, 0.14075639600965872, 0.42669322339974014, 2.0, 7.0, 1.0, 0.028240394362673893, 0.01509778205042378, 0.3330814935361473, 0.06066056012547165], "features": ["SMA20_dist", "SMA50_dist", "sma_cross", "RSI14", "MACD", "MACD_sig", "MACD_hist", "BB_width", "BB_pos", "ATR14", "ret_1d", "ret_5d", "vol_10d", "vol_ratio", "obv_trend", "spy_ret_1d", "vix_level", "vix_change", "vix_regime", "asset_class", "ret_1m", "ret_3m", "ret_6m", "ret_12m", "high52w_dist", "low52w_dist", "day_of_week", "month", "is_options_expiry", "btc_ret_1d", "gold_ret_1d", "corr_spy_20d", "vwap_dist"]}