{"center": [0.015749455551918905, 0.054463547915361225, 1.0, 52.808992991357435, 0.10863832047125932, 0.11301481657376397, 0.008965296011957974, 0.2879219709740668, 0.5841468558023544, 0.4302140961500535, 0.0017825150831642933, 0.010380611096398207, 0.041328712224752526, 0.9901959215564448, 1.0523339053148186, 0.0004084582864327668, 17.3799991607666, -0.006586862594382348, 1.0, 0.0, 0.056339837274365756, 0.20367172995921168, 0.4588822105295858, 0.5137365609597124, -0.16055833848280218, 0.8861911832195576, 2.0, 7.0, 0.0, 0.0003224981011604733, 0.0007275678386380324, 0.34374081000068474, 0.01340450979983868], "scale": [0.13834471704804122, 0.23277112744255918, 1.0, 24.847769914412225, 0.5639793633550996, 0.5474361072688153, 0.16430184310287307, 0.2117385684790419, 0.5050386912430883, 0.7079704092132578, 0.052828204013922964, 0.12685302938446752, 0.020408236937027948, 0.4594268462687665, 0.5077916523441409, 0.009384232407109727, 3.779998779296875, 0.08106207695896595, 1.0, 1.0, 0.2547224140140212, 0.4349258706103769, 0.8879457410835574, 1.5953393809368115, 0.23099393487413394, 1.700139589581325, 2.0, 7.0, 1.0, 0.027689148492380466, 0.014715889304861451, 0.48419134327253205, 0.13569406244433405], "features": ["SMA20_dist", "SMA50_dist", "sma_cross", "RSI14", "MACD", "MACD_sig", "MACD_hist", "BB_width", "BB_pos", "ATR14", "ret_1d", "ret_5d", "vol_10d", "vol_ratio", "obv_trend", "spy_ret_1d", "vix_level", "vix_change", "vix_regime", "asset_class", "ret_1m", "ret_3m", "ret_6m", "ret_12m", "high52w_dist", "low52w_dist", "day_of_week", "month", "is_options_expiry", "btc_ret_1d", "gold_ret_1d", "corr_spy_20d", "vwap_dist"]}