{"center": [0.004228687890106641, 0.001258090991506455, 0.0, 51.921701990774864, 0.01940984650525479, 0.07955733548346804, 0.06887681232164145, 0.11888325141106892, 0.5324607759219313, 2.385919545224152, 0.0010943253024793265, 0.004415356079631838, 0.01767362915525698, 0.968589747166716, 0.9481963426418856, 0.0009012828881442836, 17.239999771118164, -0.006586862594382348, 1.0, 0.0, 0.004642688624928004, 0.0, 0.0, 0.0, -0.12132955423572463, 0.1291757923342661, 2.0, 6.0, 0.0, -0.001682150134457161, 0.0014259144001700363, 0.1274456559722769, 0.004112826484511439], "scale": [0.056578704162866436, 0.0769535580478947, 1.0, 20.082839874309784, 1.9405957342029652, 1.696164294925087, 0.6661012868166063, 0.05117953456248267, 0.4837364266211853, 0.8726665734144996, 0.025114432568807354, 0.05677604851970369, 0.00660125611430238, 0.3744482088090688, 0.5553294146860471, 0.008485807067831197, 3.744999885559082, 0.07592412590829278, 1.0, 1.0, 0.10355755132924405, 0.1466922586631097, 0.14357959055641933, 0.07008831296762869, 0.09599125974819317, 0.14315563870569167, 2.0, 7.0, 1.0, 0.026772406312011776, 0.015978673870865157, 0.5593005246937337, 0.05442060257292387], "features": ["SMA20_dist", "SMA50_dist", "sma_cross", "RSI14", "MACD", "MACD_sig", "MACD_hist", "BB_width", "BB_pos", "ATR14", "ret_1d", "ret_5d", "vol_10d", "vol_ratio", "obv_trend", "spy_ret_1d", "vix_level", "vix_change", "vix_regime", "asset_class", "ret_1m", "ret_3m", "ret_6m", "ret_12m", "high52w_dist", "low52w_dist", "day_of_week", "month", "is_options_expiry", "btc_ret_1d", "gold_ret_1d", "corr_spy_20d", "vwap_dist"]}