{"center": [0.012375403308788061, 0.03196569885386377, 1.0, 58.31078057559549, 0.4423334864962172, 0.386870698717939, 0.009441133843188537, 0.09843108104994937, 0.6373826427233873, 0.9539424652132039, 0.0003163765526816853, 0.008530403161079003, 0.012289602400643806, 0.9193132139465202, 1.0195070549168994, 0.00140133377839613, 17.61500072479248, -0.008142008332229278, 1.0, 0.0, 0.022517675293246553, 0.07412314873944814, 0.04782105868445918, 0.15250721871182493, -0.03696569878692371, 0.345497328367281, 2.0, 6.0, 0.0, 0.0003098700789467834, 0.001991404930565599, 0.5281972031954816, 0.01256718712177887], "scale": [0.04741782543684574, 0.06714017343476153, 1.0, 29.584958711514133, 0.9783480191570195, 0.8134436166458436, 0.3108245797458347, 0.06118830663986924, 0.4682374478264798, 0.33673031287334476, 0.01461948066116775, 0.04051534622033873, 0.005837378952815039, 0.378238203747836, 0.2049233463080109, 0.00957836864604783, 4.075000286102295, 0.08562102172146949, 1.0, 1.0, 0.1000576410789861, 0.13831185862781353, 0.184881075952738, 0.2503077016408606, 0.0635195394236589, 0.2528051683571586, 2.0, 7.0, 1.0, 0.02658642784100443, 0.016010836743669488, 0.3117691626136515, 0.04723258238024352], "features": ["SMA20_dist", "SMA50_dist", "sma_cross", "RSI14", "MACD", "MACD_sig", "MACD_hist", "BB_width", "BB_pos", "ATR14", "ret_1d", "ret_5d", "vol_10d", "vol_ratio", "obv_trend", "spy_ret_1d", "vix_level", "vix_change", "vix_regime", "asset_class", "ret_1m", "ret_3m", "ret_6m", "ret_12m", "high52w_dist", "low52w_dist", "day_of_week", "month", "is_options_expiry", "btc_ret_1d", "gold_ret_1d", "corr_spy_20d", "vwap_dist"]}