{"center": [0.011865170179860059, 0.027868658286519, 1.0, 55.2781567906857, 1.3217111185523436, 1.3145132075519488, -0.024295949987361988, 0.0858041528053152, 0.6534831511548354, 3.1581255735041216, 0.001987250934167961, 0.0064646273391998355, 0.013149044598558084, 0.8732844304865766, 1.0736481047983601, 0.0010392444425111336, 17.460000038146973, -0.005649859110261113, 1.0, 0.0, 0.02351058585379351, 0.06615945843410553, 0.0640517875313602, 0.19136616956618224, -0.03499230578589978, 0.46417998239929437, 2.0, 6.0, 0.0, -0.0007989160866231915, 0.0012750435385292525, 0.9117166614120906, 0.012461480472959245], "scale": [0.04051483205658915, 0.07555464916999009, 1.0, 24.258968481566683, 3.800278433665831, 3.3838096493059564, 0.7616186193827611, 0.0539863902308353, 0.45855226295665724, 1.5671910570044068, 0.017077160319068557, 0.039519396609210805, 0.006445394620921977, 0.6011866222078498, 0.5226950317196304, 0.00868951569405807, 3.779998779296875, 0.07883414504067077, 1.0, 1.0, 0.07689898015136296, 0.14444864102639113, 0.18170927230622702, 0.2932236796055665, 0.06399711544519093, 0.3829160734685758, 2.0, 7.0, 1.0, 0.026525884765422864, 0.015095601269194903, 0.06420525079856854, 0.03798031471166119], "features": ["SMA20_dist", "SMA50_dist", "sma_cross", "RSI14", "MACD", "MACD_sig", "MACD_hist", "BB_width", "BB_pos", "ATR14", "ret_1d", "ret_5d", "vol_10d", "vol_ratio", "obv_trend", "spy_ret_1d", "vix_level", "vix_change", "vix_regime", "asset_class", "ret_1m", "ret_3m", "ret_6m", "ret_12m", "high52w_dist", "low52w_dist", "day_of_week", "month", "is_options_expiry", "btc_ret_1d", "gold_ret_1d", "corr_spy_20d", "vwap_dist"]}