{"center": [0.008017532498872139, 0.01780074020219063, 1.0, 55.41929728414601, 0.4146183290001346, 0.4283284593755462, -0.014538448005948723, 0.05513224417443698, 0.6464738530913425, 0.7434631430784826, 0.0008937835866735799, 0.0028166110700795777, 0.008002698603537096, 0.8957044296915861, 1.037496874520849, 0.0009012286833693928, 17.479999542236328, -0.006670313141271755, 1.0, 0.0, 0.01661368230258975, 0.04276789118492763, 0.0878289544844073, 0.15233067997425187, -0.01947980203264406, 0.22872140829756257, 2.0, 6.0, 0.0, -0.00151319093281288, 0.0020187288833615202, 0.709876964837659, 0.00921834979255616], "scale": [0.02692026775854471, 0.044659273086998755, 1.0, 21.175520698276053, 0.904089553763221, 0.7709582781216636, 0.2560001692024165, 0.027511927049493304, 0.49887471976168807, 0.3716508914896154, 0.010868303923379341, 0.024505885313875264, 0.004239740934674717, 0.515286947365689, 0.25135541928904437, 0.008897228532683932, 4.0199995040893555, 0.07837057225963884, 1.0, 1.0, 0.05181519266695683, 0.0852001149409386, 0.12718214780623893, 0.21960268981053221, 0.041277165860193, 0.20296369501099826, 2.0, 7.0, 1.0, 0.029185414175189217, 0.015168828116452204, 0.17211719586702057, 0.02654288914746916], "features": ["SMA20_dist", "SMA50_dist", "sma_cross", "RSI14", "MACD", "MACD_sig", "MACD_hist", "BB_width", "BB_pos", "ATR14", "ret_1d", "ret_5d", "vol_10d", "vol_ratio", "obv_trend", "spy_ret_1d", "vix_level", "vix_change", "vix_regime", "asset_class", "ret_1m", "ret_3m", "ret_6m", "ret_12m", "high52w_dist", "low52w_dist", "day_of_week", "month", "is_options_expiry", "btc_ret_1d", "gold_ret_1d", "corr_spy_20d", "vwap_dist"]}