{"center": [0.008843477857484863, 0.028921480309813244, 1.0, 55.628889154130746, 0.5703656545895264, 0.5715281518401725, 0.01450711624648171, 0.09149677713415602, 0.6170760868837868, 1.2090323958696385, 0.0009175359100270786, 0.007317571748162166, 0.01319662874459508, 0.7200725905761877, 1.028097963424155, 0.001453376180490129, 17.420000076293945, -0.007288538293765301, 1.0, 0.0, 0.0218786120525728, 0.04111003530975943, 0.07521119860061865, 0.10183886366616057, -0.053951225463488246, 0.29845628034201616, 2.0, 6.0, 0.0, -0.0002701146200822513, 0.0013276618561844922, 0.7571422303586796, 0.008526855516862743], "scale": [0.050464330618086695, 0.08706924949332737, 1.0, 27.19577319706125, 2.061532283485228, 1.9332732997530813, 0.4591229622022849, 0.0507230698492102, 0.5463642643402884, 0.4527353653712327, 0.016202453517784793, 0.039669579028947244, 0.006779704310253713, 0.7309091614089933, 0.09692958484082081, 0.009000873392211506, 3.7500009536743164, 0.07635743538903983, 1.0, 1.0, 0.09395091903457783, 0.16160704880617613, 0.1998758276714186, 0.369948248585858, 0.11076337325728365, 0.3624412928147283, 2.0, 7.0, 1.0, 0.027670568722619332, 0.014916555955807265, 0.1793961107213885, 0.05137784302940339], "features": ["SMA20_dist", "SMA50_dist", "sma_cross", "RSI14", "MACD", "MACD_sig", "MACD_hist", "BB_width", "BB_pos", "ATR14", "ret_1d", "ret_5d", "vol_10d", "vol_ratio", "obv_trend", "spy_ret_1d", "vix_level", "vix_change", "vix_regime", "asset_class", "ret_1m", "ret_3m", "ret_6m", "ret_12m", "high52w_dist", "low52w_dist", "day_of_week", "month", "is_options_expiry", "btc_ret_1d", "gold_ret_1d", "corr_spy_20d", "vwap_dist"]}