{"center": [-0.010747817912776226, -0.03064186362118387, 0.0, 46.09341324070542, -1.2325304418394012, -1.2218827639033547, 0.07033806715754398, 0.0895647750155894, 0.40419670370159905, 3.4161267884317885, -0.001242451093976471, -0.004654610637681356, 0.014474466624642853, 0.9637132930791706, 1.0651034484228377, 0.0011517326256851312, 17.479999542236328, -0.007843129677328364, 1.0, 0.0, -0.027534929821511844, -0.06244094476118056, -0.11824061399733288, -0.14165095586783305, -0.21839531297405335, 0.045417969376974746, 2.0, 6.0, 0.0, -0.0003109860024155253, 0.0016294519610446923, 0.35632844281969994, -0.007086135666073994], "scale": [0.042925038178885225, 0.06244601426137407, 1.0, 20.767737450867692, 2.696163483953484, 2.3332396905007284, 1.0714900323217273, 0.056408488131265574, 0.49519499361114894, 0.9169494914276197, 0.019301755406739507, 0.04433178537090987, 0.008601032400771078, 0.39061805293439544, 1.2081314095450244, 0.008826588319290285, 4.210000991821289, 0.07674364401118805, 1.0, 1.0, 0.08177666897777647, 0.10573925493506608, 0.14477215706818958, 0.24488399992089094, 0.13184547905574417, 0.054182334212483835, 2.0, 7.0, 1.0, 0.026484719399616163, 0.014807491554204688, 0.3807761023694476, 0.04228194997125607], "features": ["SMA20_dist", "SMA50_dist", "sma_cross", "RSI14", "MACD", "MACD_sig", "MACD_hist", "BB_width", "BB_pos", "ATR14", "ret_1d", "ret_5d", "vol_10d", "vol_ratio", "obv_trend", "spy_ret_1d", "vix_level", "vix_change", "vix_regime", "asset_class", "ret_1m", "ret_3m", "ret_6m", "ret_12m", "high52w_dist", "low52w_dist", "day_of_week", "month", "is_options_expiry", "btc_ret_1d", "gold_ret_1d", "corr_spy_20d", "vwap_dist"]}