{"center": [0.008887342096881507, 0.029642030426139665, 1.0, 56.13637588435076, 1.2456282406517403, 1.232646581827953, -0.05150780421212131, 0.07529653223796588, 0.6672953945765067, 2.5357231181293747, 0.0013160408921661926, 0.00399527905759034, 0.011201728328305913, 0.7077486272117145, 0.9898950866549452, 0.001376057202634895, 17.68000030517578, -0.007843129677328364, 1.0, 0.0, 0.01801473824340416, 0.05390426245812652, 0.06777613524679404, 0.15513074690799677, -0.024788632121178347, 0.35799025140467383, 2.0, 6.0, 0.0, -1.9742508661990676e-05, 0.001677776649860796, 0.7532900617040758, 0.01110879354795055], "scale": [0.037299045568277234, 0.06360525017570381, 1.0, 23.356230136490893, 2.782760792828981, 2.6409596638412505, 0.7403231492511192, 0.06781696629167006, 0.4967786431066749, 0.9794790157102562, 0.014731892502248156, 0.03136618961696047, 0.005136424659242831, 0.5365502759816211, 0.13232199085671947, 0.008992335347520974, 4.129999160766602, 0.08274700250906852, 1.0, 1.0, 0.08709146719861405, 0.13354258319800927, 0.16249621128810476, 0.3040878603143633, 0.0548497543520688, 0.2001631350711156, 2.0, 7.0, 1.0, 0.027347734591395056, 0.015171209819361375, 0.15849400375948852, 0.03998823660176544], "features": ["SMA20_dist", "SMA50_dist", "sma_cross", "RSI14", "MACD", "MACD_sig", "MACD_hist", "BB_width", "BB_pos", "ATR14", "ret_1d", "ret_5d", "vol_10d", "vol_ratio", "obv_trend", "spy_ret_1d", "vix_level", "vix_change", "vix_regime", "asset_class", "ret_1m", "ret_3m", "ret_6m", "ret_12m", "high52w_dist", "low52w_dist", "day_of_week", "month", "is_options_expiry", "btc_ret_1d", "gold_ret_1d", "corr_spy_20d", "vwap_dist"]}