{"center": [0.010251402665699296, 0.027847114614981936, 1.0, 55.04658963425782, 0.6431855361419565, 0.6368813921271486, -0.024650026871364417, 0.08269987964934966, 0.6244987752544051, 1.5410765137112108, 0.0019514147380710334, 0.004609509593267669, 0.013016724067640614, 0.9655576725780448, 1.0545331451252484, 0.0004857695137632234, 17.610000610351562, -0.0046113733261696765, 1.0, 0.0, 0.02263522091965009, 0.07149246579156943, 0.06802596222160995, 0.16354156272673004, -0.03412265056390739, 0.4540137607057141, 2.0, 6.0, 0.0, -0.0016352711961346023, 0.001992014086009908, 0.9168847480411154, 0.011556049786183761], "scale": [0.0420638265420459, 0.0792471116257514, 1.0, 25.00312558877752, 1.8192241937313582, 1.6314210842538048, 0.37145967665023194, 0.05462908037190047, 0.4908938582704336, 0.8085583745703908, 0.017452904662859314, 0.03675699383143438, 0.005640986441406138, 0.39885936848076964, 0.2901541735360982, 0.008681378271438445, 4.30000114440918, 0.08101478595524514, 1.0, 1.0, 0.0848755481184078, 0.15558266678827493, 0.16738650984217518, 0.27393196097558903, 0.06776138924042824, 0.3706990940108203, 2.0, 7.0, 1.0, 0.02759232285071389, 0.01302843781982832, 0.07825775149081493, 0.04071436359572872], "features": ["SMA20_dist", "SMA50_dist", "sma_cross", "RSI14", "MACD", "MACD_sig", "MACD_hist", "BB_width", "BB_pos", "ATR14", "ret_1d", "ret_5d", "vol_10d", "vol_ratio", "obv_trend", "spy_ret_1d", "vix_level", "vix_change", "vix_regime", "asset_class", "ret_1m", "ret_3m", "ret_6m", "ret_12m", "high52w_dist", "low52w_dist", "day_of_week", "month", "is_options_expiry", "btc_ret_1d", "gold_ret_1d", "corr_spy_20d", "vwap_dist"]}