{"center": [0.008397527301710749, 0.022407395136138215, 1.0, 58.09108729403581, 0.48488702402939765, 0.5081954069473362, -0.021077221339387275, 0.04978530661146854, 0.6855366946566452, 0.7852106115981041, 0.0004768803500388996, 0.003968504026723663, 0.0077850136788764086, 0.9245372235311308, 1.0547318670735097, 0.0008305003623257923, 17.460000038146973, -0.006664472772315133, 1.0, 0.0, 0.016327748902397188, 0.044732539948498684, 0.057763059062067135, 0.13433157681587315, -0.00941501575654903, 0.2677005832216707, 2.0, 6.0, 0.0, -0.0017258746687544568, 0.0010196658035974693, 0.9996607107007921, 0.009706211957151056], "scale": [0.021792038481949435, 0.03821775930869282, 1.0, 22.058514308648583, 0.6143416902573726, 0.6041735009481095, 0.1914056716707817, 0.031153711888736127, 0.42732503032883756, 0.37277230980186515, 0.008676602805873623, 0.02371780759651604, 0.004296180990131638, 0.5552089174437392, 0.2909768880650785, 0.008659457750934907, 3.825000286102295, 0.07561933214471445, 1.0, 1.0, 0.04179897099855287, 0.07416549048895538, 0.11218150686733641, 0.18763469420042622, 0.025603956766037765, 0.19322985563739653, 2.0, 7.0, 1.0, 0.02716583017072685, 0.014528433499351956, 0.00031725687101546995, 0.021585116224390702], "features": ["SMA20_dist", "SMA50_dist", "sma_cross", "RSI14", "MACD", "MACD_sig", "MACD_hist", "BB_width", "BB_pos", "ATR14", "ret_1d", "ret_5d", "vol_10d", "vol_ratio", "obv_trend", "spy_ret_1d", "vix_level", "vix_change", "vix_regime", "asset_class", "ret_1m", "ret_3m", "ret_6m", "ret_12m", "high52w_dist", "low52w_dist", "day_of_week", "month", "is_options_expiry", "btc_ret_1d", "gold_ret_1d", "corr_spy_20d", "vwap_dist"]}