{"center": [-0.005770123296904637, -0.022261836824633757, 0.0, 46.91496467403119, -1.0555004892680984, -0.9756023319163853, -0.06074088508767339, 0.16566877733601693, 0.45147974904853827, 5.159431457519531, -0.00021890873539975875, -0.0040778380791473, 0.019596408645520084, 0.9527517970204117, 1.0418055565959297, 0.0014610113619921705, 17.510000228881836, -0.010037631845926431, 1.0, 0.0, -0.025216379791389465, -0.05866171684470789, -0.09365850296409006, 0.0, -0.2357334189626751, 0.24457835002117848, 2.0, 6.0, 0.0, -0.0007713643170961237, 0.0017841598670260694, 0.5189109346909981, -0.0058061263192673565], "scale": [0.08453695861445128, 0.1581412383936101, 1.0, 26.494356184231314, 7.619078768572564, 7.874044487992766, 2.017984306269805, 0.1187921202951497, 0.5300140149179062, 1.0838587624686102, 0.03149910001739509, 0.06512485891996833, 0.014917167924568299, 0.42185867261726684, 0.7636185094327048, 0.008372298860883864, 4.305001258850098, 0.07621223127056365, 1.0, 1.0, 0.1690421538284792, 0.38098456895567967, 0.32216550944685896, 0.3271389831755368, 0.31450757519042893, 0.2687232597910518, 2.0, 7.0, 1.0, 0.026709057413055626, 0.016626222007926295, 0.5088806886635263, 0.0835574444143674], "features": ["SMA20_dist", "SMA50_dist", "sma_cross", "RSI14", "MACD", "MACD_sig", "MACD_hist", "BB_width", "BB_pos", "ATR14", "ret_1d", "ret_5d", "vol_10d", "vol_ratio", "obv_trend", "spy_ret_1d", "vix_level", "vix_change", "vix_regime", "asset_class", "ret_1m", "ret_3m", "ret_6m", "ret_12m", "high52w_dist", "low52w_dist", "day_of_week", "month", "is_options_expiry", "btc_ret_1d", "gold_ret_1d", "corr_spy_20d", "vwap_dist"]}