{"center": [-0.0005843734652064484, 0.0006374929171885975, 0.0, 51.47710449958126, -0.019924358505306827, -0.02315800208892597, -0.017922642207139655, 0.07562239526479221, 0.488699157262761, 1.348105045888418, 0.0, -0.0024757593513146103, 0.01303418494269608, 0.6592039800995025, 0.9863346492559976, 0.000984565078659072, 17.520000457763672, -0.005211721284556381, 1.0, 0.0, -0.0046377127787330386, 0.0005061643900059476, 0.0, 0.0, -0.12775513508705946, 0.10699477793366369, 2.0, 6.0, 0.0, -0.001682150134457161, 0.001992014086009908, 0.6425334022345178, -0.0011383186266560707], "scale": [0.03868144097652686, 0.0477568831331321, 1.0, 23.157574893730015, 1.1921124891533168, 1.074360752960364, 0.48244829242940157, 0.038122073721129114, 0.5171251874264103, 0.33816972625293484, 0.01685913974402431, 0.032794793546539025, 0.005099512908334207, 0.6962482255874645, 0.3182147530307021, 0.009520181852739618, 4.1100006103515625, 0.08402183379639128, 1.0, 1.0, 0.06700460820169196, 0.11076531256300437, 0.10996852081806652, 0.05979998388964569, 0.1031051060779241, 0.06192656430362914, 2.0, 7.0, 1.0, 0.02907111968172804, 0.015137686648053705, 0.3117954617075468, 0.03936903410877155], "features": ["SMA20_dist", "SMA50_dist", "sma_cross", "RSI14", "MACD", "MACD_sig", "MACD_hist", "BB_width", "BB_pos", "ATR14", "ret_1d", "ret_5d", "vol_10d", "vol_ratio", "obv_trend", "spy_ret_1d", "vix_level", "vix_change", "vix_regime", "asset_class", "ret_1m", "ret_3m", "ret_6m", "ret_12m", "high52w_dist", "low52w_dist", "day_of_week", "month", "is_options_expiry", "btc_ret_1d", "gold_ret_1d", "corr_spy_20d", "vwap_dist"]}