{"center": [0.019341575283625297, 0.0331496730070529, 1.0, 52.785699234715786, 0.5559490261381939, 0.5146617645577003, 0.15265303328757307, 0.268831157578434, 0.5678621191801821, 6.971725592623853, 0.0018199137090196826, 0.007362019146303966, 0.0456479703767927, 0.8910211390377867, 1.0195235704930083, 0.000968621225975963, 17.420000076293945, -0.007856395917702375, 1.0, 0.0, 0.03132259758559508, 0.03484662342011824, 0.0, 0.0, -0.23991995725052873, 0.7926108845493332, 2.0, 6.0, 0.0, -0.0002701146200822513, 0.00195494092813997, 0.5945084792168374, 0.02544415245505523], "scale": [0.1392944704899151, 0.25290055060326977, 1.0, 19.94504040072262, 6.4403903995866365, 6.55209175165268, 1.7141649607890552, 0.15399712545810687, 0.5112213189614027, 5.588345138440314, 0.06009908990831159, 0.13591982226352148, 0.017387231305572542, 0.38461323947318626, 0.29330596465938585, 0.008778362924433736, 3.515000343322754, 0.08355403800417133, 1.0, 1.0, 0.28863991864600125, 0.670507892955837, 1.2327667968386322, 0.7855781719670658, 0.35331167549168474, 2.818766297586335, 2.0, 7.0, 1.0, 0.027060225826731288, 0.01482995850993854, 0.22299551069792123, 0.1316586413566535], "features": ["SMA20_dist", "SMA50_dist", "sma_cross", "RSI14", "MACD", "MACD_sig", "MACD_hist", "BB_width", "BB_pos", "ATR14", "ret_1d", "ret_5d", "vol_10d", "vol_ratio", "obv_trend", "spy_ret_1d", "vix_level", "vix_change", "vix_regime", "asset_class", "ret_1m", "ret_3m", "ret_6m", "ret_12m", "high52w_dist", "low52w_dist", "day_of_week", "month", "is_options_expiry", "btc_ret_1d", "gold_ret_1d", "corr_spy_20d", "vwap_dist"]}