{"center": [0.004726167471728286, 0.002798149848445653, 0.0, 52.436648478061386, 0.0029532662481415173, 0.0020071310589022187, 0.017093109864479872, 0.11025921519713881, 0.5531472219287102, 0.6207144601004464, 0.0012995129072905787, 0.00961534241852191, 0.016878921020483585, 0.8689971297605278, 1.005184031927462, 0.0014767045220198671, 17.440000534057617, -0.006626930447881874, 1.0, 0.0, 0.00811358254689587, 0.018298847983410305, 0.010989015731064145, 0.0, -0.10255632308697463, 0.15221659878206548, 2.0, 6.0, 0.0, -0.0008217291810309613, 0.001677776649860796, 0.040268858245609565, 0.003468361866860185], "scale": [0.05311282360587012, 0.08069862137418378, 1.0, 19.161609707010108, 0.6314917708119197, 0.5728736259953113, 0.22613034637621343, 0.09260612708595822, 0.4889112306703917, 0.3571431296212333, 0.024869819499045986, 0.05144601316769459, 0.010197648767262289, 0.6032317304883915, 0.22254355058547692, 0.008630310778001582, 3.659998893737793, 0.07816047332336173, 1.0, 1.0, 0.11250794834211653, 0.1462772127195323, 0.08876519640246328, 0.04971790610249327, 0.06523580325855977, 0.12984991644425758, 2.0, 7.0, 1.0, 0.027689148492380466, 0.014997603209742638, 0.5566132134798097, 0.048802106007831504], "features": ["SMA20_dist", "SMA50_dist", "sma_cross", "RSI14", "MACD", "MACD_sig", "MACD_hist", "BB_width", "BB_pos", "ATR14", "ret_1d", "ret_5d", "vol_10d", "vol_ratio", "obv_trend", "spy_ret_1d", "vix_level", "vix_change", "vix_regime", "asset_class", "ret_1m", "ret_3m", "ret_6m", "ret_12m", "high52w_dist", "low52w_dist", "day_of_week", "month", "is_options_expiry", "btc_ret_1d", "gold_ret_1d", "corr_spy_20d", "vwap_dist"]}