{"center": [-0.005285786931639063, -0.0143207081411624, 0.0, 46.81554387869953, -0.0773779742444507, -0.07306401836976514, 0.00014823372253664618, 0.09333409638686413, 0.42783313950811336, 0.6751107960816991, -0.0004106755225761205, -0.003467836779606992, 0.013904913627141309, 0.9347622915844239, 1.0230986986148938, 0.0010392444425111336, 17.364999771118164, -0.006103243584815343, 1.0, 0.0, -0.009132423851479277, -0.03200934841508951, -0.053986337887480806, -0.01714776695067849, -0.20368829551608064, 0.0668204435223854, 2.0, 6.0, 0.0, 0.0008999836816623308, 0.0020157525238796437, 0.2477757636747503, -0.004052170282989374], "scale": [0.04969129229792332, 0.09113449616449154, 1.0, 25.46938303086211, 0.8303287582312295, 0.7411281765886796, 0.19022920743416, 0.06686036929242413, 0.5059535664191992, 0.22010062811840525, 0.018128619888508196, 0.04363620125420409, 0.006940231023778361, 0.3869204023575906, 0.6148858432478798, 0.009446510714956835, 4.277500629425049, 0.07761853163673813, 1.0, 1.0, 0.10772806269553087, 0.16004304767211294, 0.1268074249734931, 0.15613840027790252, 0.10161937026055479, 0.09517373475417196, 2.0, 7.0, 1.0, 0.02695626012948693, 0.015161425118306898, 0.45747411110285296, 0.049159087238982005], "features": ["SMA20_dist", "SMA50_dist", "sma_cross", "RSI14", "MACD", "MACD_sig", "MACD_hist", "BB_width", "BB_pos", "ATR14", "ret_1d", "ret_5d", "vol_10d", "vol_ratio", "obv_trend", "spy_ret_1d", "vix_level", "vix_change", "vix_regime", "asset_class", "ret_1m", "ret_3m", "ret_6m", "ret_12m", "high52w_dist", "low52w_dist", "day_of_week", "month", "is_options_expiry", "btc_ret_1d", "gold_ret_1d", "corr_spy_20d", "vwap_dist"]}