{"center": [0.0028218753136966404, 0.02036095948644363, 1.0, 52.96166382890301, 0.387970622826856, 0.40185046041867944, 0.008421653821235053, 0.07968384999541438, 0.5476137360405616, 1.4216934539538582, 0.001624624230017746, 0.0026257971527667845, 0.011455818672440376, 0.8426434387426623, 1.044203071536564, 0.00046394547237316175, 17.399999618530273, -0.004632673488730754, 1.0, 0.0, 0.00627407824684445, 0.07037253743941663, 0.07247409842027164, 0.0, -0.05028622897711886, 0.36636164351943096, 2.0, 6.0, 0.0, -9.567341618454961e-05, 0.0014210967336203417, 0.6458258825367298, 0.004317520126122917], "scale": [0.04779205944414657, 0.0927388045710347, 1.0, 24.855231792653043, 2.4486916944992245, 2.4001919903749513, 0.5465249099835274, 0.057870952399617426, 0.5543176059229552, 0.36204080284310236, 0.016955581037141954, 0.037311255191055104, 0.0049696353231093015, 0.6144843814032662, 0.2637727342771422, 0.009573617177114246, 3.9250001907348633, 0.08130003268836061, 1.0, 1.0, 0.09390636592582302, 0.19648223948818427, 0.2633400308329845, 0.273245351626868, 0.1252753009598409, 0.3734581722957785, 2.0, 7.0, 1.0, 0.027384513032817193, 0.015895227337692497, 0.2154730849663571, 0.048578168477264344], "features": ["SMA20_dist", "SMA50_dist", "sma_cross", "RSI14", "MACD", "MACD_sig", "MACD_hist", "BB_width", "BB_pos", "ATR14", "ret_1d", "ret_5d", "vol_10d", "vol_ratio", "obv_trend", "spy_ret_1d", "vix_level", "vix_change", "vix_regime", "asset_class", "ret_1m", "ret_3m", "ret_6m", "ret_12m", "high52w_dist", "low52w_dist", "day_of_week", "month", "is_options_expiry", "btc_ret_1d", "gold_ret_1d", "corr_spy_20d", "vwap_dist"]}