{"center": [0.016064073660769836, 0.037949100404838995, 1.0, 58.93134911429254, 0.7075945596203113, 0.8020368188014111, 0.06633362804556087, 0.12348869788389717, 0.6641012941442803, 2.1391680910030875, 0.0012216135625873203, 0.010510619709398816, 0.016867233371006915, 0.9153327318622341, 1.052478145427291, 0.0010391464108796544, 17.460000038146973, -0.008008568742242539, 1.0, 0.0, 0.03823425688838178, 0.0894000262510255, 0.15963320455482966, 0.3343159136700925, -0.05890851055404406, 0.44326791565521795, 2.0, 6.0, 0.0, 0.0003098700789467834, 0.002023732545861412, 0.27239433891979953, 0.015609120744175855], "scale": [0.055238664238120565, 0.09402078080369532, 1.0, 24.954879038667713, 1.9117135355747532, 1.7548106196793882, 0.6641904613228852, 0.06891798746651077, 0.4842917459904661, 1.3575798199458688, 0.019945047333334076, 0.05313661282882598, 0.010564676325855216, 0.44010850894493214, 0.17567679927847246, 0.00837548977440028, 3.9600000381469727, 0.07310518903370156, 1.0, 1.0, 0.11918386908900322, 0.17321036249441246, 0.24459573452662137, 0.46473924697040914, 0.07568901201554601, 0.30112898354502965, 2.0, 7.0, 1.0, 0.02627229130517189, 0.015721252861253504, 0.40666874750185467, 0.06015444388393137], "features": ["SMA20_dist", "SMA50_dist", "sma_cross", "RSI14", "MACD", "MACD_sig", "MACD_hist", "BB_width", "BB_pos", "ATR14", "ret_1d", "ret_5d", "vol_10d", "vol_ratio", "obv_trend", "spy_ret_1d", "vix_level", "vix_change", "vix_regime", "asset_class", "ret_1m", "ret_3m", "ret_6m", "ret_12m", "high52w_dist", "low52w_dist", "day_of_week", "month", "is_options_expiry", "btc_ret_1d", "gold_ret_1d", "corr_spy_20d", "vwap_dist"]}