{"center": [0.008504483005373294, 0.030967954298345, 1.0, 54.146354407302425, 0.9577778711518476, 0.9827981118462523, -0.0346536458600033, 0.09385611720972277, 0.5917565885240735, 2.683702622770519, 0.0014213021108324675, 0.00262723114831509, 0.013920636214908605, 0.9592913856265756, 1.0238125001774103, 0.0018767398754619968, 17.520000457763672, -0.010543869546671303, 1.0, 0.0, 0.02082546123298723, 0.10044594144099062, 0.1790519267894619, 0.2637993837681043, -0.045269977011996615, 0.45632073592976435, 2.0, 6.0, 0.0, 0.00029724205673309356, 0.0020287362083613036, 0.2494124620794701, 0.009160228323104145], "scale": [0.04411785774934304, 0.07322451972062172, 0.5, 20.47857358895221, 1.8491644650239323, 1.6111566891518962, 0.6546375487173841, 0.054381126249457734, 0.46795948719452696, 1.1679244748278874, 0.017242889965480956, 0.045581334472519386, 0.006375528985505363, 0.4270471864211661, 0.08897398662479072, 0.008992227627313443, 4.094999313354492, 0.0800136027796376, 1.0, 1.0, 0.08576937322107103, 0.14125055079369386, 0.21714477414193611, 0.3940439445150238, 0.06270392120218878, 0.19424204805678003, 2.0, 7.0, 1.0, 0.026548557705872, 0.015247912805991304, 0.3157426369425509, 0.04483855953449209], "features": ["SMA20_dist", "SMA50_dist", "sma_cross", "RSI14", "MACD", "MACD_sig", "MACD_hist", "BB_width", "BB_pos", "ATR14", "ret_1d", "ret_5d", "vol_10d", "vol_ratio", "obv_trend", "spy_ret_1d", "vix_level", "vix_change", "vix_regime", "asset_class", "ret_1m", "ret_3m", "ret_6m", "ret_12m", "high52w_dist", "low52w_dist", "day_of_week", "month", "is_options_expiry", "btc_ret_1d", "gold_ret_1d", "corr_spy_20d", "vwap_dist"]}