{"center": [0.021120912350138066, 0.06648155030345675, 1.0, 57.16206043610469, 1.4898382105403343, 1.4060633623992544, -0.04324019358497977, 0.1347797773734908, 0.6746141472141649, 2.649767591488879, 0.0017336375367118517, 0.008838523173711255, 0.019912372996459225, 0.9377087367053291, 1.0274387740298816, 0.0009687254047134886, 17.440000534057617, -0.005118433089179364, 1.0, 0.0, 0.05931241164358425, 0.13305151610677446, 0.1769025696044212, 0.4715706418684922, -0.04582327042252751, 0.7463308728998004, 2.0, 6.0, 0.0, -0.0016587106652958816, 0.0015508527855015997, 0.802215325349344, 0.017475892535525395], "scale": [0.06980481277707738, 0.11973464426635688, 1.0, 24.051959909328048, 2.867573791849903, 2.6915015672572307, 0.8446472212365232, 0.08692207689522709, 0.4828565352268966, 1.719335636275543, 0.028919304815016228, 0.06228145998990886, 0.008698431446583908, 0.5514424345755322, 0.23858781753530067, 0.008628362580872628, 3.765000343322754, 0.07402148566776551, 1.0, 1.0, 0.14039091556118422, 0.2457224687262533, 0.2934756880592214, 0.7358580606458572, 0.08452188180247805, 0.4579768445783754, 2.0, 7.0, 1.0, 0.02770915586986966, 0.015223377570989738, 0.2101261910608836, 0.06662102806940295], "features": ["SMA20_dist", "SMA50_dist", "sma_cross", "RSI14", "MACD", "MACD_sig", "MACD_hist", "BB_width", "BB_pos", "ATR14", "ret_1d", "ret_5d", "vol_10d", "vol_ratio", "obv_trend", "spy_ret_1d", "vix_level", "vix_change", "vix_regime", "asset_class", "ret_1m", "ret_3m", "ret_6m", "ret_12m", "high52w_dist", "low52w_dist", "day_of_week", "month", "is_options_expiry", "btc_ret_1d", "gold_ret_1d", "corr_spy_20d", "vwap_dist"]}