{"center": [-0.008949207236486376, -0.038959404919686434, 0.0, 48.21542646725057, -0.36481130167243236, -0.49430645914079036, 0.13838621170717746, 0.2460107716680093, 0.46743543984045294, 2.221285820007324, -0.0009332924628490114, -0.004857863207308855, 0.036554948061618124, 0.8886536694236576, 1.0001302683165139, 0.000984565078659072, 17.15999984741211, -0.005211721284556381, 1.0, 0.0, -0.010115000794413409, -0.09319255660475545, 0.0, 0.0, -0.6134969442466284, 0.1484143883931261, 2.0, 6.0, 0.0, 0.0007548627203146641, 0.0020064107533963593, 0.38160339384527137, -0.010669528718539396], "scale": [0.12145397505950231, 0.21234613967706428, 1.0, 24.359287024487713, 2.1528794307095325, 1.9503289228582104, 0.6108527117250966, 0.18734076041970701, 0.5265230565392928, 1.4142141342163086, 0.04755497261363173, 0.11665222000412712, 0.02112994850721204, 0.49975298924386113, 0.22607914411502805, 0.008576897349854562, 3.4600000381469727, 0.07981674521513937, 1.0, 1.0, 0.22336509973218854, 0.4083547404044048, 0.5040539363940932, 0.3733970382333952, 0.41147446668995635, 0.40258461534570517, 2.0, 7.0, 1.0, 0.030780689100186387, 0.015132486548250723, 0.29097390786033195, 0.12055963908403391], "features": ["SMA20_dist", "SMA50_dist", "sma_cross", "RSI14", "MACD", "MACD_sig", "MACD_hist", "BB_width", "BB_pos", "ATR14", "ret_1d", "ret_5d", "vol_10d", "vol_ratio", "obv_trend", "spy_ret_1d", "vix_level", "vix_change", "vix_regime", "asset_class", "ret_1m", "ret_3m", "ret_6m", "ret_12m", "high52w_dist", "low52w_dist", "day_of_week", "month", "is_options_expiry", "btc_ret_1d", "gold_ret_1d", "corr_spy_20d", "vwap_dist"]}