{"center": [0.008522832151087322, 0.021902894669894063, 1.0, 58.081481169788375, 0.1590359197944018, 0.15632304856883095, -0.008188402985992618, 0.05076639808251663, 0.6772075270086723, 0.2727630147437561, 0.00032461036938324916, 0.0038981615310353934, 0.007669060260865785, 1.0085968658915814, 1.0314743053900544, 0.0013669450371407432, 17.515000343322754, -0.006606896521132111, 1.0, 0.0, 0.01673101728393378, 0.04979563732961223, 0.05570132710613673, 0.12911242648399657, -0.011538497877341451, 0.26634053091105436, 2.0, 6.0, 0.0, -0.0015729721933397944, 0.0002604832081003483, 0.9960647623166353, 0.010080930011339867], "scale": [0.02226613397454661, 0.039350905044312934, 1.0, 22.72114004383171, 0.22152565383800837, 0.21263073785168163, 0.06468511565824872, 0.03237442456906065, 0.4362609332195827, 0.12740594373416514, 0.00914876357058253, 0.02437557327379522, 0.004583340190832822, 0.5056531477285875, 1.3389134227820745, 0.009436221343189388, 3.9050002098083496, 0.07912552226946279, 1.0, 1.0, 0.04568179379364348, 0.07914882141361657, 0.11646565348705806, 0.1897687034411073, 0.026662454850890343, 0.1819275380105721, 2.0, 6.0, 1.0, 0.026908878673496617, 0.015008798013645047, 0.0040852239072748375, 0.02023122935613637], "features": ["SMA20_dist", "SMA50_dist", "sma_cross", "RSI14", "MACD", "MACD_sig", "MACD_hist", "BB_width", "BB_pos", "ATR14", "ret_1d", "ret_5d", "vol_10d", "vol_ratio", "obv_trend", "spy_ret_1d", "vix_level", "vix_change", "vix_regime", "asset_class", "ret_1m", "ret_3m", "ret_6m", "ret_12m", "high52w_dist", "low52w_dist", "day_of_week", "month", "is_options_expiry", "btc_ret_1d", "gold_ret_1d", "corr_spy_20d", "vwap_dist"]}