{"center": [0.016415456408651642, 0.05081185493139415, 1.0, 56.955478436532644, 9.7553069809735, 9.71848886975328, -0.158488995888856, 0.11214105651496727, 0.6653540611350609, 16.095306348069816, 0.0020367643101297794, 0.004591749593899519, 0.01574980876277486, 0.9443354990556099, 1.0331288294044885, 0.0006498311171316828, 17.664999961853027, -0.005630684757875204, 1.0, 0.0, 0.043511821049366906, 0.11482577363451762, 0.1860958392846106, 0.4189807797293512, -0.033909234699539444, 0.576805224246098, 2.0, 6.0, 0.0, 0.00010078432027427198, 0.001650071760848859, 0.7145424404388507, 0.017151663011722516], "scale": [0.056592857547498494, 0.08695182545649532, 1.0, 23.450256630835767, 17.170660887888744, 15.109100804249497, 5.932115344557863, 0.09818413821641046, 0.4674222830743178, 10.320532247180585, 0.02080370996599415, 0.05173318281402195, 0.007164797717724356, 0.4001174082012724, 0.10805294146931188, 0.009100490404043038, 4.242500305175781, 0.08451014059393425, 1.0, 1.0, 0.12010868813750095, 0.19343202580012314, 0.26262311903946467, 0.5619291351437642, 0.06804307758994169, 0.4773593118049132, 2.0, 7.0, 1.0, 0.026195232196262713, 0.01462995027564093, 0.21976865109372978, 0.05490454295553707], "features": ["SMA20_dist", "SMA50_dist", "sma_cross", "RSI14", "MACD", "MACD_sig", "MACD_hist", "BB_width", "BB_pos", "ATR14", "ret_1d", "ret_5d", "vol_10d", "vol_ratio", "obv_trend", "spy_ret_1d", "vix_level", "vix_change", "vix_regime", "asset_class", "ret_1m", "ret_3m", "ret_6m", "ret_12m", "high52w_dist", "low52w_dist", "day_of_week", "month", "is_options_expiry", "btc_ret_1d", "gold_ret_1d", "corr_spy_20d", "vwap_dist"]}