{"center": [0.0009744598909133272, 0.002668761851842927, 1.0, 51.54736726553333, 0.06778261410597253, 0.05925493981125176, -0.002278673020144107, 0.016059593736657655, 0.5717316332915153, 0.2546589492385287, 0.00027412844917829027, 0.0006199376697634262, 0.002509080142573609, 0.9661912446608256, 1.010544604217353, 0.00140133377839613, 17.479999542236328, -0.005438782390179864, 1.0, 0.0, 0.0025515792483105093, 0.008001247211029239, 0.010759620399733882, 0.029937149255952922, -0.011579853558642935, 0.048411743978539847, 2.0, 6.0, 0.0, -0.000498809629016217, 0.0016024120815585352, 0.22248595103908997, 0.0010713357020506447], "scale": [0.00802739886592492, 0.010781559625214283, 1.0, 21.63147352090185, 0.20788618317559582, 0.19331265550482052, 0.0885555577748931, 0.011097940801781532, 0.4920333719447541, 0.08996250015278862, 0.0034052369369309554, 0.006946551755065811, 0.0011098485330163096, 0.3183912532417136, 0.16014865189606586, 0.009812873839405462, 4.077500343322754, 0.0871546516024119, 1.0, 1.0, 0.012118430916136791, 0.020784726835930523, 0.03443976770125112, 0.052379799413646344, 0.014906737362924999, 0.040106661236318474, 2.0, 7.0, 1.0, 0.028664631486679137, 0.01598585190000118, 0.5412703575048907, 0.00827272397764689], "features": ["SMA20_dist", "SMA50_dist", "sma_cross", "RSI14", "MACD", "MACD_sig", "MACD_hist", "BB_width", "BB_pos", "ATR14", "ret_1d", "ret_5d", "vol_10d", "vol_ratio", "obv_trend", "spy_ret_1d", "vix_level", "vix_change", "vix_regime", "asset_class", "ret_1m", "ret_3m", "ret_6m", "ret_12m", "high52w_dist", "low52w_dist", "day_of_week", "month", "is_options_expiry", "btc_ret_1d", "gold_ret_1d", "corr_spy_20d", "vwap_dist"]}