{"center": [0.017068248042234828, 0.04253950471321276, 1.0, 53.72844900395266, 1.5784360833276168, 1.43306762089072, 0.002299530993318921, 0.16218330096673073, 0.6183622817817505, 3.96358375060468, 0.0036511343274936436, 0.008708170177172292, 0.02297998756764746, 0.9412847215998374, 1.027392853081589, 0.0007605411152529218, 17.389999389648438, -0.006626930447881874, 1.0, 0.0, 0.04380337697482828, 0.15868621397884008, 0.36484353732274477, 0.6150024781939527, -0.04920139580043693, 0.8288371944125968, 2.0, 6.0, 0.0, -0.00204861414171964, 0.0020287362083613036, 0.30672098936125797, 0.0185169458453447], "scale": [0.07030357966653403, 0.09977459261422855, 1.0, 26.547194642221292, 3.3832860141548764, 3.1010757422253126, 1.1267054886973376, 0.0874608031746631, 0.47957225055056907, 4.194719641635142, 0.027737808954764853, 0.07350466160211178, 0.010825282312547226, 0.4321919536043102, 0.11275827365714142, 0.009121826376087383, 3.6700000762939453, 0.08103742013927306, 1.0, 1.0, 0.13992536677576872, 0.2016441775172284, 0.33226072697788434, 1.0099889237180433, 0.10497925240050977, 0.6723261990443616, 2.0, 7.0, 1.0, 0.027914234797974502, 0.015710599826903926, 0.5576781734458586, 0.07394275042123467], "features": ["SMA20_dist", "SMA50_dist", "sma_cross", "RSI14", "MACD", "MACD_sig", "MACD_hist", "BB_width", "BB_pos", "ATR14", "ret_1d", "ret_5d", "vol_10d", "vol_ratio", "obv_trend", "spy_ret_1d", "vix_level", "vix_change", "vix_regime", "asset_class", "ret_1m", "ret_3m", "ret_6m", "ret_12m", "high52w_dist", "low52w_dist", "day_of_week", "month", "is_options_expiry", "btc_ret_1d", "gold_ret_1d", "corr_spy_20d", "vwap_dist"]}