{"center": [0.026144954471332804, 0.05690598880323544, 1.0, 54.83696771287388, 0.2402824994209376, 0.17884826830809988, 0.030062837923036035, 0.22537376596356118, 0.632810926320891, 0.9035715035029821, 0.006480241916567153, 0.01771374914911128, 0.032488508784809106, 0.9606911614112859, 1.0180532888540086, 0.0010681949376725175, 17.479999542236328, -0.006173545973327643, 1.0, 0.0, 0.04672388024523211, 0.15815671341910664, 0.14400576565251044, 0.006315251541694988, -0.15513245834801093, 1.2792721231875568, 2.0, 6.0, 0.0, -0.00020332970930003746, 0.0016888259371353742, 0.5964153144927584, 0.023598656710340456], "scale": [0.12188168723265635, 0.24099651662792348, 1.0, 22.891592284323387, 1.1555857367499955, 1.0898088909417223, 0.2701584360661824, 0.14538111612543547, 0.5592057531517407, 0.42921430724007725, 0.0443536704889175, 0.11256915466651438, 0.014842814997246385, 0.3344999284737753, 0.17519368114757816, 0.008723216742324735, 3.7300000190734863, 0.0759514973433259, 1.0, 1.0, 0.2662267219558373, 0.8047033931206885, 0.8547776840058245, 0.743140959424369, 0.304625902748176, 1.0429963751442228, 2.0, 7.0, 1.0, 0.027733106678652086, 0.016110742079987528, 0.3058785276858246, 0.12035038832081296], "features": ["SMA20_dist", "SMA50_dist", "sma_cross", "RSI14", "MACD", "MACD_sig", "MACD_hist", "BB_width", "BB_pos", "ATR14", "ret_1d", "ret_5d", "vol_10d", "vol_ratio", "obv_trend", "spy_ret_1d", "vix_level", "vix_change", "vix_regime", "asset_class", "ret_1m", "ret_3m", "ret_6m", "ret_12m", "high52w_dist", "low52w_dist", "day_of_week", "month", "is_options_expiry", "btc_ret_1d", "gold_ret_1d", "corr_spy_20d", "vwap_dist"]}