{"center": [0.0019187942762092058, 0.004997445830825443, 1.0, 79.42381948103223, 0.04257657095483047, 0.042794733611048255, -0.0003108929428045047, 0.005086195969276062, 0.8696201280520598, 0.02074140047463085, 0.0, 0.000974565684128792, 0.00040550578606309766, 0.8679623256331137, 1.036114699755319, 0.0008567141796074207, 17.420000076293945, -0.004577499019404185, 1.0, 0.0, 0.004297154370225376, 0.012195616021512867, 0.02413525658196103, 0.0478591434315192, 0.0, 0.050509096813693394, 2.0, 7.0, 0.0, -0.0011541041169297328, 0.001865606425999089, 0.3693249493692352, 0.001987052961403904], "scale": [0.000714659287054898, 0.0011844541924892447, 1.0, 11.268721839996147, 0.007743147697016894, 0.0075371062543183945, 0.002409065006567814, 0.0014782444192399284, 0.09001382236021993, 0.006608557012879261, 0.00032538602448828335, 0.0006516193644137691, 0.0001683219391901025, 0.5939906857819708, 0.04047222778994697, 0.009175055701776597, 4.302501201629639, 0.07472940456641308, 1.0, 1.0, 0.0014174337781563962, 0.003817355207594908, 0.005295191509333164, 0.05157252324805328, 0.0003245255353700559, 0.017723821358544833, 2.0, 6.0, 1.0, 0.027933000392003277, 0.013271023844664692, 0.29889905291760893, 0.0007161384660035659], "features": ["SMA20_dist", "SMA50_dist", "sma_cross", "RSI14", "MACD", "MACD_sig", "MACD_hist", "BB_width", "BB_pos", "ATR14", "ret_1d", "ret_5d", "vol_10d", "vol_ratio", "obv_trend", "spy_ret_1d", "vix_level", "vix_change", "vix_regime", "asset_class", "ret_1m", "ret_3m", "ret_6m", "ret_12m", "high52w_dist", "low52w_dist", "day_of_week", "month", "is_options_expiry", "btc_ret_1d", "gold_ret_1d", "corr_spy_20d", "vwap_dist"]}