{"center": [0.0094035101326738, 0.022247912864860622, 1.0, 55.855896395159945, 1.9216779181840025, 2.1114162807032297, 0.13076212224753903, 0.07485900273698376, 0.658825396114093, 5.176090696978077, 0.0013843212709498953, 0.005891490185115256, 0.009852796501816526, 0.9009446870629411, 1.0375379541292238, 0.0009528857307679051, 17.600000381469727, -0.005720161498773413, 1.0, 0.0, 0.024767830583101613, 0.04982917868245207, 0.09177662615190596, 0.09744617472823536, -0.028520565327536936, 0.2912927451156258, 2.0, 6.0, 0.0, -0.00204861414171964, 0.0020287362083613036, 0.1990392296456716, 0.011063189129220661], "scale": [0.038011430842871105, 0.0564794884115148, 1.0, 24.080185471978588, 5.1878492672314565, 4.96102265897905, 1.7503216641013501, 0.03935850402222052, 0.47750186713132303, 1.8049935103550654, 0.012885541833085268, 0.03194820237116053, 0.0046635966223725085, 0.3702839944507803, 0.11960682250801746, 0.009713933510711537, 4.34499979019165, 0.08168566215401074, 1.0, 1.0, 0.06228288216462363, 0.09480581122074383, 0.1578392569401621, 0.2680615625969509, 0.0428986720888716, 0.14988014001540995, 2.0, 7.0, 1.0, 0.02885692751296559, 0.015445252313768754, 0.2924956151004321, 0.038079641390931104], "features": ["SMA20_dist", "SMA50_dist", "sma_cross", "RSI14", "MACD", "MACD_sig", "MACD_hist", "BB_width", "BB_pos", "ATR14", "ret_1d", "ret_5d", "vol_10d", "vol_ratio", "obv_trend", "spy_ret_1d", "vix_level", "vix_change", "vix_regime", "asset_class", "ret_1m", "ret_3m", "ret_6m", "ret_12m", "high52w_dist", "low52w_dist", "day_of_week", "month", "is_options_expiry", "btc_ret_1d", "gold_ret_1d", "corr_spy_20d", "vwap_dist"]}