{"center": [0.0013285984293009453, 0.0016906925493212748, 1.0, 52.87026185183045, 0.15996349536362686, 0.1682074234861026, 0.0340338816540402, 0.04644464894932647, 0.5344569731121529, 2.1140407611358336, -0.0003572251457727438, 0.0007758255038194939, 0.0068848826401563, 0.8735660388933194, 1.012928731702105, 0.0009004744280911581, 17.440000534057617, -0.00790227414327227, 1.0, 0.0, 0.002446450720889448, 0.007926428588567846, 0.018278591607904016, 0.0, -0.029784343375983395, 0.086671911259167, 2.0, 6.0, 0.0, -0.0007713643170961237, 0.0015263333689308212, 0.19651879549185433, 0.0016253688942295787], "scale": [0.02503376824003234, 0.029914139426238606, 1.0, 22.925838020939196, 1.6867064872352415, 1.5916300593010078, 0.7298069255829212, 0.035782783985811376, 0.5408437059395916, 0.8871464472417165, 0.009367109795104966, 0.02119344752457658, 0.0032993606498011724, 0.4820779625251962, 0.6599488808110632, 0.009214817997047042, 4.375, 0.08023645436035814, 1.0, 1.0, 0.047060095704035576, 0.04770616990134652, 0.04971953673665597, 0.06222221324697885, 0.03485783778323899, 0.04252556347097851, 2.0, 7.0, 1.0, 0.026112333177944425, 0.013682352322882285, 0.46251277928483986, 0.026156165085698818], "features": ["SMA20_dist", "SMA50_dist", "sma_cross", "RSI14", "MACD", "MACD_sig", "MACD_hist", "BB_width", "BB_pos", "ATR14", "ret_1d", "ret_5d", "vol_10d", "vol_ratio", "obv_trend", "spy_ret_1d", "vix_level", "vix_change", "vix_regime", "asset_class", "ret_1m", "ret_3m", "ret_6m", "ret_12m", "high52w_dist", "low52w_dist", "day_of_week", "month", "is_options_expiry", "btc_ret_1d", "gold_ret_1d", "corr_spy_20d", "vwap_dist"]}