{"center": [-0.0005302832592818421, 0.0027074398867772452, 1.0, 49.622417076817, 0.03608409547681646, 0.06731330753047166, -0.07314156301661301, 0.13161901231686027, 0.496356901899195, 1.363494904069656, 0.0009587550427276881, 0.002106162640808318, 0.01759348897135572, 0.9217549798203359, 1.0033937461202793, 0.0009012287764704752, 17.299999237060547, -0.010037631845926431, 1.0, 0.0, -0.0051774144092971985, 0.0, 0.015233296565338561, 0.0043416079974225585, -0.13800544885204566, 0.4176842875995348, 2.0, 6.0, 0.0, 0.000799101589935125, 0.0015263333689308212, 0.29981322020707635, 0.00017670349116385948], "scale": [0.07244007380913182, 0.1615986606666667, 1.0, 27.965541915042685, 2.0555302193250498, 1.9922673377321636, 0.5392998459020902, 0.0950332807477241, 0.5662455677246081, 0.4720351856916549, 0.023043108663736045, 0.06520522654401906, 0.009937658428373507, 0.4481391162387526, 0.20620952174315954, 0.008679128315325801, 3.810000419616699, 0.07512322208540134, 1.0, 1.0, 0.14284517407171926, 0.3484149275583962, 0.26901427797443045, 0.3231748570865096, 0.1790186975406216, 0.5096226961303267, 2.0, 7.0, 1.0, 0.027221743695854728, 0.015171254261998612, 0.34897622079483, 0.07668310193338723], "features": ["SMA20_dist", "SMA50_dist", "sma_cross", "RSI14", "MACD", "MACD_sig", "MACD_hist", "BB_width", "BB_pos", "ATR14", "ret_1d", "ret_5d", "vol_10d", "vol_ratio", "obv_trend", "spy_ret_1d", "vix_level", "vix_change", "vix_regime", "asset_class", "ret_1m", "ret_3m", "ret_6m", "ret_12m", "high52w_dist", "low52w_dist", "day_of_week", "month", "is_options_expiry", "btc_ret_1d", "gold_ret_1d", "corr_spy_20d", "vwap_dist"]}