{"center": [0.005061890866872821, 0.002263234607779466, 0.0, 50.95992653605332, 0.1341139832645979, -0.0010158401285713103, -0.07593088188443231, 0.11109222542815139, 0.5552553910720293, 5.169345988017501, 0.000667902709349355, 0.003189970314131707, 0.015584428560040749, 0.9703241292266657, 1.0394106427197802, 0.0004310919152525905, 17.635000228881836, -0.0019340041731656377, 1.0, 0.0, 0.008871919045013499, 0.0, 0.0, 0.0, -0.08143436216290026, 0.3207421762125978, 2.0, 6.0, 0.0, 0.0003404140829932345, 0.0019992124197031336, 0.4773736549928269, 0.006213289086965029], "scale": [0.05936260006724005, 0.11266817474803385, 1.0, 27.345169259995288, 5.90428261481744, 5.698276615049454, 1.7585874473923804, 0.07119201474056144, 0.5787358227565165, 2.160172073393807, 0.020065231127498667, 0.05316521602007218, 0.01071542923678743, 0.441378445423666, 0.209955185453925, 0.00967727015409367, 4.344999313354492, 0.08370977709532385, 1.0, 1.0, 0.11568596699778588, 0.19423683100442696, 0.24227904430153854, 0.04469960516069604, 0.16220947453751858, 0.33278692467994686, 2.0, 7.0, 1.0, 0.02723316496157835, 0.016300463196575354, 0.3070935282134146, 0.060793662395565815], "features": ["SMA20_dist", "SMA50_dist", "sma_cross", "RSI14", "MACD", "MACD_sig", "MACD_hist", "BB_width", "BB_pos", "ATR14", "ret_1d", "ret_5d", "vol_10d", "vol_ratio", "obv_trend", "spy_ret_1d", "vix_level", "vix_change", "vix_regime", "asset_class", "ret_1m", "ret_3m", "ret_6m", "ret_12m", "high52w_dist", "low52w_dist", "day_of_week", "month", "is_options_expiry", "btc_ret_1d", "gold_ret_1d", "corr_spy_20d", "vwap_dist"]}