{"center": [0.008246421254915775, 0.02126146519942257, 1.0, 58.84392221280204, 0.8841409245935665, 0.8459797250484242, 0.002948104665666529, 0.04351945360412751, 0.7171636663861355, 1.310450369057317, 0.00030356165384670675, 0.004375366131252667, 0.006555529129799283, 0.9553355720505797, 0.9758788854726812, 0.0004858730531422939, 17.479999542236328, -0.005025144893802347, 1.0, 0.0, 0.01858658326151663, 0.04183608281154827, 0.06648138143735016, 0.09937306499296539, -0.011693416942342666, 0.1843475958970012, 2.0, 6.0, 0.0, -0.0014864790528285043, 0.0020064107533963593, 0.8107796489617939, 0.008888342087900016], "scale": [0.01962682182993808, 0.028169593972976484, 1.0, 19.761702928122162, 1.034753526492949, 0.9274462657304557, 0.34095250991426373, 0.029780935270471015, 0.4519009969629734, 0.4417649975079294, 0.009122639694456147, 0.02023581247038264, 0.0027271632663882026, 0.38026884840753516, 0.6948481663664648, 0.009244442566665567, 4.409999847412109, 0.08502501522308681, 1.0, 1.0, 0.037982578539590306, 0.05486828117809961, 0.11525383154324742, 0.16667390642784996, 0.025451101975422857, 0.14800001402005586, 2.0, 7.0, 1.0, 0.027232096785549387, 0.015239789357389122, 0.14581650231590015, 0.019621878795806083], "features": ["SMA20_dist", "SMA50_dist", "sma_cross", "RSI14", "MACD", "MACD_sig", "MACD_hist", "BB_width", "BB_pos", "ATR14", "ret_1d", "ret_5d", "vol_10d", "vol_ratio", "obv_trend", "spy_ret_1d", "vix_level", "vix_change", "vix_regime", "asset_class", "ret_1m", "ret_3m", "ret_6m", "ret_12m", "high52w_dist", "low52w_dist", "day_of_week", "month", "is_options_expiry", "btc_ret_1d", "gold_ret_1d", "corr_spy_20d", "vwap_dist"]}