{"center": [0.008077094261190703, 0.025359843566256045, 1.0, 55.53306083614321, 1.8284619486407223, 2.0034032077812944, -0.07663174569502695, 0.06615269269939085, 0.6251907429945578, 3.6384786847822363, -0.00026904401588534466, 0.0027344446810102507, 0.009689501240399146, 0.8972413480703025, 0.9658724867735995, 0.0014609060507264626, 17.440000534057617, -0.009244158887228515, 1.0, 0.0, 0.0206177868948918, 0.04051144149700758, 0.04897793845300913, 0.013866081209626291, -0.02897547778140985, 0.26558861265299266, 2.0, 6.0, 0.0, -0.00022924323774897726, 0.001677776649860796, 0.8435564692206116, 0.008972175508337815], "scale": [0.0281402387675802, 0.0471728603131347, 1.0, 18.70183223874833, 2.7757410923172188, 3.006547484631257, 0.9593504174145753, 0.047753877336799616, 0.44157809232341594, 1.2238371107191774, 0.012477704629423492, 0.027548734945595177, 0.004388140695494962, 0.4681530939077261, 0.581391327369764, 0.008612422512763063, 3.9850001335144043, 0.07476608172909205, 1.0, 1.0, 0.05476025967016446, 0.07313074796800934, 0.12718643449961342, 0.1306339806795419, 0.061572613847666796, 0.1833119007685046, 2.0, 7.0, 1.0, 0.026976396610064346, 0.01448791894441459, 0.13593944717978657, 0.027256638079475558], "features": ["SMA20_dist", "SMA50_dist", "sma_cross", "RSI14", "MACD", "MACD_sig", "MACD_hist", "BB_width", "BB_pos", "ATR14", "ret_1d", "ret_5d", "vol_10d", "vol_ratio", "obv_trend", "spy_ret_1d", "vix_level", "vix_change", "vix_regime", "asset_class", "ret_1m", "ret_3m", "ret_6m", "ret_12m", "high52w_dist", "low52w_dist", "day_of_week", "month", "is_options_expiry", "btc_ret_1d", "gold_ret_1d", "corr_spy_20d", "vwap_dist"]}