{"center": [0.0192818418404097, 0.04467960990152944, 1.0, 55.12262781835971, 0.6738086231751979, 0.7378056576191196, -0.015562212725099944, 0.15321847556350443, 0.6412013350631338, 2.0530440740819165, 0.00048325705669194363, 0.006708948392797787, 0.024502559040954514, 0.9481298924834322, 0.9957745872223236, 0.0008307819675090755, 17.460000038146973, -0.006642781425620192, 1.0, 0.0, 0.047054118460624794, 0.11634349475590333, 0.15231100801198993, 0.012440208896785099, -0.09516931759093897, 0.64783083736379, 2.0, 6.0, 0.0, -0.0019731664656665315, 0.001788531730296361, 0.5706839795062421, 0.01986280220883695], "scale": [0.08397561206797746, 0.12102386245969703, 1.0, 25.188031212458426, 1.8380823851288657, 1.6844489893967742, 0.7604777957292026, 0.10309990310918041, 0.5615365570675723, 0.7291737347267944, 0.032157512565589685, 0.07731718250775474, 0.013397125797764833, 0.45919384063498436, 0.17817229765188403, 0.009353224778464592, 4.299999713897705, 0.08482290084567867, 1.0, 1.0, 0.16842468945668493, 0.2354651626917641, 0.30403521849081877, 0.266810139990057, 0.136355345538207, 0.30533114593453803, 2.0, 7.0, 1.0, 0.02695713923682644, 0.015007816461821033, 0.21035173135737995, 0.08321326227243454], "features": ["SMA20_dist", "SMA50_dist", "sma_cross", "RSI14", "MACD", "MACD_sig", "MACD_hist", "BB_width", "BB_pos", "ATR14", "ret_1d", "ret_5d", "vol_10d", "vol_ratio", "obv_trend", "spy_ret_1d", "vix_level", "vix_change", "vix_regime", "asset_class", "ret_1m", "ret_3m", "ret_6m", "ret_12m", "high52w_dist", "low52w_dist", "day_of_week", "month", "is_options_expiry", "btc_ret_1d", "gold_ret_1d", "corr_spy_20d", "vwap_dist"]}