{"center": [-1.0481535241546651e-05, 0.011189755143120834, 1.0, 50.66963805650114, 0.08086106302811658, 0.07871515237760542, -0.011954630926130694, 0.0979857982425586, 0.4997794928998645, 1.2177233662562423, 0.0, 0.0022018182538201536, 0.015948706533651366, 0.9048226163622982, 1.0130665940985273, 0.00157043300066384, 17.350000381469727, -0.006658632403358511, 1.0, 0.0, 0.007455076640059621, 0.030518527495249748, 0.03744818836162267, 0.0, -0.07840310527219269, 0.34188384150033735, 2.0, 6.0, 0.0, -0.0003109860024155253, 0.0016294519610446923, 0.14889190974903355, 0.0023645529428881645], "scale": [0.04735949826820243, 0.07230517968768554, 1.0, 22.426380923296378, 1.0970986732510823, 1.0313803223854243, 0.3125730572944925, 0.053245563594484194, 0.4846912902291022, 0.34689234087984167, 0.02032399039419841, 0.043535328881562085, 0.008228313599726846, 0.41748445750811913, 0.10954766614943079, 0.009131876803084304, 3.9499998092651367, 0.0808952915682215, 1.0, 1.0, 0.08594391384340772, 0.17512003017202793, 0.31830370290127835, 0.040010834077667035, 0.1871646734512762, 0.22872002288187793, 2.0, 7.0, 1.0, 0.028021523953271343, 0.014970160929511311, 0.4808125157811194, 0.04696247790801122], "features": ["SMA20_dist", "SMA50_dist", "sma_cross", "RSI14", "MACD", "MACD_sig", "MACD_hist", "BB_width", "BB_pos", "ATR14", "ret_1d", "ret_5d", "vol_10d", "vol_ratio", "obv_trend", "spy_ret_1d", "vix_level", "vix_change", "vix_regime", "asset_class", "ret_1m", "ret_3m", "ret_6m", "ret_12m", "high52w_dist", "low52w_dist", "day_of_week", "month", "is_options_expiry", "btc_ret_1d", "gold_ret_1d", "corr_spy_20d", "vwap_dist"]}