{"center": [0.003913918846213399, -0.0012204794070586832, 0.0, 51.66313129070642, -0.23322764738293245, -0.32199356305998317, 0.16840562343504556, 0.14161832952721978, 0.5314399893088089, 3.252964564732143, 0.0006351976252854108, 0.000453012378945683, 0.02129959440530749, 0.8511643475808979, 1.0307157849302313, 0.0009008441539046785, 17.605000495910645, -0.004285461432546711, 1.0, 0.0, -0.0023469256257524496, -0.030682077954470977, 0.0, 0.0, -0.262869784029385, 0.2237269495727302, 2.0, 6.0, 0.0, 0.0010483230342946959, 0.0017661798901260628, 0.4520906182073849, 0.0014765098084238942], "scale": [0.07467925526145697, 0.13536652522054354, 1.0, 24.292763843393537, 2.790505825424013, 2.6235802621098063, 0.9057400997199891, 0.12441168086106555, 0.5388918104128264, 1.5382315771920338, 0.025146252872369712, 0.07157007896323866, 0.010410993660843807, 0.48934051501095044, 0.30708556931172826, 0.008522481256120845, 4.162500381469727, 0.08098651444214996, 1.0, 1.0, 0.14908290032283944, 0.26998679008192145, 0.23525113144142984, 0.04042496172848803, 0.15483895363971403, 0.2669366648499395, 2.0, 7.0, 1.0, 0.025922243004593976, 0.01499067907135393, 0.32004309282247906, 0.0793131406222683], "features": ["SMA20_dist", "SMA50_dist", "sma_cross", "RSI14", "MACD", "MACD_sig", "MACD_hist", "BB_width", "BB_pos", "ATR14", "ret_1d", "ret_5d", "vol_10d", "vol_ratio", "obv_trend", "spy_ret_1d", "vix_level", "vix_change", "vix_regime", "asset_class", "ret_1m", "ret_3m", "ret_6m", "ret_12m", "high52w_dist", "low52w_dist", "day_of_week", "month", "is_options_expiry", "btc_ret_1d", "gold_ret_1d", "corr_spy_20d", "vwap_dist"]}