{"center": [0.008250728584894855, 0.026585742591687327, 1.0, 55.85891334823853, 1.9933663651469828, 2.042819626849065, -0.09608439211147957, 0.06751574197472598, 0.6446847407383789, 3.616915948249834, 0.0009510508011252305, 0.0029250095622608274, 0.009587977273071457, 0.8997566826002175, 1.0086267171548826, 0.00042218331212562354, 17.389999389648438, -0.002998497855734139, 1.0, 0.0, 0.021747899804625215, 0.048554813133157015, 0.07060216066688696, 0.045978291798382864, -0.02564581481461284, 0.2678749682723914, 2.0, 6.0, 0.0, -0.001682150134457161, 0.0009103412637567754, 0.8495024822625584, 0.009082010595826077], "scale": [0.02720981450164856, 0.04405991839821993, 1.0, 20.311994171004443, 2.663703565470996, 2.4537286548467447, 0.8795073722880598, 0.045280537387863584, 0.42722120005748493, 1.3198699266730682, 0.012671678938352748, 0.027865484376255134, 0.004363320200385318, 0.49063772216247725, 0.6654056589872787, 0.0090577780843355, 3.4200000762939453, 0.08065423822766882, 1.0, 1.0, 0.052187186582604794, 0.07586152127052292, 0.12936934583411008, 0.13184047799013787, 0.055024135604195334, 0.1742772614348496, 2.0, 7.0, 1.0, 0.026289602710041216, 0.015061846801817103, 0.11458642100020111, 0.02739861234912453], "features": ["SMA20_dist", "SMA50_dist", "sma_cross", "RSI14", "MACD", "MACD_sig", "MACD_hist", "BB_width", "BB_pos", "ATR14", "ret_1d", "ret_5d", "vol_10d", "vol_ratio", "obv_trend", "spy_ret_1d", "vix_level", "vix_change", "vix_regime", "asset_class", "ret_1m", "ret_3m", "ret_6m", "ret_12m", "high52w_dist", "low52w_dist", "day_of_week", "month", "is_options_expiry", "btc_ret_1d", "gold_ret_1d", "corr_spy_20d", "vwap_dist"]}