{"center": [0.001795818936770794, 0.0035731942376831926, 1.0, 51.838815143166904, 1.1692141491170105, 2.2302479080333173, -0.357290623809305, 0.07231863452383867, 0.5168624373390966, 17.100875933561774, -0.0001051412263495255, 0.0038045888650442006, 0.011552706081250445, 0.9378219950858596, 0.9878502429951401, 0.0005046930920669102, 17.440000534057617, -0.0067322198012426115, 1.0, 0.0, 0.0030958943485797086, 0.02158694673829653, 0.02047568584368875, 0.0, -0.07534008221527219, 0.15554268523593118, 2.0, 6.0, 0.0, -0.0017695992030517527, 0.0019763991077348386, 0.1913530280001308, 0.0017817370519788496], "scale": [0.03848891660507272, 0.06813096377841754, 1.0, 21.85070385017891, 17.18745526356679, 17.018772937887306, 5.026916484383545, 0.048016813192437, 0.48769371463775, 4.530687970259139, 0.01458012961194366, 0.03731366393058988, 0.0040661139878392025, 0.3385726116465715, 0.6289017779304025, 0.00871859079189058, 3.4849987030029297, 0.079301048536085, 1.0, 1.0, 0.07464793526004132, 0.10431736110465312, 0.08533063621049963, 0.040458006912135525, 0.08552846360143453, 0.10033742977081209, 2.0, 7.0, 1.0, 0.027617218571684143, 0.014790005457136546, 0.5113720624194394, 0.039121078030540345], "features": ["SMA20_dist", "SMA50_dist", "sma_cross", "RSI14", "MACD", "MACD_sig", "MACD_hist", "BB_width", "BB_pos", "ATR14", "ret_1d", "ret_5d", "vol_10d", "vol_ratio", "obv_trend", "spy_ret_1d", "vix_level", "vix_change", "vix_regime", "asset_class", "ret_1m", "ret_3m", "ret_6m", "ret_12m", "high52w_dist", "low52w_dist", "day_of_week", "month", "is_options_expiry", "btc_ret_1d", "gold_ret_1d", "corr_spy_20d", "vwap_dist"]}