{"center": [0.0035208048841668905, 0.004645746463520128, 1.0, 53.72001105365743, 0.11006317644732633, 0.10097241840675428, 0.017861257708781542, 0.04089426761070518, 0.5990920152445494, 0.6620777760523855, -0.00020866758390758466, 0.001828979484733817, 0.006416942475429105, 0.9227327440493699, 1.0166001487800302, 0.00170540518926654, 17.324999809265137, -0.011303821546141679, 1.0, 0.0, 0.005665271906705516, 0.00815653424773699, 0.017758124708201706, 0.0, -0.025646822106805245, 0.09086276381673941, 2.0, 6.0, 0.0, -0.00016245832696676343, 0.001788531730296361, 0.31191045147758767, 0.0034616447014782573], "scale": [0.01895307650854879, 0.024757712247430043, 1.0, 18.826034449909315, 0.4520195936604985, 0.44241595993271265, 0.18412870636317522, 0.02268120937274314, 0.5019838771912162, 0.16694227999182465, 0.00891803884287512, 0.018640496684469432, 0.002516864471692278, 0.45507647541152607, 0.25662481713700624, 0.009067442194245906, 3.802499771118164, 0.08144898736952763, 1.0, 1.0, 0.029071594925500238, 0.04229214194721023, 0.041354818109040126, 0.045092149033789775, 0.02700216853218286, 0.03852801751664897, 2.0, 7.0, 1.0, 0.026472521282069533, 0.015063164650661043, 0.527235564286491, 0.018826369662412426], "features": ["SMA20_dist", "SMA50_dist", "sma_cross", "RSI14", "MACD", "MACD_sig", "MACD_hist", "BB_width", "BB_pos", "ATR14", "ret_1d", "ret_5d", "vol_10d", "vol_ratio", "obv_trend", "spy_ret_1d", "vix_level", "vix_change", "vix_regime", "asset_class", "ret_1m", "ret_3m", "ret_6m", "ret_12m", "high52w_dist", "low52w_dist", "day_of_week", "month", "is_options_expiry", "btc_ret_1d", "gold_ret_1d", "corr_spy_20d", "vwap_dist"]}