{"center": [0.006563898561117047, 0.01398247099635267, 1.0, 51.43301624695854, 0.7777691517105154, 0.7750520695046877, -0.0774208463242183, 0.09289813666359822, 0.5759178699820122, 3.853368498393877, 0.001865380566621777, -0.000408869310425386, 0.014384726789944893, 0.9282230679293271, 0.9576958015597384, 0.001722787837563633, 17.350000381469727, -0.009254222565459602, 1.0, 0.0, 0.002197559005987948, 0.029465630186639835, 0.0032553189134267857, 0.0, -0.08718165668130855, 0.2553375493342139, 2.0, 6.0, 0.0, 0.000799101589935125, 0.0019383092584315254, 0.48432933328014804, 0.0066266752691448395], "scale": [0.05308655394484578, 0.1016805521993323, 1.0, 25.282982038153804, 4.66698709831374, 4.689579350576043, 1.1537586473978814, 0.06088552844104857, 0.5489521650146265, 1.1209334489971075, 0.016134079615068186, 0.04275027029384537, 0.007615537600266193, 0.3777570740590058, 0.683542096371623, 0.008860029994504526, 3.4099998474121094, 0.0792421952592911, 1.0, 1.0, 0.11550368383859067, 0.17719214502138847, 0.16867375401540619, 0.12923585015229055, 0.09231855488278401, 0.11476026985172916, 2.0, 7.0, 1.0, 0.026851356968326856, 0.015274578260913163, 0.3365633015863023, 0.04945066440389796], "features": ["SMA20_dist", "SMA50_dist", "sma_cross", "RSI14", "MACD", "MACD_sig", "MACD_hist", "BB_width", "BB_pos", "ATR14", "ret_1d", "ret_5d", "vol_10d", "vol_ratio", "obv_trend", "spy_ret_1d", "vix_level", "vix_change", "vix_regime", "asset_class", "ret_1m", "ret_3m", "ret_6m", "ret_12m", "high52w_dist", "low52w_dist", "day_of_week", "month", "is_options_expiry", "btc_ret_1d", "gold_ret_1d", "corr_spy_20d", "vwap_dist"]}