{"center": [0.01145970061481319, 0.039384083510806134, 1.0, 55.73132340033923, 3.1209431683776643, 2.972059737350695, 0.033811382445404825, 0.10402136647973256, 0.6328700653670954, 6.064911096327797, 0.0004568389985131205, 0.005714144553325973, 0.015300892529906804, 0.9384472604214085, 0.9556397763747586, 0.0009004595313388819, 17.399999618530273, -0.004632673488730754, 1.0, 0.0, 0.03413528261602572, 0.08510995958073164, 0.09577891112040726, 0.04404630145571997, -0.059140338662204285, 0.32692220410103456, 2.0, 6.0, 0.0, 0.00018283765004545316, 0.0019715725978484144, 0.627474226875999, 0.012522855210130026], "scale": [0.05078740654776388, 0.0812969044993513, 1.0, 24.665795771410203, 6.347470780578163, 6.229990630259134, 1.9698249329474464, 0.0807082223947611, 0.5022823989551123, 3.0025991746374183, 0.019343029181324967, 0.043446781915243315, 0.006169698329812071, 0.3953524413433288, 0.7280719048051116, 0.00869158159761041, 4.039999961853027, 0.08149372676692856, 1.0, 1.0, 0.10058924950429804, 0.17573052375606613, 0.22182856797845996, 0.1937033259734805, 0.10028457509064961, 0.23776764736413492, 2.0, 7.0, 1.0, 0.027347150789052588, 0.014972187141135906, 0.4088458660026126, 0.05164196496550535], "features": ["SMA20_dist", "SMA50_dist", "sma_cross", "RSI14", "MACD", "MACD_sig", "MACD_hist", "BB_width", "BB_pos", "ATR14", "ret_1d", "ret_5d", "vol_10d", "vol_ratio", "obv_trend", "spy_ret_1d", "vix_level", "vix_change", "vix_regime", "asset_class", "ret_1m", "ret_3m", "ret_6m", "ret_12m", "high52w_dist", "low52w_dist", "day_of_week", "month", "is_options_expiry", "btc_ret_1d", "gold_ret_1d", "corr_spy_20d", "vwap_dist"]}