{"center": [0.014298652954263372, 0.04752457078211644, 1.0, 55.12621309067349, 0.7557607669493791, 0.7813029747167384, -0.00355769322578664, 0.12587699135056213, 0.6287580309657577, 1.2004205140278992, 0.00036141243181442295, 0.009276079920313651, 0.018526950059810157, 0.8805324069453435, 0.9892279439067049, 0.0014012803050537093, 17.315000534057617, -0.005700987146387504, 1.0, 0.0, 0.035805944199493234, 0.14394938075312624, 0.14906502491173523, 0.2682748556544622, -0.08988217019463068, 0.4699992082569532, 2.0, 6.0, 0.0, -0.00016245832696676343, 0.0010196658035974693, 0.514990265823537, 0.014946274487029107], "scale": [0.0638027661366243, 0.1172323232369187, 1.0, 23.288752643992296, 1.6708298749265396, 1.5199882689451631, 0.4185341564619417, 0.07122669896710668, 0.5175481272348849, 0.9183786545590139, 0.02545234730038165, 0.057391884037188284, 0.008968770917628028, 0.6109706484540524, 0.38642059411856367, 0.009148436938131388, 3.8525004386901855, 0.08138002032202324, 1.0, 1.0, 0.12634883481098366, 0.26722251252553225, 0.47362512129919915, 0.7277847179088859, 0.1395940983920741, 0.9411399811140548, 2.0, 7.0, 1.0, 0.02627331882104772, 0.01661558702766522, 0.4182689044597124, 0.059123754231176516], "features": ["SMA20_dist", "SMA50_dist", "sma_cross", "RSI14", "MACD", "MACD_sig", "MACD_hist", "BB_width", "BB_pos", "ATR14", "ret_1d", "ret_5d", "vol_10d", "vol_ratio", "obv_trend", "spy_ret_1d", "vix_level", "vix_change", "vix_regime", "asset_class", "ret_1m", "ret_3m", "ret_6m", "ret_12m", "high52w_dist", "low52w_dist", "day_of_week", "month", "is_options_expiry", "btc_ret_1d", "gold_ret_1d", "corr_spy_20d", "vwap_dist"]}