{"center": [0.008527815300673827, 0.021650677281626604, 1.0, 56.60380473862752, 0.3362710909091149, 0.35925841992888036, 0.006351059822144619, 0.059088432869399854, 0.6589257373235643, 0.6652106725737882, 0.00042574137309903115, 0.003578628112639759, 0.009261435874641242, 0.7663252842243728, 1.0026788053091775, 0.0007310498015529188, 17.440000534057617, -0.005298008058610915, 1.0, 0.0, 0.020665020613478635, 0.05701523550908649, 0.09280944218707643, 0.09986155059675061, -0.02078501535921388, 0.25570685787415937, 2.0, 6.0, 0.0, -0.0003342625487465778, 0.0005694792310315666, 0.6978824299441316, 0.008161147569285427], "scale": [0.028836316804052152, 0.04352536933398694, 1.0, 19.504530873592103, 0.6143585096165509, 0.5654546753598892, 0.2182298375290433, 0.0438841784971384, 0.4537293111341114, 0.21133793835991965, 0.013107367559948568, 0.027815458828420736, 0.003072621123252659, 0.43898660836199865, 0.14042894486431412, 0.009021712046651809, 4.030000686645508, 0.07739879964348617, 1.0, 1.0, 0.05273847892014727, 0.08024848061699852, 0.139385359080481, 0.2237335936101863, 0.04951539779960042, 0.16211820786329662, 2.0, 7.0, 1.0, 0.02744218739160742, 0.014821250312041512, 0.2209691604753401, 0.02862766475863498], "features": ["SMA20_dist", "SMA50_dist", "sma_cross", "RSI14", "MACD", "MACD_sig", "MACD_hist", "BB_width", "BB_pos", "ATR14", "ret_1d", "ret_5d", "vol_10d", "vol_ratio", "obv_trend", "spy_ret_1d", "vix_level", "vix_change", "vix_regime", "asset_class", "ret_1m", "ret_3m", "ret_6m", "ret_12m", "high52w_dist", "low52w_dist", "day_of_week", "month", "is_options_expiry", "btc_ret_1d", "gold_ret_1d", "corr_spy_20d", "vwap_dist"]}