{"center": [0.013273755235163092, 0.021103553363648924, 1.0, 57.17332983231384, 0.4721939802090702, 0.3039813749365178, -0.01782947960143219, 0.12955767079700478, 0.6433477881294378, 1.8261141504047802, 0.003481725764211019, 0.007987614099668416, 0.01765911196758337, 0.9212196852234741, 1.0480287843149179, 0.001151803537192908, 17.3799991607666, -0.006670313141271755, 1.0, 0.0, 0.03215615486716361, 0.037598966528456845, 0.1335337427931107, 0.11999398597255695, -0.05469978405589983, 0.49102166438796385, 2.0, 6.0, 0.0, -0.001682150134457161, 0.0020187288833615202, 0.11735859606982157, 0.013214316077604213], "scale": [0.06655534402325602, 0.11202272949160694, 1.0, 25.997121256268613, 2.0702632825799263, 1.8741231754636394, 0.6221692483658947, 0.09480349268601355, 0.5422677510887172, 0.530942730885132, 0.02046296893724986, 0.05584968450765554, 0.009262454291131199, 0.4716021941913817, 0.1562897804375567, 0.008601755397346311, 4.24500036239624, 0.07557624611341218, 1.0, 1.0, 0.13324357666778375, 0.1843106473845753, 0.21956007612542083, 0.354169916089215, 0.08981738345497123, 0.39776476747637957, 2.0, 7.0, 1.0, 0.02706492497816737, 0.015432980402428631, 0.3556952481147665, 0.06515664606025773], "features": ["SMA20_dist", "SMA50_dist", "sma_cross", "RSI14", "MACD", "MACD_sig", "MACD_hist", "BB_width", "BB_pos", "ATR14", "ret_1d", "ret_5d", "vol_10d", "vol_ratio", "obv_trend", "spy_ret_1d", "vix_level", "vix_change", "vix_regime", "asset_class", "ret_1m", "ret_3m", "ret_6m", "ret_12m", "high52w_dist", "low52w_dist", "day_of_week", "month", "is_options_expiry", "btc_ret_1d", "gold_ret_1d", "corr_spy_20d", "vwap_dist"]}