{"center": [0.010724453580704065, 0.03134176368472004, 1.0, 57.424262237133824, 0.4096823233910172, 0.4274931018395792, -0.0027227650877512666, 0.06734463823880077, 0.6823631218838391, 0.5120385287862632, 0.0013560966403798336, 0.005983282183216421, 0.010061171288063178, 0.7936469505847032, 1.0463108849404956, 0.0009011253788435702, 17.6200008392334, -0.007869662158076385, 1.0, 0.0, 0.022519765508951517, 0.07689097001026224, 0.13594154429170935, 0.27237685898734965, -0.01698802310483674, 0.38624162531411077, 2.0, 6.0, 0.0, -0.0023550097882448773, 0.0010471549570203464, 0.6097770765178054, 0.012583235837338877], "scale": [0.03258195668516676, 0.04388371796892713, 1.0, 18.988713563154093, 0.5747953009587583, 0.5442019027044498, 0.18591422232097565, 0.04128220409134359, 0.42100031727655396, 0.3125069036489726, 0.013548367585072385, 0.028525154422799126, 0.0044224953019499965, 0.7977430720987084, 0.2586644294397038, 0.00896546912689139, 4.210000038146973, 0.0826037852159407, 1.0, 1.0, 0.05517466040920965, 0.10312400083993156, 0.15550840624194384, 0.40382420241484784, 0.030865064168112157, 0.31001814991668647, 2.0, 7.0, 1.0, 0.02884929809792186, 0.016317764867863127, 0.19379836684371932, 0.03320672443730209], "features": ["SMA20_dist", "SMA50_dist", "sma_cross", "RSI14", "MACD", "MACD_sig", "MACD_hist", "BB_width", "BB_pos", "ATR14", "ret_1d", "ret_5d", "vol_10d", "vol_ratio", "obv_trend", "spy_ret_1d", "vix_level", "vix_change", "vix_regime", "asset_class", "ret_1m", "ret_3m", "ret_6m", "ret_12m", "high52w_dist", "low52w_dist", "day_of_week", "month", "is_options_expiry", "btc_ret_1d", "gold_ret_1d", "corr_spy_20d", "vwap_dist"]}