{"center": [0.008375389983506985, 0.023162907832763063, 1.0, 53.84277333185236, 0.2387236554151464, 0.24843493744065595, -0.009348542321617206, 0.09542794146080638, 0.6147463532124011, 0.6059235904702006, -0.0003201311813446628, 0.0018524602100111753, 0.013368709307881138, 0.9308156898790096, 0.9906805798114644, 0.0009687775188989001, 17.3799991607666, -0.005649859110261113, 1.0, 0.0, 0.019423475437336912, 0.043685516161694915, 0.017559344974467872, 0.05745728786661375, -0.03878484845936521, 0.3058865898857886, 2.0, 6.0, 0.0, -0.0008240985185906102, 0.0019393580660813647, 0.8182552154220083, 0.007888620483297432], "scale": [0.042604572206143665, 0.06110915956242873, 1.0, 22.940375237636538, 0.5700028636984582, 0.5021470344250842, 0.2042878441260227, 0.06334244105649252, 0.46840403579171613, 0.28532256257909316, 0.01818169841799197, 0.04340785271820688, 0.00631924654418939, 0.5030195790944486, 0.6339317492688066, 0.00871354655708767, 3.872499942779541, 0.0777222658610503, 1.0, 1.0, 0.0725582750202117, 0.09397642100519266, 0.12561990856222022, 0.15877302571043111, 0.06987091546951205, 0.2265549763017021, 2.0, 7.0, 1.0, 0.028443767642550882, 0.015627404107975168, 0.14572765540542598, 0.039512886078618546], "features": ["SMA20_dist", "SMA50_dist", "sma_cross", "RSI14", "MACD", "MACD_sig", "MACD_hist", "BB_width", "BB_pos", "ATR14", "ret_1d", "ret_5d", "vol_10d", "vol_ratio", "obv_trend", "spy_ret_1d", "vix_level", "vix_change", "vix_regime", "asset_class", "ret_1m", "ret_3m", "ret_6m", "ret_12m", "high52w_dist", "low52w_dist", "day_of_week", "month", "is_options_expiry", "btc_ret_1d", "gold_ret_1d", "corr_spy_20d", "vwap_dist"]}