{"center": [-0.01635487580762943, -0.0443843567903192, 0.0, 45.71102372209387, -0.4867694468663153, -0.543147664044075, 0.07427442936099077, 0.2042594731527071, 0.3948178376276325, 1.8366429465157643, -0.000939307536306222, 0.0014838009429568588, 0.035676199836360466, 0.945494742353133, 1.0266398886100427, 2.5893197634130338e-05, 17.994999885559082, 0.003377375597050203, 1.0, 0.0, -0.027334090166217906, -0.10788999771780028, -0.07526928527338628, -0.2103425927861628, -0.5342870352654523, 0.10770683637991924, 2.0, 6.0, 0.0, -0.0032913131011398367, 0.001650071760848859, -0.8704179901969601, -0.02635975402653603], "scale": [0.09296219574521648, 0.17475562920365267, 1.0, 22.976018077560774, 1.8414964886086427, 1.7259463496594944, 0.38987361942701876, 0.14163570422419788, 0.4842495385939821, 1.3039283752441406, 0.03952242914408863, 0.0805354809594688, 0.027218322984704946, 0.5288116373852069, 0.45501397426692014, 0.009262638925429445, 4.649999618530273, 0.08181709616777208, 1.0, 1.0, 0.19460362255402777, 0.306149877560006, 0.29797892946756177, 0.3805800911624049, 0.15568091553568114, 0.22823136452136628, 2.0, 7.0, 1.0, 0.030602221970870064, 0.014714260817238506, 0.09413346175096637, 0.09316128660370201], "features": ["SMA20_dist", "SMA50_dist", "sma_cross", "RSI14", "MACD", "MACD_sig", "MACD_hist", "BB_width", "BB_pos", "ATR14", "ret_1d", "ret_5d", "vol_10d", "vol_ratio", "obv_trend", "spy_ret_1d", "vix_level", "vix_change", "vix_regime", "asset_class", "ret_1m", "ret_3m", "ret_6m", "ret_12m", "high52w_dist", "low52w_dist", "day_of_week", "month", "is_options_expiry", "btc_ret_1d", "gold_ret_1d", "corr_spy_20d", "vwap_dist"]}