{"center": [-0.0030386800467634375, -0.0045503592971520585, 0.0, 50.13467803443574, -0.4659846894656994, -3.0680780567490866, -0.40621073418018483, 0.14507953781280053, 0.47732792546894126, 67.58856201171875, 6.110209633980457e-06, -0.0011992529531990592, 0.022081596770959437, 0.9374543961848575, 1.0190483770620287, 0.0012603204590806438, 17.6850004196167, -0.00615351204657788, 1.0, 0.0, -0.006295098809491528, -0.026111002269367856, 0.0, 0.0, -0.11812721730801831, 0.2598208392224166, 2.0, 6.0, 0.0, 0.0005386804107375687, 0.0019739858527916265, 0.4108447687729633, 0.0005803478917996855], "scale": [0.06930970906792298, 0.10314261552309134, 1.0, 20.857605219828322, 53.76944777022317, 47.193444756403, 22.096734709940087, 0.08440049678641855, 0.4949225355556556, 23.293572562081458, 0.02700053067959396, 0.06269053111505077, 0.01025558272788277, 0.47491855616185485, 0.3046786160666347, 0.008928644579150824, 4.53249979019165, 0.08417059363757343, 1.0, 1.0, 0.12201759350970873, 0.23495657256767233, 0.24865327808892768, 0.05513024834453428, 0.17035197972991994, 0.2002958846981848, 2.0, 7.0, 1.0, 0.02797514979010171, 0.016128824361112515, 0.36570536052009445, 0.06970912578494987], "features": ["SMA20_dist", "SMA50_dist", "sma_cross", "RSI14", "MACD", "MACD_sig", "MACD_hist", "BB_width", "BB_pos", "ATR14", "ret_1d", "ret_5d", "vol_10d", "vol_ratio", "obv_trend", "spy_ret_1d", "vix_level", "vix_change", "vix_regime", "asset_class", "ret_1m", "ret_3m", "ret_6m", "ret_12m", "high52w_dist", "low52w_dist", "day_of_week", "month", "is_options_expiry", "btc_ret_1d", "gold_ret_1d", "corr_spy_20d", "vwap_dist"]}