{"center": [0.011645342575232084, 0.025858501700916726, 1.0, 53.80644369979353, 0.5309910871386307, 0.5056910523552378, 0.001505146117100259, 0.11799372591918683, 0.6215275141356826, 2.820714133126395, 0.0005399577739407802, 0.007229438304346525, 0.018304614001933495, 0.9493099159246252, 1.0330726284654572, 0.0011153786502281493, 17.3799991607666, -0.005649859110261113, 1.0, 0.0, 0.024749417856663958, 0.042058890753791545, 0.0, 0.0, -0.11434056479894444, 0.6546368985145194, 2.0, 6.0, 0.0, -0.0017258746687544568, 0.0007764358777558877, 0.43084460269826025, 0.014413379248205068], "scale": [0.06048019451378007, 0.09888274762776758, 1.0, 21.27413107464703, 2.3139253037521144, 1.977176913147714, 0.88686950197481, 0.09880171844704996, 0.48831385385681125, 1.284640720912389, 0.025133457959048616, 0.06035990994602125, 0.011874147367085882, 0.39910297326437816, 0.10528256225939314, 0.009126889828389273, 3.8000011444091797, 0.08725790592779409, 1.0, 1.0, 0.11069058031641488, 0.26755242604317436, 0.3468529177871016, 0.12227970971268243, 0.23518540580930028, 0.7046878136908354, 2.0, 7.0, 1.0, 0.02698287966812815, 0.015277846989340121, 0.32848896171117237, 0.06066844718830535], "features": ["SMA20_dist", "SMA50_dist", "sma_cross", "RSI14", "MACD", "MACD_sig", "MACD_hist", "BB_width", "BB_pos", "ATR14", "ret_1d", "ret_5d", "vol_10d", "vol_ratio", "obv_trend", "spy_ret_1d", "vix_level", "vix_change", "vix_regime", "asset_class", "ret_1m", "ret_3m", "ret_6m", "ret_12m", "high52w_dist", "low52w_dist", "day_of_week", "month", "is_options_expiry", "btc_ret_1d", "gold_ret_1d", "corr_spy_20d", "vwap_dist"]}