{"center": [0.003804856456040083, 0.006151841209781957, 1.0, 51.48573786932536, 0.47581298007622763, 0.6640445634304539, 0.239878025431441, 0.09937505757805556, 0.5374256719815214, 7.0420611257773436, 0.0008547900921297424, 0.00027317994044073757, 0.015098077610512482, 0.9329993098260858, 1.0205633327806987, 0.0013179584183605764, 17.61500072479248, -0.007992262749644596, 1.0, 0.0, 0.0035791452788118683, 0.011564742638398906, 0.014585850163232439, 0.0, -0.09872094107789472, 0.172864503384215, 2.0, 6.0, 0.0, -0.0005528134329213508, 0.0017705517533963544, 0.28239361713764743, 0.0038768768536447213], "scale": [0.05786092702588379, 0.08503096393375817, 1.0, 25.58773852668042, 7.052529068074463, 6.3404478343104, 1.8365103168683166, 0.05183270255533329, 0.5470054339658568, 2.284560533401736, 0.01541902896217029, 0.04510271414438349, 0.008468324110111015, 0.453682472568151, 0.17476972431001436, 0.008803094608616252, 4.334999084472656, 0.07834596462167298, 1.0, 1.0, 0.1072590508044019, 0.17133647908280658, 0.17868761464012198, 0.21462417255880478, 0.08472167009785032, 0.22407986265562405, 2.0, 6.75, 1.0, 0.026737030021092317, 0.01641909679829831, 0.36258977814399707, 0.05738615881868364], "features": ["SMA20_dist", "SMA50_dist", "sma_cross", "RSI14", "MACD", "MACD_sig", "MACD_hist", "BB_width", "BB_pos", "ATR14", "ret_1d", "ret_5d", "vol_10d", "vol_ratio", "obv_trend", "spy_ret_1d", "vix_level", "vix_change", "vix_regime", "asset_class", "ret_1m", "ret_3m", "ret_6m", "ret_12m", "high52w_dist", "low52w_dist", "day_of_week", "month", "is_options_expiry", "btc_ret_1d", "gold_ret_1d", "corr_spy_20d", "vwap_dist"]}