{"center": [0.0051394409640409065, 0.016558493692084487, 1.0, 52.74423310728041, 1.4489864291957701, 1.3502512947825223, -0.16765745221992479, 0.0721755364883846, 0.5823241888121609, 5.404344338029199, 0.0012021814416147691, 0.0038350946791112506, 0.01114772984008484, 0.9368826669206578, 1.012080142945039, 0.0009008441539046785, 17.479999542236328, -0.005630684757875204, 1.0, 0.0, 0.015559250127332946, 0.03792564086481398, 0.025874572150540787, 0.09960578384425844, -0.046579563641734545, 0.2531698392141333, 2.0, 6.0, 0.0, -0.0017258746687544568, 0.0018612345627287974, 0.3779284125785764, 0.005217170439390141], "scale": [0.03263612837140566, 0.05518861136868551, 1.0, 20.76532630743597, 3.964847749400704, 3.6023136635275415, 1.4018007374552093, 0.04979088503455964, 0.490987476399027, 2.1519817199850086, 0.013856520016661988, 0.03334232113110064, 0.0059505748274594795, 0.43717670474358483, 0.18292416765356623, 0.009034420815600491, 3.8350000381469727, 0.0769446813694899, 1.0, 1.0, 0.06452114530525874, 0.10667200016616171, 0.18370848539723178, 0.26106600338301755, 0.09266496363306381, 0.3281088023711717, 2.0, 7.0, 1.0, 0.02948426768605794, 0.014333173058035359, 0.31158090033026986, 0.03143166260202443], "features": ["SMA20_dist", "SMA50_dist", "sma_cross", "RSI14", "MACD", "MACD_sig", "MACD_hist", "BB_width", "BB_pos", "ATR14", "ret_1d", "ret_5d", "vol_10d", "vol_ratio", "obv_trend", "spy_ret_1d", "vix_level", "vix_change", "vix_regime", "asset_class", "ret_1m", "ret_3m", "ret_6m", "ret_12m", "high52w_dist", "low52w_dist", "day_of_week", "month", "is_options_expiry", "btc_ret_1d", "gold_ret_1d", "corr_spy_20d", "vwap_dist"]}