{"center": [0.0018086868936425852, 0.0046646419882952995, 1.0, 62.45509699050052, 0.03266931594922795, 0.033517639635526966, 0.000502390232525074, 0.007840309036222553, 0.7496768183580643, 0.03611727553433016, 0.00018912353722799757, 0.0009549893136606702, 0.00098366606437188, 0.598855129898723, 1.0393180863197071, 0.0005685229860479257, 17.700000762939453, -0.005681812794001595, 1.0, 0.0, 0.004061742297200244, 0.012123780961214692, 0.02190011439942241, 0.03981300693960832, -0.001336076438230934, 0.05080882917541991, 2.0, 6.0, 0.0, -0.0008264678561502592, 0.0014259144001700363, -0.018929626318735557, 0.0019056081300818002], "scale": [0.0033683184515235763, 0.005507096887207125, 1.0, 21.812114318736462, 0.040885945235562104, 0.038736317469118944, 0.010848082095445168, 0.004796673398580749, 0.3550867335030705, 0.009987097727428437, 0.0012427583915504137, 0.0032457951441475785, 0.0004140802909164208, 0.7709290489522288, 0.1963022226549509, 0.00904886463303578, 4.645000457763672, 0.08361482465178971, 1.0, 1.0, 0.00709747586092202, 0.009711309120086553, 0.017530102151596116, 0.056723179752558694, 0.0034592264558609737, 0.02495485535971676, 2.0, 7.0, 1.0, 0.027994194327565947, 0.016879435161033685, 0.4114694049188864, 0.003614914440942482], "features": ["SMA20_dist", "SMA50_dist", "sma_cross", "RSI14", "MACD", "MACD_sig", "MACD_hist", "BB_width", "BB_pos", "ATR14", "ret_1d", "ret_5d", "vol_10d", "vol_ratio", "obv_trend", "spy_ret_1d", "vix_level", "vix_change", "vix_regime", "asset_class", "ret_1m", "ret_3m", "ret_6m", "ret_12m", "high52w_dist", "low52w_dist", "day_of_week", "month", "is_options_expiry", "btc_ret_1d", "gold_ret_1d", "corr_spy_20d", "vwap_dist"]}