{"center": [-0.0018361764511939968, -0.011031342238026742, 0.0, 49.766064335191174, -0.33026856680078254, -0.34136626624829075, -0.030331819484819, 0.09598701032630172, 0.47482262235031747, 2.1474117405239945, 0.00010987187983402258, -0.004701519227611084, 0.014808583147284277, 0.9471289533551135, 1.0181631689284816, 0.0014610115160782478, 17.600000381469727, -0.009244158887228515, 1.0, 0.0, -0.008655227952208633, -0.02803225311893265, -0.04126875718138168, 0.0, -0.16947988818634444, 0.14558639931367462, 2.0, 6.0, 0.0, -0.0017695992030517527, 0.0015263333689308212, 0.01000243310392082, -0.002629936397735191], "scale": [0.04597610448270685, 0.07395603899472415, 1.0, 21.950201722794432, 1.93733890716193, 1.918540425712934, 0.6564028445012713, 0.06551531421545709, 0.49875063391200564, 0.5666543071068944, 0.02229052963959921, 0.04528352265868135, 0.008646901955325905, 0.449611895961219, 0.24070435520643807, 0.009218257904055782, 3.950000762939453, 0.08072661725664831, 1.0, 1.0, 0.0845238447500411, 0.10927393893798382, 0.10846293330172685, 0.0697396431591209, 0.09631851598345817, 0.11837977644668429, 2.0, 7.0, 1.0, 0.028240173402479474, 0.015168785703906451, 0.4656237620471081, 0.047241393122981146], "features": ["SMA20_dist", "SMA50_dist", "sma_cross", "RSI14", "MACD", "MACD_sig", "MACD_hist", "BB_width", "BB_pos", "ATR14", "ret_1d", "ret_5d", "vol_10d", "vol_ratio", "obv_trend", "spy_ret_1d", "vix_level", "vix_change", "vix_regime", "asset_class", "ret_1m", "ret_3m", "ret_6m", "ret_12m", "high52w_dist", "low52w_dist", "day_of_week", "month", "is_options_expiry", "btc_ret_1d", "gold_ret_1d", "corr_spy_20d", "vwap_dist"]}