{"center": [0.008616832101348355, 0.01971960653208582, 1.0, 55.763631024614185, 0.5159216796310346, 0.5117492617276767, -0.006518026729631865, 0.05350049413257371, 0.6713402404901955, 0.7578565873486593, 0.00039917452924476127, 0.0033808456419531785, 0.007931051263800008, 0.9601467451683052, 1.0172502550798725, 0.0006365110445835098, 17.479999542236328, -0.006103243584815343, 1.0, 0.0, 0.016398878370609826, 0.04936972456462729, 0.09887627521122677, 0.16170624509995257, -0.01662874590409876, 0.24100355883874766, 2.0, 6.0, 0.0, -0.0011698293944815696, 0.002005371484685714, 0.7659272739881102, 0.010285823452569242], "scale": [0.02288037936316632, 0.03732427519381265, 1.0, 20.576200752527967, 0.7367962598367725, 0.6580286200103035, 0.25986809084069906, 0.021228445999746215, 0.423784550801149, 0.42838149805942705, 0.010151546997745148, 0.022609932589550408, 0.003884050985500557, 0.4493974751125408, 0.674460560853459, 0.00914521976229521, 4.277500629425049, 0.08158970349996342, 1.0, 1.0, 0.04359952603104009, 0.06590399776407346, 0.13175804129763335, 0.23829905558430065, 0.03942420166403332, 0.22488551147082672, 2.0, 7.0, 1.0, 0.02744734996128037, 0.015093509910480335, 0.18191445352217117, 0.024421091551253764], "features": ["SMA20_dist", "SMA50_dist", "sma_cross", "RSI14", "MACD", "MACD_sig", "MACD_hist", "BB_width", "BB_pos", "ATR14", "ret_1d", "ret_5d", "vol_10d", "vol_ratio", "obv_trend", "spy_ret_1d", "vix_level", "vix_change", "vix_regime", "asset_class", "ret_1m", "ret_3m", "ret_6m", "ret_12m", "high52w_dist", "low52w_dist", "day_of_week", "month", "is_options_expiry", "btc_ret_1d", "gold_ret_1d", "corr_spy_20d", "vwap_dist"]}