{"center": [0.011667752148159323, 0.03214978123161227, 1.0, 52.96151798791879, 0.4607504170125907, 0.4501499334048309, -0.01910436669492377, 0.12030975979729737, 0.6082814333470639, 1.6179464522335059, 0.0017494834824018923, 0.0006371214942562098, 0.02008218385364376, 0.9324138275911106, 1.020989382918309, 0.0009012287764704752, 17.510000228881836, -0.006670313141271755, 1.0, 0.0, 0.03310718826692738, 0.08582611275949992, 0.09645705995571707, 0.19599312467825247, -0.09312829243110843, 0.37347564086968377, 2.0, 6.0, 0.0, 0.0007548627203146641, 0.001670691560653026, 0.4788574788919872, 0.011629124842602777], "scale": [0.05935082807678113, 0.08963748093540473, 1.0, 22.31386363529988, 1.5512360303857804, 1.4626909659608511, 0.4614555712514759, 0.07327392501986378, 0.48622186455821875, 0.8590177707195765, 0.021209512760451577, 0.059382106919517064, 0.009657798093251313, 0.4376550892871641, 0.13144009538255697, 0.008576897349854562, 3.719999313354492, 0.07760259520213209, 1.0, 1.0, 0.11112812740198752, 0.21586020005933537, 0.3247236540578202, 0.5471341545777633, 0.12706566846571135, 0.48385925186380113, 2.0, 7.0, 1.0, 0.027689148492380466, 0.01586460721848648, 0.2852040895836942, 0.060376131042736016], "features": ["SMA20_dist", "SMA50_dist", "sma_cross", "RSI14", "MACD", "MACD_sig", "MACD_hist", "BB_width", "BB_pos", "ATR14", "ret_1d", "ret_5d", "vol_10d", "vol_ratio", "obv_trend", "spy_ret_1d", "vix_level", "vix_change", "vix_regime", "asset_class", "ret_1m", "ret_3m", "ret_6m", "ret_12m", "high52w_dist", "low52w_dist", "day_of_week", "month", "is_options_expiry", "btc_ret_1d", "gold_ret_1d", "corr_spy_20d", "vwap_dist"]}