{"center": [0.007255084883716036, 0.018940581049575793, 1.0, 57.175687088287376, 0.4012102106161848, 0.369019543309835, -0.016884923869317586, 0.049235873800521315, 0.6562299811189984, 0.7848780222786289, 5.132950819364268e-05, 0.002148418736821256, 0.007357430854178056, 0.9354545442528508, 0.9824067957793289, 0.00044300959703602594, 17.440000534057617, -0.004093342159884994, 1.0, 0.0, 0.01541252086144873, 0.027463105408851995, 0.0517312074715881, 0.05589655057576426, -0.015116835293124003, 0.20121071878438473, 2.0, 6.0, 0.0, -0.0016587106652958816, 0.0018666552336489284, 0.8554247061522281, 0.008063999354028739], "scale": [0.023540662085389973, 0.035862878235418345, 1.0, 19.525607725938926, 0.6821874991170258, 0.6756027550765791, 0.1950007616353431, 0.03623116268080232, 0.46140662001660293, 0.3135542990993735, 0.009183818470269861, 0.023076718812564095, 0.003650566228085195, 0.3720195303674422, 0.3326282048134076, 0.009285783875647935, 4.022499084472656, 0.08080737076017841, 1.0, 1.0, 0.04213414252921127, 0.0712801435363472, 0.08908115382381554, 0.14634102041768282, 0.029881102121860258, 0.12424879829483254, 2.0, 7.0, 1.0, 0.028194698501484483, 0.014006567843888373, 0.1307458996842502, 0.02254061237409203], "features": ["SMA20_dist", "SMA50_dist", "sma_cross", "RSI14", "MACD", "MACD_sig", "MACD_hist", "BB_width", "BB_pos", "ATR14", "ret_1d", "ret_5d", "vol_10d", "vol_ratio", "obv_trend", "spy_ret_1d", "vix_level", "vix_change", "vix_regime", "asset_class", "ret_1m", "ret_3m", "ret_6m", "ret_12m", "high52w_dist", "low52w_dist", "day_of_week", "month", "is_options_expiry", "btc_ret_1d", "gold_ret_1d", "corr_spy_20d", "vwap_dist"]}