{"center": [-0.006797752419787754, -0.01255857547360167, 0.0, 48.720706812563236, -0.4843390026095449, -0.2248586879101345, -0.15246589857694914, 0.0995824429467067, 0.41825102258969604, 5.091546904279531, -0.0009302334613430219, -0.0014914530501798362, 0.014346303122540286, 0.9728292960888854, 1.0222057870752426, 0.0004802810674313651, 17.389999389648438, -0.005298008058610915, 1.0, 0.0, -0.010774444395357463, -0.027592907164899594, 0.0, 0.0, -0.13551350112263005, 0.12823232112981878, 2.0, 6.0, 0.0, -0.00022924323774897726, 0.001677776649860796, 0.37767750537718636, -0.005719842091713916], "scale": [0.060187669894620266, 0.0770390690142249, 1.0, 28.16002679315114, 5.044133175616508, 4.718200433804441, 1.9218597935748485, 0.04441677560722715, 0.5596336067267295, 1.4880835694164931, 0.017807770387781252, 0.05181240328041281, 0.0069745104508404515, 0.3718400375868217, 0.28296117292641254, 0.008899711127549836, 4.340001106262207, 0.07999842703626159, 1.0, 1.0, 0.10421161222265818, 0.16247580548407692, 0.16322226900229153, 0.03428049277354006, 0.11835082409841727, 0.11384298378791488, 2.0, 7.0, 1.0, 0.026931279341849135, 0.015897016738469993, 0.41372218230001495, 0.058832031217414094], "features": ["SMA20_dist", "SMA50_dist", "sma_cross", "RSI14", "MACD", "MACD_sig", "MACD_hist", "BB_width", "BB_pos", "ATR14", "ret_1d", "ret_5d", "vol_10d", "vol_ratio", "obv_trend", "spy_ret_1d", "vix_level", "vix_change", "vix_regime", "asset_class", "ret_1m", "ret_3m", "ret_6m", "ret_12m", "high52w_dist", "low52w_dist", "day_of_week", "month", "is_options_expiry", "btc_ret_1d", "gold_ret_1d", "corr_spy_20d", "vwap_dist"]}