{"center": [0.002162118423639206, 0.006916316637212734, 1.0, 52.16571844601349, 0.1339268241885776, 0.14065847523357036, 0.01797128319703166, 0.05610407537602807, 0.5464795622021393, 1.1119569128662985, -0.0005997958953789517, 0.0020491475312980345, 0.008651255940271422, 0.7981715893108298, 0.9697468436667606, 0.0017922584580638556, 17.479999542236328, -0.009244158887228515, 1.0, 0.0, 0.004090551772947482, 0.014458700806869285, 0.016319162531715614, 0.0, -0.04925183565422311, 0.12377616546258408, 2.0, 7.0, 0.0, -0.00032588834829794244, 0.0019404068737312041, 0.24601149143552214, 0.0032382421802953634], "scale": [0.026959753614932233, 0.032250702187294346, 1.0, 19.06893458413878, 0.6881855285149499, 0.529430470446801, 0.328444792440252, 0.02751923341636879, 0.5085950404558697, 0.2761840136067012, 0.012537666743878129, 0.026684371445390487, 0.004244990017702544, 0.5572164766322448, 0.35386769529530904, 0.008540747715523267, 3.940000534057617, 0.07660530798539111, 1.0, 1.0, 0.04835050013254316, 0.050079528850331845, 0.04734164872672997, 0.05599415725157453, 0.04035894034555057, 0.043667451755317915, 2.0, 6.0, 1.0, 0.0271412685574427, 0.013475301614273127, 0.2949087891693753, 0.028289336423258628], "features": ["SMA20_dist", "SMA50_dist", "sma_cross", "RSI14", "MACD", "MACD_sig", "MACD_hist", "BB_width", "BB_pos", "ATR14", "ret_1d", "ret_5d", "vol_10d", "vol_ratio", "obv_trend", "spy_ret_1d", "vix_level", "vix_change", "vix_regime", "asset_class", "ret_1m", "ret_3m", "ret_6m", "ret_12m", "high52w_dist", "low52w_dist", "day_of_week", "month", "is_options_expiry", "btc_ret_1d", "gold_ret_1d", "corr_spy_20d", "vwap_dist"]}