{"center": [-0.0007398802024887617, -0.003968024247634641, 0.0, 49.56123386122569, -0.24682647552990034, -0.15536655265463936, 0.04476018180482122, 0.06558872419273878, 0.4867316663785752, 3.530663749487382, 0.0006149033923765757, 0.001794781307938642, 0.011448284272160448, 0.9051715330704317, 1.0008706425749705, 0.0018329931020035772, 17.649999618530273, -0.007869662158076385, 1.0, 0.0, -0.004685245151347606, -0.030185556435364913, -0.056511099292127276, -0.03181083102984317, -0.12344453868530243, 0.07879284714299607, 2.0, 6.0, 0.0, -0.0003109860024155253, 0.0020187288833615202, 0.29752903607217907, 0.00024916969904597506], "scale": [0.03293740720501295, 0.03739289444832513, 1.0, 18.873517581007327, 1.8998337925712292, 1.860480912619451, 1.0260211497794212, 0.03685760520627077, 0.4903622285445514, 0.7608994837246126, 0.016062917262475218, 0.03146090581653904, 0.005354072604582703, 0.39424767832326335, 0.5525451160609852, 0.009359030079379993, 4.460000991821289, 0.0817781983769782, 1.0, 1.0, 0.05657317767977521, 0.06808410930434505, 0.09466699528047251, 0.1281709298828103, 0.10665792859049977, 0.07097796419668176, 2.0, 7.0, 1.0, 0.028819774933802056, 0.015712463416596933, 0.430308923558993, 0.03165556059523781], "features": ["SMA20_dist", "SMA50_dist", "sma_cross", "RSI14", "MACD", "MACD_sig", "MACD_hist", "BB_width", "BB_pos", "ATR14", "ret_1d", "ret_5d", "vol_10d", "vol_ratio", "obv_trend", "spy_ret_1d", "vix_level", "vix_change", "vix_regime", "asset_class", "ret_1m", "ret_3m", "ret_6m", "ret_12m", "high52w_dist", "low52w_dist", "day_of_week", "month", "is_options_expiry", "btc_ret_1d", "gold_ret_1d", "corr_spy_20d", "vwap_dist"]}