{"center": [-0.0022286043728748576, -0.012255581480535661, 0.0, 49.45607713189635, -0.007901712372993197, -0.008365041584890775, 0.0015909139608716472, 0.1057880359401798, 0.4793922485000942, 0.06571429116385324, 0.0, 0.0, 0.01582567848815092, 0.9579370698016377, 1.021855670940489, 0.0009265685019166359, 17.440000534057617, -0.007288538293765301, 1.0, 0.0, -0.003787875024959475, -0.025807508363314524, -0.08276408132835633, -0.06243866000533227, -0.22388395411257392, 0.09280796496291427, 2.0, 6.0, 0.0, -0.0019731664656665315, 0.0008295609063160292, 0.3012397409636878, -0.0017441113523761324], "scale": [0.06271788663746206, 0.10315219634993082, 1.0, 24.205757084459478, 0.0890250571742276, 0.08557778515110706, 0.019985236941635363, 0.08356534841317123, 0.5328765988417927, 0.02428571241242545, 0.02166088517045342, 0.04381574168798838, 0.010895336571965198, 0.6145126098831688, 0.7078678005231046, 0.00878891513453861, 3.8525004386901855, 0.08137836732817139, 1.0, 1.0, 0.1104034492499743, 0.19504276129242434, 0.1684842048544773, 0.20048848945073416, 0.1502100013403993, 0.13512591458565015, 2.0, 7.0, 1.0, 0.026344671137740555, 0.015033729399658025, 0.3852413576796695, 0.06311645182136723], "features": ["SMA20_dist", "SMA50_dist", "sma_cross", "RSI14", "MACD", "MACD_sig", "MACD_hist", "BB_width", "BB_pos", "ATR14", "ret_1d", "ret_5d", "vol_10d", "vol_ratio", "obv_trend", "spy_ret_1d", "vix_level", "vix_change", "vix_regime", "asset_class", "ret_1m", "ret_3m", "ret_6m", "ret_12m", "high52w_dist", "low52w_dist", "day_of_week", "month", "is_options_expiry", "btc_ret_1d", "gold_ret_1d", "corr_spy_20d", "vwap_dist"]}