{"center": [0.00853927485929867, 0.020745461678830297, 1.0, 58.38915472579008, 0.46066123103996404, 0.4384806493286071, -0.020073848326180477, 0.05025678064471754, 0.6930479980349978, 0.7873024894441828, 0.0004225723400075321, 0.0038944192122740695, 0.0077280170916334216, 0.914119363692007, 1.0510804221351548, 0.0013732097959411327, 17.479999542236328, -0.005298008058610915, 1.0, 0.0, 0.01964139108331242, 0.04268031396050609, 0.06489194342344695, 0.1349764730880436, -0.00949790807682732, 0.2687775054079271, 2.0, 6.0, 0.0, -0.00032588834829794244, 0.0005858183101099534, 0.9996523940667272, 0.009855960368704692], "scale": [0.021915569490299065, 0.03653854285270013, 1.0, 23.102566607935614, 0.6284930681660299, 0.5529052575837312, 0.19945924378961388, 0.0328699262811979, 0.4231803484206563, 0.31734773228804714, 0.008988742060896726, 0.02318343208417606, 0.0042056098551350694, 0.5679219358106116, 0.2600935308230903, 0.00936566589081611, 4.139999866485596, 0.07990185707103525, 1.0, 1.0, 0.04197009505548027, 0.07303067743010117, 0.1171563907333929, 0.18170526544700505, 0.025217936663644833, 0.19779037987795023, 2.0, 7.0, 1.0, 0.02783360331122947, 0.014418873123304365, 0.000315942871174979, 0.020280119103772733], "features": ["SMA20_dist", "SMA50_dist", "sma_cross", "RSI14", "MACD", "MACD_sig", "MACD_hist", "BB_width", "BB_pos", "ATR14", "ret_1d", "ret_5d", "vol_10d", "vol_ratio", "obv_trend", "spy_ret_1d", "vix_level", "vix_change", "vix_regime", "asset_class", "ret_1m", "ret_3m", "ret_6m", "ret_12m", "high52w_dist", "low52w_dist", "day_of_week", "month", "is_options_expiry", "btc_ret_1d", "gold_ret_1d", "corr_spy_20d", "vwap_dist"]}