{"center": [0.010318155637717107, 0.04038320725664036, 1.0, 55.25984991383977, 3.2559658437668304, 3.0378301825795293, -0.05208244547515939, 0.10402136647975063, 0.6313223876748875, 6.166253602404201, 0.00038454819003708174, 0.004712786950063386, 0.015403637122650471, 0.9384472604214085, 0.9782283934969066, 0.0007605411933127026, 17.3799991607666, -0.004522324550077617, 1.0, 0.0, 0.03216894332764353, 0.09102633091328971, 0.09133422799847213, 0.04419205333299314, -0.055477246086287825, 0.3337481156595359, 2.0, 6.0, 0.0, -9.567341618454961e-05, 0.0017929035935666526, 0.6097111964757954, 0.012371205928440345], "scale": [0.05140883742116394, 0.07971499014136257, 1.0, 25.520398305249188, 6.359820980856227, 6.258741986867376, 2.037865799198296, 0.08050802103172497, 0.5142725929493868, 3.1142130867804436, 0.01932518484455975, 0.04514021306147126, 0.005953409406735468, 0.39461177762145394, 0.39450495567427346, 0.008679883199104788, 3.8850011825561523, 0.08144314571498523, 1.0, 1.0, 0.1020255533865344, 0.17854308740821379, 0.22669347725891686, 0.20452330697608623, 0.1002846656198719, 0.2409280854111001, 2.0, 7.0, 1.0, 0.027333776997661263, 0.015113958640842529, 0.42127076933802066, 0.05281350240795911], "features": ["SMA20_dist", "SMA50_dist", "sma_cross", "RSI14", "MACD", "MACD_sig", "MACD_hist", "BB_width", "BB_pos", "ATR14", "ret_1d", "ret_5d", "vol_10d", "vol_ratio", "obv_trend", "spy_ret_1d", "vix_level", "vix_change", "vix_regime", "asset_class", "ret_1m", "ret_3m", "ret_6m", "ret_12m", "high52w_dist", "low52w_dist", "day_of_week", "month", "is_options_expiry", "btc_ret_1d", "gold_ret_1d", "corr_spy_20d", "vwap_dist"]}