{"center": [0.007743247708775202, 0.020844406732124583, 1.0, 54.06975622324806, 0.08472555494053857, 0.0828817394005969, 0.004865958899573752, 0.11446527244670571, 0.5891722960756105, 0.2762646099960744, 0.0, 0.0, 0.017022290575709156, 0.9550337085867363, 0.9745840838876325, 0.000984473178775147, 17.68000030517578, -0.005579556721748813, 1.0, 0.0, 0.019019043707780403, 0.06210401225974027, 0.06270162269828261, 0.15043468442157137, -0.17373856616164582, 0.3412211361225409, 2.0, 6.0, 0.0, 0.00029724205673309356, 0.0015753722020723782, 0.4459187655457643, 0.007904048016458286], "scale": [0.05316753655677385, 0.061456461039615884, 1.0, 20.648347771991006, 0.20769408160765224, 0.17884451109907587, 0.08666110095522687, 0.0678781419359293, 0.4904192711967967, 0.09678673678097524, 0.022975823424985053, 0.04895790572840497, 0.007817561664713955, 0.4130519938139302, 0.5121374782437198, 0.009339690993108163, 4.130001068115234, 0.08244445462725725, 1.0, 1.0, 0.0970895469426235, 0.17394402792480457, 0.23868517026063785, 0.34570917843626825, 0.18371082505688138, 0.3536034910036603, 2.0, 7.0, 1.0, 0.029601522932119262, 0.015676586982172003, 0.261039911058455, 0.053852566043816816], "features": ["SMA20_dist", "SMA50_dist", "sma_cross", "RSI14", "MACD", "MACD_sig", "MACD_hist", "BB_width", "BB_pos", "ATR14", "ret_1d", "ret_5d", "vol_10d", "vol_ratio", "obv_trend", "spy_ret_1d", "vix_level", "vix_change", "vix_regime", "asset_class", "ret_1m", "ret_3m", "ret_6m", "ret_12m", "high52w_dist", "low52w_dist", "day_of_week", "month", "is_options_expiry", "btc_ret_1d", "gold_ret_1d", "corr_spy_20d", "vwap_dist"]}