{"center": [0.00393524054978806, 0.010279349140410867, 1.0, 52.24777969792834, 0.6941054177839874, 0.4890978431784687, -0.050352520025176345, 0.07157506430608164, 0.5681961933470058, 2.5871440393064455, -0.0004863052956233793, 0.0, 0.009999754215205613, 0.8602341475119134, 0.9823083577447566, 0.0009270047767506728, 17.339999198913574, -0.0048289091912665505, 1.0, 0.0, 0.006336198824574701, 0.0251187867962942, 0.031244751191154996, 0.0, -0.0507824885732898, 0.2058204707067014, 2.0, 6.0, 0.0, 0.0007781713812019531, 0.001674234105256911, 0.6687538289675401, 0.0041669703194202184], "scale": [0.03428133631771832, 0.04810377678117533, 1.0, 20.57863270935937, 2.979114687027298, 2.2993440595852754, 0.897504482837673, 0.039396596705688576, 0.497188305933473, 1.096558757607983, 0.01417709656017721, 0.031084163161871903, 0.003554409142789228, 0.4905127553514186, 0.23714516946093667, 0.008539240052849534, 3.8374998569488525, 0.07250610972381463, 1.0, 1.0, 0.07400963010752962, 0.09304944014051392, 0.10180587305772926, 0.1584553906247474, 0.05573799079419296, 0.17119474566610696, 2.0, 7.0, 1.0, 0.027522213685918118, 0.014883681173620517, 0.23975357723340818, 0.03427252450066787], "features": ["SMA20_dist", "SMA50_dist", "sma_cross", "RSI14", "MACD", "MACD_sig", "MACD_hist", "BB_width", "BB_pos", "ATR14", "ret_1d", "ret_5d", "vol_10d", "vol_ratio", "obv_trend", "spy_ret_1d", "vix_level", "vix_change", "vix_regime", "asset_class", "ret_1m", "ret_3m", "ret_6m", "ret_12m", "high52w_dist", "low52w_dist", "day_of_week", "month", "is_options_expiry", "btc_ret_1d", "gold_ret_1d", "corr_spy_20d", "vwap_dist"]}