{"center": [3.99067310625152e-05, 0.004823062267045454, 1.0, 49.255186331645604, 0.05064480989099174, 0.05193441436798489, -0.02143384688412421, 0.0673117435889945, 0.5006657286924301, 0.4182548189909968, -0.00015727556098482642, 0.0006588564650404916, 0.009809372192331436, 0.766043233753445, 1.007487170922105, 0.0004519730185001958, 17.5, -0.004622023407450215, 1.0, 0.0, 0.0032209399746153666, 0.004847199290355042, 0.010566584747902175, 0.0, -0.05531681984801742, 0.16998003443310053, 2.0, 6.0, 0.0, -0.0008240985185906102, 0.002040198898185297, 0.544716604811661, 0.001177186270914337], "scale": [0.0353937537693673, 0.06310964189074206, 1.0, 22.634952980737303, 0.5225289304743281, 0.4996644496985033, 0.15397359268130403, 0.045338718233201805, 0.5343675657995637, 0.167454228652603, 0.012521359833317286, 0.035883522062937684, 0.0046252006349800385, 0.6003698031239665, 0.12290591604743029, 0.010007367007524026, 4.039999961853027, 0.08231854126620125, 1.0, 1.0, 0.06474747870017836, 0.09909220450457087, 0.09006315525044303, 0.07423009572945105, 0.05322548278451389, 0.09746073391999802, 2.0, 7.0, 1.0, 0.028206160665259328, 0.015619857071718896, 0.3707924707662426, 0.037118446101729416], "features": ["SMA20_dist", "SMA50_dist", "sma_cross", "RSI14", "MACD", "MACD_sig", "MACD_hist", "BB_width", "BB_pos", "ATR14", "ret_1d", "ret_5d", "vol_10d", "vol_ratio", "obv_trend", "spy_ret_1d", "vix_level", "vix_change", "vix_regime", "asset_class", "ret_1m", "ret_3m", "ret_6m", "ret_12m", "high52w_dist", "low52w_dist", "day_of_week", "month", "is_options_expiry", "btc_ret_1d", "gold_ret_1d", "corr_spy_20d", "vwap_dist"]}