{"center": [0.001797982539236729, 0.004921626166474239, 1.0, 63.15785594244774, 0.03387087457582538, 0.03473738688921052, 0.00042503604992610855, 0.008000265732813625, 0.7551720896946194, 0.03562844174931205, 0.00019143793821330135, 0.0009597597367929644, 0.0009722544054121176, 0.6231355651309247, 1.046180838398396, 0.0014768156945352828, 17.479999542236328, -0.008114863341212808, 1.0, 0.0, 0.004131658014276951, 0.012329083828455989, 0.02277744426364814, 0.04164417177914115, -0.0011933433344331564, 0.05166902407086, 2.0, 6.0, 0.0, -0.00022924323774897726, 0.0010471549570203464, -0.02652018872439779, 0.001937573716722745], "scale": [0.0034233021749297465, 0.005598720375797, 1.0, 20.70863110312309, 0.04119773102067725, 0.04049444799349433, 0.010297240275054142, 0.004972166977723612, 0.3584942016655309, 0.009655139787644595, 0.0013414951478951664, 0.003059669160022316, 0.0004178718558097542, 0.7235906030525789, 0.21430665779987157, 0.009274880154474974, 4.244999885559082, 0.08576549085836632, 1.0, 1.0, 0.006723597657867786, 0.01049285781500131, 0.01597715293873958, 0.05855051491223595, 0.0031610274712952783, 0.023975173728451607, 2.0, 7.0, 1.0, 0.02585047992251044, 0.014803061122729444, 0.4372738958953946, 0.0037492016638874808], "features": ["SMA20_dist", "SMA50_dist", "sma_cross", "RSI14", "MACD", "MACD_sig", "MACD_hist", "BB_width", "BB_pos", "ATR14", "ret_1d", "ret_5d", "vol_10d", "vol_ratio", "obv_trend", "spy_ret_1d", "vix_level", "vix_change", "vix_regime", "asset_class", "ret_1m", "ret_3m", "ret_6m", "ret_12m", "high52w_dist", "low52w_dist", "day_of_week", "month", "is_options_expiry", "btc_ret_1d", "gold_ret_1d", "corr_spy_20d", "vwap_dist"]}