{"center": [0.011231128611888389, 0.030480457781553873, 1.0, 57.17704884119509, 0.4243504524889872, 0.42334187475081436, -0.005229509442560398, 0.06306716369659054, 0.680392518532654, 0.5462861811326459, 0.0006795886689667796, 0.005854172394861301, 0.010879323101519118, 0.5357142857142857, 1.0081556707126214, 0.0005685229860479257, 17.3799991607666, -0.005681812794001595, 1.0, 0.0, 0.025331786095145192, 0.07515260441547467, 0.14500935469812415, 0.20703053822473505, -0.025145055620754225, 0.3243158057569377, 2.0, 6.0, 0.0, -0.00151319093281288, 0.0019404068737312041, 0.684264670767896, 0.010476181740678749], "scale": [0.02739369603504636, 0.03677031189481724, 1.0, 16.26964953760553, 0.535032119458581, 0.5316527822870148, 0.16328058048342065, 0.042363252237889504, 0.3556660237776094, 0.26158193509273175, 0.013570436381385664, 0.030711058659500856, 0.005777362797771836, 0.7464900403511895, 0.18349661725271138, 0.008330034734312708, 4.454999923706055, 0.0834608906869424, 1.0, 1.0, 0.04450719044235085, 0.09723930875533304, 0.19593306299244673, 0.3603288420865117, 0.04497454976443713, 0.314819300814272, 2.0, 7.0, 1.0, 0.026213680993946997, 0.015667337927373848, 0.22075373417520816, 0.025872301222815603], "features": ["SMA20_dist", "SMA50_dist", "sma_cross", "RSI14", "MACD", "MACD_sig", "MACD_hist", "BB_width", "BB_pos", "ATR14", "ret_1d", "ret_5d", "vol_10d", "vol_ratio", "obv_trend", "spy_ret_1d", "vix_level", "vix_change", "vix_regime", "asset_class", "ret_1m", "ret_3m", "ret_6m", "ret_12m", "high52w_dist", "low52w_dist", "day_of_week", "month", "is_options_expiry", "btc_ret_1d", "gold_ret_1d", "corr_spy_20d", "vwap_dist"]}