{"center": [0.0018027034189112428, 0.006616874922455046, 1.0, 50.47932104251011, 0.10675961215003582, 0.11177239637771963, 0.006741702573296135, 0.060082159433123755, 0.5430197409799735, 0.5148124118051681, 7.60854300378977e-05, 0.0015825775761937333, 0.010110322500920045, 0.7226870997612617, 1.0120969559039277, 0.0009008441539046785, 17.494999885559082, -0.0048289091912665505, 1.0, 0.0, 0.0052992254413520845, 0.010845678646832169, 0.022133462917963698, 0.0, -0.09198338858267774, 0.17557738838403947, 2.0, 6.0, 0.0, -0.0015742310644737412, 0.001788531730296361, 0.41104008499772077, 0.002200265079908804], "scale": [0.03227432238045051, 0.041299637405268375, 1.0, 18.97474670235706, 0.47242404529306015, 0.4285880050898578, 0.15515384726832834, 0.04488926203591439, 0.5175588613530129, 0.1274292697725964, 0.014603012547415861, 0.030991066605503242, 0.0036671053573205624, 0.621517667528935, 0.07643468273363363, 0.00895560666979106, 4.17000150680542, 0.07969311531035389, 1.0, 1.0, 0.06187746714005102, 0.056457978497820305, 0.07304303194439543, 0.10260113114065594, 0.10909917883678082, 0.1199785537684545, 2.0, 7.0, 1.0, 0.02914940447021691, 0.015296132008292218, 0.3868333270339132, 0.03240856663163062], "features": ["SMA20_dist", "SMA50_dist", "sma_cross", "RSI14", "MACD", "MACD_sig", "MACD_hist", "BB_width", "BB_pos", "ATR14", "ret_1d", "ret_5d", "vol_10d", "vol_ratio", "obv_trend", "spy_ret_1d", "vix_level", "vix_change", "vix_regime", "asset_class", "ret_1m", "ret_3m", "ret_6m", "ret_12m", "high52w_dist", "low52w_dist", "day_of_week", "month", "is_options_expiry", "btc_ret_1d", "gold_ret_1d", "corr_spy_20d", "vwap_dist"]}