{"center": [0.0013810374618335333, 0.0007592018153150073, 0.0, 50.31484641217544, -0.10050592486913956, -0.2331358788122439, 0.008186576767812433, 0.12028039644366835, 0.5089210239871658, 1.9670973691882987, 0.0005234608987612077, 0.0009540625035592276, 0.01730509000198544, 0.9249346036737871, 1.0065263118478613, 0.0018645536897649029, 17.515000343322754, -0.01068564452343096, 1.0, 0.0, 0.005407011709321674, -0.012859554992274702, 0.0033025510482853626, 0.0, -0.1381472514888552, 0.2656487036983618, 2.0, 6.0, 0.0, -0.0003184371753567339, 0.002023732545861412, 0.21044773610722867, 0.0028330560051198963], "scale": [0.06713692116068436, 0.10159523676539076, 1.0, 29.434605221642407, 2.069916768209872, 1.9190053855533664, 0.8197573606465705, 0.0931773632983117, 0.5717852477676609, 0.45644880922483155, 0.022510404252332833, 0.05729009532615492, 0.008825288169172026, 0.46616507522087836, 0.4038410866928579, 0.00872363384780081, 4.114999771118164, 0.08105056489010734, 1.0, 1.0, 0.13062520394277422, 0.17944106328421805, 0.1544787907013281, 0.15073599390719922, 0.11034704459079145, 0.2750639540735017, 2.0, 6.0, 1.0, 0.028080247446986728, 0.016333462071116384, 0.3657791920971163, 0.06805466185821617], "features": ["SMA20_dist", "SMA50_dist", "sma_cross", "RSI14", "MACD", "MACD_sig", "MACD_hist", "BB_width", "BB_pos", "ATR14", "ret_1d", "ret_5d", "vol_10d", "vol_ratio", "obv_trend", "spy_ret_1d", "vix_level", "vix_change", "vix_regime", "asset_class", "ret_1m", "ret_3m", "ret_6m", "ret_12m", "high52w_dist", "low52w_dist", "day_of_week", "month", "is_options_expiry", "btc_ret_1d", "gold_ret_1d", "corr_spy_20d", "vwap_dist"]}