{"center": [-0.003845200837438548, -0.008440472665814873, 0.0, 45.65659508126858, -0.10994572550989545, -0.10534121992109013, -0.024483947840085035, 0.0581784301022811, 0.4154499593966512, 0.4642857142857143, -0.0005618463134238194, -0.004001506979885661, 0.007546798875757485, 0.9625453127818412, 0.9610487212739552, 0.001151824796685963, 17.3799991607666, -0.006733946910202238, 1.0, 0.0, -0.006081332218163871, -0.027430513463660433, -0.007751974552913654, 0.0, -0.08855471736834962, 0.08718632890384981, 2.0, 6.0, 0.0, 0.00018283765004545316, 0.002012776164397767, 0.4748023819537603, -0.0035330267270908835], "scale": [0.03024722235873167, 0.045056471470362756, 1.0, 25.53799639242287, 0.6998117873031049, 0.6500395152093303, 0.21998642079184522, 0.02968604616054596, 0.5399522243664223, 0.1535718100411551, 0.010943603854634998, 0.024724041700744492, 0.002946883778442758, 0.4609717190984881, 0.6766906149760251, 0.008910698608710743, 3.909998893737793, 0.07878961359735326, 1.0, 1.0, 0.052580975863988466, 0.07819523051348387, 0.09173330877356478, 0.03650922885621044, 0.06363342426496194, 0.09393301120156342, 2.0, 7.0, 1.0, 0.027781447602935327, 0.015155686822539094, 0.3525485611786696, 0.029597275186792997], "features": ["SMA20_dist", "SMA50_dist", "sma_cross", "RSI14", "MACD", "MACD_sig", "MACD_hist", "BB_width", "BB_pos", "ATR14", "ret_1d", "ret_5d", "vol_10d", "vol_ratio", "obv_trend", "spy_ret_1d", "vix_level", "vix_change", "vix_regime", "asset_class", "ret_1m", "ret_3m", "ret_6m", "ret_12m", "high52w_dist", "low52w_dist", "day_of_week", "month", "is_options_expiry", "btc_ret_1d", "gold_ret_1d", "corr_spy_20d", "vwap_dist"]}