{"center": [0.008918737854515552, 0.02065163331454308, 1.0, 59.36185641769398, 1.144544008750529, 1.088978224384424, 0.03774789190638406, 0.04428506928135047, 0.725741292199408, 1.7266682751751574, 4.893510853465344e-05, 0.0035490769361294916, 0.006544148657901842, 0.9843359683710721, 0.9713837642916572, 0.0005685229860479257, 17.479999542236328, -0.006733946910202238, 1.0, 0.0, 0.021922683913874197, 0.04175087814270473, 0.060579498695504164, 0.0742725054534279, -0.013562497981378253, 0.15794187824402414, 2.0, 6.0, 0.0, -0.0008217291810309613, 0.0020813110966888537, 0.7812119255496655, 0.009651065107366425], "scale": [0.020332259268226474, 0.02837781854886131, 1.0, 18.401348465807423, 1.336776173832078, 1.1878658283418906, 0.4470547681110597, 0.02482379846812407, 0.44476087823124866, 0.4920053268446096, 0.009646623157347212, 0.019931044053667746, 0.002617996908519905, 0.3664969839200496, 0.8247572284359216, 0.009286777183141859, 4.350000381469727, 0.08432878084977824, 1.0, 1.0, 0.040008063786991066, 0.0610501375635899, 0.11340899288126516, 0.14378092275424836, 0.03220171404304104, 0.15390222183736496, 2.0, 7.0, 1.0, 0.027011997629655005, 0.014731109187083535, 0.16314276997865373, 0.019931654483507675], "features": ["SMA20_dist", "SMA50_dist", "sma_cross", "RSI14", "MACD", "MACD_sig", "MACD_hist", "BB_width", "BB_pos", "ATR14", "ret_1d", "ret_5d", "vol_10d", "vol_ratio", "obv_trend", "spy_ret_1d", "vix_level", "vix_change", "vix_regime", "asset_class", "ret_1m", "ret_3m", "ret_6m", "ret_12m", "high52w_dist", "low52w_dist", "day_of_week", "month", "is_options_expiry", "btc_ret_1d", "gold_ret_1d", "corr_spy_20d", "vwap_dist"]}