{"center": [0.004179510577444893, 0.004015101761176467, 0.0, 50.5931621033844, 0.08139145344971865, 0.046982966259628986, 0.026640578504085466, 0.1354931642987382, 0.5419579370417842, 3.00816722822721, -0.0006426591126885151, 0.004012666719498625, 0.020881100149074263, 0.8980412862227689, 0.9340507921041269, 0.0019037849062901735, 17.3799991607666, -0.008142008332229278, 1.0, 0.0, -0.00035288854379045276, 0.0032997001217190958, 0.014992789923809147, 0.11172858735831381, -0.1405203169747255, 0.38584678585457294, 2.0, 6.0, 0.0, -0.00012449287320548397, 0.0019393580660813647, 0.38288068192320823, 0.005985339749004316], "scale": [0.07749831139901903, 0.11180109808441752, 1.0, 25.72574213972888, 2.7306353456425434, 2.586524843568245, 1.201861629627106, 0.09387309749041599, 0.5652024397224424, 0.9041586554659791, 0.02437779536151738, 0.061437515049692276, 0.010747252281062238, 0.45299903594487245, 0.6170477031012479, 0.008692748563428249, 3.8749990463256836, 0.08088312038559042, 1.0, 1.0, 0.13715356423874417, 0.21775362118885982, 0.31879935753855454, 0.3498739901697954, 0.13853404843231829, 0.4916538224616618, 2.0, 6.0, 1.0, 0.026047736067151328, 0.016007722814863373, 0.4111624998900126, 0.07697855319328265], "features": ["SMA20_dist", "SMA50_dist", "sma_cross", "RSI14", "MACD", "MACD_sig", "MACD_hist", "BB_width", "BB_pos", "ATR14", "ret_1d", "ret_5d", "vol_10d", "vol_ratio", "obv_trend", "spy_ret_1d", "vix_level", "vix_change", "vix_regime", "asset_class", "ret_1m", "ret_3m", "ret_6m", "ret_12m", "high52w_dist", "low52w_dist", "day_of_week", "month", "is_options_expiry", "btc_ret_1d", "gold_ret_1d", "corr_spy_20d", "vwap_dist"]}