{"center": [0.025448560682113347, 0.05635142474259336, 1.0, 56.35286430994439, 0.3962817030549548, 0.3431117344880039, -0.006423062365262355, 0.2121714433700962, 0.6429756778162243, 1.0517033734443642, 0.0032467537014455594, 0.01102963210657204, 0.028344068773063794, 0.8989123571153952, 1.0548342813406852, 0.0015820875170394766, 17.420000076293945, -0.006606896521132111, 1.0, 0.0, 0.05250265590568148, 0.11979818072032622, 0.3151669637656257, 0.4404647688712928, -0.08044215665998922, 0.6483817510218601, 2.0, 6.0, 0.0, -0.0003184371753567339, 0.0013589232588366862, 0.2721305308997929, 0.024503523482011694], "scale": [0.08715184119694291, 0.13613187267699592, 1.0, 22.19080933002227, 1.2038537011213144, 1.076140238095894, 0.4019923403432626, 0.12393137467406526, 0.447701074421463, 1.361841366571079, 0.034935841206173324, 0.07408115606053539, 0.012007479207780693, 0.4842376549200291, 0.2628619369232402, 0.008768820397661886, 3.760000228881836, 0.0736669945958619, 1.0, 1.0, 0.16379737494782232, 0.2677226984071909, 0.46276478674709104, 0.9692134774770084, 0.1403091160392693, 0.9334092696710938, 2.0, 6.0, 1.0, 0.026171763534180936, 0.015333155091318024, 0.5190123135374025, 0.08450532243223842], "features": ["SMA20_dist", "SMA50_dist", "sma_cross", "RSI14", "MACD", "MACD_sig", "MACD_hist", "BB_width", "BB_pos", "ATR14", "ret_1d", "ret_5d", "vol_10d", "vol_ratio", "obv_trend", "spy_ret_1d", "vix_level", "vix_change", "vix_regime", "asset_class", "ret_1m", "ret_3m", "ret_6m", "ret_12m", "high52w_dist", "low52w_dist", "day_of_week", "month", "is_options_expiry", "btc_ret_1d", "gold_ret_1d", "corr_spy_20d", "vwap_dist"]}