{"center": [0.00836816621741224, 0.022281006823072137, 1.0, 58.5976270312097, 0.8843931417385562, 0.8495793938432451, 0.013743479724119378, 0.047087964805573534, 0.7030512066164396, 1.3307485925137306, 0.000724035720354177, 0.003985260057295159, 0.0067168291318211665, 0.001151711603039951, 17.520000457763672, -0.006733946910202238], "scale": [0.020097215945853147, 0.027551171030704064, 1.0, 19.094252067496186, 1.0162258600979257, 0.9154870002284194, 0.3514971040155035, 0.031323610644006336, 0.4038346268752464, 0.4718958377277578, 0.009051368205998445, 0.020780704628764357, 0.0030883338460996404, 0.009221946869500508, 4.375, 0.0823618654946916], "features": ["SMA20_dist", "SMA50_dist", "sma_cross", "RSI14", "MACD", "MACD_sig", "MACD_hist", "BB_width", "BB_pos", "ATR14", "ret_1d", "ret_5d", "vol_10d", "spy_ret_1d", "vix_level", "vix_change"]}