{"center": [0.0022017257646867287, 0.0036438925286577076, 1.0, 51.66959365488128, 0.03922707460727537, 0.03496130604322626, -0.003536402758704038, 0.07540472399007007, 0.5345032545421688, 0.5754929720170477, 6.445852756176151e-05, -0.0018427798607880685, 0.011812624465442902, 0.8024691358024691, 0.9974323523602607, 0.001151824796685963, 17.440000534057617, -0.006586862594382348, 1.0, 0.0, 0.0018774811729813656, -0.009920151892503393, 0.0, 0.0, -0.09781993925272789, 0.12109195622960262, 2.0, 6.0, 0.0, -0.0003109860024155253, 0.0019715725978484144, 0.5083364735522441, 0.0003227087838307488], "scale": [0.03750912109873861, 0.04671398398262292, 1.0, 24.31748446562373, 0.6507544047279161, 0.6257508432873273, 0.2331153909896469, 0.03467319694880912, 0.5150748819390967, 0.1184934143570171, 0.015104150605857958, 0.03780876582793169, 0.0040213640654463405, 0.7435042888874106, 0.20586653565617585, 0.008623276447216277, 4.089999198913574, 0.08030994777391343, 1.0, 1.0, 0.06827815327784525, 0.11552328411860946, 0.08519578585891818, 0.0326855420872918, 0.07498328887013732, 0.09612352748172351, 2.0, 7.0, 1.0, 0.02826591054649008, 0.015293992427052816, 0.33697015672596664, 0.03997031835205905], "features": ["SMA20_dist", "SMA50_dist", "sma_cross", "RSI14", "MACD", "MACD_sig", "MACD_hist", "BB_width", "BB_pos", "ATR14", "ret_1d", "ret_5d", "vol_10d", "vol_ratio", "obv_trend", "spy_ret_1d", "vix_level", "vix_change", "vix_regime", "asset_class", "ret_1m", "ret_3m", "ret_6m", "ret_12m", "high52w_dist", "low52w_dist", "day_of_week", "month", "is_options_expiry", "btc_ret_1d", "gold_ret_1d", "corr_spy_20d", "vwap_dist"]}