{"center": [0.008601489011957848, 0.021948764479071015, 1.0, 57.085994533122914, 0.33813609139539125, 0.3655277210107216, 0.008326253031472428, 0.05963039836177213, 0.6594516291427075, 0.6662070144002266, 0.0004181870860527903, 0.003574178542730233, 0.009254085561733783, 0.7655724158452788, 1.0007210872843628, 0.0005644537038635988, 17.440000534057617, -0.0048289091912665505, 1.0, 0.0, 0.02095025286527452, 0.05887999226261276, 0.09330163963491467, 0.08915142080744842, -0.020755219771965393, 0.2590146186810258, 2.0, 6.0, 0.0, -0.00032262427558105156, 0.0005617878048775893, 0.6936469604093569, 0.008295114686361769], "scale": [0.028854343803799483, 0.04370140288010592, 1.0, 19.53540176196367, 0.6128830959192832, 0.5659051881962828, 0.21609002162068933, 0.04391229724242305, 0.4505296830999649, 0.2194027800945454, 0.013119210266045456, 0.027371899223112395, 0.0030885858860314674, 0.4438547574078803, 0.1384898693348141, 0.00901783471195819, 4.0450005531311035, 0.07712634515076117, 1.0, 1.0, 0.05287851092725024, 0.0802473787341742, 0.14199484261619638, 0.22514038525291635, 0.04956168813172257, 0.1587949555862667, 2.0, 7.0, 1.0, 0.02756748074581228, 0.015091083056987892, 0.22463283975742765, 0.0285076811349474], "features": ["SMA20_dist", "SMA50_dist", "sma_cross", "RSI14", "MACD", "MACD_sig", "MACD_hist", "BB_width", "BB_pos", "ATR14", "ret_1d", "ret_5d", "vol_10d", "vol_ratio", "obv_trend", "spy_ret_1d", "vix_level", "vix_change", "vix_regime", "asset_class", "ret_1m", "ret_3m", "ret_6m", "ret_12m", "high52w_dist", "low52w_dist", "day_of_week", "month", "is_options_expiry", "btc_ret_1d", "gold_ret_1d", "corr_spy_20d", "vwap_dist"]}