{"center": [0.018762232698223996, 0.04815337589969624, 1.0, 56.53579718777178, 2.439510235553996, 2.557082032485786, -0.1210643066769137, 0.14343954058051797, 0.6416646723702754, 6.5868659525847955, 0.0010237502171726032, 0.004374503029404009, 0.020385798502981337, 0.9086695785289945, 1.0273870382430876, 0.0011517326256851312, 17.440000534057617, -0.005211721284556381, 1.0, 0.0, 0.04507692337528102, 0.1320616084037456, 0.07209040104692144, 0.058124754823753344, -0.08967046240643797, 0.6114264405892335, 2.0, 6.0, 0.0, 0.0008014800420892421, 0.0019715725978484144, 0.4851459369301595, 0.019983982705137803], "scale": [0.06313953433596572, 0.11825716677008957, 1.0, 24.672462667341264, 5.148014501872922, 5.096739800244302, 1.9325336500410297, 0.14473966856663464, 0.4667482956623906, 4.227768850195458, 0.029156868826207494, 0.05893133444450216, 0.013416960258175722, 0.445363300106704, 0.26995694202575105, 0.009304062528821766, 3.6700000762939453, 0.08059952424315042, 1.0, 1.0, 0.11877111382581007, 0.2932912145130645, 0.3489563468751413, 0.48148773913110254, 0.16387807395277765, 0.2030055526021658, 2.0, 7.0, 1.0, 0.026575288481985093, 0.01576817875443348, 0.33257235320554696, 0.06318442293470697], "features": ["SMA20_dist", "SMA50_dist", "sma_cross", "RSI14", "MACD", "MACD_sig", "MACD_hist", "BB_width", "BB_pos", "ATR14", "ret_1d", "ret_5d", "vol_10d", "vol_ratio", "obv_trend", "spy_ret_1d", "vix_level", "vix_change", "vix_regime", "asset_class", "ret_1m", "ret_3m", "ret_6m", "ret_12m", "high52w_dist", "low52w_dist", "day_of_week", "month", "is_options_expiry", "btc_ret_1d", "gold_ret_1d", "corr_spy_20d", "vwap_dist"]}