{"center": [0.004005128056776523, -0.010120585146773883, 0.0, 49.46031189909061, -1.7559137755337133, -2.2256377679269086, -0.07170274415143307, 0.10406112556561226, 0.5366502235911562, 9.951128046533443, 0.00038751880198018007, 0.005601140564520435, 0.013288497827926446, 0.8784182103745778, 1.0161676663275536, 0.0005046930393417526, 17.399999618530273, -0.002873519434293592, 1.0, 0.0, -0.006027058013606479, -7.486481621743479e-05, 0.0022435996760619137, 0.0, -0.18978844265123562, 0.16315691595565837, 2.0, 6.0, 0.0, -0.001682150134457161, 0.0020187288833615202, 0.1122896781679778, 0.00697449653164367], "scale": [0.05711487784981212, 0.0949899390018494, 1.0, 29.85905169005408, 12.4335515066075, 12.031909053926956, 3.581469137016679, 0.045538338664432895, 0.5500492279482969, 4.349887366272753, 0.0162766225242712, 0.04472850424667585, 0.008428482920229458, 0.4031020876185001, 0.4536285541963567, 0.008938228502044843, 3.8000011444091797, 0.07495047863657878, 1.0, 1.0, 0.1282460174493858, 0.18486831810225923, 0.15693895719664586, 0.12328638851314921, 0.1354219445348015, 0.19309634149033145, 2.0, 7.0, 1.0, 0.02732187685422882, 0.015248458657126873, 0.3440993063346612, 0.05935173081954917], "features": ["SMA20_dist", "SMA50_dist", "sma_cross", "RSI14", "MACD", "MACD_sig", "MACD_hist", "BB_width", "BB_pos", "ATR14", "ret_1d", "ret_5d", "vol_10d", "vol_ratio", "obv_trend", "spy_ret_1d", "vix_level", "vix_change", "vix_regime", "asset_class", "ret_1m", "ret_3m", "ret_6m", "ret_12m", "high52w_dist", "low52w_dist", "day_of_week", "month", "is_options_expiry", "btc_ret_1d", "gold_ret_1d", "corr_spy_20d", "vwap_dist"]}