{"center": [0.010730093280477977, 0.030202544501478034, 1.0, 56.14014761042629, 2.483376994917421, 2.3135736153819138, -0.03370842655217965, 0.07234349240443363, 0.6704468831036283, 4.745437119455297, 0.0015433753018521124, 0.003902983143563521, 0.01114442088734239, 0.9396149895978722, 0.9773167953108699, 0.0004857686482722112, 17.280000686645508, -0.005211721284556381, 1.0, 0.0, 0.022490669851540135, 0.06382071075745621, 0.06317856740241012, 0.03166187530375053, -0.03215114687657691, 0.2944334887933239, 2.0, 6.0, 0.0, -0.00151319093281288, 0.0016294519610446923, 0.8637037567851761, 0.011662893562410839], "scale": [0.03056525617167511, 0.04722964160556641, 1.0, 18.713602987574163, 3.399065613400296, 3.2155435232264074, 1.1378046583038262, 0.04572988303673993, 0.43486734416402684, 2.395801927665222, 0.015901025028209115, 0.03211530647076044, 0.005390013227977056, 0.422225463091465, 0.4095053433118915, 0.008951652291788625, 3.6099987030029297, 0.07841005815075708, 1.0, 1.0, 0.06071898122227137, 0.09025497480734934, 0.1393424385090256, 0.15277429465729853, 0.05720645730457698, 0.17738427950998922, 2.0, 7.0, 1.0, 0.027682640873921804, 0.014034414437975484, 0.09018611089602169, 0.030179044255696473], "features": ["SMA20_dist", "SMA50_dist", "sma_cross", "RSI14", "MACD", "MACD_sig", "MACD_hist", "BB_width", "BB_pos", "ATR14", "ret_1d", "ret_5d", "vol_10d", "vol_ratio", "obv_trend", "spy_ret_1d", "vix_level", "vix_change", "vix_regime", "asset_class", "ret_1m", "ret_3m", "ret_6m", "ret_12m", "high52w_dist", "low52w_dist", "day_of_week", "month", "is_options_expiry", "btc_ret_1d", "gold_ret_1d", "corr_spy_20d", "vwap_dist"]}