{"center": [0.007614277284961651, 0.022876160611134583, 1.0, 56.3032621326988, 0.14915724064052327, 0.14855622966699325, 0.00012456945388344964, 0.05807363022798379, 0.6595898529529197, 0.22687420044347992, 0.0008431462110241039, 0.004105964899060011, 0.007771116922534431, 0.43283188176299814, 1.0178054997770978, 0.0005603844216792719, 17.520000457763672, -0.005579556721748813, 1.0, 0.0, 0.019175373513409033, 0.0530469691249742, 0.1070936858970688, 0.1607841475283105, -0.022041289043042585, 0.25284969916008865, 2.0, 6.0, 0.0, -1.9742508661990676e-05, 0.0020187288833615202, 0.44748977101377374, 0.005609857460062076], "scale": [0.030331631583925538, 0.041166152895894516, 1.0, 22.849336298816958, 0.24795526770188303, 0.23145121107722857, 0.08726455841715006, 0.04065742174057298, 0.48379110464472613, 0.1110457565554567, 0.010769964502051477, 0.02765482915098716, 0.004502043760497829, 0.630380675387837, 0.18140121812889565, 0.008776594837832441, 4.129999160766602, 0.08222667877972767, 1.0, 1.0, 0.05802122935484799, 0.0807918826247076, 0.16635252970295045, 0.25534567211956993, 0.05947638536815326, 0.24607897612201984, 2.0, 7.0, 1.0, 0.028353346679886093, 0.015568361248191498, 0.3061679989265119, 0.031158181091488102], "features": ["SMA20_dist", "SMA50_dist", "sma_cross", "RSI14", "MACD", "MACD_sig", "MACD_hist", "BB_width", "BB_pos", "ATR14", "ret_1d", "ret_5d", "vol_10d", "vol_ratio", "obv_trend", "spy_ret_1d", "vix_level", "vix_change", "vix_regime", "asset_class", "ret_1m", "ret_3m", "ret_6m", "ret_12m", "high52w_dist", "low52w_dist", "day_of_week", "month", "is_options_expiry", "btc_ret_1d", "gold_ret_1d", "corr_spy_20d", "vwap_dist"]}