{"center": [-0.00025443230642780177, 0.011705715472538115, 1.0, 50.81410016338656, 0.07810401956758817, -0.0203203536924879, 0.041154417114165565, 0.1871451019255484, 0.49846205356452733, 1.4150355884007044, 0.00012730228439850055, -0.0021403692104407512, 0.02565103523575548, 0.9321427176681132, 1.0298803597292692, 0.001263940999660429, 17.414999961853027, -0.006606896521132111, 1.0, 0.0, 0.02040139264947094, -0.013464663041888925, -0.023462341235015283, 0.0, -0.3087493134935801, 0.2456083876225591, 2.0, 6.0, 0.0, -0.0016413950679323164, 0.001423505566895189, 0.3746812804761277, -0.0016445243126432644], "scale": [0.09401633539610246, 0.15200711028441594, 1.0, 26.608641959674245, 1.6926156409508692, 1.6100885176984576, 0.4841211738387227, 0.148669227075302, 0.5264521182148695, 0.2753210748944963, 0.03352037250469647, 0.07469383339635408, 0.014520440110535101, 0.40603823884363854, 0.6014980957379351, 0.008930465105241286, 3.7699990272521973, 0.07852890135289342, 1.0, 1.0, 0.19774430820094185, 0.30265817937375195, 0.20886349038775337, 0.2332046012944681, 0.2983815391807802, 0.24927529632945786, 2.0, 7.0, 1.0, 0.027840723947509055, 0.014897615302909395, 0.33049372400583477, 0.0946092015668088], "features": ["SMA20_dist", "SMA50_dist", "sma_cross", "RSI14", "MACD", "MACD_sig", "MACD_hist", "BB_width", "BB_pos", "ATR14", "ret_1d", "ret_5d", "vol_10d", "vol_ratio", "obv_trend", "spy_ret_1d", "vix_level", "vix_change", "vix_regime", "asset_class", "ret_1m", "ret_3m", "ret_6m", "ret_12m", "high52w_dist", "low52w_dist", "day_of_week", "month", "is_options_expiry", "btc_ret_1d", "gold_ret_1d", "corr_spy_20d", "vwap_dist"]}