{"center": [0.0205687635585475, 0.03317059877018995, 1.0, 52.885421239573766, 0.6932528995409228, 0.5612813007137111, 0.1531883188941383, 0.26973071077768, 0.5692804969102478, 6.97756693743002, 0.0018958376507909325, 0.0077409632354874525, 0.045599787435420785, 0.887579657905839, 1.0168218158705673, 0.000984565078659072, 17.3799991607666, -0.00790227414327227, 1.0, 0.0, 0.03189741326808826, 0.036459835908780214, 0.0, 0.0, -0.23939782798006412, 0.8160817547306883, 2.0, 6.0, 0.0, -0.00022924323774897726, 0.0019763991077348386, 0.5929420400064475, 0.02708603861473299], "scale": [0.14213291233902947, 0.26617306133112195, 1.0, 20.127207984685953, 6.4909799537309, 6.639507135465388, 1.7517111012759818, 0.1604629853492549, 0.5213273727285628, 6.018554967361256, 0.0604038845562519, 0.13744920742515687, 0.017325664260024666, 0.37859353549757835, 0.37428670456506385, 0.008782541851826697, 3.520000457763672, 0.08339400594212643, 1.0, 1.0, 0.2916322246903088, 0.6892425213835104, 1.238005773744568, 0.8074606385430805, 0.35529638442528205, 2.8846161871658857, 2.0, 7.0, 1.0, 0.026585483592948544, 0.015171209819361375, 0.21978028859717097, 0.13413494691098327], "features": ["SMA20_dist", "SMA50_dist", "sma_cross", "RSI14", "MACD", "MACD_sig", "MACD_hist", "BB_width", "BB_pos", "ATR14", "ret_1d", "ret_5d", "vol_10d", "vol_ratio", "obv_trend", "spy_ret_1d", "vix_level", "vix_change", "vix_regime", "asset_class", "ret_1m", "ret_3m", "ret_6m", "ret_12m", "high52w_dist", "low52w_dist", "day_of_week", "month", "is_options_expiry", "btc_ret_1d", "gold_ret_1d", "corr_spy_20d", "vwap_dist"]}