{"center": [0.012284877376641239, 0.032954019787488194, 1.0, 55.6262612689799, 1.4412138421189695, 1.4217368765202125, 0.03326125914537492, 0.08595668754906775, 0.6372215540390535, 2.8960295651142474, 0.0007963971540565495, 0.005764699309243726, 0.013178487037736645, 0.9843377539195, 1.0307593049140542, 0.0014265993667199606, 17.610000610351562, -0.0067322198012426115, 1.0, 0.0, 0.02157506398529252, 0.0812711615235282, 0.16092709676478778, 0.302399789405541, -0.02993913436263808, 0.3783367351091191, 2.0, 6.0, 0.0, -0.0016352711961346023, 0.0014259144001700363, 0.3514247092294934, 0.012157225725027521], "scale": [0.04169318102599358, 0.06851116829085699, 1.0, 20.159159802229013, 2.781873346992441, 2.8000081408910327, 0.9481770626172932, 0.053209698898144364, 0.5139033097192731, 1.8347672618275226, 0.015784598942513384, 0.038658792234648964, 0.005752694759521903, 0.47020594313353103, 0.1028588995766595, 0.009055454787448125, 3.8700003623962402, 0.07455891069169052, 1.0, 1.0, 0.08301383263314488, 0.13514638940501966, 0.2291404599523572, 0.4771845261408355, 0.05721697257815997, 0.2764273258018868, 2.0, 7.0, 1.0, 0.0288523357260681, 0.016000082113204472, 0.33261364158443524, 0.04241884996843073], "features": ["SMA20_dist", "SMA50_dist", "sma_cross", "RSI14", "MACD", "MACD_sig", "MACD_hist", "BB_width", "BB_pos", "ATR14", "ret_1d", "ret_5d", "vol_10d", "vol_ratio", "obv_trend", "spy_ret_1d", "vix_level", "vix_change", "vix_regime", "asset_class", "ret_1m", "ret_3m", "ret_6m", "ret_12m", "high52w_dist", "low52w_dist", "day_of_week", "month", "is_options_expiry", "btc_ret_1d", "gold_ret_1d", "corr_spy_20d", "vwap_dist"]}