{"center": [0.005077939360927825, 0.010050678070839246, 1.0, 54.49932880357762, 0.14663973448156753, 0.14190504152796507, 0.007142809497626024, 0.0583338486132942, 0.5880715898239568, 0.5806966916975794, 0.0005264827140196715, 0.0019932634891084433, 0.009978824134956422, 0.39942938659058486, 0.9974098950788006, 0.0009004595313388819, 17.399999618530273, -0.005211721284556381, 1.0, 0.0, 0.00813141535328965, 0.02129675966998401, 0.007789397091336525, 0.0, -0.10364875265972635, 0.16087132532073625, 2.0, 6.0, 0.0, 0.0008014800420892421, 0.0019715725978484144, 0.6384181143713917, 0.0069551013672074944], "scale": [0.026790037102531028, 0.036818823245954924, 1.0, 20.166876235087244, 0.5496326769044586, 0.5032988833687401, 0.22876548234122157, 0.0314004015007367, 0.4747619859116213, 0.15295796347913526, 0.0138358013992268, 0.02831335547635727, 0.0031703775313906973, 0.6620666945195021, 0.07131246055064389, 0.008722343227577367, 3.9900007247924805, 0.0764290106583182, 1.0, 1.0, 0.046451842794624554, 0.08542722148316984, 0.09289619652616399, 0.025858304018551326, 0.11642389977567277, 0.08003439490609207, 2.0, 7.0, 1.0, 0.028296122098773524, 0.014765193312790414, 0.18749080142182006, 0.028402540336555836], "features": ["SMA20_dist", "SMA50_dist", "sma_cross", "RSI14", "MACD", "MACD_sig", "MACD_hist", "BB_width", "BB_pos", "ATR14", "ret_1d", "ret_5d", "vol_10d", "vol_ratio", "obv_trend", "spy_ret_1d", "vix_level", "vix_change", "vix_regime", "asset_class", "ret_1m", "ret_3m", "ret_6m", "ret_12m", "high52w_dist", "low52w_dist", "day_of_week", "month", "is_options_expiry", "btc_ret_1d", "gold_ret_1d", "corr_spy_20d", "vwap_dist"]}