{"center": [0.007764660794415637, 0.01244737471494006, 1.0, 53.58153961306151, 0.03700442228723677, 0.04034614866331657, 0.005870228945324024, 0.11902041706744576, 0.5964781702093651, 0.2832499231610979, 0.002587555192197999, 0.006096920211902557, 0.017899611609225867, 0.9696149213069347, 1.0202054042944464, 0.0009971395871615218, 17.635000228881836, -0.006154371620941734, 1.0, 0.0, 0.01652073548007771, 0.05337704447507852, 0.2072976807996325, 0.35107477323134506, -0.07780172472897279, 0.4443568657798345, 2.0, 6.0, 0.0, -0.0027255662680600867, 0.0017661798901260628, 0.2629527796041304, 0.008540089658340556], "scale": [0.061984917474393275, 0.08849615536653602, 1.0, 23.927242786553315, 0.3137474861694347, 0.261990474632888, 0.09445408511963878, 0.1220652901561504, 0.5244661716451224, 0.37980319772447857, 0.02600208879894142, 0.054785341085488604, 0.013479063483031494, 0.5764286121821456, 0.2299615431594837, 0.008685573542418279, 4.162499904632568, 0.08120433425540102, 1.0, 1.0, 0.10931517864940382, 0.2396292623662688, 0.4641518680815923, 0.8007164715804282, 0.08594889436796596, 0.7803789027055912, 2.0, 7.0, 1.0, 0.02817796641874537, 0.01590313639394278, 0.4963653426970941, 0.05969166435010835], "features": ["SMA20_dist", "SMA50_dist", "sma_cross", "RSI14", "MACD", "MACD_sig", "MACD_hist", "BB_width", "BB_pos", "ATR14", "ret_1d", "ret_5d", "vol_10d", "vol_ratio", "obv_trend", "spy_ret_1d", "vix_level", "vix_change", "vix_regime", "asset_class", "ret_1m", "ret_3m", "ret_6m", "ret_12m", "high52w_dist", "low52w_dist", "day_of_week", "month", "is_options_expiry", "btc_ret_1d", "gold_ret_1d", "corr_spy_20d", "vwap_dist"]}