{"center": [0.0007390106290827107, 0.0008762501075816043, 1.0, 50.17671804010662, -0.26742838838168836, 0.07770410365127342, 0.13664918844042928, 0.08058937384237684, 0.5092264406433081, 9.056142911593, -0.0002578389979961404, -0.0010249518652769019, 0.011889189373518207, 0.9942557242125721, 1.0237677750563758, 0.0009428969275647736, 17.690000534057617, -0.00858906981378288, 1.0, 0.0, -0.002239066585685179, -0.014830524607813533, 0.0, 0.0, -0.0742417773847846, 0.13730460009676004, 2.0, 6.0, 0.0, 0.0003098700789467834, 0.0019992124197031336, 0.4088354494649954, 0.001036589130625364], "scale": [0.041472573147867973, 0.06773822320118275, 1.0, 23.617275838411985, 9.02182988812639, 7.939326448519976, 3.3408163737294654, 0.060134337581105035, 0.546371592074351, 3.353236621817125, 0.016051886833772455, 0.03778456231370636, 0.008929218281616712, 0.420467391720184, 0.40462421003195015, 0.0086809000385068, 4.257500171661377, 0.08469100707626934, 1.0, 1.0, 0.07644617477114854, 0.13434272913051118, 0.10333864715419097, 0.052649156486611615, 0.12574445304008408, 0.08006981985545099, 2.0, 7.0, 1.0, 0.027258952174765233, 0.014931574296078526, 0.4263564252575206, 0.041896025592613934], "features": ["SMA20_dist", "SMA50_dist", "sma_cross", "RSI14", "MACD", "MACD_sig", "MACD_hist", "BB_width", "BB_pos", "ATR14", "ret_1d", "ret_5d", "vol_10d", "vol_ratio", "obv_trend", "spy_ret_1d", "vix_level", "vix_change", "vix_regime", "asset_class", "ret_1m", "ret_3m", "ret_6m", "ret_12m", "high52w_dist", "low52w_dist", "day_of_week", "month", "is_options_expiry", "btc_ret_1d", "gold_ret_1d", "corr_spy_20d", "vwap_dist"]}