{"center": [0.0050648446298763, 0.03453540383419629, 1.0, 50.974929638514155, 0.2947833185858144, 0.36428594634252365, 0.004859487453659828, 0.19523292281921684, 0.5445723063878787, 1.3103070069449625, 0.0020633257548352546, 0.005961564870980984, 0.026374516293850087, 0.9134945341420966, 1.0208694618977434, 0.0001431954391026835, 17.479999542236328, -0.0012121489553740261, 1.0, 0.0, 0.03034387193353094, 0.06978641272588848, 0.13640223275324548, 0.2987719491040246, -0.12333973111858604, 0.8529120899607165, 2.0, 6.0, 0.0, 0.0007548627203146641, 0.0010471549570203464, 0.5373043464123891, 0.009688358132382877], "scale": [0.10566536715592748, 0.19774327283966942, 1.0, 29.398206614030038, 1.869709514929033, 1.8522255267995207, 0.45693795098170054, 0.10780041277556035, 0.5669946853981, 1.2700145115763268, 0.03388726213868076, 0.09214448881323406, 0.013492754413563762, 0.5042190283340366, 0.22695997927635037, 0.010016184968280217, 3.820000648498535, 0.08048836843451823, 1.0, 1.0, 0.20811005624289797, 0.31050022483470124, 0.3937441830815265, 0.8190156906657227, 0.17147494205172825, 1.0740696661327132, 2.0, 7.0, 1.0, 0.028725420920811318, 0.014631800754241753, 0.32348392534703796, 0.11012074535267805], "features": ["SMA20_dist", "SMA50_dist", "sma_cross", "RSI14", "MACD", "MACD_sig", "MACD_hist", "BB_width", "BB_pos", "ATR14", "ret_1d", "ret_5d", "vol_10d", "vol_ratio", "obv_trend", "spy_ret_1d", "vix_level", "vix_change", "vix_regime", "asset_class", "ret_1m", "ret_3m", "ret_6m", "ret_12m", "high52w_dist", "low52w_dist", "day_of_week", "month", "is_options_expiry", "btc_ret_1d", "gold_ret_1d", "corr_spy_20d", "vwap_dist"]}