{"center": [-0.0005867321411306556, 0.006621256548966919, 1.0, 50.30780375830256, 0.08681483017976177, 0.10937118756471352, -0.00908756426613233, 0.15149728073994537, 0.4960907525281964, 1.0284578984286874, 0.00086382131357432, 0.0034245397730461313, 0.01956485561389776, 0.9346560438695051, 1.068302504325411, 0.0004220737216988901, 17.3799991607666, -0.004048598315015806, 1.0, 0.0, 0.004570731409522466, 0.008433790379821282, 0.0, 0.0, -0.1868818404850217, 0.24598231020858, 2.0, 6.0, 0.0, 0.00038358610925337544, 0.0017841598670260694, 0.11228912825840968, -0.0018237945472935515], "scale": [0.07315851020819562, 0.09444724682266492, 1.0, 23.068093253556746, 0.9126054560396923, 0.8620370414173003, 0.3814314606703438, 0.07066127816202855, 0.5190549133884972, 0.40454994042347336, 0.026140319258441846, 0.06981702456815053, 0.007583822451519416, 0.41275911172899904, 0.6547572833499335, 0.00870495483436301, 3.804999351501465, 0.07724838629322961, 1.0, 1.0, 0.11258987636823814, 0.21154363694704348, 0.2637313774120571, 0.08964050697925013, 0.1775723630684127, 0.26278261922034973, 2.0, 7.0, 1.0, 0.026281365377694155, 0.015452070146233732, 0.5351034959757922, 0.07385051421451734], "features": ["SMA20_dist", "SMA50_dist", "sma_cross", "RSI14", "MACD", "MACD_sig", "MACD_hist", "BB_width", "BB_pos", "ATR14", "ret_1d", "ret_5d", "vol_10d", "vol_ratio", "obv_trend", "spy_ret_1d", "vix_level", "vix_change", "vix_regime", "asset_class", "ret_1m", "ret_3m", "ret_6m", "ret_12m", "high52w_dist", "low52w_dist", "day_of_week", "month", "is_options_expiry", "btc_ret_1d", "gold_ret_1d", "corr_spy_20d", "vwap_dist"]}