{"center": [0.016888947620414315, 0.047655126482186685, 1.0, 54.01858808710338, 2.366988159716854, 2.537941198975804, -0.17610145858444737, 0.1319978863125767, 0.6325149776918534, 6.531072392935903, 0.0009591327632831881, 0.007493696169713515, 0.019706617319148235, 0.9238607760704964, 1.037578591143311, 0.0010234048181770872, 17.38499927520752, -0.008201138978984779, 1.0, 0.0, 0.04709334264802534, 0.14706578466437903, 0.08643226146440908, 0.325072825873433, -0.06728092540519702, 0.6118137493208633, 2.0, 6.0, 0.0, 0.0015566000765077082, 0.0019992124197031336, 0.5025434368701535, 0.017846532647247143], "scale": [0.06448084107938762, 0.11875172811768744, 1.0, 24.962586634808304, 5.050872967744489, 5.22849024013406, 1.7860073267833005, 0.13410962420030634, 0.4785813489393541, 4.218230429150282, 0.028342316623568814, 0.06304082299147326, 0.011007227677981683, 0.44598020682273254, 0.21003412599329463, 0.008666807921412473, 3.835000991821289, 0.08211423363214876, 1.0, 1.0, 0.12367507771047276, 0.2768670359638, 0.3842738207851481, 0.48193538787454376, 0.16329742226049698, 0.21323167397841214, 2.0, 7.0, 1.0, 0.02520428284046433, 0.016279216274258268, 0.3233523774308581, 0.06381829718760372], "features": ["SMA20_dist", "SMA50_dist", "sma_cross", "RSI14", "MACD", "MACD_sig", "MACD_hist", "BB_width", "BB_pos", "ATR14", "ret_1d", "ret_5d", "vol_10d", "vol_ratio", "obv_trend", "spy_ret_1d", "vix_level", "vix_change", "vix_regime", "asset_class", "ret_1m", "ret_3m", "ret_6m", "ret_12m", "high52w_dist", "low52w_dist", "day_of_week", "month", "is_options_expiry", "btc_ret_1d", "gold_ret_1d", "corr_spy_20d", "vwap_dist"]}