{"center": [0.009870375515712886, 0.026262832015914898, 1.0, 55.74073328402482, 0.35480233891785673, 0.3435446187906148, -0.01305772308833486, 0.0760471615877111, 0.6516891096972085, 0.721989298972939, 0.0007588795751447552, 0.005034875540893324, 0.011572605192375497, 0.8970301712972869, 0.9876033302666803, 0.0005046930920669102, 17.440000534057617, -0.005211721284556381, 1.0, 0.0, 0.022111062149059224, 0.05960851630282327, 0.10405151990434014, 0.13799488815268957, -0.02413909967351627, 0.35840450538366975, 2.0, 6.0, 0.0, -0.0008217291810309613, 0.002012776164397767, 0.7935828317485611, 0.01044921537859744], "scale": [0.036706469687701124, 0.06144865769032964, 1.0, 21.071236226971365, 0.7404786373308454, 0.695401844393962, 0.19857962549617947, 0.057917383729896466, 0.46177258897741136, 0.3091674426599299, 0.014858239796525452, 0.03188559717713252, 0.0051611089540718035, 0.46075491295720106, 0.36121429132279004, 0.008615641243995054, 4.130000114440918, 0.08113272874029309, 1.0, 1.0, 0.06948425229331368, 0.10690436465528708, 0.17036483924054835, 0.2530259296896744, 0.06882303461601175, 0.2692772099768931, 2.0, 7.0, 1.0, 0.027159510252490304, 0.01513790833965828, 0.1631201675695797, 0.03510284727913172], "features": ["SMA20_dist", "SMA50_dist", "sma_cross", "RSI14", "MACD", "MACD_sig", "MACD_hist", "BB_width", "BB_pos", "ATR14", "ret_1d", "ret_5d", "vol_10d", "vol_ratio", "obv_trend", "spy_ret_1d", "vix_level", "vix_change", "vix_regime", "asset_class", "ret_1m", "ret_3m", "ret_6m", "ret_12m", "high52w_dist", "low52w_dist", "day_of_week", "month", "is_options_expiry", "btc_ret_1d", "gold_ret_1d", "corr_spy_20d", "vwap_dist"]}