{"center": [0.0005914018039781619, 0.0029502084505117344, 1.0, 52.50468088389331, 0.06702034005712676, 0.0843941803272914, -0.006548142539111512, 0.04619653774207485, 0.5124181990506924, 0.8586280382601116, -0.0006579299310772724, 0.0, 0.007419927178757876, 0.9292309882393531, 0.9622038719470994, 0.0014770382037720964, 17.520000457763672, -0.006670313141271755, 1.0, 0.0, 0.0034383664861166174, 0.006451461976933359, 0.013300746221655224, 0.0, -0.03556844318244025, 0.07932115936968555, 2.0, 6.0, 0.0, -0.0014864790528285043, 0.0020064107533963593, 0.07126114586674981, 0.0010878499380701455], "scale": [0.025704579889731915, 0.030905582170686646, 1.0, 22.676100145669068, 0.6917484965292431, 0.5445725992358161, 0.29689117858171366, 0.0283291687905435, 0.5163667026723973, 0.3758226070806724, 0.010298907989504169, 0.02280782068207543, 0.003251203055025782, 0.37290552115780484, 0.7688533806083164, 0.009018218405055345, 3.4599990844726562, 0.07386788262552202, 1.0, 1.0, 0.04708104543255398, 0.045614842715615445, 0.05189396560226944, 0.05582193246689382, 0.03708776738501694, 0.04455933090952617, 2.0, 7.0, 1.0, 0.02699449247917507, 0.015309017055807339, 0.4099810464863507, 0.026324504315113857], "features": ["SMA20_dist", "SMA50_dist", "sma_cross", "RSI14", "MACD", "MACD_sig", "MACD_hist", "BB_width", "BB_pos", "ATR14", "ret_1d", "ret_5d", "vol_10d", "vol_ratio", "obv_trend", "spy_ret_1d", "vix_level", "vix_change", "vix_regime", "asset_class", "ret_1m", "ret_3m", "ret_6m", "ret_12m", "high52w_dist", "low52w_dist", "day_of_week", "month", "is_options_expiry", "btc_ret_1d", "gold_ret_1d", "corr_spy_20d", "vwap_dist"]}