{"center": [0.00530341101930641, 0.015213848533911646, 1.0, 51.57840683366056, 0.4513627999465655, 0.47202932294150585, -0.020152909991944915, 0.15777669083311602, 0.5405288376120612, 2.5787149156842917, -0.0013316516390472488, 0.003404950146836727, 0.025338747124453803, 0.9056194239008358, 0.9797051337824547, 0.00048302488319784675, 17.389999389648438, -0.004622023407450215, 1.0, 0.0, 0.01759126637567565, 0.01795563197847072, 0.0, 0.0, -0.11293265320302952, 0.6173247743485858, 2.0, 6.0, 0.0, -0.0008240985185906102, 0.0007764358777558877, 0.45470340357711153, 0.0048104417952500745], "scale": [0.07958528872301165, 0.14069176219534862, 1.0, 21.352357944315123, 2.85068708803578, 2.774022065849681, 0.9497851880987704, 0.07703572796784508, 0.49296237717908226, 1.2626958574567522, 0.0361239441915647, 0.07023553715144512, 0.011538071918015255, 0.47856075427550604, 0.41901258744192893, 0.008709784937237786, 3.559999942779541, 0.07494033999662317, 1.0, 1.0, 0.1337755515250406, 0.3652283303223126, 0.4694844777302543, 0.07885605399740228, 0.2511813179268334, 0.7417362858361911, 2.0, 6.0, 1.0, 0.02716583017072685, 0.014690458787859295, 0.28769990697995196, 0.07694343665668335], "features": ["SMA20_dist", "SMA50_dist", "sma_cross", "RSI14", "MACD", "MACD_sig", "MACD_hist", "BB_width", "BB_pos", "ATR14", "ret_1d", "ret_5d", "vol_10d", "vol_ratio", "obv_trend", "spy_ret_1d", "vix_level", "vix_change", "vix_regime", "asset_class", "ret_1m", "ret_3m", "ret_6m", "ret_12m", "high52w_dist", "low52w_dist", "day_of_week", "month", "is_options_expiry", "btc_ret_1d", "gold_ret_1d", "corr_spy_20d", "vwap_dist"]}