{"center": [0.00733725730606092, 0.021572930260034845, 1.0, 54.97174932381609, 0.5318316884049494, 0.5328083864898499, -0.020241414101673627, 0.053382940660229694, 0.6674630580707455, 0.759533197244541, 0.0009698835058515876, 0.003105677718321931, 0.007999290564230457, 0.9586524109465855, 1.0293987728917153, 0.0006645320506504238, 17.655000686645508, -0.0049221973866435675, 1.0, 0.0, 0.0188883632779816, 0.05143763880581853, 0.09887627521122677, 0.1579720244729329, -0.016778777519768414, 0.24015614050869397, 2.0, 6.0, 0.0, -0.00012449287320548397, 0.001674234105256911, 0.759911232873869, 0.009256676945377056], "scale": [0.022708868398512296, 0.035882840091373165, 1.0, 19.897382031363755, 0.6990960456044526, 0.5422995635589449, 0.253667321924049, 0.021956933519695472, 0.42852237207793714, 0.31627067209250126, 0.010331918543344754, 0.02319013364736025, 0.003758701302680908, 0.43736168358430083, 0.44700845565497094, 0.00913150447056646, 3.817500114440918, 0.08334232488792209, 1.0, 1.0, 0.04346181616244074, 0.06033996581188611, 0.1427507796873828, 0.23254688363734505, 0.03501929163011447, 0.22521198327131892, 2.0, 7.0, 1.0, 0.028245153188042965, 0.01544269159640424, 0.18027245946509884, 0.023344575074484578], "features": ["SMA20_dist", "SMA50_dist", "sma_cross", "RSI14", "MACD", "MACD_sig", "MACD_hist", "BB_width", "BB_pos", "ATR14", "ret_1d", "ret_5d", "vol_10d", "vol_ratio", "obv_trend", "spy_ret_1d", "vix_level", "vix_change", "vix_regime", "asset_class", "ret_1m", "ret_3m", "ret_6m", "ret_12m", "high52w_dist", "low52w_dist", "day_of_week", "month", "is_options_expiry", "btc_ret_1d", "gold_ret_1d", "corr_spy_20d", "vwap_dist"]}