{"center": [0.009150753108603953, 0.02256806545933366, 1.0, 53.71164163337356, 0.14606414454342342, 0.17230329292459562, -0.00400552347157223, 0.1003531061775951, 0.5826826008572867, 0.5540286520178997, 0.0009485730752257782, 0.0029407492247416345, 0.01699102274952439, 0.7627255588472933, 1.0332981152927014, 0.0011858455389479605, 17.494999885559082, -0.005254864671583648, 1.0, 0.0, 0.017489052595256682, 0.0328179939430836, 0.060023171941873454, 0.1224835475031828, -0.08313368678502192, 0.4307386976586544, 2.0, 6.0, 0.0, -5.770796242327014e-05, 0.0012750435385292525, 0.7710469895994878, 0.00720106092212963], "scale": [0.05172616049256181, 0.08395530835802448, 1.0, 20.794721244706793, 0.6790229920582886, 0.699837921617436, 0.20486178220660187, 0.05793821028655552, 0.4912591877517097, 0.26504114926299926, 0.0243634607490337, 0.05118661669601518, 0.007018463635327028, 0.7914798939226367, 0.16079509100121958, 0.008831119599162995, 4.024999618530273, 0.07855347897144249, 1.0, 1.0, 0.09212471498916422, 0.1369280454010533, 0.155802610899478, 0.2879088441973767, 0.08258897873578816, 0.4181327178783888, 2.0, 7.0, 1.0, 0.02620865413956039, 0.014949329511525722, 0.17584390070219758, 0.05257511016419465], "features": ["SMA20_dist", "SMA50_dist", "sma_cross", "RSI14", "MACD", "MACD_sig", "MACD_hist", "BB_width", "BB_pos", "ATR14", "ret_1d", "ret_5d", "vol_10d", "vol_ratio", "obv_trend", "spy_ret_1d", "vix_level", "vix_change", "vix_regime", "asset_class", "ret_1m", "ret_3m", "ret_6m", "ret_12m", "high52w_dist", "low52w_dist", "day_of_week", "month", "is_options_expiry", "btc_ret_1d", "gold_ret_1d", "corr_spy_20d", "vwap_dist"]}