{"center": [0.0010056813487808248, 0.0020853099968830375, 1.0, 52.44917615493103, 0.07396751783359434, 0.08914751987627473, -0.004384819402659723, 0.02089707434251805, 0.5620883784307618, 0.4114446176668868, 0.0, 0.00040453134450291195, 0.0030867967810523037, 0.910378821234096, 1.00159501636429, 0.0011517326256851312, 17.3799991607666, -0.0046113733261696765, 1.0, 0.0, 0.0029857424512933495, 0.007648524229989739, 0.009664440454768108, 0.022233966306857145, -0.01850913480788831, 0.058925231131483485, 2.0, 6.0, 0.0, -0.0016352711961346023, 0.0015263333689308212, 0.057765280592416576, 0.0011983220534475065], "scale": [0.009887068375678397, 0.015067966144728103, 1.0, 23.009548558968504, 0.3715884491804715, 0.3789614768953865, 0.14119939736131892, 0.013675576709618123, 0.5020271898953699, 0.12782534392076172, 0.004499969725516084, 0.00909096209862148, 0.0014080650168566758, 0.4618224160923381, 0.5991476341674632, 0.00967399187720791, 4.40000057220459, 0.08087156707890786, 1.0, 1.0, 0.016950909676706427, 0.025843716493564484, 0.038731958413122825, 0.05208437669230381, 0.02165135540961531, 0.03442362771784007, 2.0, 7.0, 1.0, 0.027441247430159466, 0.014747036080875964, 0.626353098742373, 0.009690936195522592], "features": ["SMA20_dist", "SMA50_dist", "sma_cross", "RSI14", "MACD", "MACD_sig", "MACD_hist", "BB_width", "BB_pos", "ATR14", "ret_1d", "ret_5d", "vol_10d", "vol_ratio", "obv_trend", "spy_ret_1d", "vix_level", "vix_change", "vix_regime", "asset_class", "ret_1m", "ret_3m", "ret_6m", "ret_12m", "high52w_dist", "low52w_dist", "day_of_week", "month", "is_options_expiry", "btc_ret_1d", "gold_ret_1d", "corr_spy_20d", "vwap_dist"]}