{"center": [0.003397628010006638, 0.010890397293239496, 1.0, 52.86575240936624, 0.4875632726538157, 0.4597368563651235, 0.029453841886862342, 0.056278844791819244, 0.5677041680999209, 2.3935841719350366, 0.0013572682564828575, 0.0019502649813814, 0.00899454768889709, 0.9411109604836018, 1.026566287525899, 0.0012149009180654202, 17.610000610351562, -0.008408002149435212, 1.0, 0.0, 0.006995814105955067, 0.04256948934042781, 0.05638915980353054, 0.11880089750035872, -0.031636389636522426, 0.17752748198414905, 2.0, 6.0, 0.0, -0.0005486263326970331, 0.0012750435385292525, 0.2890898428760452, 0.0047086469682891315], "scale": [0.026447490476910987, 0.03993560509513206, 1.0, 20.32183334442375, 1.983770267998203, 1.6228520637459671, 0.6941844409427944, 0.029840841876165793, 0.47789993583238194, 0.6019197072422253, 0.0118267990729706, 0.02690631807103322, 0.0035923668044188176, 0.48935268741264204, 0.1848331043226199, 0.008764562553338434, 3.900000810623169, 0.07894969439577854, 1.0, 1.0, 0.048249729445617034, 0.0822546149382278, 0.09510328154287112, 0.1661332651904246, 0.03975179566841691, 0.0699071737215223, 2.0, 7.0, 1.0, 0.026851741399708806, 0.01455280283806859, 0.35809079266572563, 0.02577942681591556], "features": ["SMA20_dist", "SMA50_dist", "sma_cross", "RSI14", "MACD", "MACD_sig", "MACD_hist", "BB_width", "BB_pos", "ATR14", "ret_1d", "ret_5d", "vol_10d", "vol_ratio", "obv_trend", "spy_ret_1d", "vix_level", "vix_change", "vix_regime", "asset_class", "ret_1m", "ret_3m", "ret_6m", "ret_12m", "high52w_dist", "low52w_dist", "day_of_week", "month", "is_options_expiry", "btc_ret_1d", "gold_ret_1d", "corr_spy_20d", "vwap_dist"]}