{"center": [-0.004120919961789074, -0.009937035385490317, 0.0, 47.33573174346863, -0.5737176959607098, -0.5766040849594724, 0.03956978611442952, 0.07175826667914101, 0.43389086770115676, 2.4071805393751453, -0.00012128281410006547, -0.00034632080433982804, 0.010786185675874933, 0.9254350857025906, 1.0305529802100364, 0.0013759502770052112, 17.350000381469727, -0.008114863341212808, 1.0, 0.0, -0.00885017678910649, -0.015195824890591236, -0.02065578423630987, -0.025911364180816743, -0.09965354415941213, 0.05094576111583156, 2.0, 6.0, 0.0, 0.00038358610925337544, 0.0017841598670260694, -0.03551752538951919, -0.0032001952675577284], "scale": [0.03621770211993356, 0.03982285087921332, 1.0, 23.683602827520076, 1.7353707255930289, 1.680833500657061, 0.8236129305861193, 0.030874191930667677, 0.5196138217193084, 0.6622045532882472, 0.014111519152576246, 0.03334913768224851, 0.004739706047723256, 0.3102170353919331, 0.3145543040107768, 0.008753218242087635, 3.9149999618530273, 0.07265926628977559, 1.0, 1.0, 0.05921073176035252, 0.05656929522867554, 0.05403543624941587, 0.08627488193549343, 0.07560415623814054, 0.04824071428591327, 2.0, 7.0, 1.0, 0.02767991579042911, 0.014880694939887529, 0.582763615709476, 0.03729904268965084], "features": ["SMA20_dist", "SMA50_dist", "sma_cross", "RSI14", "MACD", "MACD_sig", "MACD_hist", "BB_width", "BB_pos", "ATR14", "ret_1d", "ret_5d", "vol_10d", "vol_ratio", "obv_trend", "spy_ret_1d", "vix_level", "vix_change", "vix_regime", "asset_class", "ret_1m", "ret_3m", "ret_6m", "ret_12m", "high52w_dist", "low52w_dist", "day_of_week", "month", "is_options_expiry", "btc_ret_1d", "gold_ret_1d", "corr_spy_20d", "vwap_dist"]}