{"center": [0.00029839057678111483, 0.00037882030137629516, 1.0, 51.57025188021584, -0.0006682380080373918, -4.022496469042807e-06, 0.0027064546719297498, 0.007703912007636196, 0.5460367599126604, 0.10805492779083867, 0.00036633804780072943, 0.0004544371291392846, 0.002016842170537529, 0.7790727851845196, 1.069788159407572, 0.0003803857841828684, 17.255000114440918, -0.01307228579033104, 1.0, 0.0], "scale": [0.0027754427299895947, 0.004312700366014267, 1.0, 15.379682483391491, 0.019313976326704285, 0.015813357405795793, 0.01029632105704455, 0.002877374294656166, 0.393482597749091, 0.040627871330479876, 0.0026716980995087902, 0.0029487978176105933, 0.0006265281872594873, 0.3959154454161431, 1.6781295401199015, 0.007953791510051655, 5.030000448226929, 0.07176778445831469, 1.0, 1.0], "features": ["SMA20_dist", "SMA50_dist", "sma_cross", "RSI14", "MACD", "MACD_sig", "MACD_hist", "BB_width", "BB_pos", "ATR14", "ret_1d", "ret_5d", "vol_10d", "vol_ratio", "obv_trend", "spy_ret_1d", "vix_level", "vix_change", "vix_regime", "asset_class"]}