{"center": [0.00626877911819162, 0.017409590912177954, 1.0, 53.43193104451011, 0.19375169385721414, 0.21232355371239287, -0.014439775997122747, 0.06284814431656777, 0.600665507785989, 0.4589254947851695, 0.0015610945934911857, 0.0019193405973543243, 0.009456763481793291, 0.9256667299437382, 1.07687241699902, 0.0005583873940218087, 17.460000038146973, -0.0051061151052397835, 1.0, 0.0, 0.01602656393565771, 0.03990796161288945, 0.040908564773465605, 0.027515778427341098, -0.03178451371676051, 0.28670326145038777, 2.0, 6.0, 0.0, -0.0014998349928206922, 0.0018612345627287974, 0.7066958896480533, 0.005766849926049958], "scale": [0.03162761318430906, 0.04838866701160411, 1.0, 24.827867022771287, 0.5193812225237107, 0.47871305634209527, 0.1530579146115394, 0.04349620311359766, 0.5027346326409985, 0.18633935318746486, 0.014002897034941203, 0.02934080749825191, 0.005023976218394407, 0.6197788763932173, 1.165171100962949, 0.010194014263207624, 3.8425002098083496, 0.0866694954786833, 1.0, 1.0, 0.059628064845254625, 0.10744228022510613, 0.16643184684953566, 0.2821079140247766, 0.03897566210488402, 0.23320402737229437, 2.0, 7.0, 1.0, 0.02846417221704009, 0.015436981486049967, 0.18597592670787522, 0.03148344598396348], "features": ["SMA20_dist", "SMA50_dist", "sma_cross", "RSI14", "MACD", "MACD_sig", "MACD_hist", "BB_width", "BB_pos", "ATR14", "ret_1d", "ret_5d", "vol_10d", "vol_ratio", "obv_trend", "spy_ret_1d", "vix_level", "vix_change", "vix_regime", "asset_class", "ret_1m", "ret_3m", "ret_6m", "ret_12m", "high52w_dist", "low52w_dist", "day_of_week", "month", "is_options_expiry", "btc_ret_1d", "gold_ret_1d", "corr_spy_20d", "vwap_dist"]}