{"center": [0.011301243729125394, 0.015459689827027652, 1.0, 56.33975238784919, 1.8202640485438621, 1.7590106750639718, -0.06847528384009349, 0.07766216284906162, 0.6301194724443951, 4.905501905551659, 0.0006732955972268417, 0.0036628355902604826, 0.011762524955236182, 0.9677099541264531, 1.0018431687615523, 0.000997196207237927, 17.40999984741211, -0.006622747498870429, 1.0, 0.0, 0.025903452537511362, 0.036766735027842334, 0.08285684471472743, 0.10878939247389863, -0.04565801902571969, 0.3231247016740141, 2.0, 7.0, 0.0, -0.00016245832696676343, 0.0011657189986885585, 0.3754591502481138, 0.010207850514558317], "scale": [0.04517629249684455, 0.06783056032869336, 1.0, 25.41539282487321, 5.19971068292886, 5.075438590171585, 1.623470390718127, 0.06412785179338786, 0.5548754889740406, 1.3983145276943798, 0.012710404198968211, 0.03640790770027344, 0.005670299055486576, 0.51557604119449, 0.3684673471616259, 0.00883754837199846, 4.352500915527344, 0.08140470107500836, 1.0, 1.0, 0.0901120139285835, 0.11974118934757416, 0.14156054578904642, 0.23199632409801646, 0.07245219443111722, 0.2170309493991453, 2.0, 6.0, 1.0, 0.027061912682560363, 0.01405745754523613, 0.3590270789338157, 0.04541051079286396], "features": ["SMA20_dist", "SMA50_dist", "sma_cross", "RSI14", "MACD", "MACD_sig", "MACD_hist", "BB_width", "BB_pos", "ATR14", "ret_1d", "ret_5d", "vol_10d", "vol_ratio", "obv_trend", "spy_ret_1d", "vix_level", "vix_change", "vix_regime", "asset_class", "ret_1m", "ret_3m", "ret_6m", "ret_12m", "high52w_dist", "low52w_dist", "day_of_week", "month", "is_options_expiry", "btc_ret_1d", "gold_ret_1d", "corr_spy_20d", "vwap_dist"]}