{"center": [0.0024734152704602255, 0.009372220843671317, 1.0, 50.37352457473577, 0.185282173022852, 0.10189796720610153, -0.008398094070201534, 0.15941528121168141, 0.5175707526171305, 1.6887498583112444, -0.0006850842101913668, 0.004144487477612091, 0.025562422242112005, 0.9257313050002355, 0.9905520068863148, 0.0013179584857545557, 17.6850004196167, -0.004818259109986012, 1.0, 0.0, 0.012565729996339536, 0.00718627452801468, 0.0, 0.0, -0.12003364808914269, 0.5454344918926449, 2.0, 6.0, 0.0, 0.0003098700789467834, 0.001991404930565599, 0.4561657026645467, 0.0021341062814184456], "scale": [0.08909649035972816, 0.16677121251739646, 1.0, 22.353641582906178, 1.9485725506360385, 1.8950246347139406, 0.6570017405237272, 0.08426626255080971, 0.5462782814042304, 0.866391522543771, 0.0352287863931291, 0.08073921534646486, 0.011644329968678022, 0.5321638261382442, 0.5544681004278691, 0.009066494825703347, 4.277499198913574, 0.0806759571918843, 1.0, 1.0, 0.14949501016523725, 0.3242557001945784, 0.4713747388051159, 0.07361215159155732, 0.2528492681643462, 0.7391185596385794, 2.0, 6.0, 1.0, 0.02675128380648986, 0.014902396022918901, 0.26669940406227244, 0.08506970496151232], "features": ["SMA20_dist", "SMA50_dist", "sma_cross", "RSI14", "MACD", "MACD_sig", "MACD_hist", "BB_width", "BB_pos", "ATR14", "ret_1d", "ret_5d", "vol_10d", "vol_ratio", "obv_trend", "spy_ret_1d", "vix_level", "vix_change", "vix_regime", "asset_class", "ret_1m", "ret_3m", "ret_6m", "ret_12m", "high52w_dist", "low52w_dist", "day_of_week", "month", "is_options_expiry", "btc_ret_1d", "gold_ret_1d", "corr_spy_20d", "vwap_dist"]}