{"center": [0.008294748588060624, 0.02157658311579494, 1.0, 57.83513886458833, 0.9308600928598736, 0.912767560626289, -0.0440578127206912, 0.050738396667114036, 0.6711135623320954, 1.4748745906965093, -0.00011405850597473455, 0.0026743638728015107, 0.007782839129449817, 0.9523661884429295, 0.9785944037942088, 0.0005644984271948594, 17.565000534057617, -0.0048289091912665505, 1.0, 0.0, 0.017900316709189013, 0.04723911979094464, 0.06460595202114139, 0.13415507764048606, -0.01071427264537015, 0.2700399879932267, 2.0, 6.0, 0.0, -0.0003300754485222601, 0.0015778926649877567, 0.9961247258083616, 0.009851168993149188], "scale": [0.022667881766280436, 0.037331058854563545, 1.0, 22.84928560539477, 1.283374443099916, 1.2258620851481357, 0.40335872444529547, 0.03447671087672853, 0.4281649322322775, 0.7227513193836401, 0.009612078278599168, 0.023200053265545445, 0.004317801089346294, 0.5601501535057877, 0.9048450782102989, 0.008874526666933724, 4.200000286102295, 0.08463703996045446, 1.0, 1.0, 0.041491080928751534, 0.07074844542627168, 0.11661350535979487, 0.17852938048777645, 0.025748855842805406, 0.1956481285713147, 2.0, 7.0, 1.0, 0.02888359460249318, 0.013469751508204342, 0.0032244322689727323, 0.02162915655831978], "features": ["SMA20_dist", "SMA50_dist", "sma_cross", "RSI14", "MACD", "MACD_sig", "MACD_hist", "BB_width", "BB_pos", "ATR14", "ret_1d", "ret_5d", "vol_10d", "vol_ratio", "obv_trend", "spy_ret_1d", "vix_level", "vix_change", "vix_regime", "asset_class", "ret_1m", "ret_3m", "ret_6m", "ret_12m", "high52w_dist", "low52w_dist", "day_of_week", "month", "is_options_expiry", "btc_ret_1d", "gold_ret_1d", "corr_spy_20d", "vwap_dist"]}