{"center": [0.00978214992237682, 0.03511783292680568, 1.0, 54.661337651987246, 1.2572874343325964, 1.2340991822205152, -0.017705020770575786, 0.10711011008265946, 0.6040307957930674, 2.5928568158830916, 0.0012287074637831186, 0.0021581401597929872, 0.015174190416753948, 0.8128731269521211, 1.0326307509954125, 0.0005603844216792719, 17.280000686645508, -0.005579556721748813, 1.0, 0.0, 0.02215294159683112, 0.08472963950616252, 0.0, 0.0, -0.08643530304585455, 0.3614806373990903, 2.0, 6.0, 0.0, -0.0008217291810309613, 0.0019763991077348386, 0.7718098250709416, 0.01081854763087004], "scale": [0.057183792947683436, 0.09911561357776519, 1.0, 25.55680286219839, 2.900418819795078, 2.7172866498308594, 0.8528989238452152, 0.09553399241919516, 0.53349399271054, 1.2164312090192522, 0.02183527832481502, 0.048168577120041745, 0.007537070060617232, 0.7540203020820755, 0.12720675985071428, 0.008663303024323832, 3.9899988174438477, 0.08143008270507546, 1.0, 1.0, 0.11004418476735689, 0.2363251583607867, 0.12871658138284536, 0.16696066999247616, 0.10825228705742816, 0.17806938536080558, 2.0, 7.0, 1.0, 0.025145261845708866, 0.016117892939883527, 0.202853668876827, 0.05361819085100328], "features": ["SMA20_dist", "SMA50_dist", "sma_cross", "RSI14", "MACD", "MACD_sig", "MACD_hist", "BB_width", "BB_pos", "ATR14", "ret_1d", "ret_5d", "vol_10d", "vol_ratio", "obv_trend", "spy_ret_1d", "vix_level", "vix_change", "vix_regime", "asset_class", "ret_1m", "ret_3m", "ret_6m", "ret_12m", "high52w_dist", "low52w_dist", "day_of_week", "month", "is_options_expiry", "btc_ret_1d", "gold_ret_1d", "corr_spy_20d", "vwap_dist"]}