{"center": [0.01907973741963448, 0.05471037965112573, 1.0, 58.5874641953563, 2.1534098230384586, 2.0592797284484297, -0.036502335623594284, 0.10978216330621768, 0.6970050541749037, 3.265870206047888, 0.002180732960194165, 0.008320231748341067, 0.01483018394897959, 0.9165159295133621, 1.0285111316157622, 0.001093923806363195, 17.510000228881836, -0.007869662158076385, 1.0, 0.0, 0.04529615859663805, 0.13368741826022035, 0.1665604919109509, 0.2801696026663818, -0.02989687435830583, 0.5670674569985373, 2.0, 6.0, 0.0, -0.0003109860024155253, 0.0017481999132260562, 0.6852225886699683, 0.01998027875505562], "scale": [0.0518484965488335, 0.09190784773232143, 1.0, 25.390691677629377, 3.6796277201031202, 3.446179505849882, 0.9200724779237563, 0.08957622999106965, 0.46714893232223775, 1.9853387333731094, 0.018500622177154702, 0.051575908538956994, 0.009053614552328837, 0.37106730167156876, 0.09257007280067397, 0.008663646431160688, 4.3600006103515625, 0.07846092339532967, 1.0, 1.0, 0.1181382046739815, 0.19921689382272045, 0.27801728171689843, 0.4774977651108274, 0.07154529044969979, 0.2735137855371211, 2.0, 7.0, 1.0, 0.026835451598298088, 0.015452070146233732, 0.19529290976435565, 0.05032274629311408], "features": ["SMA20_dist", "SMA50_dist", "sma_cross", "RSI14", "MACD", "MACD_sig", "MACD_hist", "BB_width", "BB_pos", "ATR14", "ret_1d", "ret_5d", "vol_10d", "vol_ratio", "obv_trend", "spy_ret_1d", "vix_level", "vix_change", "vix_regime", "asset_class", "ret_1m", "ret_3m", "ret_6m", "ret_12m", "high52w_dist", "low52w_dist", "day_of_week", "month", "is_options_expiry", "btc_ret_1d", "gold_ret_1d", "corr_spy_20d", "vwap_dist"]}