{"center": [0.0015839564224059955, 0.005848050964413987, 1.0, 52.196069105900165, 0.037823832400318835, 0.03783465742247416, -0.0011981904559014572, 0.054806305049531406, 0.5364053924615335, 0.2692854745047433, -0.0004558959173011634, 0.0006321934070759871, 0.007623198198518832, 0.828568468758994, 1.020354569814645, 0.0009270576689911492, 17.260000228881836, -0.004285461432546711, 1.0, 0.0, 0.005875714058420245, 0.01095674864757401, 0.01954581563733071, 0.0, -0.0538626266892929, 0.08573151610409459, 2.0, 6.0, 0.0, 0.0001513777962492413, 0.0020322188762035287, 0.09989631055174544, 0.0011090873824408784], "scale": [0.0266877756710673, 0.04450994247989391, 1.0, 21.82207838691928, 0.28653325628886783, 0.2638388569852574, 0.08952603725601657, 0.032132594127320474, 0.49999682855320454, 0.07785698345729286, 0.010851519119937675, 0.023312561675579907, 0.004155438503316588, 0.6916058692528222, 0.4663930123339657, 0.009673566484086404, 3.6150002479553223, 0.08274469117555791, 1.0, 1.0, 0.048910265684249804, 0.04806052918708739, 0.06532895681944034, 0.08680640755750357, 0.048915471751749526, 0.08279225524454141, 2.0, 7.0, 1.0, 0.028265374012568012, 0.014153837473619174, 0.4996799262666758, 0.028266112783200778], "features": ["SMA20_dist", "SMA50_dist", "sma_cross", "RSI14", "MACD", "MACD_sig", "MACD_hist", "BB_width", "BB_pos", "ATR14", "ret_1d", "ret_5d", "vol_10d", "vol_ratio", "obv_trend", "spy_ret_1d", "vix_level", "vix_change", "vix_regime", "asset_class", "ret_1m", "ret_3m", "ret_6m", "ret_12m", "high52w_dist", "low52w_dist", "day_of_week", "month", "is_options_expiry", "btc_ret_1d", "gold_ret_1d", "corr_spy_20d", "vwap_dist"]}