{"center": [0.0042857647479187565, 0.0010581496448870617, 1.0, 50.43267297129778, 0.023313188088238235, 0.3101848256695714, 0.08048351246006824, 0.1459425179398416, 0.5429450888734145, 5.107893708021901, -0.00026486635714273454, 0.004506262867994937, 0.019292535182287567, 0.9349513513594984, 0.9947994625092582, 0.0009008441539046785, 17.65000057220459, -0.004773734721939982, 1.0, 0.0, 0.0035710764537147943, 0.0052028936396829595, 0.0, 0.0, -0.12584627559156633, 0.24165354620728635, 2.0, 6.0, 0.0, -0.0003300754485222601, 0.001712988281543426, 0.5624338784439142, 0.005002236953842944], "scale": [0.08295316133227912, 0.1358013838893654, 1.0, 29.351375299912306, 7.601868939668272, 7.658576524502376, 1.694681394450637, 0.09762736298093874, 0.6005894229778841, 1.4523247588332353, 0.0217855107843824, 0.06117962045405537, 0.010228074479136182, 0.41265090238724966, 0.64381564274005, 0.008935261423065, 4.5724992752075195, 0.07355837056948755, 1.0, 1.0, 0.15147448290414167, 0.2209993619667976, 0.17336742935929458, 0.07637210880079853, 0.1134605916300136, 0.3053500795958104, 2.0, 7.0, 1.0, 0.027535697808956594, 0.014279734096684565, 0.3745524404058497, 0.08249509818969336], "features": ["SMA20_dist", "SMA50_dist", "sma_cross", "RSI14", "MACD", "MACD_sig", "MACD_hist", "BB_width", "BB_pos", "ATR14", "ret_1d", "ret_5d", "vol_10d", "vol_ratio", "obv_trend", "spy_ret_1d", "vix_level", "vix_change", "vix_regime", "asset_class", "ret_1m", "ret_3m", "ret_6m", "ret_12m", "high52w_dist", "low52w_dist", "day_of_week", "month", "is_options_expiry", "btc_ret_1d", "gold_ret_1d", "corr_spy_20d", "vwap_dist"]}