{"center": [-0.003949965095189485, 0.0034956498726700504, 1.0, 48.761192815141825, 0.3145335542801888, 0.5079151212662514, -0.119154191068719, 0.13017210873619484, 0.45763309882080905, 6.713930402483259, 0.0004810199277196503, -0.0027270810848455396, 0.01713930287403574, 0.9286165669891989, 1.0142627420531674, 0.0009270573032307272, 17.40999984741211, -0.0067021300257369965, 1.0, 0.0, -0.0005871725022966179, 0.015248787939558639, 0.02655095915232808, 0.0, -0.08198889973930962, 0.2287037005715175, 2.0, 6.0, 0.0, 0.001111955364399897, 0.002040198898185297, 0.3241078177982776, -0.005828712595409936], "scale": [0.06279243053784371, 0.09805423744277247, 1.0, 24.66640901331057, 5.8148563591479245, 5.5773156500366685, 2.3807219310482592, 0.07980037112952673, 0.5228112842706228, 1.5869614737374445, 0.020005316004554546, 0.05926731303433888, 0.012505249008230777, 0.4089663849663242, 1.3400514542865662, 0.008752132686226377, 4.1974992752075195, 0.08473347948056603, 1.0, 1.0, 0.10067012704993886, 0.21447413410918, 0.41919753851775077, 0.1816364857620696, 0.24367153179950526, 0.26146244927234175, 2.0, 7.0, 1.0, 0.027040302959317836, 0.013909529344514393, 0.3206315799987801, 0.06445470239386883], "features": ["SMA20_dist", "SMA50_dist", "sma_cross", "RSI14", "MACD", "MACD_sig", "MACD_hist", "BB_width", "BB_pos", "ATR14", "ret_1d", "ret_5d", "vol_10d", "vol_ratio", "obv_trend", "spy_ret_1d", "vix_level", "vix_change", "vix_regime", "asset_class", "ret_1m", "ret_3m", "ret_6m", "ret_12m", "high52w_dist", "low52w_dist", "day_of_week", "month", "is_options_expiry", "btc_ret_1d", "gold_ret_1d", "corr_spy_20d", "vwap_dist"]}