{"center": [0.010492087274100666, -0.0006263430028921809, 0.5, 52.56110365355599, -0.05076020920887103, -0.03645916190417647, 0.1703864814535676, 0.21104721530392617, 0.5676558058261654, 2.403857639857701, 0.0025914572898101396, 0.0078030328317089115, 0.026788504692010717, 0.9012831383581481, 1.0600932559247758, 0.0005624566762061356, 17.289999961853027, -0.004285461432546711, 1.0, 0.0, 0.006220189522225916, 0.0, 0.0, 0.0, -0.19360013606355414, 0.32254906864819, 2.0, 6.0, 0.0, -0.0005779958648887695, 0.001525274347332517, 0.32305299773633817, 0.01211266556075356], "scale": [0.11005264394935721, 0.15903883771973537, 1.0, 25.53406405333599, 2.4755216152071604, 2.20088974689177, 0.8323114117140644, 0.14583360787756094, 0.569916534740968, 0.7356436593191962, 0.03580608849165412, 0.09317219689065848, 0.012590269508543805, 0.42473556458482786, 0.3765085859842833, 0.00892562609910516, 3.6200008392333984, 0.08004976499728395, 1.0, 1.0, 0.20000247242576227, 0.29358705394798323, 0.2034548262503069, 0.15364084594871097, 0.13274056849269655, 0.3448124337069544, 2.0, 7.0, 1.0, 0.027208946520592553, 0.014603652746893125, 0.2809387095715276, 0.11045083164668495], "features": ["SMA20_dist", "SMA50_dist", "sma_cross", "RSI14", "MACD", "MACD_sig", "MACD_hist", "BB_width", "BB_pos", "ATR14", "ret_1d", "ret_5d", "vol_10d", "vol_ratio", "obv_trend", "spy_ret_1d", "vix_level", "vix_change", "vix_regime", "asset_class", "ret_1m", "ret_3m", "ret_6m", "ret_12m", "high52w_dist", "low52w_dist", "day_of_week", "month", "is_options_expiry", "btc_ret_1d", "gold_ret_1d", "corr_spy_20d", "vwap_dist"]}