{"center": [0.0023287939803554696, 0.007019530693866167, 1.0, 52.284023848102954, 0.11236177273001147, 0.13837022589957854, -0.0012625768570666274, 0.06670091222183011, 0.5491757929597005, 0.6108886609783994, -0.00036398046690661046, -0.00026972337029590454, 0.009900308617786976, 0.9620493933202541, 1.0105592475288026, 0.0009008786581177208, 17.460000038146973, -0.0067330833557224246, 1.0, 0.0, 0.005133295809673366, 0.015083282568168932, 0.013298498674570558, 0.0, -0.06026288453829296, 0.17931806182221022, 2.0, 7.0, 0.0, -0.0017258746687544568, 0.0014761238845504288, 0.633863300765405, 0.0038269770735041954], "scale": [0.03191931718451114, 0.04501008297341746, 1.0, 20.92053859609213, 0.633171666995457, 0.572219027597062, 0.1954552143467305, 0.03787581420862169, 0.5103332221056709, 0.19094325667955092, 0.013274487328391427, 0.028192194533926462, 0.003450936152310357, 0.38377689772472756, 0.539514561886703, 0.009026015994482217, 4.2250001430511475, 0.07662552278566273, 1.0, 1.0, 0.06934052729780699, 0.09832261818823884, 0.09346480015990671, 0.06778102448363255, 0.058056809720218705, 0.15419775263653018, 2.0, 6.0, 1.0, 0.027450579448968143, 0.01481978538961734, 0.2584795843090234, 0.033049928005923934], "features": ["SMA20_dist", "SMA50_dist", "sma_cross", "RSI14", "MACD", "MACD_sig", "MACD_hist", "BB_width", "BB_pos", "ATR14", "ret_1d", "ret_5d", "vol_10d", "vol_ratio", "obv_trend", "spy_ret_1d", "vix_level", "vix_change", "vix_regime", "asset_class", "ret_1m", "ret_3m", "ret_6m", "ret_12m", "high52w_dist", "low52w_dist", "day_of_week", "month", "is_options_expiry", "btc_ret_1d", "gold_ret_1d", "corr_spy_20d", "vwap_dist"]}