{"center": [-0.002405708948211277, 0.000957368607553635, 1.0, 48.48845039605284, 0.154186926991855, 0.1267319801434188, -0.17619933657657239, 0.1458272984673436, 0.4758100738047061, 3.603072030203683, 0.0, -0.0002870421843238491, 0.021478174571947985, 0.8651007572840457, 0.9379939843681391, 0.0013579397972762752, 17.600000381469727, -0.005298008058610915, 1.0, 0.0, -0.01334079925931031, -0.021961094416229177, -0.02291705266559163, 0.0, -0.15889026220933153, 0.25389497533279876, 2.0, 6.0, 0.0, -0.0007713643170961237, 0.0017841598670260694, 0.3459605875530659, -0.001604809104580032], "scale": [0.07530681728796461, 0.09481470315175176, 1.0, 21.541389973477408, 3.006720280691617, 2.800604415361924, 1.1626215101061885, 0.10255832092382902, 0.501295526006508, 1.7386782509940009, 0.027941942049020507, 0.06597385406107875, 0.016238225835501666, 0.564915156762023, 0.4439346448724054, 0.00896900785236443, 3.9300003051757812, 0.07478689705708552, 1.0, 1.0, 0.13271057449118406, 0.1614085323696473, 0.09639426682083002, 0.0772798789437888, 0.11609231392079149, 0.2563574964882007, 2.0, 7.0, 1.0, 0.027088905932772245, 0.014933292203098969, 0.29310881257073734, 0.07255832158064195], "features": ["SMA20_dist", "SMA50_dist", "sma_cross", "RSI14", "MACD", "MACD_sig", "MACD_hist", "BB_width", "BB_pos", "ATR14", "ret_1d", "ret_5d", "vol_10d", "vol_ratio", "obv_trend", "spy_ret_1d", "vix_level", "vix_change", "vix_regime", "asset_class", "ret_1m", "ret_3m", "ret_6m", "ret_12m", "high52w_dist", "low52w_dist", "day_of_week", "month", "is_options_expiry", "btc_ret_1d", "gold_ret_1d", "corr_spy_20d", "vwap_dist"]}