{"center": [-0.0264876224160669, -0.06500879764766246, 0.0, 43.93420951677513, -0.7857070621504771, -0.8118375927846608, -0.029859231877153822, 0.2275988237017983, 0.3537725367645219, 1.9864283629826138, 0.000978894701322619, -0.008924192487923532, 0.033352749106028805, 0.8551727966219779, 1.0154618907739543, 0.0016159830392407093, 17.695000648498535, -0.005446767039278988, 1.0, 0.0, -0.06358036423012214, -0.09126857266553379, -0.1800109005174193, -0.570317727662323, -0.6761941137485189, 0.32068628298580015, 2.0, 6.0, 0.0, 0.0008002908160121835, 0.0012750435385292525, 0.37965087886622184, -0.026518849126071158], "scale": [0.10072851808423366, 0.19050887592800853, 1.0, 23.733160797478405, 3.3417740067878725, 3.3851110326333087, 0.5874630464594643, 0.28635228794796763, 0.4940441167113785, 2.544821398598807, 0.03897985490049771, 0.08751299221423561, 0.026296099975134973, 0.5292930448767835, 0.2921554527725684, 0.009489931243695487, 4.457499980926514, 0.08591949003841662, 1.0, 1.0, 0.20511925032589137, 0.2588217451140896, 0.562013879596187, 0.8248983073543414, 0.5011942834500567, 0.6101866846228088, 2.0, 7.0, 1.0, 0.03177247657434376, 0.015388121500554547, 0.23428252894995527, 0.10302281951450423], "features": ["SMA20_dist", "SMA50_dist", "sma_cross", "RSI14", "MACD", "MACD_sig", "MACD_hist", "BB_width", "BB_pos", "ATR14", "ret_1d", "ret_5d", "vol_10d", "vol_ratio", "obv_trend", "spy_ret_1d", "vix_level", "vix_change", "vix_regime", "asset_class", "ret_1m", "ret_3m", "ret_6m", "ret_12m", "high52w_dist", "low52w_dist", "day_of_week", "month", "is_options_expiry", "btc_ret_1d", "gold_ret_1d", "corr_spy_20d", "vwap_dist"]}