{"center": [0.0031367988621123946, 0.010447790472272454, 1.0, 52.305354975872355, 0.49171530341081393, 0.5196938712288375, 0.01575995478834824, 0.05658688934470525, 0.5615779477400147, 2.389793393173469, 0.0007511455257727118, 0.001581809273074608, 0.008967529050164525, 0.965869514743441, 1.0175630462385423, 0.0014608004313110268, 17.479999542236328, -0.006670313141271755, 1.0, 0.0, 0.005997910579238264, 0.04484584757239096, 0.05282519404514119, 0.12046005099383472, -0.03134302755080061, 0.18823441909879485, 2.0, 6.0, 0.0, -9.567341618454961e-05, 0.0005131941200071655, 0.2918396358488382, 0.0036322693250314974], "scale": [0.028154156753940646, 0.04308883580350263, 1.0, 22.59556985283831, 1.9676216637751622, 1.7163721087414965, 0.7654116408177442, 0.029457003751978482, 0.5128548304717766, 0.6332138963436496, 0.012214853823864336, 0.02831759099486919, 0.0033155372026333063, 0.47143220720861023, 0.15557770250851433, 0.008701381592722601, 3.9300012588500977, 0.08182224890387013, 1.0, 1.0, 0.05012762300422002, 0.07712456872004958, 0.09678156582752506, 0.16725998381844276, 0.041764778926963904, 0.06384419501804364, 2.0, 7.0, 1.0, 0.027017992433280957, 0.01591192964679955, 0.35037316964416976, 0.029336287246379114], "features": ["SMA20_dist", "SMA50_dist", "sma_cross", "RSI14", "MACD", "MACD_sig", "MACD_hist", "BB_width", "BB_pos", "ATR14", "ret_1d", "ret_5d", "vol_10d", "vol_ratio", "obv_trend", "spy_ret_1d", "vix_level", "vix_change", "vix_regime", "asset_class", "ret_1m", "ret_3m", "ret_6m", "ret_12m", "high52w_dist", "low52w_dist", "day_of_week", "month", "is_options_expiry", "btc_ret_1d", "gold_ret_1d", "corr_spy_20d", "vwap_dist"]}