{"center": [0.00501087431212424, 0.011115332437108372, 1.0, 52.56759277593458, 0.07217083438810512, 0.06869447298013848, 0.007516050608604196, 0.11804349319887522, 0.5412964930733906, 0.5424276540379362, 0.002233368597871044, 0.004050478497371057, 0.01601212629053062, 0.8611353002840727, 1.0260581826865205, 0.0016159314102183187, 17.22499942779541, -0.008008568742242539, 1.0, 0.0, 0.013235345252374575, 0.026013895866201953, 0.008842695737974693, 0.0, -0.10367453626766959, 0.20033034963069013, 2.0, 6.0, 0.0, -0.00016245832696676343, 0.001650071760848859, 0.2204118973857482, 0.005308445261862752], "scale": [0.05745217560185634, 0.06025469660576423, 1.0, 25.357574885820696, 0.42700547822908064, 0.3401983378488127, 0.2042230015151616, 0.05224471411928369, 0.5117572592229477, 0.1879558044922226, 0.019630462882285177, 0.05416360265121967, 0.005282402577076765, 0.5584716593601634, 0.3721616589506809, 0.00865227175464714, 3.627500057220459, 0.07454377248080368, 1.0, 1.0, 0.11286157215127374, 0.11564478746270523, 0.11434848046808468, 0.028549394485092805, 0.0664322594440024, 0.16030329128797824, 2.0, 7.0, 1.0, 0.0257976566537933, 0.014374339062356634, 0.6866799191688537, 0.05943386497466874], "features": ["SMA20_dist", "SMA50_dist", "sma_cross", "RSI14", "MACD", "MACD_sig", "MACD_hist", "BB_width", "BB_pos", "ATR14", "ret_1d", "ret_5d", "vol_10d", "vol_ratio", "obv_trend", "spy_ret_1d", "vix_level", "vix_change", "vix_regime", "asset_class", "ret_1m", "ret_3m", "ret_6m", "ret_12m", "high52w_dist", "low52w_dist", "day_of_week", "month", "is_options_expiry", "btc_ret_1d", "gold_ret_1d", "corr_spy_20d", "vwap_dist"]}