{"center": [0.01861872590372725, 0.04590310812094839, 1.0, 55.487921963275966, 1.1312162492230762, 1.1660241164630443, 0.007166196054506191, 0.17363039989904355, 0.6412264229873106, 2.87763088597333, 0.0036864879150866336, 0.013884566760541062, 0.021656867210310765, 0.9654621874805427, 1.0360142461938453, 0.001392328538531662, 17.394999504089355, -0.0067012664712571834, 1.0, 0.0, 0.04453964561107726, 0.1246476819614537, 0.2745246277978959, 0.4581437640416258, -0.05367190649251495, 0.6982313808859203, 2.0, 6.0, 0.0, -0.0017258746687544568, 0.002139846832091674, 0.3563587288695217, 0.020126450633511775], "scale": [0.07105160746948469, 0.11252818416436673, 1.0, 23.828018349568865, 2.589388266573339, 2.663622162946404, 0.9113740329926098, 0.10917309772132558, 0.48420780248851375, 3.280003621771011, 0.029107677680470095, 0.07656224169987827, 0.011361221924520992, 0.4232551077136337, 0.14263488241784827, 0.009027234738179707, 3.6774988174438477, 0.07745466254416977, 1.0, 1.0, 0.13560336643373128, 0.1957319816145156, 0.3391058085059975, 0.7778627178016175, 0.11186213552797167, 0.6183420604332075, 2.0, 7.0, 1.0, 0.026898571924825893, 0.013777303326243273, 0.5425875214589643, 0.07213579291551091], "features": ["SMA20_dist", "SMA50_dist", "sma_cross", "RSI14", "MACD", "MACD_sig", "MACD_hist", "BB_width", "BB_pos", "ATR14", "ret_1d", "ret_5d", "vol_10d", "vol_ratio", "obv_trend", "spy_ret_1d", "vix_level", "vix_change", "vix_regime", "asset_class", "ret_1m", "ret_3m", "ret_6m", "ret_12m", "high52w_dist", "low52w_dist", "day_of_week", "month", "is_options_expiry", "btc_ret_1d", "gold_ret_1d", "corr_spy_20d", "vwap_dist"]}