{"center": [0.008305031692646752, 0.0216322558845615, 1.0, 58.0325730273977, 0.16902936713427863, 0.15895435378734174, -0.00826844193210545, 0.05047858721677621, 0.6757735285196125, 0.26214299883161274, 0.00034566985054773625, 0.0028865749158277776, 0.007701420126765366, 0.9977839325443829, 1.0692762517725234, 0.0005603646306042709, 17.610000610351562, -0.004632673488730754, 1.0, 0.0, 0.01884226345876283, 0.04676060009226268, 0.06598147506825192, 0.13427148866522187, -0.01067349775194737, 0.2729048710408906, 2.0, 6.0, 0.0, -0.0007713643170961237, 0.0015263333689308212, 0.9962403297553554, 0.009834390257259698], "scale": [0.02246463099584487, 0.03771949289170616, 1.0, 23.73452016739796, 0.22523791910444935, 0.2143407222983774, 0.07078163403328662, 0.03488075094861416, 0.42993732311386673, 0.1274889394463697, 0.009302763887494236, 0.023086569046238237, 0.004175485233888236, 0.4767645860418521, 0.9972245439461986, 0.0090037780065087, 4.200000762939453, 0.08469444697968265, 1.0, 1.0, 0.04137087502691683, 0.07223487184302446, 0.11553460429467743, 0.17912126571590314, 0.02569595103701627, 0.19323248842256438, 2.0, 7.0, 1.0, 0.02827715683954868, 0.013528379322001072, 0.0035865056426620523, 0.020922317188262055], "features": ["SMA20_dist", "SMA50_dist", "sma_cross", "RSI14", "MACD", "MACD_sig", "MACD_hist", "BB_width", "BB_pos", "ATR14", "ret_1d", "ret_5d", "vol_10d", "vol_ratio", "obv_trend", "spy_ret_1d", "vix_level", "vix_change", "vix_regime", "asset_class", "ret_1m", "ret_3m", "ret_6m", "ret_12m", "high52w_dist", "low52w_dist", "day_of_week", "month", "is_options_expiry", "btc_ret_1d", "gold_ret_1d", "corr_spy_20d", "vwap_dist"]}