{"center": [-0.0004469533167424396, 0.004444210006789187, 1.0, 50.98409370811025, 50.25730764459877, 92.51332488184221, -15.10706642249147, 0.12616950414752004, 0.4937022022983178, 2678.6305803571427, -0.0008217291810309613, 0.00019726227713334765, 0.020012490724158314, 1.0178311235964825, 0.9973732311736839, 0.00039694175083582195, 17.260000228881836, -0.005025144893802347, 1.0, 2.0, -0.0027667259286354717, 0.006939946926190377, 0.0, 0.0, -0.1176954450573523, 0.4188553213947756, 3.0, 6.0, 0.0, 0.00029724205673309356, 0.001670691560653026, 0.3688808675825411, -0.0002658723440176311], "scale": [0.06469771113822104, 0.11620170757846454, 1.0, 22.784275247417767, 2664.3076506401558, 2645.5342337486927, 936.9699721267184, 0.07731433770805612, 0.5286914435433696, 1246.2529296875, 0.02569544154417064, 0.05741552381118803, 0.009447304923970798, 0.5040225544449433, 0.338922649537871, 0.009289209642073415, 3.934999942779541, 0.07861784064397759, 1.0, 1.0, 0.11465734829358004, 0.26529697713638406, 0.36552560564085873, 0.2679618700439792, 0.25016945716660605, 0.4868297980092103, 4.0, 7.0, 1.0, 0.02399632573241406, 0.014660601211454294, 0.28237828468454756, 0.0650560963708208], "features": ["SMA20_dist", "SMA50_dist", "sma_cross", "RSI14", "MACD", "MACD_sig", "MACD_hist", "BB_width", "BB_pos", "ATR14", "ret_1d", "ret_5d", "vol_10d", "vol_ratio", "obv_trend", "spy_ret_1d", "vix_level", "vix_change", "vix_regime", "asset_class", "ret_1m", "ret_3m", "ret_6m", "ret_12m", "high52w_dist", "low52w_dist", "day_of_week", "month", "is_options_expiry", "btc_ret_1d", "gold_ret_1d", "corr_spy_20d", "vwap_dist"]}