{"center": [0.008449114448620253, 0.02487277441002659, 1.0, 53.53922963815131, 6.314946784431584, 7.286638825427023, 0.0425679122748972, 0.07879402309942816, 0.6225260751956555, 18.348360581208418, 0.00131952885471176, 0.005547907217725356, 0.01159440363845271, 0.9329338243325305, 1.0263291052061367, 0.0009429485798330139, 17.61500072479248, -0.005254864671583648, 1.0, 0.0, 0.021190831425994316, 0.038042517832730494, 0.0, 0.0, -0.08108259915357574, 0.1882195775770133, 2.0, 6.0, 0.0, 0.0008811729500342036, 0.002009593458897063, 0.45126628961763604, 0.008916147826862189], "scale": [0.036430743442934926, 0.07603263562379081, 1.0, 24.150976761453848, 17.937971756364078, 15.919273670265468, 4.988505189657136, 0.06736419626212059, 0.49907655474528095, 6.026581415664266, 0.0152024829919426, 0.0338547337767823, 0.005556199239268724, 0.32730075641519085, 0.18783322216327414, 0.00877275787791626, 4.305000305175781, 0.08090759389603203, 1.0, 1.0, 0.08265695283094321, 0.1675634765637582, 0.21256522343333073, 0.03861921751781841, 0.14926200278803042, 0.18856417136623393, 2.0, 7.0, 1.0, 0.029784960820613965, 0.015141742603942132, 0.30946312575277873, 0.03682946742435259], "features": ["SMA20_dist", "SMA50_dist", "sma_cross", "RSI14", "MACD", "MACD_sig", "MACD_hist", "BB_width", "BB_pos", "ATR14", "ret_1d", "ret_5d", "vol_10d", "vol_ratio", "obv_trend", "spy_ret_1d", "vix_level", "vix_change", "vix_regime", "asset_class", "ret_1m", "ret_3m", "ret_6m", "ret_12m", "high52w_dist", "low52w_dist", "day_of_week", "month", "is_options_expiry", "btc_ret_1d", "gold_ret_1d", "corr_spy_20d", "vwap_dist"]}