{"center": [0.013701329298912135, 0.023785342442434874, 1.0, 57.39418978163495, 1.2965680345141521, 1.308438126380543, 0.09608836887711736, 0.0870278532967925, 0.6735239970779465, 3.1667924559091563, 0.0015132957565686667, 0.005155462116611997, 0.012017860666683897, 0.8581810949819967, 1.0360177248921532, 0.0009266205168788622, 17.885000228881836, -0.006664472772315133, 1.0, 0.0, 0.02012998220278661, 0.05732018276328654, 0.12466970267456301, 0.2962798475046652, -0.031622101321769944, 0.35125773378530195, 2.0, 6.0, 0.0, -0.0014998349928206922, 0.0008295609063160292, 0.6068488136785885, 0.013294411599406962], "scale": [0.04149317650835591, 0.0648322712242201, 1.0, 25.88484742138963, 3.6609898132838623, 3.3589437725762905, 1.1710643587141538, 0.05017905840055166, 0.4846963048339073, 1.985593491226799, 0.01600702577028354, 0.03858190205888978, 0.005723662937263136, 0.4494719269284225, 0.2598573563381259, 0.009002007564147124, 4.275000095367432, 0.07587885266562616, 1.0, 1.0, 0.08506399228408912, 0.10734524896387798, 0.17254183362193576, 0.4126731208901131, 0.05664800510192856, 0.3936733663681566, 2.0, 7.0, 1.0, 0.025769561431124133, 0.01579647816688054, 0.3019158369583333, 0.04271746177832876], "features": ["SMA20_dist", "SMA50_dist", "sma_cross", "RSI14", "MACD", "MACD_sig", "MACD_hist", "BB_width", "BB_pos", "ATR14", "ret_1d", "ret_5d", "vol_10d", "vol_ratio", "obv_trend", "spy_ret_1d", "vix_level", "vix_change", "vix_regime", "asset_class", "ret_1m", "ret_3m", "ret_6m", "ret_12m", "high52w_dist", "low52w_dist", "day_of_week", "month", "is_options_expiry", "btc_ret_1d", "gold_ret_1d", "corr_spy_20d", "vwap_dist"]}