{"center": [0.01891199514106094, 0.06137189036400323, 1.0, 54.63724877290336, 2.234194077025748, 2.444786984843322, 0.16827525268455212, 0.2153393933480409, 0.6204858769524317, 7.364180428641182, 0.0030896571827599972, 0.012013756209188542, 0.028047688365263418, 0.9299600807710573, 1.0390748485944408, 0.0014361172960866142, 17.289999961853027, -0.005509084778692164, 1.0, 0.0, 0.05245033346777028, 0.13535210036020262, 0.17349301229544045, 0.22915262266698389, -0.08155403315067744, 0.9032796527447764, 2.0, 6.0, 0.0, -0.0031126428422921792, 0.002009593458897063, 0.5021737669832484, 0.016999191037057666], "scale": [0.0941860297837864, 0.15381043306072864, 0.75, 22.79526188751349, 6.379428924654089, 5.885648022316776, 1.8991119528423273, 0.164731925283309, 0.4564681899126908, 4.900750023978098, 0.039155405738745236, 0.08666683089097713, 0.014978590873132205, 0.45406858196191147, 0.15699420470322378, 0.008544548524667822, 3.867499828338623, 0.08056879535958827, 1.0, 1.0, 0.15725255588980042, 0.3468719713927084, 0.5883910170862134, 0.8820928234038915, 0.19346220763501865, 0.8221103130441008, 2.0, 7.0, 1.0, 0.026280929385921248, 0.014505600301865568, 0.3538343286811438, 0.09417467168179623], "features": ["SMA20_dist", "SMA50_dist", "sma_cross", "RSI14", "MACD", "MACD_sig", "MACD_hist", "BB_width", "BB_pos", "ATR14", "ret_1d", "ret_5d", "vol_10d", "vol_ratio", "obv_trend", "spy_ret_1d", "vix_level", "vix_change", "vix_regime", "asset_class", "ret_1m", "ret_3m", "ret_6m", "ret_12m", "high52w_dist", "low52w_dist", "day_of_week", "month", "is_options_expiry", "btc_ret_1d", "gold_ret_1d", "corr_spy_20d", "vwap_dist"]}