{"center": [0.005422819209840382, 0.016380531143103456, 1.0, 55.99858170152153, 1.3150415981233436, 1.3360100492910942, -0.01783691405874327, 0.04631902865668534, 0.633981689801201, 2.3485728672572543, 0.00026129341084601965, 0.0043476602248182505, 0.006551892856645453, 0.7187209651100532, 0.9860875177933088, 0.0003508342420049937, 17.61500072479248, -0.0032892091045676475, 1.0, 1.0, 0.01196520859397543, 0.029790169100156194, 0.07416828795550134, 0.10235435647850477, -0.01569447519777862, 0.18726543346003122, 2.0, 6.0, 0.0, -0.00304315102194197, 0.002023732545861412, 0.5006533942164251, 0.006474780893125499], "scale": [0.02225777616554666, 0.02985859657286141, 1.0, 23.781172655175688, 2.282902714074602, 1.9928465818632666, 0.8876876189477765, 0.022992948966954488, 0.4678005966977136, 1.1303561074393138, 0.00929210494167873, 0.020068824452606826, 0.003430150227201712, 0.7153698416545813, 0.36649499143730235, 0.009766403667717694, 4.222499847412109, 0.08429047955298008, 1.0, 1.0, 0.045666811591836304, 0.056576096544229626, 0.07693681825636023, 0.16229643263515042, 0.025004407511980558, 0.12305611352101532, 2.0, 7.0, 1.0, 0.02856805074050575, 0.015155855833445864, 0.2693533921103496, 0.023230924896394854], "features": ["SMA20_dist", "SMA50_dist", "sma_cross", "RSI14", "MACD", "MACD_sig", "MACD_hist", "BB_width", "BB_pos", "ATR14", "ret_1d", "ret_5d", "vol_10d", "vol_ratio", "obv_trend", "spy_ret_1d", "vix_level", "vix_change", "vix_regime", "asset_class", "ret_1m", "ret_3m", "ret_6m", "ret_12m", "high52w_dist", "low52w_dist", "day_of_week", "month", "is_options_expiry", "btc_ret_1d", "gold_ret_1d", "corr_spy_20d", "vwap_dist"]}