{"center": [-0.007657604019969842, -0.015205876209576976, 0.0, 47.633196681218834, -2.985117031972777, -3.8306859291263464, 0.3786434203557931, 0.11327745392154825, 0.4189469854107784, 20.329428358436, -0.00137848868441115, 0.0008889828142149003, 0.018502579781804127, 0.9508145849495733, 1.0114367983770927, 0.0007044991031190939, 17.520000457763672, -0.005579556721748813, 1.0, 0.0, -0.019084515988200046, -0.054405461960257195, -0.07380255927661428, 0.0, -0.3656469146228594, 0.17598137631870792, 2.0, 6.0, 0.0, -0.00032588834829794244, 0.0006461951944911615, 0.2935618611457665, -0.005525893139841904], "scale": [0.057780997524954095, 0.12024282678430477, 1.0, 22.61209918635496, 22.869098828351184, 23.665356185318025, 6.2520320267926905, 0.09568511627261657, 0.49802585610574945, 5.705799529996543, 0.024955022124670045, 0.055929872266475944, 0.008374981786708544, 0.35295004539499786, 0.19736467886020648, 0.009579993563282652, 4.350001335144043, 0.07984140203483225, 1.0, 1.0, 0.10678120691693893, 0.2519804303044766, 0.49778718037380265, 0.07281502002695994, 0.4035052233312997, 0.45619308185234697, 2.0, 7.0, 1.0, 0.029044936548680234, 0.014308638228403892, 0.3679879562055206, 0.058623666114822545], "features": ["SMA20_dist", "SMA50_dist", "sma_cross", "RSI14", "MACD", "MACD_sig", "MACD_hist", "BB_width", "BB_pos", "ATR14", "ret_1d", "ret_5d", "vol_10d", "vol_ratio", "obv_trend", "spy_ret_1d", "vix_level", "vix_change", "vix_regime", "asset_class", "ret_1m", "ret_3m", "ret_6m", "ret_12m", "high52w_dist", "low52w_dist", "day_of_week", "month", "is_options_expiry", "btc_ret_1d", "gold_ret_1d", "corr_spy_20d", "vwap_dist"]}