{"center": [-0.0022255254226059983, -0.0007932147084378173, 0.0, 49.01299431262914, -0.22879902186545564, -0.11510055617589539, -0.06982954003235786, 0.08821853768600466, 0.46184914769888086, 4.815547402672863, -0.000368510731772409, -0.006613214396561096, 0.01456130112940815, 0.931815340447885, 0.9785757095567353, 0.0010392444994845595, 17.695000648498535, -0.006642781425620192, 1.0, 0.0, -0.0047196021825275936, 0.0, 0.0, 0.0, -0.12339554438185565, 0.16685876117436205, 2.0, 6.0, 0.0, 0.00024003985338927336, 0.001984571541046254, -0.03102298513703171, -0.00160067304172323], "scale": [0.04727481981077461, 0.07407700058823163, 1.0, 21.340805383291233, 4.343911813981663, 4.369289237327818, 1.4526561771008515, 0.05986451833697391, 0.5358064650419957, 1.3690987722666712, 0.01961433472365709, 0.03987519805590742, 0.008007044979953281, 0.4507722384396792, 0.3104709386826241, 0.008831489488231425, 4.537498950958252, 0.07884430474209209, 1.0, 1.0, 0.08219282435936309, 0.14333958411626938, 0.15628851531428847, 0.08124854188898584, 0.12036471015197421, 0.18979677775880782, 2.0, 7.0, 1.0, 0.02655653332578098, 0.015763134998213718, 0.40443125428526194, 0.047218275904056424], "features": ["SMA20_dist", "SMA50_dist", "sma_cross", "RSI14", "MACD", "MACD_sig", "MACD_hist", "BB_width", "BB_pos", "ATR14", "ret_1d", "ret_5d", "vol_10d", "vol_ratio", "obv_trend", "spy_ret_1d", "vix_level", "vix_change", "vix_regime", "asset_class", "ret_1m", "ret_3m", "ret_6m", "ret_12m", "high52w_dist", "low52w_dist", "day_of_week", "month", "is_options_expiry", "btc_ret_1d", "gold_ret_1d", "corr_spy_20d", "vwap_dist"]}