{"center": [-0.0024545923339383225, -0.002073377468965224, 0.0, 49.14886655229515, 0.07668719406888158, 0.13634801964005344, -0.0715014087003163, 0.08025762031696863, 0.4626244045979921, 7.402920041958644, -0.0007854994746654409, -0.0005090817515426282, 0.011778639233261771, 0.96487758413316, 0.9534150705960364, 0.0013759502770052112, 17.440000534057617, -0.005298008058610915, 1.0, 0.0, -0.004514128722494792, -0.00034555973261940487, 0.0, 0.0, -0.06446047693368886, 0.13935978063687182, 2.0, 6.0, 0.0, 0.00018283765004545316, 0.0020287362083613036, 0.3732558438294662, -0.0007142879280925942], "scale": [0.03943640512528808, 0.0573685272552327, 1.0, 23.57125537661149, 5.857266561040973, 5.834741253138457, 2.315752707270166, 0.05121981081483426, 0.48622498544706433, 2.1640466659163486, 0.01615688106679103, 0.03861157030950396, 0.006312028787500996, 0.4129459571845222, 0.6169887378312958, 0.008572282213227755, 4.039999961853027, 0.0778907942008284, 1.0, 1.0, 0.07267746237022676, 0.09468841718840165, 0.09931029452727091, 0.040644854485630655, 0.08623524682237929, 0.12130871140464286, 2.0, 7.0, 1.0, 0.027012937431908413, 0.015059983268777444, 0.41945594777821, 0.037363257251588004], "features": ["SMA20_dist", "SMA50_dist", "sma_cross", "RSI14", "MACD", "MACD_sig", "MACD_hist", "BB_width", "BB_pos", "ATR14", "ret_1d", "ret_5d", "vol_10d", "vol_ratio", "obv_trend", "spy_ret_1d", "vix_level", "vix_change", "vix_regime", "asset_class", "ret_1m", "ret_3m", "ret_6m", "ret_12m", "high52w_dist", "low52w_dist", "day_of_week", "month", "is_options_expiry", "btc_ret_1d", "gold_ret_1d", "corr_spy_20d", "vwap_dist"]}