{"center": [0.010514123554079022, 0.028307767304742187, 1.0, 56.69146841698011, 0.3956385007537122, 0.4118307481447342, -0.004674351363487594, 0.06304074718253895, 0.6781999403036106, 0.5484650534236789, 0.0006416572895322492, 0.005854210347838507, 0.010871072852077807, 0.5428476158719573, 1.010406497840221, 0.0007604384781254581, 17.440000534057617, -0.005681812794001595, 1.0, 0.0, 0.024841577705302154, 0.06951169528276746, 0.11907074199675893, 0.11622925898480307, -0.029729228001248834, 0.3015563519546723, 2.0, 6.0, 0.0, -0.00022924323774897726, 0.0019383092584315254, 0.683194445739436, 0.01037657242494598], "scale": [0.027720140558209077, 0.03874280155272972, 1.0, 16.945554797830823, 0.5516019244483203, 0.5268646558960787, 0.16634437403170826, 0.04196861946074151, 0.37273005357148736, 0.25170786334197764, 0.013669392656838308, 0.032068732610179396, 0.0056786579723607025, 0.7432795290179697, 0.16379117329401505, 0.008253346069909795, 4.6100006103515625, 0.08312347412058296, 1.0, 1.0, 0.045569039924087784, 0.09464810892085596, 0.21180361914676893, 0.3240909528425582, 0.055616059154846575, 0.3041453467543343, 2.0, 7.0, 1.0, 0.025325689212821745, 0.015355878788861799, 0.2139452225837244, 0.02678365035167611], "features": ["SMA20_dist", "SMA50_dist", "sma_cross", "RSI14", "MACD", "MACD_sig", "MACD_hist", "BB_width", "BB_pos", "ATR14", "ret_1d", "ret_5d", "vol_10d", "vol_ratio", "obv_trend", "spy_ret_1d", "vix_level", "vix_change", "vix_regime", "asset_class", "ret_1m", "ret_3m", "ret_6m", "ret_12m", "high52w_dist", "low52w_dist", "day_of_week", "month", "is_options_expiry", "btc_ret_1d", "gold_ret_1d", "corr_spy_20d", "vwap_dist"]}