{"center": [0.013420783583524741, 0.04059713656646557, 1.0, 56.416542647388944, 0.6251404144273138, 0.6151900958811798, -0.012974299077760043, 0.10197872434608313, 0.6520752396297356, 1.1520795804210238, 0.0016040430659607363, 0.006872879213386751, 0.015427613335717098, 0.8707124010554089, 1.0311068104846743, 0.0005046930393417526, 17.479999542236328, -0.005579556721748813, 1.0, 0.0, 0.02806961626294191, 0.09039611724690877, 0.08158250035396986, 0.21969145561707104, -0.03985798560751695, 0.4756077949465586, 2.0, 6.0, 0.0, -0.0017695992030517527, 0.000748780548875283, 0.850744477630542, 0.012803357748326773], "scale": [0.05003386163435312, 0.09001818305771936, 1.0, 24.548523816083758, 1.2788309648860974, 1.2404936141616074, 0.3565321507962248, 0.07391183295054063, 0.48080775371624174, 0.7700891129353777, 0.0206686966440095, 0.045839220102454614, 0.007963258632128552, 0.5855081924664016, 0.27017199851187135, 0.009078721417040803, 4.184999465942383, 0.08472599710104778, 1.0, 1.0, 0.10662703532835172, 0.18885423774847604, 0.2226375407999347, 0.39327585943385057, 0.07280147240129083, 0.3907541379442547, 2.0, 7.0, 1.0, 0.02880863715462123, 0.015969321322702235, 0.10416775411127921, 0.04471198596199466], "features": ["SMA20_dist", "SMA50_dist", "sma_cross", "RSI14", "MACD", "MACD_sig", "MACD_hist", "BB_width", "BB_pos", "ATR14", "ret_1d", "ret_5d", "vol_10d", "vol_ratio", "obv_trend", "spy_ret_1d", "vix_level", "vix_change", "vix_regime", "asset_class", "ret_1m", "ret_3m", "ret_6m", "ret_12m", "high52w_dist", "low52w_dist", "day_of_week", "month", "is_options_expiry", "btc_ret_1d", "gold_ret_1d", "corr_spy_20d", "vwap_dist"]}