{"center": [0.005354455777318023, 0.01481831758826585, 1.0, 52.326837370739185, 0.34112293256373505, 0.2761189082280212, 0.004940697269269434, 0.08441199246709917, 0.5719545160368087, 1.8428568158830916, 0.0, 0.0016327690620404622, 0.013664051151444992, 0.9321903903289984, 0.950235835212971, 0.00040839092529720844, 17.38499927520752, -0.006606896521132111, 1.0, 0.0, 0.01361616425654133, 0.03474168333477212, 0.05286190554806047, 0.09189273322229263, -0.08797935833239515, 0.2185199453421649, 2.0, 6.0, 0.0, 8.154757069173124e-05, 0.0021520129299148483, 0.3716607145848154, 0.00683448371235997], "scale": [0.04366557306452206, 0.05670184495963001, 1.0, 20.839077077351405, 1.261821864894081, 1.2606683732980393, 0.521748165251076, 0.05187340528261086, 0.4895105082727305, 0.7055360249110629, 0.0183462825115496, 0.04249813835175084, 0.0080350158015325, 0.44965270428970894, 0.7844945483133101, 0.009053659325218621, 3.8425002098083496, 0.08293245666461574, 1.0, 1.0, 0.06851080279206065, 0.0911335203700146, 0.093683163031751, 0.1649723951670718, 0.12727615657104369, 0.08850037009241435, 2.0, 7.0, 1.0, 0.02605523321649425, 0.015747137195820216, 0.3158643223995452, 0.043065651071073664], "features": ["SMA20_dist", "SMA50_dist", "sma_cross", "RSI14", "MACD", "MACD_sig", "MACD_hist", "BB_width", "BB_pos", "ATR14", "ret_1d", "ret_5d", "vol_10d", "vol_ratio", "obv_trend", "spy_ret_1d", "vix_level", "vix_change", "vix_regime", "asset_class", "ret_1m", "ret_3m", "ret_6m", "ret_12m", "high52w_dist", "low52w_dist", "day_of_week", "month", "is_options_expiry", "btc_ret_1d", "gold_ret_1d", "corr_spy_20d", "vwap_dist"]}