{"center": [0.008835489093809174, 0.023580007629064828, 1.0, 55.95931565911384, 0.5224944702994634, 0.5553695143522217, -0.009629742622144333, 0.04977416280720161, 0.6959892114138841, 0.6820283750666388, 0.0012077004371646716, 0.0029903439757601458, 0.007751417250681148, 0.871969990075193, 1.0212989902650793, 0.0012780826440004223, 17.3799991607666, -0.007843129677328364, 1.0, 0.0, 0.019642540334557035, 0.04958796662130083, 0.11084930105534818, 0.1757522646713614, -0.013832803040794572, 0.24927438811135455, 2.0, 6.0, 0.0, 0.000879679657679322, 0.0020813110966888537, 0.7692685175270113, 0.010307888723385276], "scale": [0.023296758139153814, 0.033032288740748074, 1.0, 20.358379605526146, 0.5861786212065994, 0.4934804145845523, 0.21562537900566014, 0.022683603554482464, 0.4392704371422506, 0.3287616807920597, 0.00986357259588333, 0.024000338698410117, 0.0036175548513801446, 0.5324484531005009, 0.22793826499286618, 0.00875435247491596, 3.6799983978271484, 0.08098406662881519, 1.0, 1.0, 0.043190604451556536, 0.05916737532433847, 0.13839460343608878, 0.24917513319853546, 0.03293790575303395, 0.22801068215685832, 2.0, 7.0, 1.0, 0.027139191152030673, 0.014987202758357299, 0.16023709830595467, 0.022986026640940054], "features": ["SMA20_dist", "SMA50_dist", "sma_cross", "RSI14", "MACD", "MACD_sig", "MACD_hist", "BB_width", "BB_pos", "ATR14", "ret_1d", "ret_5d", "vol_10d", "vol_ratio", "obv_trend", "spy_ret_1d", "vix_level", "vix_change", "vix_regime", "asset_class", "ret_1m", "ret_3m", "ret_6m", "ret_12m", "high52w_dist", "low52w_dist", "day_of_week", "month", "is_options_expiry", "btc_ret_1d", "gold_ret_1d", "corr_spy_20d", "vwap_dist"]}