{"center": [-0.00014671107650948275, -0.0037276876955788588, 0.0, 48.90685716608462, -0.062214059898138885, -0.0744776417683122, -0.002309909825306919, 0.04300926740000529, 0.4938333435700326, 0.7959562895081456, 0.0005018500961091465, -0.0016242919450762394, 0.006519632364952451, 0.92975335134175, 0.9531148963139788, 0.001039192360821617, 17.479999542236328, -0.004622023407450215, 1.0, 0.0, -0.0016541281228268367, -0.0024958098865019984, 0.0, 0.0, -0.06756890552447145, 0.06062313817061782, 2.0, 6.0, 0.0, -0.0015742310644737412, 0.0017274257138395477, 0.18357331593410753, 2.509395194871843e-05], "scale": [0.01931663725383705, 0.026876185855468145, 1.0, 20.7675783394156, 0.6793942028789104, 0.641249245782495, 0.26330707890353217, 0.022933208904667254, 0.493812280043374, 0.30144965984897887, 0.009496946841230619, 0.01841935812212278, 0.0026947505605585866, 0.42999765919154687, 0.6781188235594431, 0.009336797387501095, 4.482499361038208, 0.08382417176810031, 1.0, 1.0, 0.034845207351357155, 0.048284610159312846, 0.05458815653744534, 0.023395264057935405, 0.0705590345450055, 0.0404566673367925, 2.0, 7.0, 1.0, 0.02695285106103215, 0.016172532059824885, 0.5405991958126366, 0.01885630684553621], "features": ["SMA20_dist", "SMA50_dist", "sma_cross", "RSI14", "MACD", "MACD_sig", "MACD_hist", "BB_width", "BB_pos", "ATR14", "ret_1d", "ret_5d", "vol_10d", "vol_ratio", "obv_trend", "spy_ret_1d", "vix_level", "vix_change", "vix_regime", "asset_class", "ret_1m", "ret_3m", "ret_6m", "ret_12m", "high52w_dist", "low52w_dist", "day_of_week", "month", "is_options_expiry", "btc_ret_1d", "gold_ret_1d", "corr_spy_20d", "vwap_dist"]}