{"center": [-0.004682708581751308, -0.0030393603837319595, 1.0, 46.49764183807124, 0.007217945250005187, -0.021159369626605716, 0.03429831099738223, 0.09260955331970194, 0.4485366829988607, 1.9192870003836495, 0.0005635191802906281, -0.0023809160505022797, 0.012659771198954471, 0.9411182777015656, 1.0418495617909092, 0.001093715365680037, 17.610000610351562, -0.006670313141271755, 1.0, 0.0, -0.011611224684444865, 0.0, 0.0, 0.0, -0.06423054883426832, 0.19469024449371142, 2.0, 6.0, 0.0, 0.00029724205673309356, 0.0009103412637567754, 0.2870514295249725, -0.002710323104036093], "scale": [0.051030753713574586, 0.09290488073010103, 1.0, 27.491861246052174, 2.6979222361162982, 2.452533376221513, 0.5269639623817842, 0.08036898599258618, 0.4991865142664602, 0.5192860194614957, 0.016517397603938777, 0.045095299476076156, 0.007917265841640781, 0.4430476927924816, 0.38804930546423366, 0.008679128315325801, 4.19999885559082, 0.08057215900272208, 1.0, 1.0, 0.10417569199290033, 0.17993817003807033, 0.2264624274815885, 0.15964108294939017, 0.12957047128794774, 0.2902517449254876, 2.0, 7.0, 1.0, 0.029722721650868977, 0.013962612023278531, 0.44002429465745174, 0.048988472750865646], "features": ["SMA20_dist", "SMA50_dist", "sma_cross", "RSI14", "MACD", "MACD_sig", "MACD_hist", "BB_width", "BB_pos", "ATR14", "ret_1d", "ret_5d", "vol_10d", "vol_ratio", "obv_trend", "spy_ret_1d", "vix_level", "vix_change", "vix_regime", "asset_class", "ret_1m", "ret_3m", "ret_6m", "ret_12m", "high52w_dist", "low52w_dist", "day_of_week", "month", "is_options_expiry", "btc_ret_1d", "gold_ret_1d", "corr_spy_20d", "vwap_dist"]}