{"center": [0.014153306695370464, 0.03349288838225764, 1.0, 55.26385743649081, 8.250509883955715, 8.411273871383472, 0.37196119443813913, 0.1374590670380474, 0.6107817737673316, 24.696920561963935, 0.0027523519088978876, 0.00577633922743459, 0.023133249218893506, 0.9542043829583101, 0.9924644742343489, 0.0005625013995373962, 17.515000343322754, -0.005254864671583648, 1.0, 0.0, 0.04385347327385014, 0.092898494799047, 0.1294921690166737, 0.0, -0.17756092236478005, 0.3236865326011119, 2.0, 6.0, 0.0, 0.00035304210520692436, 0.001788531730296361, 0.651563982016946, 0.0165045642735121], "scale": [0.07114004172860582, 0.1381738840912309, 1.0, 22.868542865776504, 35.17655444393691, 34.305031111134866, 10.255066464188804, 0.10100129600760284, 0.4770682652219409, 22.64968471572562, 0.031235732831359053, 0.06154184573166435, 0.01191671362289701, 0.4498046075173462, 0.30488338886671584, 0.009508732103590545, 4.510000228881836, 0.08451014059393425, 1.0, 1.0, 0.1332721495738826, 0.2923342924193213, 0.4788868613806158, 0.7878371214629483, 0.2913726526046415, 1.0046633768488518, 2.0, 7.0, 1.0, 0.02898180809244283, 0.014576610541913393, 0.25485674180058615, 0.07236241555105102], "features": ["SMA20_dist", "SMA50_dist", "sma_cross", "RSI14", "MACD", "MACD_sig", "MACD_hist", "BB_width", "BB_pos", "ATR14", "ret_1d", "ret_5d", "vol_10d", "vol_ratio", "obv_trend", "spy_ret_1d", "vix_level", "vix_change", "vix_regime", "asset_class", "ret_1m", "ret_3m", "ret_6m", "ret_12m", "high52w_dist", "low52w_dist", "day_of_week", "month", "is_options_expiry", "btc_ret_1d", "gold_ret_1d", "corr_spy_20d", "vwap_dist"]}