{"center": [0.0007503297744531792, 0.005235565354069965, 1.0, 48.65658753180574, 0.34374251915252785, 0.411403697961569, 0.006625426231637199, 0.10032739310439592, 0.5117364789724071, 5.053200942574118, -0.00024932282100476044, 0.0028529842449930287, 0.015795556810598174, 0.9497759435160145, 1.044544314624786, 0.0007457441398391884, 17.324999809265137, -0.005649859110261113, 1.0, 0.0, -0.0016049161409106838, 0.0, 0.0, 0.0, -0.10030989587750264, 0.20770371547640193, 2.0, 6.0, 0.0, -0.0011698293944815696, 0.000978748110388561, 0.4658352079058861, 0.002240326682112229], "scale": [0.05426104235497728, 0.09872264413170848, 1.0, 24.635038810615725, 6.5296117261653706, 6.405120876125348, 1.7585183648162963, 0.06413138401295826, 0.5557442495126195, 1.4272235100912418, 0.021090770286306015, 0.052295914446842284, 0.007013436521136646, 0.46717093262801546, 0.8165325898063186, 0.008939130246451404, 3.872499465942383, 0.0796315458002187, 1.0, 1.0, 0.0940444693074079, 0.23009288686726728, 0.39942241151818464, 0.03452160824626513, 0.21625575746585368, 0.33440550714413586, 2.0, 7.0, 1.0, 0.027297914228948256, 0.01521311672791667, 0.38761579567140747, 0.05108424639295793], "features": ["SMA20_dist", "SMA50_dist", "sma_cross", "RSI14", "MACD", "MACD_sig", "MACD_hist", "BB_width", "BB_pos", "ATR14", "ret_1d", "ret_5d", "vol_10d", "vol_ratio", "obv_trend", "spy_ret_1d", "vix_level", "vix_change", "vix_regime", "asset_class", "ret_1m", "ret_3m", "ret_6m", "ret_12m", "high52w_dist", "low52w_dist", "day_of_week", "month", "is_options_expiry", "btc_ret_1d", "gold_ret_1d", "corr_spy_20d", "vwap_dist"]}