{"center": [0.003815462630659998, -0.009738591530085907, 0.0, 50.56352413735533, -1.3081281216182106, -1.616615579117209, -0.19664048941740386, 0.101926362023314, 0.5366492633528284, 9.833632126494308, 0.000382534243515531, 0.00457328122421341, 0.013094774657720609, 0.8841224794622853, 1.0175770872159184, 0.0005050065539069504, 17.440000534057617, -0.002595714617073419, 1.0, 0.0, -0.004602053961668906, 0.0, 0.0022435996760619137, 0.0, -0.18460277791888424, 0.16594478818358327, 2.0, 6.0, 0.0, -0.0017695992030517527, 0.002012776164397767, 0.11229230030014813, 0.005282615392007576], "scale": [0.0555297106447868, 0.09898694533486128, 1.0, 30.09939961128164, 13.720098559695145, 14.196430323109286, 3.7384651938894318, 0.046605076110088725, 0.5470755251307629, 3.8312390313934124, 0.01618055595420076, 0.04208283547925373, 0.007744238291634571, 0.40416322467345833, 0.4572877816309976, 0.00885996928834365, 3.770000457763672, 0.07439305369627602, 1.0, 1.0, 0.12811054049128134, 0.18044264259110232, 0.15091660455885247, 0.10570849569390106, 0.14586921138515374, 0.179413839627571, 2.0, 7.0, 1.0, 0.027709664534986023, 0.01529338181511819, 0.3354612327649732, 0.05844518832257155], "features": ["SMA20_dist", "SMA50_dist", "sma_cross", "RSI14", "MACD", "MACD_sig", "MACD_hist", "BB_width", "BB_pos", "ATR14", "ret_1d", "ret_5d", "vol_10d", "vol_ratio", "obv_trend", "spy_ret_1d", "vix_level", "vix_change", "vix_regime", "asset_class", "ret_1m", "ret_3m", "ret_6m", "ret_12m", "high52w_dist", "low52w_dist", "day_of_week", "month", "is_options_expiry", "btc_ret_1d", "gold_ret_1d", "corr_spy_20d", "vwap_dist"]}