{"center": [0.006463444240730863, 0.016966097959562585, 1.0, 55.47501803894603, 0.8028740387786684, 0.7735948467866528, -0.02576591162747044, 0.04649154094916573, 0.6425079727210669, 1.4145670785817137, -0.00018810277068415093, 0.0027481678508201046, 0.007876348815325751, 0.7151370679380215, 1.029915681669426, 0.0007603357629590857, 17.600000381469727, -0.006626930447881874, 1.0, 0.0, 0.012382611270769228, 0.03181012957277063, 0.04406196791986772, 0.06704549864716691, -0.015794706506165008, 0.19753594181291748, 2.0, 6.0, 0.0, -1.9742508661990676e-05, 0.0020064107533963593, 0.8401161630275626, 0.007030916394428171], "scale": [0.019722922679346066, 0.030769666636641206, 1.0, 18.018836283571588, 1.4603935758424171, 1.3332342534741233, 0.4419142481663608, 0.037044706430263544, 0.4440268765113432, 0.6055105038438009, 0.010648043633223914, 0.022906623764492096, 0.0036847647219412517, 0.779616711297981, 0.14955645385302796, 0.009505479920277837, 4.379999160766602, 0.08043941108705266, 1.0, 1.0, 0.04109147194052376, 0.0638424228710669, 0.08462811564143136, 0.1293733372314071, 0.03637456139233866, 0.1181253172456892, 2.0, 7.0, 1.0, 0.026776778713883675, 0.015653027279669607, 0.15852658179771995, 0.020368167531956083], "features": ["SMA20_dist", "SMA50_dist", "sma_cross", "RSI14", "MACD", "MACD_sig", "MACD_hist", "BB_width", "BB_pos", "ATR14", "ret_1d", "ret_5d", "vol_10d", "vol_ratio", "obv_trend", "spy_ret_1d", "vix_level", "vix_change", "vix_regime", "asset_class", "ret_1m", "ret_3m", "ret_6m", "ret_12m", "high52w_dist", "low52w_dist", "day_of_week", "month", "is_options_expiry", "btc_ret_1d", "gold_ret_1d", "corr_spy_20d", "vwap_dist"]}