{"center": [-0.002282877290256725, -0.01030490201886374, 0.0, 48.92398663593488, -0.06266614302100315, -0.07989299500130854, -0.012793516998137196, 0.08562365755663437, 0.46981553463567927, 0.5799361558626832, -0.0008169912353090947, -0.003357493598499406, 0.015121966727442253, 0.9525349191693235, 0.9878174516820579, 0.0014439794792905358, 17.364999771118164, -0.008242576903709442, 1.0, 0.0, -0.010111529701873123, -0.03454716496885879, -0.03199014492122454, -0.025927113056791462, -0.16900456443916465, 0.1085667307751916, 2.0, 6.0, 0.0, 0.0003098700789467834, 0.0020351952356854053, 0.3078357651073007, -0.001953783724649896], "scale": [0.04807569060095008, 0.06209689001632758, 1.0, 20.020248510488607, 0.4461932627966432, 0.4088892446580209, 0.17570230359682798, 0.04698581297704456, 0.5092837906312793, 0.09715068277739436, 0.02047851839048717, 0.043350539764992396, 0.005764056684832765, 0.44519247057332567, 0.713813136782683, 0.008668581456369562, 4.0774993896484375, 0.08030240343815087, 1.0, 1.0, 0.08036953159868848, 0.1166356795658314, 0.12233541181871593, 0.12681411705118312, 0.12288047504549911, 0.10921514080998077, 2.0, 7.0, 1.0, 0.028555012975790023, 0.015005299302593228, 0.437138560554093, 0.047215231056973145], "features": ["SMA20_dist", "SMA50_dist", "sma_cross", "RSI14", "MACD", "MACD_sig", "MACD_hist", "BB_width", "BB_pos", "ATR14", "ret_1d", "ret_5d", "vol_10d", "vol_ratio", "obv_trend", "spy_ret_1d", "vix_level", "vix_change", "vix_regime", "asset_class", "ret_1m", "ret_3m", "ret_6m", "ret_12m", "high52w_dist", "low52w_dist", "day_of_week", "month", "is_options_expiry", "btc_ret_1d", "gold_ret_1d", "corr_spy_20d", "vwap_dist"]}