{"center": [0.0017525085891001027, 0.0033649749113030315, 1.0, 70.32212730453182, 0.10150181163925964, 0.0960337207872871, -0.00023746100313896262, 0.006108793725792308, 0.78160796873936, 0.1112446756073387, 0.00018806407447269358, 0.0008437467944824029, 0.0005687977078996831, 0.8915877179218599, 1.054087722962807, 0.0013269411980995072, 17.170000076293945, -0.00725672140930006, 1.0, 0.0, 0.003748014702864677, 0.007693976964929683, 0.014327995113086245, 0.030324094646427824, -0.001225763007670504, 0.03508513815143366, 2.0, 6.0, 0.0, -0.001142277624954502, 0.001709445736939541, 0.06414204259826797, 0.0017244895193497685], "scale": [0.0025908795925319436, 0.005320165902410987, 1.0, 31.243634806850054, 0.16562108650060026, 0.15755480482012826, 0.033966059501020746, 0.002477916348389602, 0.40901261364442393, 0.03765482226397335, 0.0008449064164750275, 0.0017213733352527127, 0.00037725286278276495, 0.3874658818133958, 0.11220437787062743, 0.008782741497970259, 3.890001058578491, 0.08430571345864513, 1.0, 1.0, 0.005539752716612556, 0.010699244922770468, 0.009980237871661801, 0.0361299941808465, 0.003549820894806182, 0.013567321253375002, 2.0, 7.0, 1.0, 0.026184730738631562, 0.01622444177105528, 0.43153137510855805, 0.002770069779264509], "features": ["SMA20_dist", "SMA50_dist", "sma_cross", "RSI14", "MACD", "MACD_sig", "MACD_hist", "BB_width", "BB_pos", "ATR14", "ret_1d", "ret_5d", "vol_10d", "vol_ratio", "obv_trend", "spy_ret_1d", "vix_level", "vix_change", "vix_regime", "asset_class", "ret_1m", "ret_3m", "ret_6m", "ret_12m", "high52w_dist", "low52w_dist", "day_of_week", "month", "is_options_expiry", "btc_ret_1d", "gold_ret_1d", "corr_spy_20d", "vwap_dist"]}