{"center": [-0.00029528541300751903, -0.009227375360114691, 0.0, 50.401652274556774, -9.041849172275988, -8.293696628711759, 2.5168180900209496, 0.19205596702580063, 0.49826351343964514, 131.4119437081473, -0.0008772231256284346, 0.0009880316234638364, 0.030891887725668827, 1.0139133566776874, 0.9892795925249341, 0.0004519214231406554, 17.299999237060547, -0.006642781425620192, 1.0, 0.0, -0.011123798484434788, -0.008281256651034907, -0.05731160380445366, 0.0, -0.3399158955559809, 0.3913759779066809, 3.0, 6.0, 0.0, 0.0008608689260511948, 0.0007764358777558877, 0.3931105522576268, -0.0035778937843053736], "scale": [0.10324069186003226, 0.20223894972586243, 1.0, 24.524918938650657, 138.20618045771675, 141.62552998708983, 42.95592411742369, 0.11448211939510394, 0.5482049088735467, 79.8823961530413, 0.041280797034544514, 0.09708929727528298, 0.014050684878849612, 0.4896620987539, 0.365787485737028, 0.009102429363060133, 3.72499942779541, 0.07643667835627915, 1.0, 1.0, 0.19647657228661608, 0.5794512570374117, 0.6120747314913928, 0.3663897745031168, 0.33550275651824313, 0.7741373647138319, 4.0, 7.0, 1.0, 0.02297791628554524, 0.014394252350160147, 0.32210286188663134, 0.09994358805071352], "features": ["SMA20_dist", "SMA50_dist", "sma_cross", "RSI14", "MACD", "MACD_sig", "MACD_hist", "BB_width", "BB_pos", "ATR14", "ret_1d", "ret_5d", "vol_10d", "vol_ratio", "obv_trend", "spy_ret_1d", "vix_level", "vix_change", "vix_regime", "asset_class", "ret_1m", "ret_3m", "ret_6m", "ret_12m", "high52w_dist", "low52w_dist", "day_of_week", "month", "is_options_expiry", "btc_ret_1d", "gold_ret_1d", "corr_spy_20d", "vwap_dist"]}