{"center": [0.005762443262682496, 0.015790592260840407, 1.0, 55.01707419035827, 0.2639683520304956, 0.2556342306930238, 0.0037663841777303975, 0.0574998994358861, 0.6152572636980351, 0.5228519034383439, 0.0003318971334961285, 0.0011966408190161593, 0.008589743307814939, 0.889942030918365, 0.9882393238927369, 0.0004925318390138766, 17.479999542236328, -0.0029360086450138656, 1.0, 0.0, 0.010825156159219973, 0.032336211936648596, 0.06300860214695969, 0.07791732463013978, -0.030106141686173656, 0.19678327279363844, 2.0, 6.0, 0.0, -0.0017258746687544568, 0.0012750435385292525, 0.4993351545093526, 0.00675019155179569], "scale": [0.029719027211948877, 0.04292648664743009, 1.0, 23.003874138676082, 0.6396534307490036, 0.5631571590057902, 0.19722764865552123, 0.02757408663318063, 0.5088703753680259, 0.17257617409885895, 0.011312954937250902, 0.025652120248039895, 0.004031838716937276, 0.615106672224173, 0.3739975638786722, 0.009425704704440374, 4.045000314712524, 0.08438211832038578, 1.0, 1.0, 0.05848556952845027, 0.07189236868584137, 0.10343098356713115, 0.1658264903078508, 0.04786125548579936, 0.1662636793554947, 2.0, 7.0, 1.0, 0.025785158606423192, 0.015074360062230785, 0.29852522469689446, 0.029477852648345418], "features": ["SMA20_dist", "SMA50_dist", "sma_cross", "RSI14", "MACD", "MACD_sig", "MACD_hist", "BB_width", "BB_pos", "ATR14", "ret_1d", "ret_5d", "vol_10d", "vol_ratio", "obv_trend", "spy_ret_1d", "vix_level", "vix_change", "vix_regime", "asset_class", "ret_1m", "ret_3m", "ret_6m", "ret_12m", "high52w_dist", "low52w_dist", "day_of_week", "month", "is_options_expiry", "btc_ret_1d", "gold_ret_1d", "corr_spy_20d", "vwap_dist"]}