{"center": [-0.00324431235625914, -0.008014802011811064, 0.0, 47.1615656664781, -0.4497580502292067, -0.31521074123183057, -0.0237726049055014, 0.08422654453745894, 0.4629665461211106, 2.5363615865146056, -0.0008457253610616444, -0.003353219163244048, 0.011307551240291955, 0.9493375747826558, 0.812333072359872, 0.0007310498015529188, 17.280000686645508, -0.005025144893802347, 1.0, 0.0, -0.012162264997686134, 0.0, 0.0, 0.0, -0.11628329680832838, 0.11893490477847711, 2.0, 7.0, 0.0, 0.00038358610925337544, 0.0020187288833615202, -0.001409242322665496, -0.002609082362926467], "scale": [0.04099688702902239, 0.06094590987479781, 1.0, 26.36562003295994, 2.66481025390965, 2.3819820715950035, 0.8871710820194036, 0.04478092489746434, 0.5187450791957271, 0.7165216837741855, 0.015592324112558398, 0.034440797062228246, 0.004740255891145193, 0.33013884762377743, 1.2490602351505442, 0.008658871361118425, 3.530000686645508, 0.07825962369412254, 1.0, 1.0, 0.07079675557670617, 0.14367691964606466, 0.1455167911998959, 0.05476482962298135, 0.10316769696142389, 0.13861761439750458, 2.0, 7.0, 1.0, 0.028195512538727208, 0.014054123858842638, 0.40409511453202773, 0.0419793603105802], "features": ["SMA20_dist", "SMA50_dist", "sma_cross", "RSI14", "MACD", "MACD_sig", "MACD_hist", "BB_width", "BB_pos", "ATR14", "ret_1d", "ret_5d", "vol_10d", "vol_ratio", "obv_trend", "spy_ret_1d", "vix_level", "vix_change", "vix_regime", "asset_class", "ret_1m", "ret_3m", "ret_6m", "ret_12m", "high52w_dist", "low52w_dist", "day_of_week", "month", "is_options_expiry", "btc_ret_1d", "gold_ret_1d", "corr_spy_20d", "vwap_dist"]}