{"center": [0.01582859736270747, 0.054432371293830766, 1.0, 56.760762844717675, 2.749263043246401, 2.5559226147238094, 0.054331197713924695, 0.12858904167768337, 0.659977358212846, 5.243247836792365, 0.00178889295927398, 0.009878831183121273, 0.016981442643723747, 0.0010938140906693317, 17.510000228881836, -0.006733946910202238], "scale": [0.06563873913067607, 0.13211036607842735, 1.0, 27.43812097482683, 7.926758127329137, 7.73885430800523, 1.7277682451926257, 0.07647884783774128, 0.5101416693645933, 2.818349688708781, 0.020983604265128908, 0.055323220881028534, 0.007760627867115986, 0.009221946869500508, 4.375, 0.08209086044929575], "features": ["SMA20_dist", "SMA50_dist", "sma_cross", "RSI14", "MACD", "MACD_sig", "MACD_hist", "BB_width", "BB_pos", "ATR14", "ret_1d", "ret_5d", "vol_10d", "spy_ret_1d", "vix_level", "vix_change"]}