{"center": [0.002551354882440557, -0.0005859214412159025, 1.0, 49.27738610194685, -0.11687680377099952, -0.01708889260051656, 0.10144215649764748, 0.3077362540396161, 0.5126346327846087, 3.074142728533064, -0.0009651235366225919, -0.00956852884175119, 0.0420663451941672, 0.8647745975888086, 1.0042361566665061, 0.001896143492131186, 17.239999771118164, -0.007843129677328364, 1.0, 0.0, -0.009708791255039873, -0.03813559532776678, -0.05132645059875418, 0.0, -0.4293116845423579, 0.7416667223890178, 2.0, 6.0, 0.0, 0.000879679657679322, 0.0017481999132260562, 0.5588596436953683, 0.004584154965454513], "scale": [0.1498936883357401, 0.28304781799593304, 1.0, 26.470802745983903, 3.3857738646113518, 3.2704042288576938, 0.9387367405044265, 0.22365833921037992, 0.5332950987284356, 1.6646442413330078, 0.05343163053330169, 0.14085577642352953, 0.015431757177364225, 0.45004254148539313, 0.1895399820315199, 0.00917798504844658, 3.6400012969970703, 0.0752302628656294, 1.0, 1.0, 0.35081874708695093, 0.6204514701028689, 0.41707669722452845, 0.3497267610057321, 0.35922991081685113, 1.1000633698367053, 2.0, 7.0, 1.0, 0.02807703011698537, 0.014943937569420918, 0.29582701418670176, 0.1543598206863411], "features": ["SMA20_dist", "SMA50_dist", "sma_cross", "RSI14", "MACD", "MACD_sig", "MACD_hist", "BB_width", "BB_pos", "ATR14", "ret_1d", "ret_5d", "vol_10d", "vol_ratio", "obv_trend", "spy_ret_1d", "vix_level", "vix_change", "vix_regime", "asset_class", "ret_1m", "ret_3m", "ret_6m", "ret_12m", "high52w_dist", "low52w_dist", "day_of_week", "month", "is_options_expiry", "btc_ret_1d", "gold_ret_1d", "corr_spy_20d", "vwap_dist"]}