{"center": [0.004285045806303945, 0.008010406255320806, 1.0, 53.87646416939122, 0.1302645674920413, 0.13181679611329744, 0.002107189311946981, 0.042662574186990695, 0.6020956547527504, 0.527193957392246, -0.0005596511891922118, 0.00269695476099141, 0.007134121967472966, 0.9754562213757619, 0.9405998259354191, 0.0012779770394448775, 17.479999542236328, -0.009244158887228515, 1.0, 0.0, 0.009890113333845152, 0.011762640831570526, 0.02798465671346495, 0.0, -0.03622412181777481, 0.12483447207425695, 2.0, 6.0, 0.0, -0.0014864790528285043, 0.0014210967336203417, 0.504262535622996, 0.0038239026225424765], "scale": [0.020572481004396896, 0.0306374930480747, 1.0, 18.58573196146186, 0.3815574081498525, 0.35561110628833914, 0.14914629584197123, 0.022037349324883063, 0.48702689916407094, 0.12521344736455126, 0.010851654691209744, 0.021947310760243477, 0.0023106042407086518, 0.4284224460832958, 0.3166505031741047, 0.00863475684048931, 4.470000267028809, 0.08075797075585023, 1.0, 1.0, 0.03986932325749826, 0.07003985027027604, 0.05588839002964141, 0.07696003427800857, 0.04205940679704655, 0.06594399646542957, 2.0, 7.0, 1.0, 0.027682640873921804, 0.015162411794579667, 0.3204827968513785, 0.020547378277579118], "features": ["SMA20_dist", "SMA50_dist", "sma_cross", "RSI14", "MACD", "MACD_sig", "MACD_hist", "BB_width", "BB_pos", "ATR14", "ret_1d", "ret_5d", "vol_10d", "vol_ratio", "obv_trend", "spy_ret_1d", "vix_level", "vix_change", "vix_regime", "asset_class", "ret_1m", "ret_3m", "ret_6m", "ret_12m", "high52w_dist", "low52w_dist", "day_of_week", "month", "is_options_expiry", "btc_ret_1d", "gold_ret_1d", "corr_spy_20d", "vwap_dist"]}