{"center": [0.017392824967287102, 0.04573670975758043, 1.0, 57.27391958543786, 0.6581905374498369, 0.6298805070300859, 0.006459356098141071, 0.09949965370064112, 0.6813167931844484, 1.0948394334414226, 0.0018272421053657784, 0.010841663725977058, 0.01474374079074105, 0.8591530352536642, 1.0429472077563804, 0.00048303355572265616, 17.61500072479248, -0.005254864671583648, 1.0, 0.0, 0.03474720548629995, 0.08707462061386717, 0.08487913585453355, 0.2105566097795225, -0.03393679732562585, 0.4430527051614901, 2.0, 6.0, 0.0, -0.0011674600569219207, 0.001650071760848859, 0.848590835712656, 0.01550391131235715], "scale": [0.04995118306498059, 0.09291318363348486, 1.0, 24.1430728208679, 1.2437508655530678, 1.141593922799819, 0.32644961170930986, 0.07508842108489358, 0.4904115929584476, 0.7832468920090511, 0.01863216404139273, 0.044550562101807106, 0.007212701678874701, 0.6288992747479136, 0.226387479689094, 0.008320171664529447, 3.907499313354492, 0.07663838330161468, 1.0, 1.0, 0.10057767916657906, 0.18793278074404474, 0.20627090120515196, 0.37109912189155436, 0.07369609688372632, 0.39302316070971083, 2.0, 7.0, 1.0, 0.027304963388510406, 0.013316688153612172, 0.11259404572607856, 0.04742201703264176], "features": ["SMA20_dist", "SMA50_dist", "sma_cross", "RSI14", "MACD", "MACD_sig", "MACD_hist", "BB_width", "BB_pos", "ATR14", "ret_1d", "ret_5d", "vol_10d", "vol_ratio", "obv_trend", "spy_ret_1d", "vix_level", "vix_change", "vix_regime", "asset_class", "ret_1m", "ret_3m", "ret_6m", "ret_12m", "high52w_dist", "low52w_dist", "day_of_week", "month", "is_options_expiry", "btc_ret_1d", "gold_ret_1d", "corr_spy_20d", "vwap_dist"]}