{"center": [0.00428183862248562, 0.006225125713421511, 1.0, 50.98158414008729, 0.5660912024797256, 0.5489243292380321, 0.10273615706106831, 0.06686507863900654, 0.5780144594290264, 4.940853837546356, 0.00019591885941039333, 0.0030040092274475905, 0.010713103629598325, 0.928462001671321, 1.0312947954638496, 0.0018548212901304817, 17.675000190734863, -0.009645927205693017, 1.0, 0.0, 0.002576668491809264, 0.03349130368594111, 0.02687131656621511, 0.0, -0.04866236086495203, 0.12220606601179351, 2.0, 6.0, 0.0, 0.0007984604573688658, 0.0006160067523005575, 0.021134420223281748, 0.005627559293478567], "scale": [0.03387249783614506, 0.04389969352031626, 1.0, 20.72476125914382, 3.6856313557046434, 3.106968449951279, 1.3634136346844667, 0.038697691135864846, 0.4780128679977219, 1.631656086149797, 0.01418149210037628, 0.031387775119212286, 0.006085738278885613, 0.4174092826752469, 0.1595621655461812, 0.009151617447437088, 3.632500171661377, 0.07641237442472612, 1.0, 1.0, 0.05482514331816318, 0.1032553695758682, 0.09622135678982852, 0.12686757725504766, 0.048688140754026374, 0.1200145785167753, 2.0, 6.25, 1.0, 0.028327045109994925, 0.014656303231892792, 0.4798452100915046, 0.0349028319745943], "features": ["SMA20_dist", "SMA50_dist", "sma_cross", "RSI14", "MACD", "MACD_sig", "MACD_hist", "BB_width", "BB_pos", "ATR14", "ret_1d", "ret_5d", "vol_10d", "vol_ratio", "obv_trend", "spy_ret_1d", "vix_level", "vix_change", "vix_regime", "asset_class", "ret_1m", "ret_3m", "ret_6m", "ret_12m", "high52w_dist", "low52w_dist", "day_of_week", "month", "is_options_expiry", "btc_ret_1d", "gold_ret_1d", "corr_spy_20d", "vwap_dist"]}