{"center": [-0.0031527837103953777, -0.009912762096619569, 0.0, 48.99002233315228, -0.08935495078278244, -0.07039601600721956, 0.014188830725196014, 0.0793489502144197, 0.45288366247997003, 0.4274999754769462, -0.0014634046744153029, 0.0, 0.01238933084442409, 0.9325958970324584, 1.0524247201431696, 0.0005306984601356479, 17.5600004196167, -0.00608320965806558, 1.0, 0.0, -0.010538823565024502, -0.015145901284262464, -0.0396963696299098, 0.0, -0.14480875304150875, 0.042233470669078246, 2.0, 6.0, 0.0, -0.00021078088224124603, 0.001674234105256911, -0.02990107376409162, -0.004484315673259213], "scale": [0.03749475849936828, 0.060531499561544806, 1.0, 21.464045952957186, 0.4087005379414981, 0.35990205943638787, 0.10852698999029356, 0.03708787867966003, 0.48783203549325194, 0.18214300700596403, 0.016492305539074242, 0.03528899377444958, 0.005557894726443004, 0.48997048133928744, 0.34892391550709545, 0.009609118125984861, 3.847499370574951, 0.07803297036427609, 1.0, 1.0, 0.07696354863450494, 0.08027906904604132, 0.1041385681182645, 0.1494742030865726, 0.12948576333765122, 0.08413780602404239, 2.0, 7.0, 1.0, 0.027006330092380543, 0.015217897702209465, 0.43985164677943545, 0.03511857091280296], "features": ["SMA20_dist", "SMA50_dist", "sma_cross", "RSI14", "MACD", "MACD_sig", "MACD_hist", "BB_width", "BB_pos", "ATR14", "ret_1d", "ret_5d", "vol_10d", "vol_ratio", "obv_trend", "spy_ret_1d", "vix_level", "vix_change", "vix_regime", "asset_class", "ret_1m", "ret_3m", "ret_6m", "ret_12m", "high52w_dist", "low52w_dist", "day_of_week", "month", "is_options_expiry", "btc_ret_1d", "gold_ret_1d", "corr_spy_20d", "vwap_dist"]}