{"center": [0.007669092055307962, 0.020451823792226473, 1.0, 57.03819176380415, 2.9938904360014646, 2.908666973701802, -0.06639643460810829, 0.05021076545395511, 0.6560234561243373, 4.867827405461581, 0.0001493462277112334, 0.003220077739216287, 0.0073003677152062105, 0.9825691453632659, 1.0495846085481901, 0.0014440349597086843, 17.55500030517578, -0.00615351204657788, 1.0, 0.0, 0.018258251517035196, 0.04146348893326368, 0.04791333473723802, 0.07727926382170358, -0.015414094039384887, 0.1746374706921305, 2.0, 6.0, 0.0, -0.000165364255538758, 0.001877866232437242, 0.8655227027679759, 0.008046109331975453], "scale": [0.0237741480715657, 0.03076863910858966, 1.0, 21.44945915419992, 3.7164988982211042, 3.0304272453794736, 1.3725185238290947, 0.03813369662324179, 0.4612236025775274, 1.618212020178115, 0.009980131181030166, 0.021577137706516092, 0.003072420681663591, 0.41301757592139177, 0.14201164409050637, 0.008693329404563827, 4.122499942779541, 0.08029109099100429, 1.0, 1.0, 0.044336850703784375, 0.06690192314547977, 0.1085840030304977, 0.13461797869998027, 0.03787664873357887, 0.12482778672736239, 2.0, 7.0, 1.0, 0.025940109415987844, 0.014370039109625532, 0.10832307325415924, 0.021660890512347566], "features": ["SMA20_dist", "SMA50_dist", "sma_cross", "RSI14", "MACD", "MACD_sig", "MACD_hist", "BB_width", "BB_pos", "ATR14", "ret_1d", "ret_5d", "vol_10d", "vol_ratio", "obv_trend", "spy_ret_1d", "vix_level", "vix_change", "vix_regime", "asset_class", "ret_1m", "ret_3m", "ret_6m", "ret_12m", "high52w_dist", "low52w_dist", "day_of_week", "month", "is_options_expiry", "btc_ret_1d", "gold_ret_1d", "corr_spy_20d", "vwap_dist"]}