{"center": [0.008542710719671557, -0.012683200202773155, 0.0, 52.23880002163559, -0.19376359770384965, -0.27785245356925276, 0.07706589759803306, 0.17037572528453007, 0.5655465452117898, 2.4797150748116628, -0.0004354591314074119, 0.002116002800888639, 0.024729032543271814, 0.8702431344647692, 1.041538499212629, 0.001722787837563633, 17.15999984741211, -0.006670313141271755, 1.0, 0.0, 0.005363802539599449, -0.042204055975604504, -0.08590882014351975, 0.0, -0.2874100440599504, 0.3657485139584113, 2.0, 7.0, 0.0, 0.0009202877056453396, 0.0019715725978484144, 0.3910366604673309, 0.006910799871061412], "scale": [0.09445865770218231, 0.13965111127100197, 1.0, 24.672229532041115, 2.884028800357129, 2.6328423086319823, 0.8957831333058484, 0.1379352561351772, 0.5442639112117057, 0.7772862570626393, 0.027838597570034707, 0.07732069086949267, 0.01163028659341495, 0.44640799775439566, 0.6816245905801379, 0.008634974242102467, 3.830000877380371, 0.08342388366776488, 1.0, 1.0, 0.17092521000461092, 0.23749872560061158, 0.23466095472221327, 0.27868848018743286, 0.21693615803251037, 0.5168529653117977, 2.0, 6.0, 1.0, 0.026317341616449608, 0.015828152296690434, 0.43658634764969206, 0.09080578387166145], "features": ["SMA20_dist", "SMA50_dist", "sma_cross", "RSI14", "MACD", "MACD_sig", "MACD_hist", "BB_width", "BB_pos", "ATR14", "ret_1d", "ret_5d", "vol_10d", "vol_ratio", "obv_trend", "spy_ret_1d", "vix_level", "vix_change", "vix_regime", "asset_class", "ret_1m", "ret_3m", "ret_6m", "ret_12m", "high52w_dist", "low52w_dist", "day_of_week", "month", "is_options_expiry", "btc_ret_1d", "gold_ret_1d", "corr_spy_20d", "vwap_dist"]}