{"center": [0.008490011883227299, 0.0019589290759591026, 0.0, 52.844696280914974, -0.07147839685644897, -0.08858485134005449, 0.06920236879655683, 0.11665394850585882, 0.5614554555167027, 1.736426762172154, 0.0005658638300445329, 0.006888872656894751, 0.01819525486156408, 0.9163507086599283, 1.0017485704255304, 0.001375736572713837, 17.389999389648438, -0.005211721284556381, 1.0, 0.0, 0.011621420503138413, 0.027607301921900973, 0.013178036147817096, 0.0, -0.1127578245170432, 0.1621863912610161, 2.0, 6.0, 0.0, -0.001682150134457161, 0.0017929035935666526, 0.01201862883739647, 0.008394523609154839], "scale": [0.0526650293750975, 0.095439400350977, 1.0, 19.196734476054232, 1.7802357873845551, 1.6923340436234622, 0.59113477536687, 0.09224967466119463, 0.5029813809506594, 0.8474995749337335, 0.026392475444201313, 0.057081598042913906, 0.01004533612488134, 0.5214278005059798, 0.2133334327680837, 0.008699527835924925, 3.669999122619629, 0.07954912809084236, 1.0, 1.0, 0.12114065012759667, 0.15406604820236852, 0.09083884450657642, 0.045362845485518055, 0.07245564743292104, 0.13271285968230168, 2.0, 7.0, 1.0, 0.027154451612106112, 0.01547623343789628, 0.5113509059925343, 0.04990908383112375], "features": ["SMA20_dist", "SMA50_dist", "sma_cross", "RSI14", "MACD", "MACD_sig", "MACD_hist", "BB_width", "BB_pos", "ATR14", "ret_1d", "ret_5d", "vol_10d", "vol_ratio", "obv_trend", "spy_ret_1d", "vix_level", "vix_change", "vix_regime", "asset_class", "ret_1m", "ret_3m", "ret_6m", "ret_12m", "high52w_dist", "low52w_dist", "day_of_week", "month", "is_options_expiry", "btc_ret_1d", "gold_ret_1d", "corr_spy_20d", "vwap_dist"]}