{"center": [-0.001255393957736392, -0.0058051422890191265, 0.0, 49.084965311481064, -1.2442672057889013, -1.153147991278846, -0.5909773715167077, 0.13946988649927186, 0.4859347821968309, 25.26781523558319, 0.001162971992394457, 0.002836866646957814, 0.019334452612505482, 0.0010938140906693317, 17.510000228881836, -0.006733946910202238], "scale": [0.07090177667850046, 0.10028125476292604, 1.0, 26.578304003304986, 23.800940462845404, 22.313818606506032, 8.779458348150945, 0.13160064699475682, 0.5084607757569082, 10.157388057448106, 0.025447368989351515, 0.06657476086853864, 0.010702100789153818, 0.009221946869500508, 4.375, 0.08209086044929575], "features": ["SMA20_dist", "SMA50_dist", "sma_cross", "RSI14", "MACD", "MACD_sig", "MACD_hist", "BB_width", "BB_pos", "ATR14", "ret_1d", "ret_5d", "vol_10d", "spy_ret_1d", "vix_level", "vix_change"]}