{"center": [0.010570611244167184, 0.018959462870711777, 1.0, 55.00716630521483, 0.2730388785338427, 0.12808658108224136, 0.02932847674502609, 0.1799456319525222, 0.5652073708097899, 1.5545782450628782, 0.002262651819983308, 0.008497757762210179, 0.02482592222143274, 0.9591530256770604, 1.0011430099322327, 0.0014438116652567556, 17.364999771118164, -0.005942435326496631, 1.0, 0.0, 0.023515292996637127, 0.03177183066576028, 0.07847842800652727, 0.0, -0.14767899846221189, 0.4290616488008554, 2.0, 6.0, 0.0, 0.0008217691182561548, 0.0014761238845504288, 0.5475445355471746, 0.010156612226086636], "scale": [0.09090312524380098, 0.14572695186739795, 1.0, 25.14964778337236, 1.6940902725450808, 1.4878060237469506, 0.48863574048244107, 0.12021309970136881, 0.5208949946423792, 1.1814258740222647, 0.034774830167577125, 0.07889067873943609, 0.014198561610963556, 0.4075192599937698, 1.0883816590815307, 0.009113101340295249, 4.354999542236328, 0.07514604492844493, 1.0, 1.0, 0.18200085192462412, 0.2164418833636257, 0.32696769587563923, 0.48082589216193417, 0.150003870173468, 0.6162953248228459, 2.0, 6.25, 1.0, 0.026002819870607846, 0.014926860493527927, 0.3567327367562038, 0.09435051931182892], "features": ["SMA20_dist", "SMA50_dist", "sma_cross", "RSI14", "MACD", "MACD_sig", "MACD_hist", "BB_width", "BB_pos", "ATR14", "ret_1d", "ret_5d", "vol_10d", "vol_ratio", "obv_trend", "spy_ret_1d", "vix_level", "vix_change", "vix_regime", "asset_class", "ret_1m", "ret_3m", "ret_6m", "ret_12m", "high52w_dist", "low52w_dist", "day_of_week", "month", "is_options_expiry", "btc_ret_1d", "gold_ret_1d", "corr_spy_20d", "vwap_dist"]}