{"center": [0.002230251995093537, 0.005410902712872298, 1.0, 53.35575813837865, 0.17125554547128274, 0.18512097304388547, -0.008434011153784976, 0.03179736695217393, 0.58206855568759, 0.7510177171916064, 0.00021539451252095, 0.0006447951598795854, 0.005748376509542228, 0.9205501421885403, 1.0043628734065804, 0.0005563903663643455, 17.790000915527344, -0.007843129677328364, 1.0, 0.0, 0.006954573447764512, 0.010042286281144452, 0.016795884819635898, 0.024958766464506787, -0.01334891527606887, 0.10728248536360827, 2.0, 6.0, 0.0, -0.001682150134457161, 0.0008040912066364925, 0.632637759392943, 0.002641941505335571], "scale": [0.014138736213660075, 0.017696228456116903, 1.0, 16.80555705638634, 0.3963361700319581, 0.3144850286912707, 0.18559883788426673, 0.018433775001131313, 0.46828027072271, 0.17990946281593523, 0.00819202664684393, 0.018611910843885693, 0.0019613517036209463, 0.4329994063619088, 0.39452467111519274, 0.009372605219448715, 4.019998550415039, 0.08644560513881272, 1.0, 1.0, 0.023270901563353652, 0.02808952200015724, 0.03338314376427731, 0.05196579037552418, 0.019628850511488084, 0.03110308322512796, 2.0, 6.0, 1.0, 0.029710184038451937, 0.014995124517642955, 0.2434729551851984, 0.014366374077297876], "features": ["SMA20_dist", "SMA50_dist", "sma_cross", "RSI14", "MACD", "MACD_sig", "MACD_hist", "BB_width", "BB_pos", "ATR14", "ret_1d", "ret_5d", "vol_10d", "vol_ratio", "obv_trend", "spy_ret_1d", "vix_level", "vix_change", "vix_regime", "asset_class", "ret_1m", "ret_3m", "ret_6m", "ret_12m", "high52w_dist", "low52w_dist", "day_of_week", "month", "is_options_expiry", "btc_ret_1d", "gold_ret_1d", "corr_spy_20d", "vwap_dist"]}