{"center": [0.02526822153903792, 0.06494580575312275, 1.0, 56.803344808559636, 1.9272634806338687, 1.884283531968819, 0.13738092816094305, 0.15661274131811745, 0.66366996480353, 3.0857728538377978, 0.003913064744917039, 0.013142499235159866, 0.0259630863782711, 0.9797047377054453, 1.042284030805392, 0.0013759502770052112, 17.520000457763672, -0.005211721284556381, 1.0, 0.0, 0.05333370512581803, 0.18265227207616674, 0.3667357859826954, 0.28914271344408093, -0.06753482477093854, 0.6611623264365202, 2.0, 6.0, 0.0, 0.0007548627203146641, 0.0020187288833615202, 0.686511918001143, 0.02782757716595402], "scale": [0.0852057356787552, 0.14824692892666788, 1.0, 23.232811479344377, 3.8971487809874006, 3.861505756355523, 1.1100474151487083, 0.12884628094348827, 0.45019342778602456, 4.110482123635695, 0.034159041674611035, 0.07671552508824653, 0.015516448810827938, 0.4078290753630708, 0.1447844735652526, 0.008874723396882056, 4.104999542236328, 0.07845936109629825, 1.0, 1.0, 0.17567805910334433, 0.22709535587142382, 0.5784000009155256, 1.093566521339595, 0.13392383588112106, 1.2997449117325417, 2.0, 6.0, 1.0, 0.0267799124291917, 0.016181928716227367, 0.20601843285133303, 0.08136411352157497], "features": ["SMA20_dist", "SMA50_dist", "sma_cross", "RSI14", "MACD", "MACD_sig", "MACD_hist", "BB_width", "BB_pos", "ATR14", "ret_1d", "ret_5d", "vol_10d", "vol_ratio", "obv_trend", "spy_ret_1d", "vix_level", "vix_change", "vix_regime", "asset_class", "ret_1m", "ret_3m", "ret_6m", "ret_12m", "high52w_dist", "low52w_dist", "day_of_week", "month", "is_options_expiry", "btc_ret_1d", "gold_ret_1d", "corr_spy_20d", "vwap_dist"]}