{"center": [0.03494577731422406, 0.08993376077455593, 1.0, 54.175742620157074, 0.5739459894817145, 0.5734883890011914, 0.055751086693420326, 0.4046613107703834, 0.6188317969172693, 2.605742030563058, 0.00622026580932733, 0.03371426924942811, 0.06038273812873229, 0.9201817667579761, 1.0250994157063489, 0.0011517326256851312, 17.360000610351562, -0.005579556721748813, 1.0, 0.0, 0.05511333153147602, 0.2948932991379387, 0.31995604851893256, 0.0, -0.35625833065274587, 2.469113284927435, 2.0, 6.0, 0.0, -0.00151319093281288, 0.0015263333689308212, 0.7878802967591041, 0.04629592311603306], "scale": [0.20358788173032985, 0.35596441155547276, 1.0, 22.260800218212708, 3.317972928369109, 3.2368550323774707, 0.8767301863861312, 0.2550564664443052, 0.5374665533490156, 3.3449153692571225, 0.08113970460767617, 0.19443320745978565, 0.031991862315576526, 0.370724760895496, 0.2703655847734333, 0.008844950613186131, 3.8199996948242188, 0.0819464423185906, 1.0, 1.0, 0.40881064519261645, 0.7662969963552625, 1.5257182659868878, 1.295058537707189, 0.4541462064008955, 5.361105605785729, 2.0, 7.0, 1.0, 0.02818814873613651, 0.015165170800731653, 0.13794411428345543, 0.20803886595351612], "features": ["SMA20_dist", "SMA50_dist", "sma_cross", "RSI14", "MACD", "MACD_sig", "MACD_hist", "BB_width", "BB_pos", "ATR14", "ret_1d", "ret_5d", "vol_10d", "vol_ratio", "obv_trend", "spy_ret_1d", "vix_level", "vix_change", "vix_regime", "asset_class", "ret_1m", "ret_3m", "ret_6m", "ret_12m", "high52w_dist", "low52w_dist", "day_of_week", "month", "is_options_expiry", "btc_ret_1d", "gold_ret_1d", "corr_spy_20d", "vwap_dist"]}