{"center": [-0.00350126156370416, -0.011872128557407711, 1.0, 50.36518633779524, -0.011428098678223808, -0.00290699801509205, 0.006568521103949433, 0.2212338444426028, 0.4734227667718125, 0.28178577763693674, 0.0, -0.0023621621653795444, 0.03719024084195344, 0.9057835440369423, 1.0174237328515807, 0.0014012268422559648, 17.38499927520752, -0.006664472772315133, 1.0, 0.0, -0.00750379225215253, 0.010464177547989784, 0.0, 0.05822960655913367, -0.3467406361682239, 0.5127388029641351, 2.0, 6.0, 0.0, 0.001116865745559581, 0.0008572162351966339, 0.18609474132241288, -0.00768794020566296], "scale": [0.11525206600282567, 0.2342964552467206, 1.0, 18.552317399690594, 0.31377383619098564, 0.31253942925237727, 0.07367794270577488, 0.16953915122711358, 0.45680283079226736, 0.11839276552200317, 0.04857685506702222, 0.09828257619851966, 0.018292387555232572, 0.49279559192710365, 0.11984791448859078, 0.009204876476264834, 3.8500003814697266, 0.07703073954320427, 1.0, 1.0, 0.22785871092092258, 0.40273507629759225, 0.2668408702070233, 0.28282662202328945, 0.1700791556414014, 0.5099077462563621, 2.0, 7.0, 1.0, 0.030081968481257437, 0.014964944235112826, 0.3324524712508405, 0.11897535163689513], "features": ["SMA20_dist", "SMA50_dist", "sma_cross", "RSI14", "MACD", "MACD_sig", "MACD_hist", "BB_width", "BB_pos", "ATR14", "ret_1d", "ret_5d", "vol_10d", "vol_ratio", "obv_trend", "spy_ret_1d", "vix_level", "vix_change", "vix_regime", "asset_class", "ret_1m", "ret_3m", "ret_6m", "ret_12m", "high52w_dist", "low52w_dist", "day_of_week", "month", "is_options_expiry", "btc_ret_1d", "gold_ret_1d", "corr_spy_20d", "vwap_dist"]}