{"center": [0.006141616960665466, 0.009019055368964723, 1.0, 53.07911278954923, 0.05341209618496734, 0.060989009741893516, 0.008162710199814755, 0.11758882048832595, 0.5550843324425957, 0.538347062733463, 0.0023814175654864878, 0.0052030150655753005, 0.015903154344235577, 0.8674380774013157, 1.035425183008837, 0.0011859368771766077, 17.190000534057617, -0.005438782390179864, 1.0, 0.0, 0.011217887506372537, 0.027704049843827905, 0.003706289726358114, 0.0, -0.10338134513220698, 0.1947004114996936, 2.0, 6.0, 0.0, -0.0011698293944815696, 0.001623031881362702, 0.2852467116728236, 0.007489162788646313], "scale": [0.058109669913898994, 0.06430271728197197, 1.0, 24.65469658418295, 0.439724433936032, 0.363942087338112, 0.20338836460998175, 0.05523780851631713, 0.5239370636762033, 0.14246065264130203, 0.02018144140110556, 0.05289580786439668, 0.005130586862313071, 0.518962493860078, 0.34739136238830803, 0.008893359410042184, 4.029999732971191, 0.08051087483980615, 1.0, 1.0, 0.11214059797708884, 0.11879815945878025, 0.1207427218768865, 0.020176363015641186, 0.06667128907490483, 0.18202004044490044, 2.0, 7.0, 1.0, 0.027166114217179377, 0.014130382454236173, 0.6552567147506422, 0.05946685565627975], "features": ["SMA20_dist", "SMA50_dist", "sma_cross", "RSI14", "MACD", "MACD_sig", "MACD_hist", "BB_width", "BB_pos", "ATR14", "ret_1d", "ret_5d", "vol_10d", "vol_ratio", "obv_trend", "spy_ret_1d", "vix_level", "vix_change", "vix_regime", "asset_class", "ret_1m", "ret_3m", "ret_6m", "ret_12m", "high52w_dist", "low52w_dist", "day_of_week", "month", "is_options_expiry", "btc_ret_1d", "gold_ret_1d", "corr_spy_20d", "vwap_dist"]}