{"center": [0.06614199321428622, 0.11273187475315247, 1.0, 60.835743171628465, 4.48356150217387, 4.745500566032708, 0.47712826990653634, 0.28610889688611324, 0.7178235362980224, 5.758327674079355, 0.004517859043149608, 0.03324265500322876, 0.03796143875480609, 0.953742046760394, 1.0315147784119136, 0.0007044991031190939, 17.360000610351562, -0.005579556721748813, 1.0, 0.0, 0.118811424367953, 0.2834206011720748, 0.3632398923247653, 0.24804024874505792, -0.1238732547039572, 0.9259458214572307, 2.0, 6.0, 0.0, 0.00029724205673309356, 0.001670691560653026, 0.5735032476258034, 0.060706710320803124], "scale": [0.13694787078483658, 0.29644278129248564, 1.0, 24.906069408114995, 14.05184393904159, 13.646830945860918, 2.7633156178274567, 0.18995972342648848, 0.43913386870435234, 14.94674613133925, 0.05318226866206183, 0.1273074343207921, 0.022836781903375136, 0.4585537380549938, 0.38122517624492525, 0.008837369968324849, 3.8450002670288086, 0.08196738368023626, 1.0, 1.0, 0.3208962912537742, 0.7516171654709893, 1.7092262347027127, 2.7005212699737573, 0.22739610019435436, 4.29165118499358, 2.0, 7.0, 1.0, 0.026698874317661547, 0.015364061686620856, 0.2837861070697114, 0.13780066943728145], "features": ["SMA20_dist", "SMA50_dist", "sma_cross", "RSI14", "MACD", "MACD_sig", "MACD_hist", "BB_width", "BB_pos", "ATR14", "ret_1d", "ret_5d", "vol_10d", "vol_ratio", "obv_trend", "spy_ret_1d", "vix_level", "vix_change", "vix_regime", "asset_class", "ret_1m", "ret_3m", "ret_6m", "ret_12m", "high52w_dist", "low52w_dist", "day_of_week", "month", "is_options_expiry", "btc_ret_1d", "gold_ret_1d", "corr_spy_20d", "vwap_dist"]}