{"center": [0.031008501917477622, 0.08400526732945929, 1.0, 57.94328855357478, 1.792120194112659, 1.5151729993536565, 0.1277977311112749, 0.24176976890358373, 0.6545567904490779, 4.0108696658976175, 0.0012114056656717942, 0.01791586525005351, 0.03374282238053829, 0.9234809774182806, 1.0995463317081056, 0.0012149537203431926, 17.394999504089355, -0.005118433089179364, 1.0, 0.0, 0.06703458428066711, 0.19039440124350215, 0.12442395510212012, 0.0, -0.2508111180972032, 0.686273776114749, 2.0, 6.0, 0.0, -0.00012449287320548397, 0.0012774523718040998, 0.5700248299977249, 0.027172070744302813], "scale": [0.11645405341370271, 0.192558751590052, 1.0, 23.32814367186066, 4.354778155427944, 4.000507056892236, 1.2084277343448093, 0.16153189018626982, 0.4301691019813715, 2.5459990669771617, 0.04367784234201577, 0.10280701934997458, 0.02004457294280397, 0.48883189905800895, 0.4542756510615862, 0.008715443242571924, 3.72499942779541, 0.07731982582259342, 1.0, 1.0, 0.23245125151360685, 0.42360975319413663, 0.5627130579526982, 0.19038387028705067, 0.33306862674825805, 0.5052665141811266, 2.0, 7.0, 1.0, 0.026059009470556255, 0.014316366376455003, 0.2156733191474538, 0.10657113505443953], "features": ["SMA20_dist", "SMA50_dist", "sma_cross", "RSI14", "MACD", "MACD_sig", "MACD_hist", "BB_width", "BB_pos", "ATR14", "ret_1d", "ret_5d", "vol_10d", "vol_ratio", "obv_trend", "spy_ret_1d", "vix_level", "vix_change", "vix_regime", "asset_class", "ret_1m", "ret_3m", "ret_6m", "ret_12m", "high52w_dist", "low52w_dist", "day_of_week", "month", "is_options_expiry", "btc_ret_1d", "gold_ret_1d", "corr_spy_20d", "vwap_dist"]}