{"center": [-0.00018364071706860265, 0.009336568955083394, 1.0, 50.48516348546244, 0.23932452120879333, 0.12899681747372355, -0.034459134060346175, 0.07709030773532631, 0.49577797186719685, 1.6294701151145619, 0.00019736001191328345, -0.0009010892106580681, 0.011547391656652844, 0.957760675968053, 1.001153148286357, 0.0016705837326954631, 17.565000534057617, -0.008008568742242539, 1.0, 0.0, 0.005387967144592887, 0.00907369280986281, 0.016192268272475108, 0.0, -0.06217641234165254, 0.1675118876072691, 2.0, 6.0, 0.0, -0.0002701146200822513, 0.0012365346785951914, 0.20115951219076242, 0.0013090484690673043], "scale": [0.04129661515278371, 0.07677967537163707, 1.0, 22.231148813066483, 1.7767519457782726, 1.76847863601764, 0.5368660026573738, 0.0438373980468376, 0.5625188009144209, 0.4397606611859115, 0.014357020698319484, 0.03787466511113083, 0.006522828945928236, 0.40137186515309486, 0.20549046848282138, 0.009433852632281081, 3.432499885559082, 0.07457650482240968, 1.0, 1.0, 0.0841498391844131, 0.15829796025895518, 0.12044803372589227, 0.10173894375782705, 0.09389032046573975, 0.10567927743138521, 2.0, 7.0, 1.0, 0.026514106646402275, 0.016322734180090975, 0.4381479465494433, 0.044234745613660933], "features": ["SMA20_dist", "SMA50_dist", "sma_cross", "RSI14", "MACD", "MACD_sig", "MACD_hist", "BB_width", "BB_pos", "ATR14", "ret_1d", "ret_5d", "vol_10d", "vol_ratio", "obv_trend", "spy_ret_1d", "vix_level", "vix_change", "vix_regime", "asset_class", "ret_1m", "ret_3m", "ret_6m", "ret_12m", "high52w_dist", "low52w_dist", "day_of_week", "month", "is_options_expiry", "btc_ret_1d", "gold_ret_1d", "corr_spy_20d", "vwap_dist"]}