{"center": [0.0017170454368142353, 0.013324256024534966, 1.0, 51.11989161131221, 0.12191596855144482, 0.13810196261459343, -0.004709957066139497, 0.07812219321542295, 0.5345103724221423, 0.5055533053369092, 0.0, 0.0014809163955843418, 0.012152532687984106, 0.955641881291716, 1.0159256742075815, 0.0018977691224765225, 17.440000534057617, -0.01092806295856813, 1.0, 0.0, 0.002248935383271422, 0.051690571978470046, 0.01736586283334729, 0.0, -0.041700175283219856, 0.2583802105956917, 2.0, 6.0, 0.0, -0.0003300754485222601, 0.0015508527855015997, -0.12168624079187479, 0.003533584928026823], "scale": [0.04243025793747282, 0.08748464605865836, 1.0, 22.707947653812816, 0.57557329127388, 0.5608123557272824, 0.11961905056021721, 0.058550138962499415, 0.5330080736665495, 0.20570077969125883, 0.014603640235970827, 0.04073822986948972, 0.008091282955038201, 0.3435531507894817, 0.09881184469911874, 0.009236576771624622, 3.5350003242492676, 0.0761905623167142, 1.0, 1.0, 0.08655391899061857, 0.17444062949794392, 0.24768969734888255, 0.13500119696731178, 0.10202773182180808, 0.32699682212353, 2.0, 6.0, 1.0, 0.02545169301497216, 0.015842699165389884, 0.3636356783170214, 0.041559029607906216], "features": ["SMA20_dist", "SMA50_dist", "sma_cross", "RSI14", "MACD", "MACD_sig", "MACD_hist", "BB_width", "BB_pos", "ATR14", "ret_1d", "ret_5d", "vol_10d", "vol_ratio", "obv_trend", "spy_ret_1d", "vix_level", "vix_change", "vix_regime", "asset_class", "ret_1m", "ret_3m", "ret_6m", "ret_12m", "high52w_dist", "low52w_dist", "day_of_week", "month", "is_options_expiry", "btc_ret_1d", "gold_ret_1d", "corr_spy_20d", "vwap_dist"]}