{"center": [0.0024103715245486733, 0.008130504839086759, 1.0, 51.72295248578243, 0.07311400479320262, 0.07454249433200477, -0.00333409043283861, 0.05683242146217291, 0.5398521118512638, 0.305731081961699, 0.0003562431859674975, 0.001125148512390317, 0.009284522670102411, 0.9544554453750016, 0.9988316479581913, 0.0006365110445835098, 17.3799991607666, -0.005254864671583648, 1.0, 0.0, 0.00928051651578743, 0.023845711346029974, 0.04601197527905054, 0.04748306524929424, -0.03596486793643335, 0.2568435652762614, 2.0, 6.0, 0.0, -0.0008240985185906102, 0.0019992124197031336, 0.6681915142544697, 0.003486237566017532], "scale": [0.02893774156661418, 0.04082592155248908, 1.0, 18.956262328509894, 0.3101198998932606, 0.30354310053898753, 0.108693118382649, 0.042121233223946605, 0.46076970481492746, 0.1261854929058942, 0.011883739823102035, 0.02706884861392861, 0.004649024668498392, 0.5177134288330311, 0.3544659918281525, 0.009296627775542715, 4.252500057220459, 0.08145335751653898, 1.0, 1.0, 0.05549833700979506, 0.08575029846911525, 0.10541924101091255, 0.13819565456030325, 0.04824962024206087, 0.1873309872414864, 2.0, 7.0, 1.0, 0.02656123591603024, 0.014039677120928407, 0.2145069108578439, 0.02686907652883356], "features": ["SMA20_dist", "SMA50_dist", "sma_cross", "RSI14", "MACD", "MACD_sig", "MACD_hist", "BB_width", "BB_pos", "ATR14", "ret_1d", "ret_5d", "vol_10d", "vol_ratio", "obv_trend", "spy_ret_1d", "vix_level", "vix_change", "vix_regime", "asset_class", "ret_1m", "ret_3m", "ret_6m", "ret_12m", "high52w_dist", "low52w_dist", "day_of_week", "month", "is_options_expiry", "btc_ret_1d", "gold_ret_1d", "corr_spy_20d", "vwap_dist"]}