{"center": [0.007952588726401649, 0.006497236206338049, 1.0, 52.844696280914974, 0.057512664455856566, -0.010309587105005909, 0.06920236879655683, 0.12252755917695482, 0.5518785375141698, 1.8085714067731584, 0.0008596870297561399, 0.008363996742744018, 0.01871755968254622, 0.9044954701570509, 1.0017485704255304, 0.0016183796278272933, 17.389999389648438, -0.008316000484173136, 1.0, 0.0, 0.011730589081710763, 0.02808223358572337, 0.010939465086885702, 0.0, -0.11014932048270894, 0.16257821673878425, 2.0, 6.0, 0.0, -0.0016352711961346023, 0.0019383092584315254, -0.0011374368306944708, 0.00813468428183481], "scale": [0.055331612100721204, 0.09812622819316377, 1.0, 19.245870224649025, 1.9539217105987419, 1.97752499904538, 0.6097183282472498, 0.09960272592705177, 0.4879681169382005, 1.0739282880510603, 0.02759801258529465, 0.05642622781069917, 0.011019397642318074, 0.48894207451801264, 0.22131537681447921, 0.009102341932478386, 3.6799983978271484, 0.08088921464470183, 1.0, 1.0, 0.1252514194668614, 0.15654152952749445, 0.09889065593904595, 0.0474017657205168, 0.069475556407299, 0.16650637027542825, 2.0, 7.0, 1.0, 0.028414402108535686, 0.015885437017488624, 0.520552685379247, 0.05150006952937334], "features": ["SMA20_dist", "SMA50_dist", "sma_cross", "RSI14", "MACD", "MACD_sig", "MACD_hist", "BB_width", "BB_pos", "ATR14", "ret_1d", "ret_5d", "vol_10d", "vol_ratio", "obv_trend", "spy_ret_1d", "vix_level", "vix_change", "vix_regime", "asset_class", "ret_1m", "ret_3m", "ret_6m", "ret_12m", "high52w_dist", "low52w_dist", "day_of_week", "month", "is_options_expiry", "btc_ret_1d", "gold_ret_1d", "corr_spy_20d", "vwap_dist"]}