{"center": [0.02537457644234535, 0.06279392447961817, 1.0, 58.01960371674558, 7.112817789855171, 7.305324177047504, 0.24798417686020713, 0.13126373045432668, 0.7000650431321946, 9.700955910410686, 0.0011358968056587315, 0.012415439162822839, 0.01712899502961231, 0.9350995750271206, 1.031885486532239, 0.0015704538117717881, 17.440000534057617, -0.008169153323245748, 1.0, 0.0, 0.05504807676224033, 0.18588634936862136, 0.15553977891013337, 0.22268355567957454, -0.04595673921004568, 0.5040188155359426, 2.0, 6.0, 0.0, 0.0003224981011604733, 0.0019404068737312041, 0.6701504508158893, 0.02515584535238293], "scale": [0.06784044197981645, 0.09561636511662741, 1.0, 24.648158675977015, 14.029553701687178, 13.932364463285857, 3.785974950561024, 0.08527879033179298, 0.4860542110015023, 10.381297960088741, 0.021637537380231442, 0.05443076758369203, 0.009348349413360723, 0.41836091785206175, 0.35569190195528577, 0.008582094839266863, 3.969999313354492, 0.07590689787871474, 1.0, 1.0, 0.129947303300522, 0.23584237279576326, 0.5478976978085686, 0.6577741009383741, 0.08624130822641658, 1.116534751274299, 2.0, 7.0, 1.0, 0.025893612485117623, 0.015848324570896577, 0.23040222524345855, 0.06724548953741954], "features": ["SMA20_dist", "SMA50_dist", "sma_cross", "RSI14", "MACD", "MACD_sig", "MACD_hist", "BB_width", "BB_pos", "ATR14", "ret_1d", "ret_5d", "vol_10d", "vol_ratio", "obv_trend", "spy_ret_1d", "vix_level", "vix_change", "vix_regime", "asset_class", "ret_1m", "ret_3m", "ret_6m", "ret_12m", "high52w_dist", "low52w_dist", "day_of_week", "month", "is_options_expiry", "btc_ret_1d", "gold_ret_1d", "corr_spy_20d", "vwap_dist"]}