{"center": [0.007334093403137401, 0.01571855041339997, 1.0, 55.88518679481397, 0.09704246945124595, 0.0889974988881089, 0.008813426073607796, 0.05903861191324182, 0.6451251622811228, 0.28428588594709125, 0.0010834833961105295, 0.007130973848162303, 0.009835276962334955, 0.7348824529854399, 0.9274079035508128, 0.0011228282729975891, 17.25, -0.005254864671583648, 1.0, 0.0, 0.015333475171767419, 0.03873685458404885, 0.05131698771602633, 0.059029202417662296, -0.034829918779038405, 0.1433971897756116, 2.0, 6.0, 0.0, -0.0003300754485222601, 0.001623031881362702, 0.04632365743450487, 0.0069079540137446955], "scale": [0.027215323360798904, 0.04354047654032973, 1.0, 19.549087105063904, 0.2859444965588276, 0.25372446879301586, 0.10292606554477339, 0.06330450486426187, 0.4426878622714921, 0.15839294024876185, 0.014534935682898154, 0.028908893037919214, 0.005604671705204218, 0.772585766583582, 0.7965628015675374, 0.008668587555794804, 3.8974990844726562, 0.07937160371703422, 1.0, 1.0, 0.05276312263834243, 0.07080303130730908, 0.10986746329072683, 0.11268804875561894, 0.03776358161132984, 0.10275894165843454, 2.0, 7.0, 1.0, 0.026449479362947725, 0.015582206648544261, 0.620682133349757, 0.028407518624755792], "features": ["SMA20_dist", "SMA50_dist", "sma_cross", "RSI14", "MACD", "MACD_sig", "MACD_hist", "BB_width", "BB_pos", "ATR14", "ret_1d", "ret_5d", "vol_10d", "vol_ratio", "obv_trend", "spy_ret_1d", "vix_level", "vix_change", "vix_regime", "asset_class", "ret_1m", "ret_3m", "ret_6m", "ret_12m", "high52w_dist", "low52w_dist", "day_of_week", "month", "is_options_expiry", "btc_ret_1d", "gold_ret_1d", "corr_spy_20d", "vwap_dist"]}