{"center": [0.0012790586092730329, 0.0012898731094808079, 1.0, 52.84530117160813, 0.16635789025511372, 0.12318169909013224, 0.023075904779506107, 0.04394667998147433, 0.5273124387155678, 2.1699062453159597, -6.861697345500462e-05, 0.0008294327051832084, 0.007370377134567821, 0.863676000585228, 1.0190657264939569, 0.0014632140359244206, 17.479999542236328, -0.006642781425620192, 1.0, 0.0, 0.0013569573009867275, 0.00759541952944065, 0.023245222250101616, 0.0, -0.03170812729596379, 0.08891370671514467, 2.0, 6.0, 0.0, 0.00035304210520692436, 0.001880279487380454, 0.19608437585445096, 0.001306234092616927], "scale": [0.02328522333209676, 0.02898520462271869, 1.0, 21.541105597491303, 1.722500087641187, 1.3929687450213177, 0.6921050165146861, 0.03277965246400818, 0.5025543891155821, 0.8266620269920169, 0.009417167664548087, 0.022058913851735334, 0.003162103007353462, 0.43843144636352493, 0.6956865406052695, 0.008977481471289739, 3.6924986839294434, 0.0803183063292014, 1.0, 1.0, 0.042612746886591696, 0.0458339554257165, 0.05381737259455882, 0.06883733235645767, 0.03509948809139396, 0.04476106334984216, 2.0, 7.0, 1.0, 0.028034067788314992, 0.014942036149361959, 0.44811948145424085, 0.02389239570140221], "features": ["SMA20_dist", "SMA50_dist", "sma_cross", "RSI14", "MACD", "MACD_sig", "MACD_hist", "BB_width", "BB_pos", "ATR14", "ret_1d", "ret_5d", "vol_10d", "vol_ratio", "obv_trend", "spy_ret_1d", "vix_level", "vix_change", "vix_regime", "asset_class", "ret_1m", "ret_3m", "ret_6m", "ret_12m", "high52w_dist", "low52w_dist", "day_of_week", "month", "is_options_expiry", "btc_ret_1d", "gold_ret_1d", "corr_spy_20d", "vwap_dist"]}