{"center": [0.030568567527057586, 0.06631929072438685, 1.0, 58.11221390179799, 2.036414509506269, 1.8101050288764056, 0.04506196056169487, 0.24099713589889962, 0.661402256483806, 6.5744299207414905, 0.002096561255398255, 0.014377039340949027, 0.03296735430858676, 0.8941589814212978, 1.0163026467941634, 0.0014012268422559648, 17.289999961853027, -0.007856395917702375, 1.0, 0.0, 0.07264924620905633, 0.22011113271954896, 0.3570395930513247, 0.0, -0.09454084882188937, 1.9863802751630582, 2.0, 6.0, 0.0, 0.0005692244147840197, 0.0017705517533963544, 0.4728273095276651, 0.0352913705615272], "scale": [0.11260599999847253, 0.21332218947636325, 1.0, 25.098933906567858, 6.010608963971162, 5.537467094814421, 1.79652118303444, 0.11990230551897493, 0.5043930249558941, 2.12350150517055, 0.04187048976254715, 0.10241973315443542, 0.018894358722369765, 0.3819303139719594, 0.07998797552123726, 0.008618442296611573, 3.7300000190734863, 0.0793569004865397, 1.0, 1.0, 0.2326780751636867, 0.5817964659906428, 1.082855772679439, 1.4970862701690666, 0.25748164155351194, 2.814445778647165, 2.0, 6.0, 1.0, 0.026688183873635696, 0.01581955372802274, 0.33116914043082213, 0.11869563073211012], "features": ["SMA20_dist", "SMA50_dist", "sma_cross", "RSI14", "MACD", "MACD_sig", "MACD_hist", "BB_width", "BB_pos", "ATR14", "ret_1d", "ret_5d", "vol_10d", "vol_ratio", "obv_trend", "spy_ret_1d", "vix_level", "vix_change", "vix_regime", "asset_class", "ret_1m", "ret_3m", "ret_6m", "ret_12m", "high52w_dist", "low52w_dist", "day_of_week", "month", "is_options_expiry", "btc_ret_1d", "gold_ret_1d", "corr_spy_20d", "vwap_dist"]}