{"center": [0.06029301830630718, 0.10155796529067836, 1.0, 60.87605830366211, 4.133036621057741, 4.011804069994502, 0.4767830860173188, 0.2845676370612219, 0.7123954752235286, 5.358751186185647, 0.004172261163893687, 0.02730891822683157, 0.03744623352804848, 0.9510407105705981, 1.031642935089038, 0.0005685787823312971, 17.360000610351562, -0.005211721284556381, 1.0, 0.0, 0.10160535554288574, 0.24656183822344158, 0.30308828765071083, 0.07940125217804783, -0.14337384657214253, 0.8895242110606716, 2.0, 6.0, 0.0, 0.00038358610925337544, 0.001670691560653026, 0.5720918047109903, 0.05769536015838937], "scale": [0.13846667726444584, 0.2837619505802963, 1.0, 25.897590236770732, 13.83118913420077, 13.089602203943361, 2.6296970054434383, 0.1853531348121268, 0.45709898652417, 12.989993582595144, 0.050767804781144676, 0.13025645890374965, 0.019909815458519588, 0.46016434194104916, 0.29183641214369294, 0.008764108762960576, 4.070000171661377, 0.08178124994743419, 1.0, 1.0, 0.314875943275472, 0.7253757705173907, 1.5490334810491377, 2.4797706403815423, 0.31694782111754455, 3.811773429207975, 2.0, 7.0, 1.0, 0.026654199107478183, 0.01511128682569951, 0.28868469401676333, 0.1415307345475292], "features": ["SMA20_dist", "SMA50_dist", "sma_cross", "RSI14", "MACD", "MACD_sig", "MACD_hist", "BB_width", "BB_pos", "ATR14", "ret_1d", "ret_5d", "vol_10d", "vol_ratio", "obv_trend", "spy_ret_1d", "vix_level", "vix_change", "vix_regime", "asset_class", "ret_1m", "ret_3m", "ret_6m", "ret_12m", "high52w_dist", "low52w_dist", "day_of_week", "month", "is_options_expiry", "btc_ret_1d", "gold_ret_1d", "corr_spy_20d", "vwap_dist"]}