{"center": [0.006125027905383564, 0.013846248292785211, 1.0, 52.95009112925374, 0.2193076468909112, 0.19635767129178133, 0.02157707911264961, 0.07088016340702218, 0.5903258778747505, 1.0992845807756697, 0.0003556749184299157, 0.0019142577883632939, 0.011976291219210662, 0.9481916035061734, 1.0285457043301143, 0.001476815858716618, 17.440000534057617, -0.009254222565459602, 1.0, 0.0, 0.01144697318407828, 0.03500322653186938, 0.06036097692377829, 0.066216282841977, -0.04283139392805358, 0.21370807398124783, 2.0, 6.0, 0.0, 0.00029724205673309356, 0.001677776649860796, 0.008359241484335861, 0.006920389948064378], "scale": [0.03261470363295735, 0.03956035069845055, 1.0, 19.624822183887417, 0.6185227248112781, 0.5297083455012873, 0.25595515572559363, 0.024724183256794124, 0.4546453772024987, 0.25330840512692787, 0.016208775922743, 0.030226823334714714, 0.005336605175816821, 0.42880448437848484, 0.11060259942476214, 0.008658912425503762, 4.104999542236328, 0.07428351118170584, 1.0, 1.0, 0.053582664202639685, 0.08621364121453873, 0.10356219089731866, 0.16011829414856493, 0.053535067353564156, 0.08091919648150997, 2.0, 7.0, 1.0, 0.027102755712159643, 0.014094936084975418, 0.4216338795671294, 0.03358145404409877], "features": ["SMA20_dist", "SMA50_dist", "sma_cross", "RSI14", "MACD", "MACD_sig", "MACD_hist", "BB_width", "BB_pos", "ATR14", "ret_1d", "ret_5d", "vol_10d", "vol_ratio", "obv_trend", "spy_ret_1d", "vix_level", "vix_change", "vix_regime", "asset_class", "ret_1m", "ret_3m", "ret_6m", "ret_12m", "high52w_dist", "low52w_dist", "day_of_week", "month", "is_options_expiry", "btc_ret_1d", "gold_ret_1d", "corr_spy_20d", "vwap_dist"]}