{"center": [0.003790177451830318, 0.0010581698264023698, 1.0, 50.31987418005339, 0.07214507085004129, 0.3535170921914261, 0.062063024575682135, 0.1450080139897533, 0.5385855969470802, 5.112761971692327, -0.0002649387581964424, 0.0035057743263680052, 0.019324031068059227, 0.9379509739962472, 0.9948314294758612, 0.0009270051394446588, 17.6850004196167, -0.005118433089179364, 1.0, 0.0, 0.0035710764537147943, 0.004225745563005701, 0.0, 0.0, -0.12430264409043792, 0.23966529546050397, 2.0, 6.0, 0.0, -0.0003300754485222601, 0.001712988281543426, 0.5628253569615635, 0.00466595503253597], "scale": [0.08289270920569894, 0.13470486859376737, 1.0, 29.328620421991232, 7.56448692772782, 7.539983722901461, 1.6977482679373868, 0.09634336654831227, 0.6011212515006544, 1.4473903194163036, 0.0221449089960227, 0.06071099197634647, 0.010163395902180348, 0.41754292450489683, 0.6322259903136205, 0.008887337856202382, 4.517498970031738, 0.07365946561388309, 1.0, 1.0, 0.15056355353278336, 0.21891650054234213, 0.17194482690088178, 0.08209664054261023, 0.11345356167809258, 0.30549420759484774, 2.0, 7.0, 1.0, 0.027410388997248902, 0.014218130791219724, 0.37421335580732024, 0.08233774525119955], "features": ["SMA20_dist", "SMA50_dist", "sma_cross", "RSI14", "MACD", "MACD_sig", "MACD_hist", "BB_width", "BB_pos", "ATR14", "ret_1d", "ret_5d", "vol_10d", "vol_ratio", "obv_trend", "spy_ret_1d", "vix_level", "vix_change", "vix_regime", "asset_class", "ret_1m", "ret_3m", "ret_6m", "ret_12m", "high52w_dist", "low52w_dist", "day_of_week", "month", "is_options_expiry", "btc_ret_1d", "gold_ret_1d", "corr_spy_20d", "vwap_dist"]}