{"center": [-0.00024557205971354666, 0.010208115706348822, 1.0, 50.335566921545464, 0.24682140411782427, 0.13275256995656534, -0.03606368457764619, 0.07705102315525066, 0.4954743346719917, 1.629468817670407, 0.00019604797340688762, -0.0012194186577156874, 0.011538480947232472, 0.958161860857099, 1.0010774732584162, 0.001618272212904115, 17.610000610351562, -0.00790227414327227, 1.0, 0.0, 0.005555616368445149, 0.012364223647540085, 0.016302117698450136, 0.0, -0.06210035559731457, 0.16747389607168323, 2.0, 6.0, 0.0, -0.00022924323774897726, 0.0010471549570203464, 0.19925808808498655, 0.001205714356586963], "scale": [0.04123374679479165, 0.07629640650792935, 1.0, 22.194977716982542, 1.777575070484815, 1.7668533140467133, 0.5374735448330883, 0.04370650893450936, 0.5614398128178525, 0.4410892250210776, 0.014331861480741392, 0.0378637265956554, 0.0065063531224129716, 0.40085545332363126, 0.1915036811177092, 0.009408595958827592, 3.4200000762939453, 0.07452527195677494, 1.0, 1.0, 0.08405134320065522, 0.15903464943298395, 0.12013910261477578, 0.10153468099596297, 0.09370514325773036, 0.10568673627480582, 2.0, 7.0, 1.0, 0.026602281434868202, 0.016303238437455625, 0.4351894532073637, 0.044062740076681664], "features": ["SMA20_dist", "SMA50_dist", "sma_cross", "RSI14", "MACD", "MACD_sig", "MACD_hist", "BB_width", "BB_pos", "ATR14", "ret_1d", "ret_5d", "vol_10d", "vol_ratio", "obv_trend", "spy_ret_1d", "vix_level", "vix_change", "vix_regime", "asset_class", "ret_1m", "ret_3m", "ret_6m", "ret_12m", "high52w_dist", "low52w_dist", "day_of_week", "month", "is_options_expiry", "btc_ret_1d", "gold_ret_1d", "corr_spy_20d", "vwap_dist"]}