{"center": [0.01736570358391287, 0.05293400714656218, 1.0, 54.718823298539405, 2.498537554433085, 2.5825189393488714, 0.1637375351264332, 0.17954145784566555, 0.6090678554187827, 6.5663987255273195, 0.0026933735408629644, 0.013401010080882125, 0.026074926518882227, 0.942241658885409, 1.0648620658246255, 0.001093923806363195, 17.440000534057617, -0.006658632403358511, 1.0, 0.0, 0.044543004487499926, 0.10080226325925024, 0.029612119066817044, 0.0, -0.21357998599262412, 0.37481096225267546, 2.0, 6.0, 0.0, 0.0003224981011604733, 0.0015753722020723782, 0.6553842084827909, 0.019966702383548984], "scale": [0.0852333867068322, 0.17196203949371727, 1.0, 24.590576363319627, 11.647222334345614, 11.832732328431511, 2.6175558878009832, 0.10624145710851549, 0.5219294622575192, 5.95360731772189, 0.028802022130518357, 0.07657280583037118, 0.01351377128188002, 0.3928989434281833, 0.3369780101238906, 0.008828798929042314, 4.149999618530273, 0.07832657317351632, 1.0, 1.0, 0.19050258585444013, 0.3843005702361514, 0.65093810301124, 0.6674224197396077, 0.26596191723245766, 1.2434296471298159, 2.0, 6.5, 1.0, 0.026281365377694155, 0.015747384008337417, 0.2041592461775681, 0.08757313713496373], "features": ["SMA20_dist", "SMA50_dist", "sma_cross", "RSI14", "MACD", "MACD_sig", "MACD_hist", "BB_width", "BB_pos", "ATR14", "ret_1d", "ret_5d", "vol_10d", "vol_ratio", "obv_trend", "spy_ret_1d", "vix_level", "vix_change", "vix_regime", "asset_class", "ret_1m", "ret_3m", "ret_6m", "ret_12m", "high52w_dist", "low52w_dist", "day_of_week", "month", "is_options_expiry", "btc_ret_1d", "gold_ret_1d", "corr_spy_20d", "vwap_dist"]}