{"center": [0.007390619881366476, 0.006258261517698411, 0.0, 53.21101937652607, 0.010748330588853605, -0.011911645685216292, 0.02232091288183158, 0.20605745807373205, 0.5650358854014235, 0.4685262193310121, -0.0012361704942098761, 0.0054764744565851675, 0.028908033486995034, 0.9145628287039616, 0.9264214397217362, 0.001722787837563633, 17.479999542236328, -0.00790227414327227, 1.0, 0.0, 0.018467891521519064, 0.0, 0.02140944435994352, 0.0, -0.22595832974603144, 0.6267516917379893, 2.0, 6.0, 0.0, 0.0003224981011604733, 0.0019715725978484144, 0.42531764651045423, 0.008919611156143578], "scale": [0.10269182672470835, 0.17158068277190042, 1.0, 25.286341661505226, 0.5557165638623971, 0.5500267318746801, 0.15462698444676037, 0.13102985871444778, 0.5530070916793103, 0.12214736573941676, 0.032055710876187804, 0.08189970580818712, 0.01116532794992581, 0.4264947929170093, 0.5108054220715452, 0.00948841815630147, 3.859999656677246, 0.08267859091153695, 1.0, 1.0, 0.22047099940712583, 0.4009117903304978, 0.5461789377415839, 0.5434511796417325, 0.21174858837678268, 0.7948918690686695, 2.0, 6.5, 1.0, 0.02831268401945536, 0.01561203304964609, 0.2039078473664399, 0.10426815331164402], "features": ["SMA20_dist", "SMA50_dist", "sma_cross", "RSI14", "MACD", "MACD_sig", "MACD_hist", "BB_width", "BB_pos", "ATR14", "ret_1d", "ret_5d", "vol_10d", "vol_ratio", "obv_trend", "spy_ret_1d", "vix_level", "vix_change", "vix_regime", "asset_class", "ret_1m", "ret_3m", "ret_6m", "ret_12m", "high52w_dist", "low52w_dist", "day_of_week", "month", "is_options_expiry", "btc_ret_1d", "gold_ret_1d", "corr_spy_20d", "vwap_dist"]}