{"center": [0.024702505743755394, 0.06675151932409798, 1.0, 56.16316296540862, 1.658771060312958, 1.6861280742422595, -0.018360412021604766, 0.1739705953535098, 0.6657386520550279, 3.9114281790597096, -9.151085042269358e-05, 0.010544992977373768, 0.029154511833930464, 0.9311189893835345, 1.0216174581035484, 0.0005602827185173798, 17.360000610351562, -0.004632673488730754, 1.0, 0.0, 0.05554021871353454, 0.13343624209748106, 0.06728129336945288, 0.04777544558613278, -0.0954577971662031, 0.9891762499855237, 2.0, 6.0, 0.0, -0.001682150134457161, 0.0014210967336203417, 0.5703163577966613, 0.02316636272934241], "scale": [0.09528819933616597, 0.16227728994199286, 1.0, 24.452206555515055, 4.0006735008585395, 3.7740574454127374, 1.1055262855529624, 0.12491852961210098, 0.5033802490953408, 1.4564296177455356, 0.03874556024893949, 0.07599804459489701, 0.016421023119149607, 0.4618215982862619, 0.15673463024901213, 0.008938228502044843, 3.809999465942383, 0.08041486678032383, 1.0, 1.0, 0.21135045557884136, 0.398751181272765, 0.3734416070555996, 0.3440631722037133, 0.17800117658266562, 0.6191839321707153, 2.0, 7.0, 1.0, 0.029034247056331286, 0.01475220720764836, 0.22221182311200144, 0.10139841695563592], "features": ["SMA20_dist", "SMA50_dist", "sma_cross", "RSI14", "MACD", "MACD_sig", "MACD_hist", "BB_width", "BB_pos", "ATR14", "ret_1d", "ret_5d", "vol_10d", "vol_ratio", "obv_trend", "spy_ret_1d", "vix_level", "vix_change", "vix_regime", "asset_class", "ret_1m", "ret_3m", "ret_6m", "ret_12m", "high52w_dist", "low52w_dist", "day_of_week", "month", "is_options_expiry", "btc_ret_1d", "gold_ret_1d", "corr_spy_20d", "vwap_dist"]}