{"center": [0.004323512788729629, 0.010153492600785284, 1.0, 51.35048923170851, 0.4547140353875818, 0.4619329402180064, 0.18912773960742868, 0.12256560634222023, 0.5409860561741334, 4.400468879087064, 0.00043733090985220713, 0.003118398540867817, 0.01798185394138444, 0.9186689370407299, 1.009333927325055, 0.0004637390430815014, 17.3799991607666, -0.004632673488730754, 1.0, 0.0, 0.00721679210081172, 0.0015842669620960148, 0.0, 0.0, -0.19046388811449594, 0.18763600540620512, 2.0, 6.0, 0.0, -0.001682150134457161, 0.0007275678386380324, 0.6333650829220354, 0.003938435419189006], "scale": [0.06027714206658104, 0.09775876090623752, 1.0, 22.187026693790294, 4.138834283979236, 3.8135794024060683, 1.28046286902716, 0.09371650959817292, 0.5093289982770077, 1.6827111918301756, 0.02507931656722362, 0.06355539432688884, 0.01287471793331773, 0.3962014503080511, 0.29627720431123183, 0.008739990882108084, 3.890000343322754, 0.07656478376084064, 1.0, 1.0, 0.12254248182838345, 0.17110999759086332, 0.16341053962019003, 0.04025548672506141, 0.1440613191773966, 0.2706197069179989, 2.0, 7.0, 1.0, 0.02863089223820159, 0.015152831480779616, 0.26060654327097427, 0.05721411375548296], "features": ["SMA20_dist", "SMA50_dist", "sma_cross", "RSI14", "MACD", "MACD_sig", "MACD_hist", "BB_width", "BB_pos", "ATR14", "ret_1d", "ret_5d", "vol_10d", "vol_ratio", "obv_trend", "spy_ret_1d", "vix_level", "vix_change", "vix_regime", "asset_class", "ret_1m", "ret_3m", "ret_6m", "ret_12m", "high52w_dist", "low52w_dist", "day_of_week", "month", "is_options_expiry", "btc_ret_1d", "gold_ret_1d", "corr_spy_20d", "vwap_dist"]}