{"center": [0.01041997221975621, 0.02241857232925692, 1.0, 55.32915829087139, 0.09634867787829648, 0.11075690747272343, 0.004211085458928884, 0.15595087998936102, 0.5958772756198282, 0.4392858232770647, -0.0007259002166554174, 0.004145873575528203, 0.02043840978504557, 0.9253093900268137, 1.0068153472579404, 0.0005685229860479257, 17.260000228881836, -0.007843129677328364, 1.0, 0.0, 0.029790343877625025, 0.1973969243073268, 0.2603550128904042, 0.6174733621432293, -0.0912729712201091, 0.9552905828570292, 2.0, 6.0, 0.0, -1.9742508661990676e-05, 0.0017481999132260562, 0.3671517047214456, 0.009335882597211426], "scale": [0.07655986320079369, 0.1829841442094149, 1.0, 25.524952514563772, 0.6242779383595272, 0.62682129967706, 0.14354165367923893, 0.13701985300399228, 0.5255793939982529, 0.19857181821550646, 0.02217650369533819, 0.059692807868800934, 0.013803048668827879, 0.44514046457505296, 0.1971558829136082, 0.008926073975831561, 3.8200016021728516, 0.08470658340303616, 1.0, 1.0, 0.1828223377808833, 0.49758053892920895, 1.0731441143509661, 1.6149584389962803, 0.09270069501975253, 1.5555960816503007, 2.0, 7.0, 1.0, 0.028194592152237408, 0.015155686822539094, 0.2224565061127866, 0.0749004030931496], "features": ["SMA20_dist", "SMA50_dist", "sma_cross", "RSI14", "MACD", "MACD_sig", "MACD_hist", "BB_width", "BB_pos", "ATR14", "ret_1d", "ret_5d", "vol_10d", "vol_ratio", "obv_trend", "spy_ret_1d", "vix_level", "vix_change", "vix_regime", "asset_class", "ret_1m", "ret_3m", "ret_6m", "ret_12m", "high52w_dist", "low52w_dist", "day_of_week", "month", "is_options_expiry", "btc_ret_1d", "gold_ret_1d", "corr_spy_20d", "vwap_dist"]}