{"center": [0.008253736486460168, 0.023865858753629714, 1.0, 55.00823476568348, 0.30801432646000393, 0.3457441336714083, -0.01730463925319095, 0.07727080445150156, 0.639543721342144, 0.6420604332857859, 0.0011947483538268244, 0.0029252656856999515, 0.011054525592760753, 0.5220367993153616, 0.9896308080291408, 0.0009013320810069558, 17.510000228881836, -0.005298008058610915, 1.0, 0.0, 0.020888324151374427, 0.05474775668343268, 0.12168788791596374, 0.12645936448501205, -0.03218212084105844, 0.3096060410198416, 2.0, 6.0, 0.0, -0.0008217291810309613, 0.002012776164397767, 0.7272604415425719, 0.009190458677028817], "scale": [0.03554975860406418, 0.06566594754112799, 1.0, 21.639365671268713, 0.9718035769503715, 0.9717095525737005, 0.27124312478763657, 0.04123075843617484, 0.4706511052986169, 0.45758109881704867, 0.015717936808129496, 0.03412635123701646, 0.0057758442701548954, 0.6605365742004613, 0.36198782720884737, 0.009258229961367603, 3.8599987030029297, 0.08439625738192824, 1.0, 1.0, 0.06763674619790072, 0.09882999512808466, 0.18464102987204756, 0.32006835623034413, 0.0742930060006671, 0.331188197233236, 2.0, 7.0, 1.0, 0.02729690559455722, 0.015568808104306275, 0.16896233768928826, 0.03584726664965985], "features": ["SMA20_dist", "SMA50_dist", "sma_cross", "RSI14", "MACD", "MACD_sig", "MACD_hist", "BB_width", "BB_pos", "ATR14", "ret_1d", "ret_5d", "vol_10d", "vol_ratio", "obv_trend", "spy_ret_1d", "vix_level", "vix_change", "vix_regime", "asset_class", "ret_1m", "ret_3m", "ret_6m", "ret_12m", "high52w_dist", "low52w_dist", "day_of_week", "month", "is_options_expiry", "btc_ret_1d", "gold_ret_1d", "corr_spy_20d", "vwap_dist"]}