{"center": [-0.006596485599583075, -0.01936024333102835, 0.0, 46.627271236440265, -1.5205058463911314, -1.365830727711666, 0.11530415114649228, 0.1359742653249292, 0.4438598737861006, 7.289654991405466, -0.000832499085641758, -0.0014560637217484462, 0.01888913755302941, 0.9230971620562839, 1.0493488529724633, 0.0009012287764704752, 17.649999618530273, -0.006670313141271755, 1.0, 0.0, -0.013596592978543542, -0.06248931606910568, -0.1252394563576088, 0.0, -0.2908022496585046, 0.11579470839732481, 2.0, 6.0, 0.0, 0.000799101589935125, 0.001670691560653026, 0.4775062080288739, -0.005258472854847839], "scale": [0.0719341353509042, 0.10428219898499931, 1.0, 25.110284942299693, 7.170218267951654, 6.12878720670493, 2.4521800837318635, 0.0847011739664622, 0.5498235138668235, 2.2642960170208655, 0.023777414809498132, 0.06447154157817425, 0.010411785986663362, 0.43588063698296853, 1.2307108393117896, 0.00886910148755815, 4.054999351501465, 0.09064893469122393, 1.0, 1.0, 0.13153236995736656, 0.20705152919816555, 0.2151972271147347, 0.2820529951885823, 0.1701809141414179, 0.14765885544717014, 2.0, 7.0, 1.0, 0.027124190627923594, 0.01637258194113539, 0.4892415610647589, 0.07224579064042724], "features": ["SMA20_dist", "SMA50_dist", "sma_cross", "RSI14", "MACD", "MACD_sig", "MACD_hist", "BB_width", "BB_pos", "ATR14", "ret_1d", "ret_5d", "vol_10d", "vol_ratio", "obv_trend", "spy_ret_1d", "vix_level", "vix_change", "vix_regime", "asset_class", "ret_1m", "ret_3m", "ret_6m", "ret_12m", "high52w_dist", "low52w_dist", "day_of_week", "month", "is_options_expiry", "btc_ret_1d", "gold_ret_1d", "corr_spy_20d", "vwap_dist"]}