{"center": [0.03467189304209536, 0.06955569715164933, 1.0, 55.04336134739028, 0.09121893278442195, 0.09789084472250595, 0.02610949348304471, 0.34393117563104836, 0.6148995856230273, 0.5771427665437971, 0.005181385618290624, 0.01631157168780173, 0.054920985926161195, 0.9462329164487252, 1.0486662076046294, 0.0012149076348427768, 17.18000030517578, -0.0049221973866435675, 1.0, 0.0, 0.07159905643682318, 0.16137094371191074, 0.3250521198347749, 0.0, -0.32565602781367076, 1.6276372415874454, 2.0, 6.0, 0.0, -0.0007965467490635425, 0.001712988281543426, 0.3420440875897271, 0.01844650672717471], "scale": [0.19090451256622892, 0.28682988691893596, 1.0, 26.936404168188446, 0.5679413178445558, 0.5190426956623264, 0.18760541933671648, 0.24672830201624033, 0.5353596483824341, 0.3848215511866978, 0.059891691179669915, 0.16074785667927616, 0.023553098114976134, 0.6618831394311043, 0.5227003785770252, 0.009006439840404862, 4.282499551773071, 0.07837585487718085, 1.0, 1.0, 0.35076848376772896, 0.609635292649189, 0.6579243651072849, 0.9895246632363006, 0.2647067624292112, 1.5978113068687576, 2.0, 7.0, 1.0, 0.026640419896351825, 0.014971505523111606, 0.29589296343763494, 0.1780002887210361], "features": ["SMA20_dist", "SMA50_dist", "sma_cross", "RSI14", "MACD", "MACD_sig", "MACD_hist", "BB_width", "BB_pos", "ATR14", "ret_1d", "ret_5d", "vol_10d", "vol_ratio", "obv_trend", "spy_ret_1d", "vix_level", "vix_change", "vix_regime", "asset_class", "ret_1m", "ret_3m", "ret_6m", "ret_12m", "high52w_dist", "low52w_dist", "day_of_week", "month", "is_options_expiry", "btc_ret_1d", "gold_ret_1d", "corr_spy_20d", "vwap_dist"]}