{"center": [0.002942547796255107, 0.007499371773459798, 1.0, 52.065510085576335, 0.1018734326430284, 0.1414840034378297, 0.002643595253115763, 0.06737348869152318, 0.5546071734822988, 0.6055521188214101, -0.0004956932713346407, 2.9505374077531954e-05, 0.00985823555914131, 0.973251680336505, 0.9773688116655496, 0.0008308849458616985, 17.494999885559082, -0.007288538293765301, 1.0, 0.0, 0.005133291124282735, 0.017551284359954455, 0.014883021245295613, 0.0, -0.0608338244885416, 0.18497310058281546, 2.0, 6.5, 0.0, -0.0005528134329213508, 0.001650071760848859, 0.6151459113930775, 0.004336481636477488], "scale": [0.0355300246989766, 0.04658329514668261, 1.0, 22.047772394521722, 0.6420054319990225, 0.5930130010683468, 0.20592802475308292, 0.03689501386318041, 0.5276799148532323, 0.17438614014536458, 0.013784656427664466, 0.032445847276723505, 0.003284973487070065, 0.44018261613688525, 0.4904840418023032, 0.009075847153872996, 3.717499256134033, 0.08295220836332196, 1.0, 1.0, 0.07412938846485531, 0.09124487673912762, 0.08611345012169741, 0.08468809455569115, 0.05790272104295928, 0.15600650321122572, 2.0, 7.0, 1.0, 0.027470694004118446, 0.014863222965510875, 0.24971325857890747, 0.035621485013330914], "features": ["SMA20_dist", "SMA50_dist", "sma_cross", "RSI14", "MACD", "MACD_sig", "MACD_hist", "BB_width", "BB_pos", "ATR14", "ret_1d", "ret_5d", "vol_10d", "vol_ratio", "obv_trend", "spy_ret_1d", "vix_level", "vix_change", "vix_regime", "asset_class", "ret_1m", "ret_3m", "ret_6m", "ret_12m", "high52w_dist", "low52w_dist", "day_of_week", "month", "is_options_expiry", "btc_ret_1d", "gold_ret_1d", "corr_spy_20d", "vwap_dist"]}