{"center": [0.00913814996160089, 0.023057136968557032, 1.0, 54.196489629818096, 1.4307244290017138, 1.432705587822074, -0.0903786015352197, 0.07160225780441057, 0.6363283086968621, 3.01038058628094, 0.00010399421618179083, 0.002627507788878547, 0.010826700919624076, 0.9151191640560508, 1.0339474161417022, 0.0010234048181770872, 17.479999542236328, -0.005254864671583648, 1.0, 0.0, 0.022881569407562474, 0.04862518018588846, 0.05849913599522083, 0.07563667253564221, -0.02954817407230379, 0.29130313711888456, 2.0, 6.0, 0.0, -0.000165364255538758, 0.0015508527855015997, 0.8809704105520028, 0.008091694612180672], "scale": [0.030063107281533268, 0.050091597797407836, 1.0, 20.00694448015998, 2.759062155719441, 2.4970478399788543, 0.7400613701325218, 0.04773518589924212, 0.4175653458823367, 1.1838838629597999, 0.013047653805983106, 0.0308305974801536, 0.0057607177958232045, 0.5380527011543894, 0.18867321438634577, 0.009265116258405065, 3.9850001335144043, 0.07893647302896245, 1.0, 1.0, 0.0633852865691141, 0.08851915372388924, 0.13356136360983134, 0.1740750766787667, 0.05436381243784011, 0.2175255031280845, 2.0, 7.0, 1.0, 0.02677850414382779, 0.014131970279536332, 0.09256646710295002, 0.028904448981009925], "features": ["SMA20_dist", "SMA50_dist", "sma_cross", "RSI14", "MACD", "MACD_sig", "MACD_hist", "BB_width", "BB_pos", "ATR14", "ret_1d", "ret_5d", "vol_10d", "vol_ratio", "obv_trend", "spy_ret_1d", "vix_level", "vix_change", "vix_regime", "asset_class", "ret_1m", "ret_3m", "ret_6m", "ret_12m", "high52w_dist", "low52w_dist", "day_of_week", "month", "is_options_expiry", "btc_ret_1d", "gold_ret_1d", "corr_spy_20d", "vwap_dist"]}