{"center": [0.0033353778644455026, 0.010960168997084747, 1.0, 50.342164626363335, 0.30723002714903913, 0.22181637536042462, -0.0436349172283008, 0.15921249126910847, 0.5233371971746859, 2.3451780591692244, -0.0007731476152713634, 0.0027344668060828026, 0.02586288026513779, 0.9141528005300203, 1.0285521569102862, 0.0011858456063362777, 17.5600004196167, -0.007287674739285488, 1.0, 0.0, 0.012080656470196294, 0.0, 0.0, 0.0, -0.12429702474882226, 0.5637324897777751, 2.0, 6.0, 0.0, 0.0007781713812019531, 0.001712988281543426, 0.4591713599005959, 0.0031691247105846473], "scale": [0.09124330254388763, 0.16835866229186178, 1.0, 22.564590834715318, 2.910726956962332, 2.945230301745511, 0.9043798242889343, 0.08923861063295935, 0.5555196906470594, 1.1828565597534177, 0.04017331625433046, 0.0774773261185493, 0.012489309905884673, 0.5224769294781502, 0.47081897828358055, 0.00878006130232048, 4.1399993896484375, 0.07886519892562449, 1.0, 1.0, 0.15416055503278445, 0.3684027843768133, 0.46728093607096943, 0.11996507068953272, 0.282951325287473, 0.723406670203659, 2.0, 7.0, 1.0, 0.02798790586495009, 0.01525291504174861, 0.27982740548001656, 0.08836894056634448], "features": ["SMA20_dist", "SMA50_dist", "sma_cross", "RSI14", "MACD", "MACD_sig", "MACD_hist", "BB_width", "BB_pos", "ATR14", "ret_1d", "ret_5d", "vol_10d", "vol_ratio", "obv_trend", "spy_ret_1d", "vix_level", "vix_change", "vix_regime", "asset_class", "ret_1m", "ret_3m", "ret_6m", "ret_12m", "high52w_dist", "low52w_dist", "day_of_week", "month", "is_options_expiry", "btc_ret_1d", "gold_ret_1d", "corr_spy_20d", "vwap_dist"]}