{"center": [0.015561127265944365, 0.040874543700625245, 1.0, 55.645366323408155, 2.738868906158416, 2.85952570395645, -0.09479359559050404, 0.13064134599010038, 0.6511047725953423, 6.7595235199156125, 0.00164981192471636, 0.007070524054041183, 0.02010441822995506, 0.9264830153700454, 1.0155372555350892, 0.0008305517199299617, 17.440000534057617, -0.0048289091912665505, 1.0, 0.0, 0.028791067794365577, 0.13795491001985893, 0.2243399606750387, 0.1820693564422592, -0.05487926130799484, 0.6424576264039997, 2.0, 6.0, 0.0, -0.0016340123250006555, 0.0015508527855015997, 0.7812556129722502, 0.01960013792140608], "scale": [0.06290574098295605, 0.11776172373698975, 1.0, 20.691300915603556, 8.39745325613054, 8.232203501868927, 2.245123068942859, 0.09427602924381348, 0.5077064697496891, 5.793006842234554, 0.027560114598303126, 0.06307970782535485, 0.012492674943469236, 0.5125070550703374, 0.31251582847982207, 0.00909574155757259, 3.8274998664855957, 0.08379448186423705, 1.0, 1.0, 0.13655455158250196, 0.23396214605346027, 0.4542403152864483, 0.6230102214026099, 0.08608136722483338, 1.0664992056714933, 2.0, 7.0, 1.0, 0.028078736324227443, 0.015138359237102883, 0.13590036912921466, 0.06486765074832565], "features": ["SMA20_dist", "SMA50_dist", "sma_cross", "RSI14", "MACD", "MACD_sig", "MACD_hist", "BB_width", "BB_pos", "ATR14", "ret_1d", "ret_5d", "vol_10d", "vol_ratio", "obv_trend", "spy_ret_1d", "vix_level", "vix_change", "vix_regime", "asset_class", "ret_1m", "ret_3m", "ret_6m", "ret_12m", "high52w_dist", "low52w_dist", "day_of_week", "month", "is_options_expiry", "btc_ret_1d", "gold_ret_1d", "corr_spy_20d", "vwap_dist"]}