{"center": [0.025288059878286327, 0.058454818435503916, 1.0, 56.02123864077288, 1.4370861257441803, 1.4838006739623413, 0.08960914607248327, 0.17491912068422738, 0.6769256221418096, 3.9192861829485213, 0.0007185230471477011, 0.01714874423498114, 0.03019088999885687, 0.8934039147158155, 1.0082516576203953, 0.0008157546664459003, 17.414999961853027, -0.005630684757875204, 1.0, 0.0, 0.04621798160099, 0.09756132841287335, 0.005423809670723534, 0.0, -0.10292251656538895, 0.9610611867152266, 2.0, 6.0, 0.0, -0.0017258746687544568, 0.001423505566895189, 0.5780842098023026, 0.02467178795237559], "scale": [0.09876352144874459, 0.17363714718371728, 1.0, 26.250998588614124, 3.8839864876935337, 3.756784198972223, 1.0902871003326562, 0.14039637801458396, 0.5327297996642925, 1.4819646562848776, 0.03494452183801541, 0.08067276097773599, 0.015611039104248409, 0.47250860225417757, 0.19268073845385458, 0.00918158890155063, 4.0199995040893555, 0.08331614500173995, 1.0, 1.0, 0.21910742678527242, 0.4176750331206446, 0.33083411343884916, 0.3007449246298605, 0.18573076687054602, 0.6020709683425782, 2.0, 7.0, 1.0, 0.027833468553623647, 0.014808977306913051, 0.24272508318056907, 0.10020875296906184], "features": ["SMA20_dist", "SMA50_dist", "sma_cross", "RSI14", "MACD", "MACD_sig", "MACD_hist", "BB_width", "BB_pos", "ATR14", "ret_1d", "ret_5d", "vol_10d", "vol_ratio", "obv_trend", "spy_ret_1d", "vix_level", "vix_change", "vix_regime", "asset_class", "ret_1m", "ret_3m", "ret_6m", "ret_12m", "high52w_dist", "low52w_dist", "day_of_week", "month", "is_options_expiry", "btc_ret_1d", "gold_ret_1d", "corr_spy_20d", "vwap_dist"]}