{"center": [0.010893772163613476, 0.021658641609442225, 1.0, 52.14788878065659, 0.44682314872677864, 0.47013128675769195, -0.010343408380486085, 0.11052014336002723, 0.6096895131384754, 2.777143750871931, 0.0016394846652778572, 0.006357704331162228, 0.01789898265335563, 0.9507054776170007, 1.0329815817667236, 0.0013759501300831811, 17.610000610351562, -0.006658632403358511, 1.0, 0.0, 0.020165470440342892, 0.04621746756838263, 0.0, 0.0, -0.1277821369350131, 0.5518215269332295, 2.0, 6.0, 0.0, -0.0008217291810309613, 0.0017481999132260562, 0.4623721013363494, 0.013944076050652926], "scale": [0.06054511052267547, 0.09094039843143784, 1.0, 21.626089722144698, 2.1799546740724907, 2.0056923812507224, 0.891238042729718, 0.09750125999626875, 0.4996492708324879, 1.3099986485072543, 0.023099541263854384, 0.05971224929830399, 0.011358607703783654, 0.38576831896207664, 0.11560519006431658, 0.009475578683009522, 4.0, 0.08856725643593732, 1.0, 1.0, 0.1039713529490155, 0.26749722542858234, 0.41158268426871447, 0.12841927903822425, 0.2341730888608737, 0.690022441090594, 2.0, 7.0, 1.0, 0.027234844108633305, 0.015822448171931902, 0.335854952186631, 0.0582501054255955], "features": ["SMA20_dist", "SMA50_dist", "sma_cross", "RSI14", "MACD", "MACD_sig", "MACD_hist", "BB_width", "BB_pos", "ATR14", "ret_1d", "ret_5d", "vol_10d", "vol_ratio", "obv_trend", "spy_ret_1d", "vix_level", "vix_change", "vix_regime", "asset_class", "ret_1m", "ret_3m", "ret_6m", "ret_12m", "high52w_dist", "low52w_dist", "day_of_week", "month", "is_options_expiry", "btc_ret_1d", "gold_ret_1d", "corr_spy_20d", "vwap_dist"]}