{"center": [0.010668336446367806, 0.01200129844506113, 1.0, 54.248137025586246, 0.5349490213198607, 0.4772945972540416, 0.06288537666494382, 0.12308786894086218, 0.6046999971852677, 3.069292888959535, 0.0028977693833405205, 0.007196328082546444, 0.015983748532900608, 0.944929792877822, 1.0653733005863995, 0.0005047507949251795, 17.440000534057617, -0.005681812794001595, 1.0, 0.0, 0.015547692255218903, 0.02808050153536512, 9.961387339840755e-05, 0.0, -0.09752515127361769, 0.2551752401052917, 2.0, 6.0, 0.0, -0.0016352711961346023, 0.0017841598670260694, 0.2923620717951794, 0.010147171161157943], "scale": [0.05923375985757834, 0.06929661816048319, 1.0, 25.259716367006718, 2.5696594654986384, 2.2876250310958817, 1.2212252970747293, 0.06148678883631051, 0.5287057801383315, 0.926283589383575, 0.021330364963932702, 0.05558156758545446, 0.004807065285488072, 0.43579830728807745, 0.6141274008335695, 0.009382186336660936, 4.069999694824219, 0.07813322913173237, 1.0, 1.0, 0.11695403217605083, 0.11875324608648197, 0.18257282337771263, 0.04530376880481313, 0.06624643196611019, 0.24281416558120572, 2.0, 7.0, 1.0, 0.027690045209331104, 0.014212387665254844, 0.6758579025109257, 0.05884154631662851], "features": ["SMA20_dist", "SMA50_dist", "sma_cross", "RSI14", "MACD", "MACD_sig", "MACD_hist", "BB_width", "BB_pos", "ATR14", "ret_1d", "ret_5d", "vol_10d", "vol_ratio", "obv_trend", "spy_ret_1d", "vix_level", "vix_change", "vix_regime", "asset_class", "ret_1m", "ret_3m", "ret_6m", "ret_12m", "high52w_dist", "low52w_dist", "day_of_week", "month", "is_options_expiry", "btc_ret_1d", "gold_ret_1d", "corr_spy_20d", "vwap_dist"]}