{"center": [0.007688478423008167, 0.02043588170751412, 1.0, 56.73949212945671, 0.41085633235550034, 0.4137055524258425, 0.00024442059296210517, 0.047677129284271313, 0.682670902015477, 0.7620584719944041, 4.179973839113504e-06, 0.0021766800841963585, 0.007630563629852219, 0.943765815248294, 1.0344117646274213, 0.0009008441539046785, 17.5600004196167, -0.0067012664712571834, 1.0, 0.0, 0.015656002088623167, 0.03848446259726901, 0.052190933507801684, 0.09490097590978064, -0.010926356862895118, 0.2135469084228311, 2.0, 6.0, 0.0, -0.0005528134329213508, 0.000686881516564597, 0.8711500671980386, 0.008358162585164988], "scale": [0.020590402170551747, 0.030075941837575743, 1.0, 19.08730662383033, 0.5355697430409414, 0.44877411004101303, 0.18813350493101438, 0.03497517450887873, 0.42949223367437206, 0.3213406957182324, 0.010055425353360042, 0.018987484229327778, 0.0038274207688193933, 0.3939790443187081, 0.20258001424978023, 0.008726377204982705, 3.9875001907348633, 0.08198189576952486, 1.0, 1.0, 0.04139143660331243, 0.04555209277003214, 0.08946542193486107, 0.1380799382839658, 0.02245596612144203, 0.14160239609773134, 2.0, 7.0, 1.0, 0.02685454949021096, 0.015223569872681947, 0.12343487840332068, 0.02034192700968654], "features": ["SMA20_dist", "SMA50_dist", "sma_cross", "RSI14", "MACD", "MACD_sig", "MACD_hist", "BB_width", "BB_pos", "ATR14", "ret_1d", "ret_5d", "vol_10d", "vol_ratio", "obv_trend", "spy_ret_1d", "vix_level", "vix_change", "vix_regime", "asset_class", "ret_1m", "ret_3m", "ret_6m", "ret_12m", "high52w_dist", "low52w_dist", "day_of_week", "month", "is_options_expiry", "btc_ret_1d", "gold_ret_1d", "corr_spy_20d", "vwap_dist"]}