{"center": [0.018302922241113552, 0.04409166926556394, 1.0, 54.0820944170668, 1.1043546305524785, 1.1514672635622611, 0.022801898091465822, 0.16409916443828393, 0.6367806157614553, 2.851931392279521, 0.0021346432535613857, 0.012912245131542432, 0.021589007964897117, 0.9615128436960595, 1.034615829220617, 0.0014609060507264626, 17.209999084472656, -0.007843129677328364, 1.0, 0.0, 0.041252317898258895, 0.12227989707391829, 0.2816794244153775, 0.4855061568824064, -0.05111896963995839, 0.6996201887595638, 2.0, 6.0, 0.0, 0.0007548627203146641, 0.002599431669397134, 0.3544624948518546, 0.019185855437869593], "scale": [0.06619893676769614, 0.11679428401143427, 1.0, 22.48662098804361, 2.7057498669915283, 2.6060872054628126, 0.9178290824587013, 0.10400338842327753, 0.4809692556918689, 3.0649635280421346, 0.029733235594396445, 0.07628765571759605, 0.011369680890273164, 0.44296543274811295, 0.1470852623888903, 0.00879685069072983, 3.8199996948242188, 0.07427311007083998, 1.0, 1.0, 0.1322984444361885, 0.1984768388730923, 0.3460424616254779, 0.768593508907854, 0.11549323755045725, 0.6263552921917548, 2.0, 7.0, 1.0, 0.027688969726041845, 0.014050390701013715, 0.5121311233772011, 0.06919574099047582], "features": ["SMA20_dist", "SMA50_dist", "sma_cross", "RSI14", "MACD", "MACD_sig", "MACD_hist", "BB_width", "BB_pos", "ATR14", "ret_1d", "ret_5d", "vol_10d", "vol_ratio", "obv_trend", "spy_ret_1d", "vix_level", "vix_change", "vix_regime", "asset_class", "ret_1m", "ret_3m", "ret_6m", "ret_12m", "high52w_dist", "low52w_dist", "day_of_week", "month", "is_options_expiry", "btc_ret_1d", "gold_ret_1d", "corr_spy_20d", "vwap_dist"]}