{"center": [0.0070032000867444105, 0.006509577326944556, 1.0, 52.336780979893895, 0.6873385701717609, 0.5532546233226658, 0.10907570514842302, 0.14783897636106746, 0.5503553295385082, 5.122851841027412, 0.00039755940001373613, 0.004599353212121571, 0.01942840588824876, 0.9283484306673713, 0.9918705432467192, 0.000732468790622276, 17.5600004196167, -0.005509084778692164, 1.0, 0.0, 0.014259269751206172, 0.02637684466163215, 0.0, 0.0, -0.11992504694715131, 0.26916582127484256, 2.0, 6.0, 0.0, -0.0007989160866231915, 0.0016024120815585352, 0.5382089873006477, 0.0067165113607104265], "scale": [0.08119915893188527, 0.14252955741287812, 1.0, 30.672290821637816, 7.855649629439654, 7.4600989211918645, 1.867960244028154, 0.0994906549654176, 0.582691441459121, 1.4283604343435137, 0.02252728612223423, 0.061307733682567284, 0.010054958708313438, 0.4060036184066119, 0.7479336855105573, 0.009221810001420805, 4.357501029968262, 0.07721301197719038, 1.0, 1.0, 0.15446218091163702, 0.21837009507287305, 0.16533512045707432, 0.09842178646524552, 0.1165504814868721, 0.3168751715244798, 2.0, 7.0, 1.0, 0.027012762616266867, 0.015107262274274336, 0.412410152479026, 0.08228792287754715], "features": ["SMA20_dist", "SMA50_dist", "sma_cross", "RSI14", "MACD", "MACD_sig", "MACD_hist", "BB_width", "BB_pos", "ATR14", "ret_1d", "ret_5d", "vol_10d", "vol_ratio", "obv_trend", "spy_ret_1d", "vix_level", "vix_change", "vix_regime", "asset_class", "ret_1m", "ret_3m", "ret_6m", "ret_12m", "high52w_dist", "low52w_dist", "day_of_week", "month", "is_options_expiry", "btc_ret_1d", "gold_ret_1d", "corr_spy_20d", "vwap_dist"]}