{"center": [0.007034950948965775, 0.022935992918445773, 1.0, 53.65850232146495, 0.4030026014008783, 0.3780558802488484, -0.012612980811214536, 0.09279026964000679, 0.589040004976476, 1.298123117860317, -0.0010092076809412598, 0.001431640249273114, 0.01411197895328657, 0.940724091427781, 0.9630802539760486, 0.0018329931020035772, 17.389999389648438, -0.008169153323245748, 1.0, 0.0, 0.01894162144048317, 0.039653817016960025, 0.052871178339406466, 0.0, -0.06850011221775268, 0.29205337668392384, 2.0, 6.0, 0.0, -0.00022924323774897726, 0.002599431669397134, 0.5864945563559975, 0.007077817543209338], "scale": [0.04831885666756374, 0.07017160694049067, 1.0, 25.128377753065912, 1.2753682408675644, 1.1701848135582031, 0.4349335239212257, 0.06281869060382121, 0.5047451019996683, 0.28894978439127783, 0.0186740663336481, 0.0439044186312022, 0.005210235251952848, 0.480957264683865, 0.7803032897397558, 0.008790703780132803, 4.439998626708984, 0.07997438192120832, 1.0, 1.0, 0.09710086799822804, 0.13967169416062408, 0.13000497691341129, 0.1628768078808953, 0.08555391180437003, 0.12247368457296304, 2.0, 7.0, 1.0, 0.02874211176968189, 0.015851021974260582, 0.2914810868229411, 0.04640020474444128], "features": ["SMA20_dist", "SMA50_dist", "sma_cross", "RSI14", "MACD", "MACD_sig", "MACD_hist", "BB_width", "BB_pos", "ATR14", "ret_1d", "ret_5d", "vol_10d", "vol_ratio", "obv_trend", "spy_ret_1d", "vix_level", "vix_change", "vix_regime", "asset_class", "ret_1m", "ret_3m", "ret_6m", "ret_12m", "high52w_dist", "low52w_dist", "day_of_week", "month", "is_options_expiry", "btc_ret_1d", "gold_ret_1d", "corr_spy_20d", "vwap_dist"]}