{"center": [0.016943798216367, 0.03882563098149448, 1.0, 55.768578055262516, 0.5460011580269146, 0.5589340555098399, 0.017512554967438365, 0.10297491237192793, 0.6860791613165506, 0.8628475237725457, 0.0018340046645795027, 0.009209913289018656, 0.014609120482552786, 0.8314513597007955, 0.9734566754576985, 0.0007458918092195788, 17.389999389648438, -0.005700987146387504, 1.0, 0.0, 0.034729666027222716, 0.10625173914782726, 0.13904707524853133, 0.2911164025110248, -0.03616863425249438, 0.35725208024115174, 2.0, 6.0, 0.0, 0.00013874977403555144, 0.001674234105256911, 0.5220220763005301, 0.01774015314068559], "scale": [0.047048900632805604, 0.07675845906341938, 1.0, 22.291657120186287, 1.0056118738117998, 1.004701893587763, 0.3397943118977396, 0.055853350170906174, 0.46016016950550687, 0.822741640543427, 0.018357747181723255, 0.04577196127368491, 0.007844236077626294, 0.7962606899577966, 0.4416645860705185, 0.009360755107911733, 3.9250009059906006, 0.08148881554446968, 1.0, 1.0, 0.08217110864244706, 0.15782380112165834, 0.3028578841778133, 0.4698352885655828, 0.08737774017767957, 0.4776603162650963, 2.0, 7.0, 1.0, 0.029360992516297785, 0.015665439815170906, 0.4234405323069192, 0.046817777311446436], "features": ["SMA20_dist", "SMA50_dist", "sma_cross", "RSI14", "MACD", "MACD_sig", "MACD_hist", "BB_width", "BB_pos", "ATR14", "ret_1d", "ret_5d", "vol_10d", "vol_ratio", "obv_trend", "spy_ret_1d", "vix_level", "vix_change", "vix_regime", "asset_class", "ret_1m", "ret_3m", "ret_6m", "ret_12m", "high52w_dist", "low52w_dist", "day_of_week", "month", "is_options_expiry", "btc_ret_1d", "gold_ret_1d", "corr_spy_20d", "vwap_dist"]}