{"center": [0.007712539083662866, 0.021293666426522452, 1.0, 57.431822789699694, 3.1290525827047873, 3.0856449839370956, -0.1049047861473702, 0.050677153352285786, 0.6681562444600262, 4.808795341066615, 0.00033535138202100967, 0.0013061673716050493, 0.007204168431383288, 0.9575963216398008, 1.052790151799239, 0.0003970354979805357, 17.610000610351562, -0.006586862594382348, 1.0, 0.0, 0.018633656166404666, 0.04670950689061093, 0.05347600593826507, 0.0954762992064715, -0.012997659839461205, 0.1860805334981878, 2.0, 6.0, 0.0, -0.0018977187896134229, 0.0019383092584315254, 0.865332143639222, 0.008137043504006715], "scale": [0.024561125449834426, 0.030990220617781426, 1.0, 20.96396891665718, 3.73827954942783, 2.9274314984841414, 1.3661038886068027, 0.03955645824106832, 0.4823087829845534, 1.7012503058264015, 0.010331156652202134, 0.02172944574686675, 0.003142869643748273, 0.41455128177093736, 0.13007769848865525, 0.008874924423153685, 4.279999732971191, 0.08720109077146421, 1.0, 1.0, 0.042926605568359866, 0.07196116370228156, 0.10849108261838192, 0.13859466550364452, 0.03246364485217115, 0.13322740577823114, 2.0, 7.0, 1.0, 0.028493634364259446, 0.014046000052297114, 0.09551960701479145, 0.023084240334962498], "features": ["SMA20_dist", "SMA50_dist", "sma_cross", "RSI14", "MACD", "MACD_sig", "MACD_hist", "BB_width", "BB_pos", "ATR14", "ret_1d", "ret_5d", "vol_10d", "vol_ratio", "obv_trend", "spy_ret_1d", "vix_level", "vix_change", "vix_regime", "asset_class", "ret_1m", "ret_3m", "ret_6m", "ret_12m", "high52w_dist", "low52w_dist", "day_of_week", "month", "is_options_expiry", "btc_ret_1d", "gold_ret_1d", "corr_spy_20d", "vwap_dist"]}