{"center": [0.015563257731602232, 0.0421209843446737, 1.0, 53.75482340129102, 1.597295355230358, 1.4270403917497272, 0.013625631009220207, 0.16513894669076068, 0.6173735103597747, 4.024234374283145, 0.003651112593111794, 0.008516997225906264, 0.02304285029465361, 0.9462684582828795, 1.0293084804284571, 0.0005685229860479257, 17.3799991607666, -0.005681812794001595, 1.0, 0.0, 0.04248444885799407, 0.1582656854460276, 0.3656160621596527, 0.57724169262125, -0.05093598524282103, 0.7233387221057456, 2.0, 6.0, 0.0, -0.00204861414171964, 0.0020187288833615202, 0.2969822704374354, 0.017689291183313957], "scale": [0.07249097739768792, 0.10342025773297274, 1.0, 26.245571977189826, 3.480428686346137, 3.184617420667507, 1.1321951342353933, 0.0857056435423938, 0.48985397389866225, 4.0778421338098845, 0.028032203622548768, 0.07309812708287461, 0.010881633771582702, 0.4336986323469325, 0.13450369959837727, 0.009078818826382284, 3.815000534057617, 0.08081713373500432, 1.0, 1.0, 0.14171570612973472, 0.19944285211274082, 0.3697038234471369, 1.0115359511499993, 0.10748702948768676, 0.7784594615558578, 2.0, 7.0, 1.0, 0.02797548759912266, 0.016030243756016804, 0.5574946875410106, 0.07622031131094417], "features": ["SMA20_dist", "SMA50_dist", "sma_cross", "RSI14", "MACD", "MACD_sig", "MACD_hist", "BB_width", "BB_pos", "ATR14", "ret_1d", "ret_5d", "vol_10d", "vol_ratio", "obv_trend", "spy_ret_1d", "vix_level", "vix_change", "vix_regime", "asset_class", "ret_1m", "ret_3m", "ret_6m", "ret_12m", "high52w_dist", "low52w_dist", "day_of_week", "month", "is_options_expiry", "btc_ret_1d", "gold_ret_1d", "corr_spy_20d", "vwap_dist"]}