{"center": [0.0072785258357968225, 0.019203954583555383, 1.0, 55.769312451836434, 0.227095991556844, 0.2272847561580569, -0.004421446330975853, 0.05343850137441839, 0.6599657805457407, 0.3605486382966078, 0.00026535206829492175, 0.004001730794376046, 0.0075327800303977, 0.8742451566874941, 1.0148158879536588, 0.0007606438304508245, 17.479999542236328, -0.006626930447881874, 1.0, 0.0, 0.017377331497502757, 0.05481067186901001, 0.10877434201923841, 0.16360217146242562, -0.0163974345143469, 0.22972826642397934, 2.0, 6.0, 0.0, -0.0008217291810309613, 0.0019763991077348386, 0.6155608417512024, 0.007938741895154434], "scale": [0.02449894403277671, 0.03834395207520627, 1.0, 20.309908178513204, 0.45097116812515026, 0.4009392100311242, 0.11476727198036904, 0.02829684135240664, 0.43798311611897545, 0.15935016175612338, 0.01058603815057313, 0.022641864295092184, 0.00285369513367894, 0.5662515861567636, 0.313791048001522, 0.00885287930991846, 3.9900007247924805, 0.08154152372240053, 1.0, 1.0, 0.04927561932569485, 0.0649978340559988, 0.14685913102411075, 0.25470920709582634, 0.03675165799633499, 0.23129155684495628, 2.0, 7.0, 1.0, 0.025785236933573596, 0.014967616750293233, 0.23601828021811128, 0.025098375424703834], "features": ["SMA20_dist", "SMA50_dist", "sma_cross", "RSI14", "MACD", "MACD_sig", "MACD_hist", "BB_width", "BB_pos", "ATR14", "ret_1d", "ret_5d", "vol_10d", "vol_ratio", "obv_trend", "spy_ret_1d", "vix_level", "vix_change", "vix_regime", "asset_class", "ret_1m", "ret_3m", "ret_6m", "ret_12m", "high52w_dist", "low52w_dist", "day_of_week", "month", "is_options_expiry", "btc_ret_1d", "gold_ret_1d", "corr_spy_20d", "vwap_dist"]}