{"center": [-0.013532097831349617, -0.04010476182808401, 0.0, 48.43799706852222, -2.6181952761186835, -1.634864940951383, 0.2461250776173035, 0.28531179930233574, 0.44080884523003416, 14.05500248500279, -0.005046230406591967, -0.010416817640051479, 0.042187713194981186, 0.9336660672273647, 0.9461037188417829, 0.001401392640401844, 17.460000038146973, -0.008242576903709442, 1.0, 0.0, -0.04197701404405657, -0.09253983989510667, 0.0, 0.0, -0.3369871905886716, 0.629761323501907, 2.0, 6.0, 0.0, -0.0003184371753567339, 0.0019739858527916265, 0.6144694484773545, -0.019912820632114595], "scale": [0.14422978836508538, 0.23563816887502126, 1.0, 28.268311759837147, 14.221720576348964, 15.37135602148436, 5.30304782298483, 0.15846124128637004, 0.5393959604162042, 6.8558889116559705, 0.049792210807455106, 0.12158160971618684, 0.019016937089879137, 0.48469088568465135, 0.5932815114956138, 0.009027278528117466, 3.8050007820129395, 0.08191676747925039, 1.0, 1.0, 0.27679786713512466, 0.5479941811316789, 0.5219515068732892, 0.13063417265118557, 0.2907138547710891, 0.7192675538210276, 2.0, 7.0, 1.0, 0.024970245034849375, 0.01618710952893357, 0.3075875100733235, 0.14068779699905604], "features": ["SMA20_dist", "SMA50_dist", "sma_cross", "RSI14", "MACD", "MACD_sig", "MACD_hist", "BB_width", "BB_pos", "ATR14", "ret_1d", "ret_5d", "vol_10d", "vol_ratio", "obv_trend", "spy_ret_1d", "vix_level", "vix_change", "vix_regime", "asset_class", "ret_1m", "ret_3m", "ret_6m", "ret_12m", "high52w_dist", "low52w_dist", "day_of_week", "month", "is_options_expiry", "btc_ret_1d", "gold_ret_1d", "corr_spy_20d", "vwap_dist"]}