{"center": [0.002840783507393441, 0.006140094262268867, 1.0, 52.82527595262745, 0.14632260818562415, 0.16761919042535228, -0.013064546871564248, 0.05105944760351164, 0.5717845987316472, 0.6265000552796545, 7.836574019937093e-05, 0.001084722849304165, 0.007721259421350567, 0.8423602621333577, 0.9903647454398676, 0.001594406401024262, 17.515000343322754, -0.007318110526737254, 1.0, 0.0, 0.011180092615418191, 0.018185813856114508, 0.028723029233009734, 0.06235109027869046, -0.03119760790438668, 0.19247375844782438, 2.0, 6.0, 0.0, 0.0008217691182561548, 0.0017274257138395477, 0.5877747764899127, 0.0028223122895352994], "scale": [0.023984596000718398, 0.03907562353836149, 1.0, 21.866572367236515, 0.5919115804065616, 0.5559329936386979, 0.21844880069281236, 0.03363238673678451, 0.5042554071572554, 0.16118211873982458, 0.011603241400547304, 0.025093691934974655, 0.0037005455131572176, 0.49858329376554067, 0.42477155847239867, 0.008881125058677053, 3.914999008178711, 0.07913397857420673, 1.0, 1.0, 0.045937735963749476, 0.07297276162609212, 0.08048290387130852, 0.1237138918115504, 0.05218388648031386, 0.17793902960473515, 2.0, 6.0, 1.0, 0.02705910105329984, 0.015617737703869844, 0.2583095945850975, 0.025222125957362854], "features": ["SMA20_dist", "SMA50_dist", "sma_cross", "RSI14", "MACD", "MACD_sig", "MACD_hist", "BB_width", "BB_pos", "ATR14", "ret_1d", "ret_5d", "vol_10d", "vol_ratio", "obv_trend", "spy_ret_1d", "vix_level", "vix_change", "vix_regime", "asset_class", "ret_1m", "ret_3m", "ret_6m", "ret_12m", "high52w_dist", "low52w_dist", "day_of_week", "month", "is_options_expiry", "btc_ret_1d", "gold_ret_1d", "corr_spy_20d", "vwap_dist"]}