{"center": [0.002416949750029483, 0.008098518717066393, 1.0, 52.017948726172875, 0.008375613037893359, 0.008911287724644397, 0.0004866542614802901, 0.07655526075192885, 0.5340681924968086, 0.07278568404061454, 0.00019875322867379808, 0.005676482625262436, 0.01146439833570741, 0.9210750623070952, 0.9856301875091467, 0.0005685787823312971, 17.350000381469727, -0.005298008058610915, 1.0, 1.0], "scale": [0.04047908124420464, 0.07948144188658149, 1.0, 22.079016279279102, 0.09921350023992015, 0.09617394186027056, 0.025727005655777766, 0.03655599189782946, 0.5104665463588807, 0.030035683086940212, 0.015421542750632955, 0.0368714439515172, 0.005708078510911449, 0.7778237500458917, 0.28713968213080165, 0.008773842387267305, 3.9850001335144043, 0.0808952915682215, 1.0, 1.0], "features": ["SMA20_dist", "SMA50_dist", "sma_cross", "RSI14", "MACD", "MACD_sig", "MACD_hist", "BB_width", "BB_pos", "ATR14", "ret_1d", "ret_5d", "vol_10d", "vol_ratio", "obv_trend", "spy_ret_1d", "vix_level", "vix_change", "vix_regime", "asset_class"]}