{"center": [0.0018615622837172077, 0.004887393558877831, 1.0, 79.32129925022547, 0.042166310494224035, 0.04242391106302765, -0.0003165308396474234, 0.005013647863788525, 0.8706305793913469, 0.020143309713079965, 0.0, 0.000974624079787656, 0.00039394325538481215, 0.9195121794583625, 1.0371096303352043, 0.0007605411152529218, 17.440000534057617, -0.005211721284556381, 1.0, 0.0, 0.004169138276141071, 0.012154582641789258, 0.02413544323928063, 0.04844926125278315, 0.0, 0.050830449840624715, 2.0, 7.0, 0.0, -0.0014864790528285043, 0.0020064107533963593, 0.3823839120134223, 0.0019486343553122387], "scale": [0.0006595690867965977, 0.0011717489149221279, 1.0, 12.420930462521696, 0.007349124716217403, 0.007239180878412209, 0.002094541006584752, 0.0014629253554513414, 0.09983294520297437, 0.006249124233647003, 0.00032534698365283, 0.0006517792780615927, 0.00018424410175045075, 0.6700797102437341, 0.04387747333708947, 0.009606743941965035, 4.339998245239258, 0.08238569195632117, 1.0, 1.0, 0.001366042055311878, 0.00348699807280628, 0.004664860993201625, 0.051575110963040904, 0.0003248485204055441, 0.015242705522029804, 2.0, 6.0, 1.0, 0.027015061224174408, 0.014724064250247082, 0.2952005951240113, 0.0006783334247580225], "features": ["SMA20_dist", "SMA50_dist", "sma_cross", "RSI14", "MACD", "MACD_sig", "MACD_hist", "BB_width", "BB_pos", "ATR14", "ret_1d", "ret_5d", "vol_10d", "vol_ratio", "obv_trend", "spy_ret_1d", "vix_level", "vix_change", "vix_regime", "asset_class", "ret_1m", "ret_3m", "ret_6m", "ret_12m", "high52w_dist", "low52w_dist", "day_of_week", "month", "is_options_expiry", "btc_ret_1d", "gold_ret_1d", "corr_spy_20d", "vwap_dist"]}