{"center": [0.009085999148213413, 0.02387549016140596, 1.0, 58.26506744972163, 0.30671794324565127, 0.2928512271976005, 0.0024872829909292765, 0.05203719888531679, 0.7047248483645614, 0.467046127227935, -0.00011643840933261984, 0.002404152100005885, 0.007584796149501272, 0.9623197525105214, 1.0105694160795649, 0.00083044900473217, 17.479999542236328, -0.0067021300257369965, 1.0, 0.0, 0.02393886788176558, 0.04698336450981877, 0.052555967310120244, 0.04894680753720693, -0.018667644296160864, 0.18994046851156898, 2.0, 6.0, 0.0, -0.0005687269292828923, 0.0014761238845504288, 0.7986842746145293, 0.009371624722179504], "scale": [0.023423585164196015, 0.040906764253441585, 1.0, 20.36895069772268, 0.476806143100319, 0.3805062816797878, 0.13185717688252974, 0.029599016615407238, 0.4358502705634864, 0.16373329244413715, 0.01026247569555136, 0.02212477886583683, 0.002721021321073387, 0.42488472107827335, 0.493723533677352, 0.008882890039204894, 4.225001335144043, 0.08174284059558307, 1.0, 1.0, 0.050497120411550495, 0.0724771543464251, 0.13570431904905944, 0.16466488367081145, 0.04419161866010319, 0.21331464443757414, 2.0, 7.0, 1.0, 0.027670787228853105, 0.014753137169664837, 0.14557967343410783, 0.02336371339354095], "features": ["SMA20_dist", "SMA50_dist", "sma_cross", "RSI14", "MACD", "MACD_sig", "MACD_hist", "BB_width", "BB_pos", "ATR14", "ret_1d", "ret_5d", "vol_10d", "vol_ratio", "obv_trend", "spy_ret_1d", "vix_level", "vix_change", "vix_regime", "asset_class", "ret_1m", "ret_3m", "ret_6m", "ret_12m", "high52w_dist", "low52w_dist", "day_of_week", "month", "is_options_expiry", "btc_ret_1d", "gold_ret_1d", "corr_spy_20d", "vwap_dist"]}