{"center": [0.0010336118341587833, 0.01695326011267401, 1.0, 51.74466510182813, 0.24586212297282373, 0.3407103360398156, -0.027445911961593517, 0.07926959082294534, 0.5187803647030881, 1.401231833969886, -0.00011017995555151483, 0.00032368126022985777, 0.011617101465211438, 0.85259756400696, 1.0430518086083962, 0.0005685229860479257, 17.3799991607666, -0.0036643597696923713, 1.0, 0.0, 0.002534212786053258, 0.05811266844202678, 0.01123199800672392, 0.0, -0.05609158316795266, 0.3521462130473546, 2.0, 6.0, 0.0, -0.00204861414171964, 0.0019383092584315254, 0.6313648171025437, 0.002289224907630402], "scale": [0.04210519834675634, 0.08730894201975553, 1.0, 25.19246685197804, 2.376100156361261, 2.2756320634281373, 0.5648700033718028, 0.05559679439889276, 0.5302984484217479, 0.3619503659026293, 0.016042306096195946, 0.03585867878208493, 0.005269744092080151, 0.6336887766785274, 0.24954022135993614, 0.009407153621007414, 3.8900012969970703, 0.08498318938880967, 1.0, 1.0, 0.09201257623387482, 0.19903661136410455, 0.2911859605904811, 0.2551932864448472, 0.15109147716523808, 0.3791861087671924, 2.0, 7.0, 1.0, 0.029865222920443135, 0.015603159213234408, 0.22414319845195108, 0.042635503510318695], "features": ["SMA20_dist", "SMA50_dist", "sma_cross", "RSI14", "MACD", "MACD_sig", "MACD_hist", "BB_width", "BB_pos", "ATR14", "ret_1d", "ret_5d", "vol_10d", "vol_ratio", "obv_trend", "spy_ret_1d", "vix_level", "vix_change", "vix_regime", "asset_class", "ret_1m", "ret_3m", "ret_6m", "ret_12m", "high52w_dist", "low52w_dist", "day_of_week", "month", "is_options_expiry", "btc_ret_1d", "gold_ret_1d", "corr_spy_20d", "vwap_dist"]}