{"center": [0.0068647976464062, 0.016658902255741632, 1.0, 56.75680845193402, 0.3661021317039683, 0.36801946057482143, -0.0162740920884073, 0.04792510423652099, 0.6401528320665063, 0.7947246240022535, -0.00011356796877481923, 0.0011267731226316524, 0.007541828362801938, 0.914406428005583, 0.9884852976495412, 0.000984565078659072, 17.600000381469727, -0.0067322198012426115, 1.0, 0.0, 0.01443944416631715, 0.025763360539422298, 0.04868209887715946, 0.07270304864530774, -0.01765621191278835, 0.2001400158252152, 2.0, 6.0, 0.0, -0.0016352711961346023, 0.0014210967336203417, 0.8532081677307807, 0.007776888466323633], "scale": [0.023225563118634378, 0.03612776663988025, 1.0, 20.21024176103699, 0.7244567597962117, 0.7259879888694651, 0.222788997004852, 0.03892092172482122, 0.4944115120611012, 0.28708340574384494, 0.010378982178911644, 0.024250183207995213, 0.003637368716962781, 0.3787584965132311, 0.44454226226357385, 0.008801824916764622, 4.010000228881836, 0.07232015317117646, 1.0, 1.0, 0.04448422761677617, 0.06408944150279239, 0.08037923969410299, 0.14665824556286178, 0.03322589700450981, 0.13437403956855656, 2.0, 7.0, 1.0, 0.027865900342284644, 0.014050887309929538, 0.13124890361092023, 0.02304150198263752], "features": ["SMA20_dist", "SMA50_dist", "sma_cross", "RSI14", "MACD", "MACD_sig", "MACD_hist", "BB_width", "BB_pos", "ATR14", "ret_1d", "ret_5d", "vol_10d", "vol_ratio", "obv_trend", "spy_ret_1d", "vix_level", "vix_change", "vix_regime", "asset_class", "ret_1m", "ret_3m", "ret_6m", "ret_12m", "high52w_dist", "low52w_dist", "day_of_week", "month", "is_options_expiry", "btc_ret_1d", "gold_ret_1d", "corr_spy_20d", "vwap_dist"]}