{"center": [-0.007115762338718176, -0.018052346164118334, 0.0, 45.33630350751618, -0.38804208215383085, -0.3622596667630765, -0.006567266285262774, 0.08769103413452273, 0.4020541952228256, 1.3790193492259617, -6.000769019415264e-05, -0.002329698707648098, 0.013553314633726062, 0.94807997795255, 0.9804136830707834, 0.0009270544312958151, 17.369999885559082, -0.005254864671583648, 1.0, 0.0, -0.01588706859440958, -0.03850953475055696, -0.03619254640245262, -0.0034132985914007152, -0.14421079069503395, 0.09844890507306056, 2.0, 6.0, 0.0, -0.0011564734544893818, 0.001788531730296361, -0.045788267418601064, -0.006904669884365132], "scale": [0.04052155196749605, 0.055774158888231, 1.0, 20.405649518788913, 1.219993769712918, 1.1467409505069703, 0.49163776149277816, 0.05776893310827305, 0.47590093162548674, 0.4377040285478868, 0.019661887958518615, 0.041039804218684195, 0.006453327062475842, 0.47441707033656133, 0.3743217678786168, 0.009138671621248429, 4.592499494552612, 0.0807507440230093, 1.0, 1.0, 0.07278174696754247, 0.092908930500504, 0.11692659276627917, 0.15338870579760192, 0.12387120276055784, 0.12328508052085488, 2.0, 7.0, 1.0, 0.02714930789683012, 0.015605477295265208, 0.39693433400074724, 0.04293550484648047], "features": ["SMA20_dist", "SMA50_dist", "sma_cross", "RSI14", "MACD", "MACD_sig", "MACD_hist", "BB_width", "BB_pos", "ATR14", "ret_1d", "ret_5d", "vol_10d", "vol_ratio", "obv_trend", "spy_ret_1d", "vix_level", "vix_change", "vix_regime", "asset_class", "ret_1m", "ret_3m", "ret_6m", "ret_12m", "high52w_dist", "low52w_dist", "day_of_week", "month", "is_options_expiry", "btc_ret_1d", "gold_ret_1d", "corr_spy_20d", "vwap_dist"]}