{"center": [-0.001656046235381327, -0.009171871890952171, 0.0, 50.0, -0.08062549552485798, -0.06825112676547396, 0.014595343855473855, 0.07633873508328978, 0.4705974292601105, 0.4303571837288993, -0.002066093012215442, 0.0, 0.012574962634689803, 0.9409619185207849, 1.0522808447718144, 0.0012148020976867624, 17.440000534057617, -0.005254864671583648, 1.0, 0.0, -0.00771231600752903, -0.015977755576865538, -0.03403408288947046, 0.0, -0.13479055228059827, 0.043099292465936245, 2.0, 6.0, 0.0, 0.0008002908160121835, 0.0018846513506507456, -0.043648159137001735, -0.0020202597363480936], "scale": [0.03722854435627267, 0.06295832761277895, 1.0, 20.409209913766716, 0.4149304684633526, 0.38832364288202625, 0.10828244582556056, 0.040285297122443206, 0.48534930097555695, 0.18160734857831684, 0.01686969029741006, 0.036033170538736614, 0.005927703488572125, 0.513804496940591, 0.33109968272041324, 0.00915617399787258, 3.547499179840088, 0.07713963265532636, 1.0, 1.0, 0.07570251656443924, 0.0840917283378628, 0.11654095472654447, 0.13438034405221835, 0.12935906641616757, 0.09018963822972569, 2.0, 7.0, 1.0, 0.02717234279392572, 0.01608575094360548, 0.4614317083705755, 0.034849652777011825], "features": ["SMA20_dist", "SMA50_dist", "sma_cross", "RSI14", "MACD", "MACD_sig", "MACD_hist", "BB_width", "BB_pos", "ATR14", "ret_1d", "ret_5d", "vol_10d", "vol_ratio", "obv_trend", "spy_ret_1d", "vix_level", "vix_change", "vix_regime", "asset_class", "ret_1m", "ret_3m", "ret_6m", "ret_12m", "high52w_dist", "low52w_dist", "day_of_week", "month", "is_options_expiry", "btc_ret_1d", "gold_ret_1d", "corr_spy_20d", "vwap_dist"]}