{"center": [0.003099583718994271, 0.013026618547274663, 1.0, 50.102695133036875, 0.07396940004050023, 0.07738636754116798, -0.010941007709826645, 0.09239938613731545, 0.5365227204497367, 0.32575272504890584, 0.00020389405112175574, 0.00197321854442456, 0.012171171383021479, 0.8020231213872833, 1.0121933303951813, 0.0014267171117980926, 17.600000381469727, -0.006733946910202238, 1.0, 0.0, 0.011016984884514969, 0.020766316405546714, 0.0, 0.0, -0.07940088002069344, 0.1986387850193673, 2.0, 6.0, 0.0, 0.000799101589935125, 0.0019404068737312041, 0.6194267307009745, 0.003989555907112999], "scale": [0.05259810997548808, 0.07657336069714632, 1.0, 29.520894707770978, 0.4333365249029466, 0.39190995162181824, 0.1363978831346512, 0.06225648739722866, 0.6087222158305607, 0.11092826448039855, 0.01533159076054913, 0.036077779146812705, 0.00647650704726151, 0.701716662364474, 0.5018369411891745, 0.008720615255079445, 3.9599990844726562, 0.07830094733329829, 1.0, 1.0, 0.10292847762670226, 0.15709297465624295, 0.18793108874262965, 0.08585285940535559, 0.17517584059134303, 0.15591588423573577, 2.0, 7.0, 1.0, 0.029297870796819225, 0.015345072585516817, 0.24669940636853188, 0.05228508905834987], "features": ["SMA20_dist", "SMA50_dist", "sma_cross", "RSI14", "MACD", "MACD_sig", "MACD_hist", "BB_width", "BB_pos", "ATR14", "ret_1d", "ret_5d", "vol_10d", "vol_ratio", "obv_trend", "spy_ret_1d", "vix_level", "vix_change", "vix_regime", "asset_class", "ret_1m", "ret_3m", "ret_6m", "ret_12m", "high52w_dist", "low52w_dist", "day_of_week", "month", "is_options_expiry", "btc_ret_1d", "gold_ret_1d", "corr_spy_20d", "vwap_dist"]}