{"center": [0.0037778585438797826, 0.009555349155520405, 1.0, 53.29677028930145, 0.0639051857096824, 0.07213553527553448, -0.005069716320772674, 0.04570179397171581, 0.576629634821173, 0.27446547922033, 0.0003983733753691876, 0.001960075701806563, 0.007618399151916622, 0.9042438769552257, 1.0063799864465055, 0.0014611169814298108, 17.360000610351562, -0.010143202504316884, 1.0, 0.0, 0.006470006773252157, 0.02065793591105325, 0.02511255014321967, 0.0022262585939958335, -0.03813097913162378, 0.16151807099967153, 2.0, 6.0, 0.0, 0.0008014800420892421, 0.002012776164397767, 0.47831148966407855, 0.00292881995209314], "scale": [0.021950152020161675, 0.032814901095194714, 1.0, 20.019735267119685, 0.2156942738848393, 0.2033766352804109, 0.06914433059248437, 0.024004637289180182, 0.4860389518125296, 0.0756366957193294, 0.009646699868457453, 0.021993161404290862, 0.0033048138647478196, 0.47141023272695215, 0.3265697088552971, 0.008694823778078842, 4.119998931884766, 0.08100755558324557, 1.0, 1.0, 0.04315623263103674, 0.053283053222112575, 0.062262244319629456, 0.08146581077617765, 0.04899743518970606, 0.06771587214301795, 2.0, 7.0, 1.0, 0.02631064658880955, 0.01509778205042378, 0.3332456606684364, 0.023338722109847693], "features": ["SMA20_dist", "SMA50_dist", "sma_cross", "RSI14", "MACD", "MACD_sig", "MACD_hist", "BB_width", "BB_pos", "ATR14", "ret_1d", "ret_5d", "vol_10d", "vol_ratio", "obv_trend", "spy_ret_1d", "vix_level", "vix_change", "vix_regime", "asset_class", "ret_1m", "ret_3m", "ret_6m", "ret_12m", "high52w_dist", "low52w_dist", "day_of_week", "month", "is_options_expiry", "btc_ret_1d", "gold_ret_1d", "corr_spy_20d", "vwap_dist"]}