{"center": [0.0041490964450338124, 0.011573314057509916, 1.0, 57.24058252340734, 0.1700730333652558, 0.17773400364170278, -0.005459957828231998, 0.024742623603465127, 0.6660690883000074, 0.24406109874896437, 0.0006205520912343498, 0.000841264996503055, 0.0039025867096341158, 0.9033951401236135, 1.0810131162924776, 0.0013759502770052112, 17.600000381469727, -0.010067088749702191, 1.0, 0.0, 0.009885025085237364, 0.022181742888157885, 0.040912094242089525, 0.09221591914876526, -0.006216318586508576, 0.12102985888142957, 2.0, 6.0, 0.0, 0.00029724205673309356, 0.0014259144001700363, 0.8785899485620866, 0.004246285087037205], "scale": [0.010541009895779472, 0.01806171831850307, 1.0, 17.808769356934555, 0.25937405673353453, 0.24292103337706433, 0.06627702055780868, 0.012890945385819124, 0.42254244679510683, 0.06821550312211908, 0.004999339854802942, 0.011296674168657983, 0.0016110605149797412, 0.5976146831597062, 0.38301466518169214, 0.008910791105830596, 4.239999771118164, 0.07956062707934175, 1.0, 1.0, 0.02128636356176472, 0.03308029689102465, 0.06499725116353927, 0.12014926084298883, 0.012594920970073639, 0.10955730915762886, 2.0, 7.0, 1.0, 0.027017992433280957, 0.01600180350841085, 0.13684303055586033, 0.011203844451196023], "features": ["SMA20_dist", "SMA50_dist", "sma_cross", "RSI14", "MACD", "MACD_sig", "MACD_hist", "BB_width", "BB_pos", "ATR14", "ret_1d", "ret_5d", "vol_10d", "vol_ratio", "obv_trend", "spy_ret_1d", "vix_level", "vix_change", "vix_regime", "asset_class", "ret_1m", "ret_3m", "ret_6m", "ret_12m", "high52w_dist", "low52w_dist", "day_of_week", "month", "is_options_expiry", "btc_ret_1d", "gold_ret_1d", "corr_spy_20d", "vwap_dist"]}