{"center": [0.0211684848192561, 0.052837102400705396, 1.0, 58.49054868867797, 1.1912755040238636, 1.1481973195225428, 0.010746026210721293, 0.11876635677457077, 0.7037728339390542, 2.0323043545835353, 0.004003333018473221, 0.012706055849336373, 0.016166751598115817, 0.9553041200988529, 1.0307728122766924, 0.0013579397972762752, 17.690000534057617, -0.006733946910202238, 1.0, 0.0, 0.03530364704781408, 0.12062070952423531, 0.21226369101963716, 0.3995557918111128, -0.040553241042183025, 0.589163008102356, 2.0, 6.0, 0.0, -0.0008217291810309613, 0.0016294519610446923, 0.6965678691401224, 0.02192677574215741], "scale": [0.06005565230215784, 0.0874984033742726, 1.0, 25.517174106987596, 2.0316383207993454, 1.7878285607108642, 0.6553956352010237, 0.09058540992168289, 0.4760481137134433, 1.4051632647766064, 0.019970676524787567, 0.0527519540208361, 0.00702867030899202, 0.43782086661123665, 0.16757697787556314, 0.008333011626367792, 4.350000381469727, 0.07712590548509424, 1.0, 1.0, 0.1222691256572015, 0.21784186924547844, 0.21751783007216674, 0.620970081469103, 0.08032652622741696, 0.5653535954102342, 2.0, 6.0, 1.0, 0.02639219082881017, 0.015089221359314342, 0.2337370004020548, 0.0590919376314014], "features": ["SMA20_dist", "SMA50_dist", "sma_cross", "RSI14", "MACD", "MACD_sig", "MACD_hist", "BB_width", "BB_pos", "ATR14", "ret_1d", "ret_5d", "vol_10d", "vol_ratio", "obv_trend", "spy_ret_1d", "vix_level", "vix_change", "vix_regime", "asset_class", "ret_1m", "ret_3m", "ret_6m", "ret_12m", "high52w_dist", "low52w_dist", "day_of_week", "month", "is_options_expiry", "btc_ret_1d", "gold_ret_1d", "corr_spy_20d", "vwap_dist"]}