{"center": [0.00010557395340775068, -0.002988751242443193, 0.0, 48.97522367716782, -0.05942109183752109, -0.0701244558326971, -5.2432505279087493e-05, 0.04336103574119027, 0.5025318751974595, 0.8063075157480881, 0.0005537517678226855, -0.0014785304976974167, 0.006518203002089087, 0.9297738552844033, 0.988302706745473, 0.001375843498309326, 17.479999542236328, -0.004632673488730754, 1.0, 0.0, -0.0010536163973517976, -0.0022406318197020214, 0.0, 0.0, -0.0671665029504586, 0.06289546026986392, 2.0, 6.0, 0.0, -0.0016352711961346023, 0.0017841598670260694, 0.180521617863529, 0.00045678959315334614], "scale": [0.019807305051668722, 0.027177880080492323, 1.0, 21.157525678466023, 0.6982248817616892, 0.6587976941680898, 0.2607743365806517, 0.02361586835268887, 0.5058571690343258, 0.3053156447850429, 0.009480565221134496, 0.018418473082975784, 0.002661957538242347, 0.42151529855117476, 0.4263898102558511, 0.009288120822309787, 4.439999580383301, 0.08358927389946269, 1.0, 1.0, 0.036642148998528024, 0.05052802295509351, 0.05531900639901782, 0.023152521800743453, 0.07129274822994355, 0.03927047188800888, 2.0, 7.0, 1.0, 0.0270593406158795, 0.01621038737279379, 0.5494205231352258, 0.019666562765434263], "features": ["SMA20_dist", "SMA50_dist", "sma_cross", "RSI14", "MACD", "MACD_sig", "MACD_hist", "BB_width", "BB_pos", "ATR14", "ret_1d", "ret_5d", "vol_10d", "vol_ratio", "obv_trend", "spy_ret_1d", "vix_level", "vix_change", "vix_regime", "asset_class", "ret_1m", "ret_3m", "ret_6m", "ret_12m", "high52w_dist", "low52w_dist", "day_of_week", "month", "is_options_expiry", "btc_ret_1d", "gold_ret_1d", "corr_spy_20d", "vwap_dist"]}