{"center": [0.003701667881640539, 0.012117639448765373, 1.0, 52.300607484646136, 0.08599324851791934, 0.08841633358531147, 0.010854775736149569, 0.1149838626633198, 0.5441032411312421, 0.6185001645769391, 0.0016140050735842237, 0.0013518443622231313, 0.01614454220899997, 0.7754670426506873, 1.015226267437904, 0.001277977174232836, 17.479999542236328, -0.005211721284556381, 1.0, 0.0, 0.001960008292342774, 0.012949503318254507, 0.0, 0.0, -0.06709597314902375, 0.22895185909172153, 2.0, 6.0, 0.0, -0.0008264678561502592, 0.000748780548875283, 0.6490497198308788, 0.004330613729456796], "scale": [0.055274030036185154, 0.10281916975068278, 1.0, 24.30518651738395, 0.776746772520891, 0.7527004610925245, 0.21939881005760292, 0.08403615095245333, 0.5228589791636618, 0.32935769217354904, 0.02128449715151226, 0.04769284894848491, 0.007494015901214474, 0.5991864784906715, 0.501105784073329, 0.008835567350705231, 3.6400012969970703, 0.08469713621440877, 1.0, 1.0, 0.10413122413903475, 0.17935003890568924, 0.180830752451279, 0.047874964767160355, 0.10429313111187954, 0.16614442303048, 2.0, 7.0, 1.0, 0.027354862330854823, 0.015013622409137506, 0.30787657925687284, 0.05427913778816762], "features": ["SMA20_dist", "SMA50_dist", "sma_cross", "RSI14", "MACD", "MACD_sig", "MACD_hist", "BB_width", "BB_pos", "ATR14", "ret_1d", "ret_5d", "vol_10d", "vol_ratio", "obv_trend", "spy_ret_1d", "vix_level", "vix_change", "vix_regime", "asset_class", "ret_1m", "ret_3m", "ret_6m", "ret_12m", "high52w_dist", "low52w_dist", "day_of_week", "month", "is_options_expiry", "btc_ret_1d", "gold_ret_1d", "corr_spy_20d", "vwap_dist"]}