{"center": [0.009972916426719798, 0.02560450264150033, 1.0, 56.54452564835704, 0.1350878990257165, 0.12598688871442582, 0.0004287115735502889, 0.07466948409578777, 0.6563562092542544, 0.24953779035290985, 0.0017160114897436518, 0.006140708457804012, 0.010268403660438363, 0.9919586049642702, 1.0428767659275264, 0.0005564884786124491, 17.350000381469727, -0.002873519434293592, 1.0, 0.0, 0.022756006057034428, 0.0662622196310545, 0.12386838481913132, 0.23128703623484737, -0.03841381824691192, 0.36211537552673806, 2.0, 6.0, 0.0, -0.002374738351372918, 0.0019383092584315254, 0.5666281926885728, 0.009798207912937633], "scale": [0.03670035497762347, 0.061754451256404864, 1.0, 23.365315211811875, 0.34522620286709405, 0.31706622417662145, 0.09893277809117149, 0.03215695356888077, 0.5025077823956976, 0.10294880271739551, 0.014612967084904782, 0.036327350122743685, 0.003901803286415222, 0.4501467205329406, 0.1869292255327205, 0.008675598987817223, 3.890000343322754, 0.08041486678032383, 1.0, 1.0, 0.07290681567000579, 0.0979020641403332, 0.1299143043237223, 0.38673689310091275, 0.09637353151382366, 0.278088876134148, 2.0, 7.0, 1.0, 0.028031501293825367, 0.01491543295847464, 0.3812886172508508, 0.03569319561102684], "features": ["SMA20_dist", "SMA50_dist", "sma_cross", "RSI14", "MACD", "MACD_sig", "MACD_hist", "BB_width", "BB_pos", "ATR14", "ret_1d", "ret_5d", "vol_10d", "vol_ratio", "obv_trend", "spy_ret_1d", "vix_level", "vix_change", "vix_regime", "asset_class", "ret_1m", "ret_3m", "ret_6m", "ret_12m", "high52w_dist", "low52w_dist", "day_of_week", "month", "is_options_expiry", "btc_ret_1d", "gold_ret_1d", "corr_spy_20d", "vwap_dist"]}