{"center": [0.021430031036414166, 0.05921078376840501, 1.0, 60.0073418197612, 1.411587889990038, 1.4085364451490983, 0.010706700801252411, 0.11761633905181251, 0.6920292042817087, 2.2666139892542176, 0.0021233844800003787, 0.008616282955458132, 0.016071138777867495, 0.9481885180999124, 1.0257173497769951, 0.0014012803050537093, 17.3799991607666, -0.0067330833557224246, 1.0, 0.0, 0.04421369062477509, 0.13683351770775642, 0.22748517686325553, 0.49929764797198395, -0.03220794936720589, 0.7059722730545797, 2.0, 6.0, 0.0, -0.0014998349928206922, 0.001981793341929161, 0.6633130061058041, 0.021460244261597775], "scale": [0.05912626044467607, 0.07996263442339652, 1.0, 25.549458015063436, 2.004585636279394, 1.6893533203355569, 0.756256752937776, 0.0915157949672286, 0.4700089844015938, 1.5372826831881576, 0.01993359335659664, 0.051716381134648215, 0.008165791610651724, 0.4279449722804648, 0.16148663290265308, 0.008609339887723721, 3.9125003814697266, 0.08167193036527853, 1.0, 1.0, 0.11660786206757434, 0.196363194772725, 0.2444890677524732, 0.6585628878803693, 0.05997423172001681, 0.5419063588053971, 2.0, 7.0, 1.0, 0.02708168346618678, 0.014528241234461975, 0.23577488750604536, 0.05800227820492925], "features": ["SMA20_dist", "SMA50_dist", "sma_cross", "RSI14", "MACD", "MACD_sig", "MACD_hist", "BB_width", "BB_pos", "ATR14", "ret_1d", "ret_5d", "vol_10d", "vol_ratio", "obv_trend", "spy_ret_1d", "vix_level", "vix_change", "vix_regime", "asset_class", "ret_1m", "ret_3m", "ret_6m", "ret_12m", "high52w_dist", "low52w_dist", "day_of_week", "month", "is_options_expiry", "btc_ret_1d", "gold_ret_1d", "corr_spy_20d", "vwap_dist"]}