{"center": [0.0045616506590811234, 0.0069533010864916145, 1.0, 52.051243430887666, 0.11114963383018761, 0.13031511511935445, -0.0017733137028842286, 0.04914048570563105, 0.614735380147031, 0.3688920158442152, 0.0002495777527469212, 0.0014090914704174562, 0.007231192929430703, 0.8170955080680331, 1.0387266260312589, 0.0005685229860479257, 17.600000381469727, -0.006626930447881874, 1.0, 0.0, 0.007583184386129815, 0.020377837983642566, 0.04577071590305759, 0.062183070637801485, -0.045114207575901843, 0.1961506553777813, 2.0, 6.0, 0.0, -0.0008217291810309613, 0.0017841598670260694, 0.5499280467951969, 0.005228322469063035], "scale": [0.025032156818373664, 0.04666738422725787, 1.0, 24.273652463919625, 0.5823804833471016, 0.572485039378233, 0.14143191885174036, 0.032812137336392724, 0.5282886469842671, 0.1618600946635702, 0.010011314124499682, 0.02357974911605737, 0.003484021068438335, 0.43404728870899345, 0.12949428071017244, 0.009356574491067526, 4.335000038146973, 0.08522808504031254, 1.0, 1.0, 0.049430791437181765, 0.08193837833670597, 0.11413149401517408, 0.1556957396391112, 0.08886847229933886, 0.18667236718008404, 2.0, 7.0, 1.0, 0.0289710747528672, 0.014865663186480416, 0.3216349288058572, 0.026300418849764404], "features": ["SMA20_dist", "SMA50_dist", "sma_cross", "RSI14", "MACD", "MACD_sig", "MACD_hist", "BB_width", "BB_pos", "ATR14", "ret_1d", "ret_5d", "vol_10d", "vol_ratio", "obv_trend", "spy_ret_1d", "vix_level", "vix_change", "vix_regime", "asset_class", "ret_1m", "ret_3m", "ret_6m", "ret_12m", "high52w_dist", "low52w_dist", "day_of_week", "month", "is_options_expiry", "btc_ret_1d", "gold_ret_1d", "corr_spy_20d", "vwap_dist"]}