{"center": [0.016555825894709497, 0.04685053922606334, 1.0, 55.207555315988444, 1.4790267349012254, 1.6138237736106227, 0.04920197094559153, 0.1351304460369195, 0.6600536104227164, 3.5397606778203166, 8.812961046367196e-05, 0.011762577134431518, 0.02036882260166819, 0.9247303027857002, 1.0288483061628169, 0.0005583873940218087, 17.369999885559082, -0.0028149085248330707, 1.0, 0.0, 0.04326451371989615, 0.11576282968414175, 0.11130170220515345, 0.08491671915063737, -0.0662209819529991, 0.6439905843398571, 2.0, 6.0, 0.0, -0.0023115390398338875, 0.0012365346785951914, 0.8091413991157936, 0.015824290899537675], "scale": [0.07004318568965233, 0.12962761979219878, 1.0, 24.082942497339687, 4.839068182564027, 4.743376569238952, 0.9701301433817285, 0.10488403913777641, 0.49658373384570975, 1.215331816776212, 0.028888737201102688, 0.05827520116890475, 0.009696949215688581, 0.5484709350629968, 0.18951031729510093, 0.008748452453918115, 3.7900004386901855, 0.07603127899524376, 1.0, 1.0, 0.15440488725825757, 0.3842361922018144, 0.3426254496219881, 0.46238523977070695, 0.1778785168945407, 0.4989288276892213, 2.0, 7.0, 1.0, 0.02721088824994619, 0.014711175987250497, 0.18929161502474234, 0.06806361431967234], "features": ["SMA20_dist", "SMA50_dist", "sma_cross", "RSI14", "MACD", "MACD_sig", "MACD_hist", "BB_width", "BB_pos", "ATR14", "ret_1d", "ret_5d", "vol_10d", "vol_ratio", "obv_trend", "spy_ret_1d", "vix_level", "vix_change", "vix_regime", "asset_class", "ret_1m", "ret_3m", "ret_6m", "ret_12m", "high52w_dist", "low52w_dist", "day_of_week", "month", "is_options_expiry", "btc_ret_1d", "gold_ret_1d", "corr_spy_20d", "vwap_dist"]}