{"center": [0.012297841353426948, 0.03328934647430841, 1.0, 58.78789459458177, 0.5406838213782237, 0.5228505589934861, -0.002590689691178219, 0.06398891840552677, 0.7015232355395775, 0.6230855880188599, 0.0005481652454841779, 0.005613625828750024, 0.009357462257663707, 0.9353052857627068, 1.0518425752194749, 0.0007044991031190939, 17.350000381469727, -0.0007046705780979767, 1.0, 0.0, 0.02653400648502835, 0.06833383808359406, 0.13740200260057045, 0.16915845540232022, -0.023286147531179035, 0.2955161242479371, 2.0, 6.0, 0.0, -0.0018977187896134229, 0.0017481999132260562, 0.6991856936048385, 0.012348717176474162], "scale": [0.0330754115561161, 0.055627697105617144, 1.0, 23.38962362179258, 0.9749448407038201, 0.9090997427637938, 0.2525022562789013, 0.04889279879696791, 0.471097098069899, 0.411326821016462, 0.011298946958170797, 0.029724218721242257, 0.006926467276957227, 0.48942068352839996, 0.3034095796349967, 0.00962155752378746, 3.8350000381469727, 0.07912521754409108, 1.0, 1.0, 0.0610705941025968, 0.07710840183791279, 0.19384437910539298, 0.3087920281447707, 0.055821405385408175, 0.3490154409584565, 2.0, 7.0, 1.0, 0.028468001853295732, 0.014642314792779498, 0.305954952477678, 0.03209861499082409], "features": ["SMA20_dist", "SMA50_dist", "sma_cross", "RSI14", "MACD", "MACD_sig", "MACD_hist", "BB_width", "BB_pos", "ATR14", "ret_1d", "ret_5d", "vol_10d", "vol_ratio", "obv_trend", "spy_ret_1d", "vix_level", "vix_change", "vix_regime", "asset_class", "ret_1m", "ret_3m", "ret_6m", "ret_12m", "high52w_dist", "low52w_dist", "day_of_week", "month", "is_options_expiry", "btc_ret_1d", "gold_ret_1d", "corr_spy_20d", "vwap_dist"]}