{"center": [0.026383565181907417, 0.0599005238691652, 1.0, 54.71615626695993, 1.2231491593492336, 1.1721431797481943, 0.019979615151451302, 0.24446411699541745, 0.6257314186544931, 4.900902753055252, 0.006196291102775531, 0.014764558677568318, 0.03901376146780781, 0.9184413322276315, 1.0308936951368883, 0.0014013926509420793, 17.3799991607666, -0.008334578568971518, 1.0, 0.0, 0.04377331484003966, 0.12449408488195723, 0.05998773985514705, 0.1861871518138828, -0.15044942516345458, 1.6557390402068437, 2.0, 6.0, 0.0, -0.0007989160866231915, 0.001234125845320344, 0.8994088611787285, 0.035495797371746435], "scale": [0.12168391292695982, 0.23026810620979699, 1.0, 24.380525650560976, 5.226028160401974, 5.096798621554707, 1.3595547762310676, 0.17530123727398716, 0.477026138270475, 3.0846306363243094, 0.05213434421914365, 0.11960698652328089, 0.01860096594072853, 0.4442506465130822, 0.302820566916568, 0.008680685729397508, 3.584998607635498, 0.076927762636681, 1.0, 1.0, 0.24072280866970877, 0.4342570317311578, 0.518191688082176, 0.4817769250194921, 0.17913206796587958, 1.6308615101374324, 2.0, 7.0, 1.0, 0.02558328500337148, 0.015582427246443542, 0.0740666121935305, 0.12114134878223028], "features": ["SMA20_dist", "SMA50_dist", "sma_cross", "RSI14", "MACD", "MACD_sig", "MACD_hist", "BB_width", "BB_pos", "ATR14", "ret_1d", "ret_5d", "vol_10d", "vol_ratio", "obv_trend", "spy_ret_1d", "vix_level", "vix_change", "vix_regime", "asset_class", "ret_1m", "ret_3m", "ret_6m", "ret_12m", "high52w_dist", "low52w_dist", "day_of_week", "month", "is_options_expiry", "btc_ret_1d", "gold_ret_1d", "corr_spy_20d", "vwap_dist"]}