{"center": [0.014308842512095422, 0.07909817221812807, 1.0, 53.70962322046137, 1.1117393263888076, 1.287683901473565, 0.09142761456652182, 0.25054091409571966, 0.5707398636175429, 3.713964189801897, 0.000970417213606245, 0.00996513181526082, 0.03881269929128863, 0.8522008602050571, 1.0166236951415109, 0.00148859205183427, 17.38499927520752, -0.0067012664712571834, 1.0, 0.0, 0.046449754594439674, 0.13367801203438134, 0.044729582702725645, 0.0, -0.20836144573761223, 1.0657130609172496, 2.0, 6.0, 0.0, -0.0003300754485222601, 0.0015508527855015997, 0.5491577854250557, 0.012163020407552481], "scale": [0.14484132064324726, 0.2607615844880924, 1.0, 24.07027122114023, 4.512339557135029, 4.042267513830243, 1.2036392389087367, 0.18924246551041135, 0.5201513737425612, 1.2728213582720072, 0.05517765082985074, 0.11791479663516055, 0.01661902965470869, 0.4206712956372687, 0.22784883548120094, 0.008928575206310935, 3.6999995708465576, 0.08097384947569186, 1.0, 1.0, 0.28723718349917526, 0.6509239471900318, 0.36653499723215105, 0.3709968392381031, 0.20157813040530842, 0.808494872960956, 2.0, 7.0, 1.0, 0.026315873083335578, 0.014450250083180516, 0.36737004756680924, 0.13817745358248323], "features": ["SMA20_dist", "SMA50_dist", "sma_cross", "RSI14", "MACD", "MACD_sig", "MACD_hist", "BB_width", "BB_pos", "ATR14", "ret_1d", "ret_5d", "vol_10d", "vol_ratio", "obv_trend", "spy_ret_1d", "vix_level", "vix_change", "vix_regime", "asset_class", "ret_1m", "ret_3m", "ret_6m", "ret_12m", "high52w_dist", "low52w_dist", "day_of_week", "month", "is_options_expiry", "btc_ret_1d", "gold_ret_1d", "corr_spy_20d", "vwap_dist"]}