{"center": [0.006984296589299772, 0.027951151471467973, 1.0, 54.926097734580175, 0.2058976999767097, 0.2467642623481476, 0.0016871999237599022, 0.09851571664110136, 0.5812115727872695, 0.4894547642902441, 0.0007583929214403096, 0.003237611537060703, 0.013661997475705925, 0.9329332531880377, 1.0232779869745938, 0.000984565078659072, 17.510000228881836, -0.005681812794001595, 1.0, 0.0, 0.013274357715864493, 0.0753182327209132, 0.15014927182497506, 0.05213169145963015, -0.06254495386259461, 0.3187782598332211, 2.0, 6.0, 0.0, 0.000956534957143873, 0.0017481999132260562, 0.47421022915954547, 0.006768242917404108], "scale": [0.054543582175712216, 0.0708122304764672, 1.0, 28.87826476320373, 0.612161573730738, 0.586340119915611, 0.2078132089028763, 0.05184366783612422, 0.5348659501130091, 0.23175671848039797, 0.016801919632187245, 0.04562024888365368, 0.006004769739300111, 0.40793991597911117, 0.30590944767413253, 0.00918539830519327, 4.309999465942383, 0.08466816260127497, 1.0, 1.0, 0.11048988469248089, 0.139321997325087, 0.2383005546518826, 0.3818390622729271, 0.08790104910192315, 0.35940899772760493, 2.0, 7.0, 1.0, 0.029186780557885594, 0.016816316667281228, 0.2879021707166972, 0.05549384909657064], "features": ["SMA20_dist", "SMA50_dist", "sma_cross", "RSI14", "MACD", "MACD_sig", "MACD_hist", "BB_width", "BB_pos", "ATR14", "ret_1d", "ret_5d", "vol_10d", "vol_ratio", "obv_trend", "spy_ret_1d", "vix_level", "vix_change", "vix_regime", "asset_class", "ret_1m", "ret_3m", "ret_6m", "ret_12m", "high52w_dist", "low52w_dist", "day_of_week", "month", "is_options_expiry", "btc_ret_1d", "gold_ret_1d", "corr_spy_20d", "vwap_dist"]}