{"center": [-0.004963337837217734, -0.028607147389355138, 0.0, 47.94136051493825, -0.09747664075544904, -0.12245047286225282, 0.010463205380978502, 0.19447004271125315, 0.4643538697278725, 0.6175000326974052, 0.0030957711256438536, -0.0037785637394006644, 0.031448361062515945, 0.9652447219176479, 0.985554566886846, 0.0009266726310533935, 17.18000030517578, -0.00615351204657788, 1.0, 0.0, -0.006871676831347873, -0.04960002205989028, -0.04141250719159717, 0.0, -0.3650442440532762, 0.16795472413319779, 2.0, 6.0, 0.0, -0.00016245832696676343, 0.0017274257138395477, -0.12958161122953937, -0.006742320578410524], "scale": [0.1057239526929045, 0.13564929397599768, 1.0, 20.32392744525343, 0.5496210485564479, 0.5318054924014105, 0.18655624856241287, 0.09453461776870886, 0.5149357143803879, 0.3042857646942139, 0.043120932338716056, 0.0995782559462478, 0.013042114945346288, 0.4421469464468234, 0.5502877734204734, 0.008822808679009475, 3.9574992656707764, 0.0775651580886928, 1.0, 1.0, 0.16653263302182858, 0.2277281602375767, 0.2669886172536057, 0.2109886437996954, 0.27799010746720887, 0.218517326333692, 2.0, 6.0, 1.0, 0.026522498092243135, 0.01424085263189459, 0.3525219011164925, 0.10153081231042169], "features": ["SMA20_dist", "SMA50_dist", "sma_cross", "RSI14", "MACD", "MACD_sig", "MACD_hist", "BB_width", "BB_pos", "ATR14", "ret_1d", "ret_5d", "vol_10d", "vol_ratio", "obv_trend", "spy_ret_1d", "vix_level", "vix_change", "vix_regime", "asset_class", "ret_1m", "ret_3m", "ret_6m", "ret_12m", "high52w_dist", "low52w_dist", "day_of_week", "month", "is_options_expiry", "btc_ret_1d", "gold_ret_1d", "corr_spy_20d", "vwap_dist"]}