{"center": [0.008186651200101628, 0.030256140654398973, 1.0, 55.865705452822354, 0.16831525978133666, 0.17534028037500837, -0.0011192829746333455, 0.07976613151795615, 0.620813662478414, 0.24054820764856943, 0.0006754257291055055, 0.005397565871675281, 0.011487462987918601, 0.7716717305377313, 1.043222296573968, 0.0015820875170394766, 17.5600004196167, -0.0067012664712571834, 1.0, 0.0, 0.025843715654915944, 0.07795578479334608, 0.18282958058602405, 0.1295452828143545, -0.03812689648392214, 0.3829657938006674, 2.0, 6.0, 0.0, -0.0003300754485222601, 0.001674234105256911, 0.6170370954612219, 0.008627678821919168], "scale": [0.0415049536218481, 0.07197918129107665, 1.0, 22.98534810557112, 0.4260253128635938, 0.3900487196137834, 0.09380725844840146, 0.040240687029463075, 0.5068142227764328, 0.12689193234383578, 0.01605367925154408, 0.03219567141114463, 0.005541133038390681, 0.710311797736039, 0.17893292502321656, 0.008987706450860056, 3.702500820159912, 0.08188351489739554, 1.0, 1.0, 0.09121771424765535, 0.12337087112890666, 0.27194520918934617, 0.44831728757826594, 0.08985981522778463, 0.441685130866314, 2.0, 7.0, 1.0, 0.028641719262731125, 0.01600018384264887, 0.23560255676559028, 0.0404749106530527], "features": ["SMA20_dist", "SMA50_dist", "sma_cross", "RSI14", "MACD", "MACD_sig", "MACD_hist", "BB_width", "BB_pos", "ATR14", "ret_1d", "ret_5d", "vol_10d", "vol_ratio", "obv_trend", "spy_ret_1d", "vix_level", "vix_change", "vix_regime", "asset_class", "ret_1m", "ret_3m", "ret_6m", "ret_12m", "high52w_dist", "low52w_dist", "day_of_week", "month", "is_options_expiry", "btc_ret_1d", "gold_ret_1d", "corr_spy_20d", "vwap_dist"]}