{"center": [0.0016533484269886261, 0.0037587771270077585, 1.0, 55.11134391832691, 0.03279500443155925, 0.025695284435791138, 0.001126418589258061, 0.014526318226854152, 0.6348333393296078, 0.08474046239322838, 0.0003755075143586639, 0.0011131268500578217, 0.002261492039832051, 0.8708118673300032, 1.0313190180426277, 0.0010265323533460435, 17.605000495910645, -0.006642781425620192, 1.0, 0.0, 0.0037295225522254727, 0.008756161099978566, 0.01394454792256683, 0.03491590779850251, -0.007400680177534721, 0.052809600891760525, 2.0, 6.0, 0.0, -5.770796242327014e-05, 0.0019393580660813647, 0.14137809794136735, 0.0016019180487444097], "scale": [0.0071150017438894285, 0.01108553232252922, 1.0, 21.677469918053895, 0.07838990930552558, 0.07005209656505154, 0.024294574477067874, 0.009862852899603845, 0.5182978732233003, 0.02895886242491061, 0.00292294123131398, 0.006269401367347244, 0.0010050851115437597, 0.4517883811149981, 0.12508297850732253, 0.009467405037672794, 3.9925003051757812, 0.08754392002864375, 1.0, 1.0, 0.012205014319970814, 0.020844708240205012, 0.024586312985981407, 0.05216386804098888, 0.011412065792684901, 0.022554890681964507, 2.0, 7.0, 1.0, 0.02955806057283772, 0.015661175614454598, 0.5280390482651566, 0.007306169553442205], "features": ["SMA20_dist", "SMA50_dist", "sma_cross", "RSI14", "MACD", "MACD_sig", "MACD_hist", "BB_width", "BB_pos", "ATR14", "ret_1d", "ret_5d", "vol_10d", "vol_ratio", "obv_trend", "spy_ret_1d", "vix_level", "vix_change", "vix_regime", "asset_class", "ret_1m", "ret_3m", "ret_6m", "ret_12m", "high52w_dist", "low52w_dist", "day_of_week", "month", "is_options_expiry", "btc_ret_1d", "gold_ret_1d", "corr_spy_20d", "vwap_dist"]}