{"center": [0.017934393764087134, 0.0371282004464326, 1.0, 59.096844006709816, 0.7251674593835062, 0.7907593617664566, 0.04405765358888181, 0.11675762910500848, 0.6673932689032323, 2.0909746476981237, 0.0019308491664337124, 0.007686607239791754, 0.01585173529257456, 0.9072832945567355, 1.0525012068718487, 0.0015236778742718782, 17.515000343322754, -0.009698712534888243, 1.0, 0.0, 0.03875545211338749, 0.0997310801696848, 0.1564610056526201, 0.3443453199610712, -0.056588067304102214, 0.4477068751252965, 2.0, 6.0, 0.0, -5.770796242327014e-05, 0.0015508527855015997, 0.26208982005453185, 0.01621342073170356], "scale": [0.056904837079125165, 0.09107354747446994, 1.0, 25.715287520637986, 1.8405455360661094, 1.6759771350727104, 0.6577497192455315, 0.06904021991160793, 0.5198278924672269, 1.3953021640605545, 0.019593527742934658, 0.05361569439600872, 0.009764047647413513, 0.4601353673867219, 0.18263518107496257, 0.00854673972185846, 3.705000400543213, 0.07955154145241539, 1.0, 1.0, 0.11098235661045053, 0.1704436789195224, 0.24100525177091703, 0.46403689261185516, 0.0761299099310481, 0.3134707299985362, 2.0, 6.25, 1.0, 0.026101804848948112, 0.01407213741742036, 0.3722940975384841, 0.05776673616123596], "features": ["SMA20_dist", "SMA50_dist", "sma_cross", "RSI14", "MACD", "MACD_sig", "MACD_hist", "BB_width", "BB_pos", "ATR14", "ret_1d", "ret_5d", "vol_10d", "vol_ratio", "obv_trend", "spy_ret_1d", "vix_level", "vix_change", "vix_regime", "asset_class", "ret_1m", "ret_3m", "ret_6m", "ret_12m", "high52w_dist", "low52w_dist", "day_of_week", "month", "is_options_expiry", "btc_ret_1d", "gold_ret_1d", "corr_spy_20d", "vwap_dist"]}