{"center": [0.005753713114467856, 0.016966114547583233, 1.0, 55.769191210902754, 0.8150291249895361, 0.8126538729005699, -0.05497846442724508, 0.04582769380685024, 0.6276561359263152, 1.3828916729411418, -0.0007782921135793819, 0.0012316896008732758, 0.007831172526750209, 0.715679895901106, 1.0360062435514168, 0.0009004595313388819, 17.68000030517578, -0.0067322198012426115, 1.0, 0.0, 0.01404747283351826, 0.03014142183251889, 0.044327754061165736, 0.06704518038376794, -0.016239378801794224, 0.19792733746407154, 2.0, 6.0, 0.0, 0.0007548627203146641, 0.0016294519610446923, 0.8401582011757822, 0.007032921099180488], "scale": [0.019882447895073836, 0.03098224901184974, 1.0, 16.703520945166012, 1.3981143024026892, 1.3097573670813454, 0.4407286119995004, 0.03526534784973939, 0.4429010666486866, 0.5510910074700937, 0.010803064365502268, 0.02263350541187581, 0.003417249902040397, 0.7856792223472608, 0.141235541037807, 0.008826262190195333, 4.259998321533203, 0.07823496687442966, 1.0, 1.0, 0.04099254206017422, 0.0636480598489737, 0.0825274562344882, 0.12364505963276073, 0.03379636544968708, 0.13160845951338093, 2.0, 7.0, 1.0, 0.027347734591395056, 0.014119139829188443, 0.16573301013550013, 0.020456623842457073], "features": ["SMA20_dist", "SMA50_dist", "sma_cross", "RSI14", "MACD", "MACD_sig", "MACD_hist", "BB_width", "BB_pos", "ATR14", "ret_1d", "ret_5d", "vol_10d", "vol_ratio", "obv_trend", "spy_ret_1d", "vix_level", "vix_change", "vix_regime", "asset_class", "ret_1m", "ret_3m", "ret_6m", "ret_12m", "high52w_dist", "low52w_dist", "day_of_week", "month", "is_options_expiry", "btc_ret_1d", "gold_ret_1d", "corr_spy_20d", "vwap_dist"]}