{"center": [-0.01150347470831747, -0.01537799875844698, 0.0, 46.121884118121, -0.08428762345503849, -0.07604716331984386, 0.0024113555387194063, 0.18831364467782874, 0.4138566242277357, 0.8211788449968611, -0.001916070371520695, -0.006153280143438078, 0.02581437111973764, 0.8852328355570571, 1.0484798111768243, 0.001039198492569171, 17.38499927520752, -0.007288538293765301, 1.0, 0.0, -0.02139767106328111, -0.018570316734693726, -0.059424291701171694, 0.0, -0.27221707584339294, 0.26970161038720497, 2.0, 6.0, 0.0, -0.0008240985185906102, 0.001712988281543426, 0.2789654820885057, -0.015018680159282965], "scale": [0.09994242070081871, 0.15730615897851144, 1.0, 25.18230696375938, 1.0110746715493093, 0.8980787049946317, 0.2958379271592986, 0.12579152912631023, 0.5319523232241266, 0.3877498081752231, 0.034813147172123, 0.0868946856459672, 0.014375801000824445, 0.47695952253822305, 0.630526053525223, 0.009036078607573439, 3.9125008583068848, 0.08455546031372349, 1.0, 1.0, 0.19357995876689818, 0.2548302445476609, 0.3213662275666944, 0.27174360716823703, 0.25797300245859806, 0.3544192245760175, 2.0, 7.0, 1.0, 0.028148488192849264, 0.014940899751271608, 0.3544286228598179, 0.10042350333295334], "features": ["SMA20_dist", "SMA50_dist", "sma_cross", "RSI14", "MACD", "MACD_sig", "MACD_hist", "BB_width", "BB_pos", "ATR14", "ret_1d", "ret_5d", "vol_10d", "vol_ratio", "obv_trend", "spy_ret_1d", "vix_level", "vix_change", "vix_regime", "asset_class", "ret_1m", "ret_3m", "ret_6m", "ret_12m", "high52w_dist", "low52w_dist", "day_of_week", "month", "is_options_expiry", "btc_ret_1d", "gold_ret_1d", "corr_spy_20d", "vwap_dist"]}