{"center": [0.0023121822899719695, 0.0017800716785296863, 1.0, 51.49986844542005, -0.0976606202813457, 0.43305308177797214, 0.2254294632500069, 0.08066757791525919, 0.5381678826093297, 8.963143605733164, 2.9769677542645923e-05, 5.672365098352561e-05, 0.011656488659740751, 0.9935063184916522, 1.0213451404544416, 0.0009008786581177208, 17.690000534057617, -0.009126572595774263, 1.0, 0.0, -0.0012522008792456574, -0.011673178836344333, 0.0, 0.0, -0.06988731496044856, 0.15161357435664752, 2.0, 6.0, 0.0, 0.0005925330756713088, 0.002009593458897063, 0.42960366345506507, 0.003048364841143487], "scale": [0.040465058651594416, 0.06884530512896722, 1.0, 24.914757661631626, 9.602463374339152, 8.451933864517041, 3.2015848283285653, 0.06169664420309394, 0.5424299117117074, 3.19165788121241, 0.015879354474584217, 0.035854818920360826, 0.007908553268499504, 0.4125299837471972, 0.3594520631102285, 0.008630200888077033, 4.3949995040893555, 0.08469100707626934, 1.0, 1.0, 0.07815309133927012, 0.13877455020198184, 0.09011394458673835, 0.042061819438067916, 0.11047300417232121, 0.08310940074572679, 2.0, 7.0, 1.0, 0.026995322751267314, 0.014487572758793255, 0.4286325977447234, 0.04156113263845188], "features": ["SMA20_dist", "SMA50_dist", "sma_cross", "RSI14", "MACD", "MACD_sig", "MACD_hist", "BB_width", "BB_pos", "ATR14", "ret_1d", "ret_5d", "vol_10d", "vol_ratio", "obv_trend", "spy_ret_1d", "vix_level", "vix_change", "vix_regime", "asset_class", "ret_1m", "ret_3m", "ret_6m", "ret_12m", "high52w_dist", "low52w_dist", "day_of_week", "month", "is_options_expiry", "btc_ret_1d", "gold_ret_1d", "corr_spy_20d", "vwap_dist"]}