{"center": [2.214113237895836e-05, -0.0008866990017221979, 1.0, 49.932838989782866, -0.004385671081539755, -0.012948596639620037, 0.00012072966966673176, 0.030850057155733617, 0.5012595517567034, 0.1488259642319313, 0.0, -0.0003997183459750753, 0.004774206901064757, 0.7357192501787927, 1.0551518245182263, 0.0007605411152529218, 17.190000534057617, -0.00790227414327227, 1.0, 0.0, 0.001231813945698379, -0.0014393733634395778, 0.0, 0.0, -0.03361926754657734, 0.07671750429756764, 2.0, 6.0, 0.0, -0.0007713643170961237, 0.0019383092584315254, 0.19752058981284892, -0.0003682796309221474], "scale": [0.014063898409699162, 0.02021628769729307, 1.0, 23.00879066486892, 0.13741936496997909, 0.1296616943528817, 0.04151740847043709, 0.014290687178735138, 0.5015969593459064, 0.042146717575955145, 0.005692364184418652, 0.014276110092036443, 0.002128834890105543, 0.7586324091514145, 0.22513254588979037, 0.008897988706935922, 3.689999580383301, 0.0791851657773226, 1.0, 1.0, 0.025545839853907015, 0.03430437420547083, 0.0507233326610792, 0.037983827114306035, 0.03581174252767433, 0.07499419035628549, 2.0, 7.0, 1.0, 0.027957911907296795, 0.015628611366856893, 0.7724583768673103, 0.01368150348785395], "features": ["SMA20_dist", "SMA50_dist", "sma_cross", "RSI14", "MACD", "MACD_sig", "MACD_hist", "BB_width", "BB_pos", "ATR14", "ret_1d", "ret_5d", "vol_10d", "vol_ratio", "obv_trend", "spy_ret_1d", "vix_level", "vix_change", "vix_regime", "asset_class", "ret_1m", "ret_3m", "ret_6m", "ret_12m", "high52w_dist", "low52w_dist", "day_of_week", "month", "is_options_expiry", "btc_ret_1d", "gold_ret_1d", "corr_spy_20d", "vwap_dist"]}