{"center": [0.0041370959311421, 0.01950232662698279, 1.0, 51.86048162410605, 0.21138262048476264, 0.20639373781863793, -0.023229947601872025, 0.07518109230633489, 0.5992479184547406, 0.7464288984026227, 0.00022664149119377974, 0.001843910105610691, 0.01097795147725411, 0.8389989874150152, 1.0191861316964457, 0.0009012287764704752, 17.479999542236328, -0.006626930447881874, 1.0, 0.0, 0.006954111654223993, 0.03214758677039464, 0.021178327260345853, 0.0, -0.04502458701960412, 0.2713406653094479, 2.0, 6.0, 0.0, -0.002268068291422898, 0.0015263333689308212, 0.8325418268475803, 0.005484556420549389], "scale": [0.04145453515279985, 0.07530880110235746, 1.0, 24.27372347085049, 1.1828105645793414, 1.0518900952280152, 0.25801630458350694, 0.052368696400065584, 0.5271204682328808, 0.3208210196212872, 0.014351472162233314, 0.03296178233990332, 0.006016247798331691, 0.5699393295772318, 0.18942249108954623, 0.008873393078087433, 4.280000686645508, 0.08098610306093768, 1.0, 1.0, 0.08144855409214713, 0.1481543090201506, 0.13804222314572123, 0.15075156168258252, 0.12460320238745043, 0.19788326956910818, 2.0, 7.0, 1.0, 0.028098429624781818, 0.01526428701660032, 0.18407902753446082, 0.0419467195358248], "features": ["SMA20_dist", "SMA50_dist", "sma_cross", "RSI14", "MACD", "MACD_sig", "MACD_hist", "BB_width", "BB_pos", "ATR14", "ret_1d", "ret_5d", "vol_10d", "vol_ratio", "obv_trend", "spy_ret_1d", "vix_level", "vix_change", "vix_regime", "asset_class", "ret_1m", "ret_3m", "ret_6m", "ret_12m", "high52w_dist", "low52w_dist", "day_of_week", "month", "is_options_expiry", "btc_ret_1d", "gold_ret_1d", "corr_spy_20d", "vwap_dist"]}