{"center": [0.030627039679006613, 0.06592951784526117, 1.0, 57.07147652765101, 2.358736838151657, 1.9879508675011375, 0.20286672887518686, 0.19848041262171381, 0.6819070544418416, 4.713550536491861, -0.0001524992148351778, 0.012485655491460523, 0.0271544342628146, 0.8376063950486802, 0.9823301361783702, 0.001277977174232836, 17.479999542236328, -0.006670313141271755, 1.0, 0.0, 0.06470219837875368, 0.10226770355416281, 0.07335062779140578, 0.0247620124546315, -0.14707668943863042, 0.7269943353778847, 2.0, 6.0, 0.0, -0.0007713643170961237, 0.000748780548875283, 0.508544824730679, 0.031152056731180062], "scale": [0.09512135427834321, 0.21975830996283796, 1.0, 22.180729819767528, 6.350032378322339, 6.870996825316252, 1.4776559554196642, 0.1662694701971912, 0.46095883234336893, 3.128824231923165, 0.03893076679372953, 0.08721308348131163, 0.014064185427188722, 0.490303085823786, 0.1457833500136856, 0.008828298126105305, 3.969999313354492, 0.07839672695029509, 1.0, 1.0, 0.23100916961820495, 0.4298082030757965, 0.3457185361171513, 0.2663365202755461, 0.16779991182191437, 0.6675153918569117, 2.0, 7.0, 1.0, 0.02839396881900258, 0.01394756115916751, 0.24420173609889606, 0.09526585346338726], "features": ["SMA20_dist", "SMA50_dist", "sma_cross", "RSI14", "MACD", "MACD_sig", "MACD_hist", "BB_width", "BB_pos", "ATR14", "ret_1d", "ret_5d", "vol_10d", "vol_ratio", "obv_trend", "spy_ret_1d", "vix_level", "vix_change", "vix_regime", "asset_class", "ret_1m", "ret_3m", "ret_6m", "ret_12m", "high52w_dist", "low52w_dist", "day_of_week", "month", "is_options_expiry", "btc_ret_1d", "gold_ret_1d", "corr_spy_20d", "vwap_dist"]}