{"center": [0.029077888740810562, 0.05751353741554615, 1.0, 57.63122244140944, 1.9419044888052497, 1.867538785992041, 0.2109374558699857, 0.19632378972367492, 0.681563930597452, 4.584767524296949, -0.0003467860261837652, 0.009741098062776343, 0.02700196580014918, 0.8407131722210727, 0.9819446885859603, 0.001277977174232836, 17.510000228881836, -0.007869662158076385, 1.0, 0.0, 0.06470219837875368, 0.07614339175901685, 0.04031657919118192, 0.0, -0.15841825929158498, 0.7103262569350901, 2.0, 6.0, 0.0, -0.00032588834829794244, 0.0008040912066364925, 0.5121670404007336, 0.03032766244803017], "scale": [0.09578577657789866, 0.21829501419031772, 1.0, 22.551135187838277, 6.014327874655081, 6.20666643368135, 1.4414761296506513, 0.16490000799938984, 0.4654037049267893, 2.901211426222205, 0.03929558409752709, 0.08889871291710805, 0.01388940846376057, 0.49163026832548906, 0.14704253985557658, 0.008845054135391828, 4.190000534057617, 0.07828107621643043, 1.0, 1.0, 0.22481062623689885, 0.39285543941635803, 0.33807509667663427, 0.2251957377651983, 0.17304894669980586, 0.61659779245979, 2.0, 7.0, 1.0, 0.027496706340060184, 0.013880114186390236, 0.25727853495104014, 0.09494926247909646], "features": ["SMA20_dist", "SMA50_dist", "sma_cross", "RSI14", "MACD", "MACD_sig", "MACD_hist", "BB_width", "BB_pos", "ATR14", "ret_1d", "ret_5d", "vol_10d", "vol_ratio", "obv_trend", "spy_ret_1d", "vix_level", "vix_change", "vix_regime", "asset_class", "ret_1m", "ret_3m", "ret_6m", "ret_12m", "high52w_dist", "low52w_dist", "day_of_week", "month", "is_options_expiry", "btc_ret_1d", "gold_ret_1d", "corr_spy_20d", "vwap_dist"]}