{"center": [0.0032670308820691623, 0.010114105496288843, 1.0, 52.319629591940576, 0.10893310103818976, 0.11208165903593445, 9.815645010640556e-05, 0.05780930269257029, 0.566654378363608, 0.5744892536830187, 0.0005575999051263825, 0.002503424483391914, 0.009029893799567501, 0.9755011621726679, 1.0141530189470962, 0.00157043300066384, 17.440000534057617, -0.007843129677328364, 1.0, 0.0, 0.0058657862605375755, 0.044474954936471356, 0.05472075638650109, 0.1173991870668889, -0.03332564565289512, 0.19691407986107073, 2.0, 6.0, 0.0, -1.9742508661990676e-05, 0.00020358719772617384, 0.268118927271419, 0.0038366539648157644], "scale": [0.028992423928161034, 0.04512259849024408, 1.0, 23.400187815216974, 0.4921611665062784, 0.45120526387178483, 0.17112701237860337, 0.031100406724870612, 0.5215108683263745, 0.14680011881315536, 0.012003165287628903, 0.02881307758369278, 0.003467811119512198, 0.390389877401666, 0.13731205715573902, 0.00860400732457034, 3.84999942779541, 0.08023054254335993, 1.0, 1.0, 0.05403906905906053, 0.0785652987308747, 0.09857527402569377, 0.16361806645601407, 0.04404625263031754, 0.061661877459314784, 2.0, 7.0, 1.0, 0.026513432227990963, 0.01531421320924542, 0.3205961664925674, 0.030249947397146912], "features": ["SMA20_dist", "SMA50_dist", "sma_cross", "RSI14", "MACD", "MACD_sig", "MACD_hist", "BB_width", "BB_pos", "ATR14", "ret_1d", "ret_5d", "vol_10d", "vol_ratio", "obv_trend", "spy_ret_1d", "vix_level", "vix_change", "vix_regime", "asset_class", "ret_1m", "ret_3m", "ret_6m", "ret_12m", "high52w_dist", "low52w_dist", "day_of_week", "month", "is_options_expiry", "btc_ret_1d", "gold_ret_1d", "corr_spy_20d", "vwap_dist"]}