{"center": [0.005722643839507175, 0.02376363259559619, 1.0, 53.250723648387385, 0.37710418753526653, 0.4117207854861645, -0.03722128515128781, 0.08418919243867203, 0.5783566267117808, 1.110140672722654, -8.495438580002901e-05, 0.0001694237514271446, 0.012982545824172437, 0.9293114857717106, 1.0277621439539648, 0.0014438116652567556, 17.479999542236328, -0.004818259109986012, 1.0, 0.0, 0.019108819328737092, 0.04039063610447646, 0.05115435874268959, 0.011141363831277507, -0.05577695228581039, 0.27521954422206046, 2.0, 6.0, 0.0, 0.00024003985338927336, 0.0020351952356854053, 0.6067510747180677, 0.00540981831385525], "scale": [0.04349468704892818, 0.05966901251522983, 1.0, 22.66135874527204, 1.0370158010826174, 0.9711024098500841, 0.36441206685877026, 0.05704283901240578, 0.5054362722944308, 0.2620117479977724, 0.016769193495050627, 0.038743541247216434, 0.004771964240769758, 0.5151479048349122, 0.49564951375104993, 0.00917020703159202, 4.139999866485596, 0.0816473931445188, 1.0, 1.0, 0.0851043363013956, 0.1333580792292233, 0.1253481837887792, 0.1659742769246788, 0.07574516250068405, 0.1075863413405542, 2.0, 7.0, 1.0, 0.027012762616266867, 0.015563252072608225, 0.277799715953986, 0.041745942984249475], "features": ["SMA20_dist", "SMA50_dist", "sma_cross", "RSI14", "MACD", "MACD_sig", "MACD_hist", "BB_width", "BB_pos", "ATR14", "ret_1d", "ret_5d", "vol_10d", "vol_ratio", "obv_trend", "spy_ret_1d", "vix_level", "vix_change", "vix_regime", "asset_class", "ret_1m", "ret_3m", "ret_6m", "ret_12m", "high52w_dist", "low52w_dist", "day_of_week", "month", "is_options_expiry", "btc_ret_1d", "gold_ret_1d", "corr_spy_20d", "vwap_dist"]}