{"center": [0.019773252926305454, 0.048269023442220046, 1.0, 55.50170383967551, 2.7534037673500222, 2.786803899569561, -0.10359945132436987, 0.1488011063676416, 0.660483764357354, 6.052485659062322, 0.0011024680453910474, 0.009849825198108064, 0.022908953314036272, 0.8946894408003554, 1.030286960796201, 0.0016705301120067961, 17.479999542236328, -0.005700987146387504, 1.0, 0.0, 0.04367921447416967, 0.09136062784740284, 0.08593046155894368, 0.1853353071327558, -0.044654629774812674, 0.8514002725964218, 2.0, 6.0, 0.0, -0.0003300754485222601, 0.0005617878048775893, 0.9996021385959258, 0.024029844654078616], "scale": [0.06957892683320352, 0.11251949040172632, 1.0, 23.123421858963503, 4.923322561296132, 4.343920445012745, 1.5745341828056973, 0.0932576065637701, 0.47979297530380405, 2.922045869809959, 0.02739343036158781, 0.07028913285639621, 0.012909166132274191, 0.4215660884089957, 0.21490296639877615, 0.009381773609467903, 3.914999485015869, 0.07953545206068446, 1.0, 1.0, 0.12977397402308596, 0.2187417135026945, 0.2918257087794131, 0.345615101172119, 0.10181923578172614, 0.7217015775631469, 2.0, 6.25, 1.0, 0.02683161804643741, 0.014593085850782478, 0.0003782003168446568, 0.0643382707981624], "features": ["SMA20_dist", "SMA50_dist", "sma_cross", "RSI14", "MACD", "MACD_sig", "MACD_hist", "BB_width", "BB_pos", "ATR14", "ret_1d", "ret_5d", "vol_10d", "vol_ratio", "obv_trend", "spy_ret_1d", "vix_level", "vix_change", "vix_regime", "asset_class", "ret_1m", "ret_3m", "ret_6m", "ret_12m", "high52w_dist", "low52w_dist", "day_of_week", "month", "is_options_expiry", "btc_ret_1d", "gold_ret_1d", "corr_spy_20d", "vwap_dist"]}