{"center": [0.0042642817838293625, 0.014561499901624506, 1.0, 53.21124861203828, 1.9856628539374128, 2.1468688946293994, -0.050875678226622645, 0.05940853094471979, 0.5841007060598584, 6.9382467029640384, -0.0003678503385402543, 0.00299555688122366, 0.00978841765335472, 0.9802821202924278, 0.9985323677216973, 0.001151803537192908, 17.440000534057617, -0.007869662158076385, 1.0, 0.0, 0.010852079384433111, 0.023194786776356224, 0.0, 0.0, -0.039484497588693525, 0.12306779124832364, 2.0, 6.0, 0.0, -0.0007713643170961237, 0.001992014086009908, 0.41612845729147224, 0.005659672735973999], "scale": [0.03371822439177004, 0.0522395571317275, 1.0, 21.444238827540786, 6.145338857473462, 5.634575313799598, 1.9300606632994812, 0.041646466110305334, 0.554880545967207, 2.3834771061353788, 0.013809007884731384, 0.03137590377619581, 0.0035806839915255503, 0.38716777329488294, 0.3815835885667963, 0.008524126636537344, 3.9800004959106445, 0.08032102085573956, 1.0, 1.0, 0.05566705488494261, 0.0967983311911167, 0.06922882458540502, 0.06405244622231776, 0.058238261895144194, 0.08991496781462306, 2.0, 7.0, 1.0, 0.029367314904203634, 0.016026301167622048, 0.4195400486286175, 0.03444675914760491], "features": ["SMA20_dist", "SMA50_dist", "sma_cross", "RSI14", "MACD", "MACD_sig", "MACD_hist", "BB_width", "BB_pos", "ATR14", "ret_1d", "ret_5d", "vol_10d", "vol_ratio", "obv_trend", "spy_ret_1d", "vix_level", "vix_change", "vix_regime", "asset_class", "ret_1m", "ret_3m", "ret_6m", "ret_12m", "high52w_dist", "low52w_dist", "day_of_week", "month", "is_options_expiry", "btc_ret_1d", "gold_ret_1d", "corr_spy_20d", "vwap_dist"]}