{"center": [0.0095667841196027, -0.009485425347194227, 0.0, 53.20624618612945, -0.11065401352453819, -0.30492288071836, 0.1098147628788615, 0.33417348948783854, 0.5377078469767226, 2.6285716465541293, -0.00418990692884369, 0.0005116848037227673, 0.04773234913629544, 0.9140124971954486, 1.005869940020458, 0.0017228064887020444, 17.479999542236328, -0.007843129677328364, 1.0, 0.0, -0.004641136364333831, -0.042504850062097144, -0.0495814611167823, 0.0, -0.5070705889621275, 0.8267629710031118, 2.0, 6.0, 0.0, 0.0010508749979196708, 0.001992014086009908, 0.47535545721046374, 0.0010381850088237764], "scale": [0.17138781365801958, 0.3020083293375043, 1.0, 24.79441723543028, 3.529728212840812, 3.103220431498097, 0.8959482495609876, 0.3365536859450319, 0.5457865415636197, 1.1378573008946011, 0.06021215140470615, 0.14635261773983876, 0.03243946760644347, 0.5425946459572496, 0.12621480365556936, 0.008849270995942793, 3.9599990844726562, 0.07870114570697107, 1.0, 1.0, 0.37248652096819634, 0.3640236285176739, 0.48154024412274143, 0.1497175256240849, 0.1540206905055202, 1.1723387079016767, 2.0, 7.0, 1.0, 0.028435208709649995, 0.014706505452046104, 0.3056537504009114, 0.16830802114414012], "features": ["SMA20_dist", "SMA50_dist", "sma_cross", "RSI14", "MACD", "MACD_sig", "MACD_hist", "BB_width", "BB_pos", "ATR14", "ret_1d", "ret_5d", "vol_10d", "vol_ratio", "obv_trend", "spy_ret_1d", "vix_level", "vix_change", "vix_regime", "asset_class", "ret_1m", "ret_3m", "ret_6m", "ret_12m", "high52w_dist", "low52w_dist", "day_of_week", "month", "is_options_expiry", "btc_ret_1d", "gold_ret_1d", "corr_spy_20d", "vwap_dist"]}