{"center": [0.0005151624137277443, -0.005986741263814318, 1.0, 50.94038720035661, -0.08961067203913231, -0.0034378673421267027, 0.05914851176318464, 0.18363319360856167, 0.5035652150555248, 2.51917907169887, -0.0014758568634270497, 0.002338242555889103, 0.02746373310248571, 0.8488565152246019, 1.0032071932702238, 0.0013668916477928006, 17.289999961853027, -0.00615351204657788, 1.0, 0.0, 0.001686737219083967, 0.05434877315905773, 0.016164225317011338, 0.0, -0.38493028839541743, 0.4721825046887852, 2.0, 6.0, 0.0, -0.00012449287320548397, 0.0020691449988656796, 0.30823488926591214, 0.0009040587321442822], "scale": [0.09746040953881505, 0.19396057657021482, 1.0, 24.275131577516724, 3.3873249642161127, 3.411776594817234, 0.9634614243825024, 0.12328096318484988, 0.5401075296819124, 1.3901072229657856, 0.03817878129343877, 0.08537665159323032, 0.013087321155348618, 0.4452112907727337, 0.22617818682973145, 0.008929057091027981, 3.7099990844726562, 0.07662552278566273, 1.0, 1.0, 0.19733768218459738, 0.46405999759267763, 0.8544911580939509, 0.5050207374209075, 0.46132611351107633, 0.461681364750007, 2.0, 7.0, 1.0, 0.028069654410415257, 0.015066616173929986, 0.2875708583454004, 0.09183833512634054], "features": ["SMA20_dist", "SMA50_dist", "sma_cross", "RSI14", "MACD", "MACD_sig", "MACD_hist", "BB_width", "BB_pos", "ATR14", "ret_1d", "ret_5d", "vol_10d", "vol_ratio", "obv_trend", "spy_ret_1d", "vix_level", "vix_change", "vix_regime", "asset_class", "ret_1m", "ret_3m", "ret_6m", "ret_12m", "high52w_dist", "low52w_dist", "day_of_week", "month", "is_options_expiry", "btc_ret_1d", "gold_ret_1d", "corr_spy_20d", "vwap_dist"]}