{"center": [-0.0009765062099888148, -0.0014059113393103109, 0.0, 50.26178927689829, 0.006251744277165017, -0.002079596902055789, 0.008256533752104889, 0.06934978627435147, 0.48435659691063454, 1.2484534116635575, 0.00044758162595948114, 0.0005593818121900629, 0.01178030166943908, 0.9341035515618314, 0.7623084091897117, 0.0023269460314641055, 17.479999542236328, -0.006733946910202238, 1.0, 0.0, -0.004328280892813008, -0.015058948528611116, -0.010722773250221196, 0.0, -0.09809818313624213, 0.08186893385881223, 2.0, 6.0, 0.0, 0.0016855786016509722, 0.0020187288833615202, 0.2766729481999551, 0.0001850030332611694], "scale": [0.037333741086676656, 0.0448270468637655, 1.0, 22.32213340401482, 0.8536972240480516, 0.7601949165147546, 0.36235664354203057, 0.03721898877376657, 0.5079114834405916, 0.3016027864872468, 0.017959570057407004, 0.03363905602404571, 0.0062239792081718905, 0.38364837929855833, 1.5443794828188453, 0.009358714167412796, 4.310000419616699, 0.08584760888896364, 1.0, 1.0, 0.06107612701920312, 0.07382484110850712, 0.06792963945442065, 0.0808875267245544, 0.08014900297104952, 0.06666558541211692, 2.0, 7.0, 1.0, 0.027744058146645656, 0.01483043188315486, 0.3370487525027851, 0.037386983263735456], "features": ["SMA20_dist", "SMA50_dist", "sma_cross", "RSI14", "MACD", "MACD_sig", "MACD_hist", "BB_width", "BB_pos", "ATR14", "ret_1d", "ret_5d", "vol_10d", "vol_ratio", "obv_trend", "spy_ret_1d", "vix_level", "vix_change", "vix_regime", "asset_class", "ret_1m", "ret_3m", "ret_6m", "ret_12m", "high52w_dist", "low52w_dist", "day_of_week", "month", "is_options_expiry", "btc_ret_1d", "gold_ret_1d", "corr_spy_20d", "vwap_dist"]}