{"center": [-0.00042931934088322394, -0.0113340643327958, 0.0, 49.32892455237901, -0.6505028397279915, -0.20986347791444984, 0.0462922749487146, 0.09628990387396133, 0.496219019518231, 4.2900510904696825, 0.0010704515193616926, -0.001063053316851137, 0.014326352143683736, 0.9427744165499564, 1.02842842329928, 0.0011227761343346465, 17.695000648498535, -0.0019039317862237226, 1.0, 0.0, -0.003927868946407342, 0.0, -0.041786168859796635, 0.0, -0.17245962707800822, 0.11592898864873273, 2.0, 6.0, 0.0, 0.00024003985338927336, 0.002009593458897063, -0.02647790043323988, 0.0004720373209579302], "scale": [0.04890956177405595, 0.06988593512288352, 1.0, 23.668006250359, 4.1634344988985745, 4.270266754951418, 1.1404488401673185, 0.057835040054147774, 0.5113627639627499, 1.1258756312613265, 0.016994415960143228, 0.042964886991344625, 0.007584173276524445, 0.37912253694495635, 0.4531021246928044, 0.009024752153710014, 4.197500705718994, 0.07840091941596261, 1.0, 1.0, 0.086925317868712, 0.13120819026500438, 0.10533216514312357, 0.10007301064623131, 0.11289878520048678, 0.14588805003575983, 2.0, 7.0, 1.0, 0.026316304452698613, 0.01516734915284998, 0.4222426056154108, 0.04731704635212232], "features": ["SMA20_dist", "SMA50_dist", "sma_cross", "RSI14", "MACD", "MACD_sig", "MACD_hist", "BB_width", "BB_pos", "ATR14", "ret_1d", "ret_5d", "vol_10d", "vol_ratio", "obv_trend", "spy_ret_1d", "vix_level", "vix_change", "vix_regime", "asset_class", "ret_1m", "ret_3m", "ret_6m", "ret_12m", "high52w_dist", "low52w_dist", "day_of_week", "month", "is_options_expiry", "btc_ret_1d", "gold_ret_1d", "corr_spy_20d", "vwap_dist"]}