{"center": [0.0033033764968439516, 0.01571714265936057, 1.0, 51.16759535368569, 0.07890831707243251, 0.09086726350849436, -0.000211482133029392, 0.09392687323958522, 0.5411563349474331, 0.4795001574925014, 4.4250016219327115e-05, 0.0006984707156496572, 0.01562007244705978, 0.8459631803943715, 1.0049668926927708, 0.0005624115992922674, 17.260000228881836, -0.004148516629211563, 1.0, 0.0, 0.005409991595718755, 0.013957996069927536, -0.0013146246000168005, 0.0, -0.1250949148521631, 0.2507530356098612, 2.0, 6.0, 0.0, -0.0018336589963325878, 0.0008572162351966339, 0.6533027995956753, 0.0033055916144673235], "scale": [0.04700350249758892, 0.07472407911196063, 1.0, 21.23390541383045, 0.4237033602794664, 0.38101544517378905, 0.14585436398363288, 0.08235859134795318, 0.4529377570136091, 0.2056782926831927, 0.019806557492276444, 0.04626551502527734, 0.007352708367881176, 0.6583283089046904, 0.323239155053064, 0.008968338414841626, 3.4549994468688965, 0.08063765125235095, 1.0, 1.0, 0.10343062283713444, 0.2118389492395161, 0.10660577111004019, 0.028216881030826396, 0.08789390487115638, 0.11247065805291445, 2.0, 7.0, 1.0, 0.02706211130974351, 0.015178948350219268, 0.3316575363557158, 0.042154932736711934], "features": ["SMA20_dist", "SMA50_dist", "sma_cross", "RSI14", "MACD", "MACD_sig", "MACD_hist", "BB_width", "BB_pos", "ATR14", "ret_1d", "ret_5d", "vol_10d", "vol_ratio", "obv_trend", "spy_ret_1d", "vix_level", "vix_change", "vix_regime", "asset_class", "ret_1m", "ret_3m", "ret_6m", "ret_12m", "high52w_dist", "low52w_dist", "day_of_week", "month", "is_options_expiry", "btc_ret_1d", "gold_ret_1d", "corr_spy_20d", "vwap_dist"]}