{"center": [0.008293768248672726, 0.015017172116902709, 1.0, 50.393879506316, 0.6787035234543168, 0.43385902145423827, 0.042424339652129106, 0.13525629834888298, 0.5673702714850645, 5.650713239397321, 0.0012408462193989056, 0.008732480507618101, 0.018869056709766078, 0.845720422550895, 0.9937289751606562, 0.0010938196429841618, 17.479999542236328, -0.006586862594382348, 1.0, 0.0, 0.0026481181981423685, 0.017506639124993617, 0.04642332642589264, 0.06446138621241904, -0.09218261679738042, 0.39483131547321015, 2.0, 6.0, 0.0, -0.00022924323774897726, 0.0017929035935666526, 0.3730766986628376, 0.006514143625055423], "scale": [0.07033659173264306, 0.11043483505349336, 1.0, 28.1487743520831, 6.140783557570899, 5.936176590481216, 2.2395489295056237, 0.11435287702684728, 0.5510541547347783, 1.6664287022181918, 0.023446639765402177, 0.06407332037169533, 0.008602550386314318, 0.42229205766148237, 0.21185906207847283, 0.009158491322105888, 4.65000057220459, 0.08347437949935876, 1.0, 1.0, 0.13408180130363168, 0.206396081888243, 0.21226466521052, 0.31747111166160846, 0.11568399938990506, 0.35952969026197146, 2.0, 7.0, 1.0, 0.027381823430221552, 0.015146712160150178, 0.38398040617881557, 0.07167138096633771], "features": ["SMA20_dist", "SMA50_dist", "sma_cross", "RSI14", "MACD", "MACD_sig", "MACD_hist", "BB_width", "BB_pos", "ATR14", "ret_1d", "ret_5d", "vol_10d", "vol_ratio", "obv_trend", "spy_ret_1d", "vix_level", "vix_change", "vix_regime", "asset_class", "ret_1m", "ret_3m", "ret_6m", "ret_12m", "high52w_dist", "low52w_dist", "day_of_week", "month", "is_options_expiry", "btc_ret_1d", "gold_ret_1d", "corr_spy_20d", "vwap_dist"]}