{"center": [0.0038398704898475943, 0.009794538698884993, 1.0, 53.22585665487731, 0.1769198704492183, 0.19215421877006958, -0.011630095484043146, 0.035771725432373044, 0.6163298966032696, 0.46259395721808566, 0.0005172205788714912, 0.0005051143174443773, 0.00599840574956269, 0.7609678628934424, 1.0069949544481123, 0.0007044991031190939, 17.520000457763672, -0.003579920353401156, 1.0, 0.0, 0.008287425845474594, 0.03304853904690486, 0.058678844430516186, 0.10883799165348429, -0.019072597376484753, 0.16658777614050224, 2.0, 6.0, 0.0, -0.0017695992030517527, 0.0017929035935666526, 0.5421975009139735, 0.004085073071345625], "scale": [0.017736046423860737, 0.0262883912158378, 1.0, 18.789317560032146, 0.3582349579341404, 0.3351138237589771, 0.15678391852203316, 0.024786434097106957, 0.505671199855234, 0.14725140485563903, 0.008376736701974974, 0.01850866697237752, 0.0019655550997190125, 0.636386435269844, 0.07191753728309036, 0.009143235612393108, 3.9700002670288086, 0.08272964342878497, 1.0, 1.0, 0.031776521309636374, 0.06435810559874877, 0.10100678946533581, 0.1599993546923213, 0.024413788161313645, 0.09920819232601591, 2.0, 7.0, 1.0, 0.027963949269101007, 0.015822478929359785, 0.23010746011968414, 0.018495472323570523], "features": ["SMA20_dist", "SMA50_dist", "sma_cross", "RSI14", "MACD", "MACD_sig", "MACD_hist", "BB_width", "BB_pos", "ATR14", "ret_1d", "ret_5d", "vol_10d", "vol_ratio", "obv_trend", "spy_ret_1d", "vix_level", "vix_change", "vix_regime", "asset_class", "ret_1m", "ret_3m", "ret_6m", "ret_12m", "high52w_dist", "low52w_dist", "day_of_week", "month", "is_options_expiry", "btc_ret_1d", "gold_ret_1d", "corr_spy_20d", "vwap_dist"]}