{"center": [-0.0055036230507537615, -0.01953248190661383, 0.0, 47.46133333681752, -0.09700738500755612, -0.07583442564864415, -0.003929083030482103, 0.09821757904717862, 0.43138487883113785, 0.24125157739000952, -0.0006070682033426644, -0.0036910964568754867, 0.011641028589508523, 0.8831710610186212, 0.9827497459355417, 0.0013179056160940172, 17.479999542236328, -0.008872081350962902, 1.0, 0.0, -0.022962106121579062, -0.0182151867661402, -0.019271736964939112, 0.0, -0.19140298382832976, 0.21174472690699558, 2.0, 6.0, 0.0, -0.0002701146200822513, 0.0019559897357898093, 0.33914973771010365, -0.004243471679546119], "scale": [0.05147646626666047, 0.09319774036521611, 1.0, 26.54623405639863, 0.46914831139172275, 0.4492200878271827, 0.10786925823762898, 0.07861234454171075, 0.5518583663826961, 0.08174606883201599, 0.015215040447049272, 0.043253385586178666, 0.006296404380513482, 0.7389584355127565, 0.9898432101381178, 0.00905108657125106, 3.9725003242492676, 0.08135626010925187, 1.0, 1.0, 0.09315413550266319, 0.20103577055598593, 0.12648454142829632, 0.06849291320401235, 0.13547603021437668, 0.2118493697515144, 2.0, 7.0, 1.0, 0.02721832026208365, 0.015183161596051903, 0.4138200786122303, 0.04643575297656988], "features": ["SMA20_dist", "SMA50_dist", "sma_cross", "RSI14", "MACD", "MACD_sig", "MACD_hist", "BB_width", "BB_pos", "ATR14", "ret_1d", "ret_5d", "vol_10d", "vol_ratio", "obv_trend", "spy_ret_1d", "vix_level", "vix_change", "vix_regime", "asset_class", "ret_1m", "ret_3m", "ret_6m", "ret_12m", "high52w_dist", "low52w_dist", "day_of_week", "month", "is_options_expiry", "btc_ret_1d", "gold_ret_1d", "corr_spy_20d", "vwap_dist"]}