{"center": [-0.0014840853955185862, -0.0037268896451102683, 0.0, 49.433392234296115, -0.06349337615989725, -0.09956663990543822, 0.018543448005433782, 0.085007438251359, 0.47575955865411956, 1.2111053762743071, -0.0004970292477490812, -0.0014974195473892449, 0.010181388085664463, 0.9168525249306535, 1.0419357262710114, 0.0007606343178343522, 17.440000534057617, -0.005720161498773413, 1.0, 0.0, -0.004709597991374936, -0.0007968340084874015, 0.0, 0.0, -0.11356465758209379, 0.0998590989760909, 2.0, 6.0, 0.0, -0.0014864790528285043, 0.0020064107533963593, -0.058068861142105736, -0.001068675115399284], "scale": [0.04615282515130914, 0.06614170546259066, 1.0, 32.44622506752194, 1.4587133026339387, 1.3476505429248267, 0.4878822547378801, 0.05943206235818165, 0.5566624535899091, 0.4398945682819655, 0.012778137133327871, 0.0357506135322303, 0.0056380849102246385, 0.37564364592573696, 0.30483628205468205, 0.008681378271438445, 4.280000686645508, 0.08284527127969754, 1.0, 1.0, 0.08509830866302481, 0.17737320866829354, 0.12938669732591146, 0.06747385193085953, 0.0803724060527889, 0.12283400061700595, 2.0, 7.0, 1.0, 0.030138646952322934, 0.014541057902584309, 0.3441388401547757, 0.046039497532331455], "features": ["SMA20_dist", "SMA50_dist", "sma_cross", "RSI14", "MACD", "MACD_sig", "MACD_hist", "BB_width", "BB_pos", "ATR14", "ret_1d", "ret_5d", "vol_10d", "vol_ratio", "obv_trend", "spy_ret_1d", "vix_level", "vix_change", "vix_regime", "asset_class", "ret_1m", "ret_3m", "ret_6m", "ret_12m", "high52w_dist", "low52w_dist", "day_of_week", "month", "is_options_expiry", "btc_ret_1d", "gold_ret_1d", "corr_spy_20d", "vwap_dist"]}