{"center": [0.007475151414895057, 0.02621530645901227, 1.0, 55.83334412997428, 0.1744422313636953, 0.16131194862115567, 0.000659202753119037, 0.058985828743276215, 0.6535841134785474, 0.22169694169300871, 0.0004784521072263015, 0.0026453636263976676, 0.007716039070761007, 0.4698846646732166, 1.02164495424628, 0.0009528857307679051, 17.8700008392334, -0.006626930447881874, 1.0, 0.0, 0.019175373513409033, 0.05485991423016823, 0.1038902531791881, 0.14634553243772386, -0.023073891977466926, 0.24609834251596394, 2.0, 6.0, 0.0, -0.00032588834829794244, 0.0017841598670260694, 0.48693870123113764, 0.005381422442709554], "scale": [0.03149463272500058, 0.04690735828335075, 1.0, 22.9914468078021, 0.2703680462321305, 0.23098403630434955, 0.09078141955944541, 0.04388985935479648, 0.510535842683289, 0.11159175151444234, 0.010503160478603057, 0.028462889696599103, 0.004611367157350231, 0.6988625299060901, 0.2089957285278361, 0.00906214527638477, 4.545000076293945, 0.08397354403165869, 1.0, 1.0, 0.060932477521900175, 0.08035666664021901, 0.16504492670134185, 0.2524227362488729, 0.05033567364870151, 0.2366529524738755, 2.0, 7.0, 1.0, 0.028512123980245663, 0.016050589406565563, 0.31872509006772626, 0.03177877743710901], "features": ["SMA20_dist", "SMA50_dist", "sma_cross", "RSI14", "MACD", "MACD_sig", "MACD_hist", "BB_width", "BB_pos", "ATR14", "ret_1d", "ret_5d", "vol_10d", "vol_ratio", "obv_trend", "spy_ret_1d", "vix_level", "vix_change", "vix_regime", "asset_class", "ret_1m", "ret_3m", "ret_6m", "ret_12m", "high52w_dist", "low52w_dist", "day_of_week", "month", "is_options_expiry", "btc_ret_1d", "gold_ret_1d", "corr_spy_20d", "vwap_dist"]}