{"center": [0.003650125623610055, 0.010913302776790956, 1.0, 53.14408017987459, 0.06974324329662629, 0.07578067121954983, -0.005785815089490009, 0.04682856726635696, 0.5753257587002969, 0.27507078977925736, 0.00019489564613517363, 0.0011819690064049926, 0.007841853817266379, 0.9109007863308638, 0.9892347082621842, 0.0015604553148463873, 17.61500072479248, -0.009655623818465353, 1.0, 0.0, 0.00684092138224579, 0.025019765975212382, 0.03292735835680238, 0.013992619670241235, -0.03413962743839426, 0.16291261654433642, 2.0, 6.0, 0.0, -7.152534912624464e-05, 0.002023732545861412, 0.47063242472424316, 0.003011471371498477], "scale": [0.020778628682349726, 0.03184239424539581, 1.0, 17.53035785443133, 0.2044185137390686, 0.189329009540211, 0.07601792829264531, 0.0246527640919168, 0.4689539674073498, 0.07326488588520524, 0.00983222317708704, 0.02302589244816053, 0.0029045829129590375, 0.5451411880691099, 0.4360801571909405, 0.008868690995358558, 4.147500038146973, 0.07546960888271623, 1.0, 1.0, 0.04056855369366172, 0.050496888897908127, 0.07253504312701009, 0.09911534833828622, 0.04403415066758558, 0.07250666477455184, 2.0, 6.0, 1.0, 0.029243694954431715, 0.015677500456980714, 0.3645843795675221, 0.021113278363639736], "features": ["SMA20_dist", "SMA50_dist", "sma_cross", "RSI14", "MACD", "MACD_sig", "MACD_hist", "BB_width", "BB_pos", "ATR14", "ret_1d", "ret_5d", "vol_10d", "vol_ratio", "obv_trend", "spy_ret_1d", "vix_level", "vix_change", "vix_regime", "asset_class", "ret_1m", "ret_3m", "ret_6m", "ret_12m", "high52w_dist", "low52w_dist", "day_of_week", "month", "is_options_expiry", "btc_ret_1d", "gold_ret_1d", "corr_spy_20d", "vwap_dist"]}