{"center": [0.008543338625890533, 0.020222303966660124, 1.0, 57.931035389941805, 0.7737810835621843, 0.7419349115326359, 0.03926711116475046, 0.04534113151356692, 0.7023556324455238, 1.3542861938476562, 0.0010128096368944295, 0.005111816335850339, 0.007068854753391398, 0.0012780596636838837, 17.510000228881836, -0.007843129677328364, 1.0], "scale": [0.019937234958868937, 0.02872640941535959, 1.0, 23.812905700407896, 1.0468282297582405, 0.9290477531135883, 0.3899078667956176, 0.03592487335631635, 0.4060369684772962, 0.5307134900774275, 0.00819882813803785, 0.020783841148689253, 0.004286768879903383, 0.008987354912941503, 4.340000152587891, 0.08106015930282667, 1.0], "features": ["SMA20_dist", "SMA50_dist", "sma_cross", "RSI14", "MACD", "MACD_sig", "MACD_hist", "BB_width", "BB_pos", "ATR14", "ret_1d", "ret_5d", "vol_10d", "spy_ret_1d", "vix_level", "vix_change", "vix_regime"]}