{"center": [-0.003205403672971375, -0.009480683350411738, 0.0, 48.409626781733984, -0.033878556479908895, -0.06439165354586784, 0.015578161859618134, 0.08560268449109731, 0.4650368428071968, 0.6746279105004509, 0.000845780351338421, 0.0018000088825977922, 0.014283131171725076, 0.9340077465082463, 0.9997293628511167, 0.001039192360821617, 17.38499927520752, -0.006664472772315133, 1.0, 0.0, 0.0015371237271112337, -0.03153482890924608, -0.05189744761562487, -0.0015403418142463376, -0.195425654242258, 0.07461334959885217, 2.0, 6.0, 0.0, 0.0005386804107375687, 0.002240118713510819, 0.22527179159537147, -0.001518843554069313], "scale": [0.045724571093320274, 0.09825535309418924, 1.0, 21.914934004595352, 0.8651825323967, 0.8077553242240141, 0.19069677712002853, 0.06846068618082422, 0.4866648757985847, 0.2208933153956003, 0.01669867435213776, 0.04021008507416518, 0.007657108206486685, 0.3779607284012836, 0.6168110023172982, 0.009307560018646965, 3.8174989223480225, 0.0849076832372446, 1.0, 1.0, 0.10476485421588869, 0.16015153695369708, 0.11125418526681571, 0.15448316654317476, 0.10906473125178215, 0.10128048986421447, 2.0, 7.0, 1.0, 0.027933686466994095, 0.014538824823255997, 0.45782115688894814, 0.042700756724469685], "features": ["SMA20_dist", "SMA50_dist", "sma_cross", "RSI14", "MACD", "MACD_sig", "MACD_hist", "BB_width", "BB_pos", "ATR14", "ret_1d", "ret_5d", "vol_10d", "vol_ratio", "obv_trend", "spy_ret_1d", "vix_level", "vix_change", "vix_regime", "asset_class", "ret_1m", "ret_3m", "ret_6m", "ret_12m", "high52w_dist", "low52w_dist", "day_of_week", "month", "is_options_expiry", "btc_ret_1d", "gold_ret_1d", "corr_spy_20d", "vwap_dist"]}