{"center": [0.019403615197860546, 0.05071083023459335, 1.0, 54.44579435361101, 1.2501537648588013, 1.1399657751381393, 0.0509804009273489, 0.16644657470776683, 0.6338724159780902, 3.9100001198904852, -0.001955616154317774, 0.008791271851395166, 0.028735954930513678, 0.8975786250525699, 0.9992682503748831, 0.0013256347298125082, 17.394999504089355, -0.007300940979659498, 1.0, 0.0, 0.040870717921234756, 0.10474571748806139, 0.09489630928257242, 0.05293807229599823, -0.09698548551135386, 0.9481745366280903, 2.0, 6.0, 0.0, -0.0003300754485222601, 0.0017274257138395477, 0.5776322317175985, 0.018965277905733907], "scale": [0.08775596123885614, 0.15106866851151307, 1.0, 22.993084227647202, 3.6568773741465286, 3.6453417690805896, 1.0376633339749044, 0.1277800496768999, 0.4920724331680002, 1.4417863573346819, 0.0366151313897434, 0.075357029430278, 0.014939821894949055, 0.47087448923902697, 0.22224917292406854, 0.008889416639853986, 3.9950003623962402, 0.0800426629830015, 1.0, 1.0, 0.17470983911102048, 0.3702454270003736, 0.41042717726099964, 0.3326292161227355, 0.16441719793628554, 0.5850695004335518, 2.0, 7.0, 1.0, 0.026995120268691192, 0.015651598694942176, 0.2368470144755086, 0.08671262881407679], "features": ["SMA20_dist", "SMA50_dist", "sma_cross", "RSI14", "MACD", "MACD_sig", "MACD_hist", "BB_width", "BB_pos", "ATR14", "ret_1d", "ret_5d", "vol_10d", "vol_ratio", "obv_trend", "spy_ret_1d", "vix_level", "vix_change", "vix_regime", "asset_class", "ret_1m", "ret_3m", "ret_6m", "ret_12m", "high52w_dist", "low52w_dist", "day_of_week", "month", "is_options_expiry", "btc_ret_1d", "gold_ret_1d", "corr_spy_20d", "vwap_dist"]}