{"center": [0.0013039503755060834, 0.0014176810521789444, 1.0, 52.866234967211795, 0.16973550287147532, 0.15948889126246207, 0.024255714028025677, 0.044215984366062694, 0.527768535797498, 2.1535934616402863, -0.00013723395664799742, 0.0008698570800953487, 0.007297042304855283, 0.8617189262350553, 1.0158557085093818, 0.0013579103629497435, 17.440000534057617, -0.006626930447881874, 1.0, 0.0, 0.0014242093537302214, 0.007408089346277347, 0.02272994029304476, 0.0, -0.031073735913265153, 0.08790475488660568, 2.0, 6.0, 0.0, 0.00029724205673309356, 0.0019763991077348386, 0.20098604729451724, 0.0013480488932597885], "scale": [0.023508806891067262, 0.029673268558373652, 1.0, 22.736138898945008, 1.747382288571032, 1.4011186346779978, 0.6909366041936067, 0.03314466683660605, 0.5058063577388597, 0.801632873827659, 0.009531093005959224, 0.02167567129753656, 0.003190282376996433, 0.43210856362100725, 0.6963664623345209, 0.008960054425222519, 3.7099990844726562, 0.08095091654270792, 1.0, 1.0, 0.04313205329087644, 0.0458229958242371, 0.05372054923747038, 0.0688872497818438, 0.0354220207214692, 0.04396775913402623, 2.0, 7.0, 1.0, 0.02731657196590609, 0.014980054795192599, 0.45109767721404065, 0.023994777487242252], "features": ["SMA20_dist", "SMA50_dist", "sma_cross", "RSI14", "MACD", "MACD_sig", "MACD_hist", "BB_width", "BB_pos", "ATR14", "ret_1d", "ret_5d", "vol_10d", "vol_ratio", "obv_trend", "spy_ret_1d", "vix_level", "vix_change", "vix_regime", "asset_class", "ret_1m", "ret_3m", "ret_6m", "ret_12m", "high52w_dist", "low52w_dist", "day_of_week", "month", "is_options_expiry", "btc_ret_1d", "gold_ret_1d", "corr_spy_20d", "vwap_dist"]}