{"center": [0.0010082850659527223, 0.012036563175254804, 1.0, 50.174652765494486, 0.24285991720137545, 0.27314236304311956, -0.02463636614031267, 0.07768317614116667, 0.5138565106979929, 0.7585173391548561, -0.00018249272909498515, -0.0011138124316433795, 0.012077408909073512, 0.6586693283482232, 1.076867551918626, 0.0012259318587931611, 17.3799991607666, -0.006664472772315133, 1.0, 0.0, 0.009908620675641022, 0.04365226101348263, 0.05072074096111745, 0.0, -0.09783945263290261, 0.2917860161527445, 2.0, 6.0, 0.0, -0.0003184371753567339, 0.001674234105256911, 0.34637169256584827, -0.0013863234277678362], "scale": [0.043868830914464654, 0.0807269894863883, 1.0, 24.27021787720156, 1.301213880907099, 1.1931327019074713, 0.32513203914922606, 0.055404278970703894, 0.5221627874236981, 0.3283663390670055, 0.015704466157730107, 0.04011360219078472, 0.005945146297610414, 0.8728601651939474, 0.47536059625429816, 0.008855407115213265, 3.7100002765655518, 0.08021251820380543, 1.0, 1.0, 0.08104074533470595, 0.12643036201439106, 0.16062249289699615, 0.08549465678657797, 0.12586174650024248, 0.22765465660615708, 2.0, 7.0, 1.0, 0.027099562031555197, 0.014129608550264044, 0.3586219967667136, 0.039957857142481255], "features": ["SMA20_dist", "SMA50_dist", "sma_cross", "RSI14", "MACD", "MACD_sig", "MACD_hist", "BB_width", "BB_pos", "ATR14", "ret_1d", "ret_5d", "vol_10d", "vol_ratio", "obv_trend", "spy_ret_1d", "vix_level", "vix_change", "vix_regime", "asset_class", "ret_1m", "ret_3m", "ret_6m", "ret_12m", "high52w_dist", "low52w_dist", "day_of_week", "month", "is_options_expiry", "btc_ret_1d", "gold_ret_1d", "corr_spy_20d", "vwap_dist"]}