{"center": [0.012319407164114535, 0.03806062043233067, 1.0, 55.55126953125, 2.932888683173445, 2.9950699560798326, 0.09493980577980879, 0.11150018364190577, 0.6340296334365375, 6.456098647961456, 0.0011292521390653398, 0.006679140002056272, 0.01574449718398687, 0.9344792405194625, 1.011125398046729, 0.0014265993667199606, 17.479999542236328, -0.008169153323245748, 1.0, 0.0, 0.03559134492872973, 0.08418069026740671, 0.09577891112040726, 0.014971950679797397, -0.061997973762101234, 0.32654179942472855, 2.0, 6.0, 0.0, -1.9742508661990676e-05, 0.0007275678386380324, 0.6041151841406969, 0.01285364459703895], "scale": [0.05463636885747345, 0.08119019125526998, 1.0, 26.541880068965177, 6.254913680712406, 6.179883327476437, 2.0214909169171316, 0.0819918011773472, 0.5090224808530057, 3.1849334200958506, 0.019697821249640812, 0.04795698763228773, 0.005867797843283883, 0.40325130442428936, 0.33140053675687353, 0.009094675393273188, 4.279999732971191, 0.07994061398466357, 1.0, 1.0, 0.10273983098552425, 0.16342755903352235, 0.23624244507669523, 0.2039497634229166, 0.10074006981250178, 0.23579304049735597, 2.0, 7.0, 1.0, 0.026776778713883675, 0.014739368685909693, 0.4248391532459246, 0.05675257344400197], "features": ["SMA20_dist", "SMA50_dist", "sma_cross", "RSI14", "MACD", "MACD_sig", "MACD_hist", "BB_width", "BB_pos", "ATR14", "ret_1d", "ret_5d", "vol_10d", "vol_ratio", "obv_trend", "spy_ret_1d", "vix_level", "vix_change", "vix_regime", "asset_class", "ret_1m", "ret_3m", "ret_6m", "ret_12m", "high52w_dist", "low52w_dist", "day_of_week", "month", "is_options_expiry", "btc_ret_1d", "gold_ret_1d", "corr_spy_20d", "vwap_dist"]}