{"center": [0.005838962100516467, 0.010870615463122273, 1.0, 55.27160095502356, 0.14501446239927418, 0.13857191195661978, 0.0028043102360330308, 0.044774194163226345, 0.6477695619765582, 0.47027678723442434, 0.0, 0.002678002015583658, 0.007297002482702157, 0.9301946450098888, 1.0291048301599415, 0.0012779770394448775, 17.479999542236328, -0.005298008058610915, 1.0, 0.0, 0.013046465143718766, 0.02171971278572782, 0.02699437962846618, 0.0, -0.03374655948962945, 0.14847418915408236, 2.0, 6.0, 0.0, -0.0018977187896134229, 0.0020187288833615202, 0.4547966562810356, 0.006037761771621025], "scale": [0.022538956003663187, 0.03133564577237151, 1.0, 20.320848065586226, 0.3274486762237814, 0.3240030464650077, 0.13080968734046325, 0.01961645227712836, 0.5058060203718262, 0.07992289471163816, 0.009926497022896053, 0.021557064508107127, 0.002915897268483231, 0.4143043385322317, 0.630635429651781, 0.008910698313476684, 3.75, 0.08182224890387013, 1.0, 1.0, 0.03781004863133541, 0.07801521968490488, 0.06673101366835521, 0.08210257525485143, 0.046531505494233634, 0.04937563560436957, 2.0, 7.0, 1.0, 0.027892731479979838, 0.014735914016986373, 0.32010324458526984, 0.0222723550654649], "features": ["SMA20_dist", "SMA50_dist", "sma_cross", "RSI14", "MACD", "MACD_sig", "MACD_hist", "BB_width", "BB_pos", "ATR14", "ret_1d", "ret_5d", "vol_10d", "vol_ratio", "obv_trend", "spy_ret_1d", "vix_level", "vix_change", "vix_regime", "asset_class", "ret_1m", "ret_3m", "ret_6m", "ret_12m", "high52w_dist", "low52w_dist", "day_of_week", "month", "is_options_expiry", "btc_ret_1d", "gold_ret_1d", "corr_spy_20d", "vwap_dist"]}