{"center": [-0.004394695051922569, -0.023183583687159018, 0.0, 48.38349098668984, -0.9488423422111367, -1.001009332373919, 0.04109014376397824, 0.09084938212060963, 0.4280936127589772, 3.415509162949714, -0.0010509016090082257, -0.005269840507354573, 0.013880763325858358, 0.9390954973711759, 1.0424532688958101, 0.0012780826440004223, 17.440000534057617, -0.005298008058610915, 1.0, 0.0, -0.021075568367631248, -0.053091283914444065, -0.11578818506792543, -0.14654030881949076, -0.21795149441173883, 0.05831745880329317, 2.0, 6.0, 0.0, -0.0007713643170961237, 0.0011289903434381632, 0.3608543255409877, -0.0043861716732885095], "scale": [0.049131503692481836, 0.06957167943432283, 1.0, 23.598738480796918, 2.9615235118370435, 2.4618769460001926, 1.1427617665192256, 0.05626294006122866, 0.510949640474305, 0.8961649842634296, 0.018465837399262774, 0.04086146654104905, 0.008863283004582622, 0.38317290490811207, 1.0521076071674305, 0.008910791833458442, 4.399999618530273, 0.07799612971668246, 1.0, 1.0, 0.08931953212562604, 0.10603418690613708, 0.13699722587917362, 0.24554318853646584, 0.1333672448281128, 0.06640196461686235, 2.0, 7.0, 1.0, 0.028018402024226674, 0.01437058502503874, 0.3570436940203139, 0.04738672152844152], "features": ["SMA20_dist", "SMA50_dist", "sma_cross", "RSI14", "MACD", "MACD_sig", "MACD_hist", "BB_width", "BB_pos", "ATR14", "ret_1d", "ret_5d", "vol_10d", "vol_ratio", "obv_trend", "spy_ret_1d", "vix_level", "vix_change", "vix_regime", "asset_class", "ret_1m", "ret_3m", "ret_6m", "ret_12m", "high52w_dist", "low52w_dist", "day_of_week", "month", "is_options_expiry", "btc_ret_1d", "gold_ret_1d", "corr_spy_20d", "vwap_dist"]}