{"center": [0.007928706307085372, 0.02509022578648801, 1.0, 55.58204211362734, 0.5265234547047015, 0.5588748269200986, -0.02766491702390373, 0.06944643035058054, 0.634274751263514, 1.124465990337701, 0.00048678113506062104, 0.0028977603477646774, 0.010414896859771854, 0.9626659554559057, 1.039791857705082, 0.0009528857307679051, 17.520000457763672, -0.004632673488730754, 1.0, 0.0, 0.017962696294828273, 0.06572545327719248, 0.04595450697426351, 0.14706371713399058, -0.023906616054051144, 0.30390434108292197, 2.0, 6.0, 0.0, -0.0003342625487465778, 0.0011289903434381632, 0.9502699589842973, 0.009151836114065788], "scale": [0.03464293032697116, 0.060959959325921735, 1.0, 23.995255826618994, 1.1795654506978366, 1.0128802687690475, 0.3051873830409903, 0.04361350713945501, 0.5163221935950181, 0.491035162766047, 0.013071675023400398, 0.032155600201553836, 0.005735553602677808, 0.39746618900189346, 0.18582845046173924, 0.009842737306194393, 4.270001411437988, 0.08174063793584263, 1.0, 1.0, 0.06326573917362699, 0.1262185551025662, 0.11617845777516789, 0.2421601727317827, 0.05021284142209741, 0.219233914774344, 2.0, 7.0, 1.0, 0.02962267717346484, 0.014744060612317367, 0.04849095396951686, 0.03329323251702722], "features": ["SMA20_dist", "SMA50_dist", "sma_cross", "RSI14", "MACD", "MACD_sig", "MACD_hist", "BB_width", "BB_pos", "ATR14", "ret_1d", "ret_5d", "vol_10d", "vol_ratio", "obv_trend", "spy_ret_1d", "vix_level", "vix_change", "vix_regime", "asset_class", "ret_1m", "ret_3m", "ret_6m", "ret_12m", "high52w_dist", "low52w_dist", "day_of_week", "month", "is_options_expiry", "btc_ret_1d", "gold_ret_1d", "corr_spy_20d", "vwap_dist"]}