{"center": [0.02057558851046344, 0.05283711828920048, 1.0, 59.29721571463539, 1.2657481537663529, 1.2737813263632876, 0.017302917848728505, 0.11689849123648177, 0.6941711454582157, 2.1604930180953263, 0.0023894497417065175, 0.009754753371785219, 0.016054572778084135, 0.9517839970341168, 1.0271504230390665, 0.0013759502770052112, 17.3799991607666, -0.006670313141271755, 1.0, 0.0, 0.03891265840079017, 0.12829910658313048, 0.22726584058383037, 0.47869177357605386, -0.03681973120353644, 0.6908124994660417, 2.0, 6.0, 0.0, -0.0008264678561502592, 0.001992014086009908, 0.667627235759445, 0.021409041957506862], "scale": [0.061008354470940405, 0.08443565476441128, 1.0, 25.734223827951993, 1.9951005360372136, 1.7910011881982724, 0.7001435284553421, 0.0899233463535215, 0.47150397319922055, 1.4842728341880265, 0.01996252284660227, 0.052237719946825134, 0.008109200986246113, 0.4261755341619976, 0.15873655603544723, 0.008578017612256128, 3.9499998092651367, 0.08143338445619697, 1.0, 1.0, 0.11692858719566002, 0.20665537467076045, 0.24399124734861044, 0.6462409204446374, 0.06745391880003064, 0.574397836853307, 2.0, 7.0, 1.0, 0.027202085304605605, 0.014443263296727182, 0.22006079692198866, 0.05791823410907773], "features": ["SMA20_dist", "SMA50_dist", "sma_cross", "RSI14", "MACD", "MACD_sig", "MACD_hist", "BB_width", "BB_pos", "ATR14", "ret_1d", "ret_5d", "vol_10d", "vol_ratio", "obv_trend", "spy_ret_1d", "vix_level", "vix_change", "vix_regime", "asset_class", "ret_1m", "ret_3m", "ret_6m", "ret_12m", "high52w_dist", "low52w_dist", "day_of_week", "month", "is_options_expiry", "btc_ret_1d", "gold_ret_1d", "corr_spy_20d", "vwap_dist"]}