{"center": [-0.009771698806598877, -0.019487438876908205, 0.0, 47.96993559471277, -0.09156412524583502, -0.11126598160122178, -0.034819545885182546, 0.13672625632594537, 0.4125724844018119, 0.7752854483468192, -0.001474960001005221, -0.005097741485398322, 0.0207924846938452, 0.8884928586588147, 1.0220430295888265, 0.000984473178775147, 17.520000457763672, -0.008114863341212808, 1.0, 0.0, -0.020670779715807996, -0.014695594031320147, 0.0, 0.0, -0.1401729503936886, 0.20964850258940454, 2.0, 6.0, 0.0, -0.0014864790528285043, 0.0010471549570203464, 0.3997231593812438, -0.009212626002270526], "scale": [0.0694137165020266, 0.1495006164027885, 1.0, 25.900200473856863, 0.9757002247372419, 0.9280788664132099, 0.2103758280246319, 0.09726686925907765, 0.5333119326022369, 0.25585733141217915, 0.024957398437404077, 0.06474917863717966, 0.014789290634577434, 0.546965809051274, 0.5754117578293186, 0.008703726165550818, 4.25, 0.08102045853355344, 1.0, 1.0, 0.15327159037541593, 0.24913265890461378, 0.44047130787656985, 0.13478673805780395, 0.33906544962999724, 0.28814268159466466, 2.0, 7.0, 1.0, 0.028195512538727208, 0.01571031473490514, 0.3604315746739628, 0.06693571736202891], "features": ["SMA20_dist", "SMA50_dist", "sma_cross", "RSI14", "MACD", "MACD_sig", "MACD_hist", "BB_width", "BB_pos", "ATR14", "ret_1d", "ret_5d", "vol_10d", "vol_ratio", "obv_trend", "spy_ret_1d", "vix_level", "vix_change", "vix_regime", "asset_class", "ret_1m", "ret_3m", "ret_6m", "ret_12m", "high52w_dist", "low52w_dist", "day_of_week", "month", "is_options_expiry", "btc_ret_1d", "gold_ret_1d", "corr_spy_20d", "vwap_dist"]}