{"center": [0.008306357599554276, 0.022095978524874754, 1.0, 53.84613875026247, 0.31714033284705323, 0.32713139359399, -0.024783678040663948, 0.0718896270736668, 0.6114935345351439, 0.7380915482151705, 0.0006040303617711462, 0.001417844412487712, 0.012261264961332131, 0.6887562598614255, 0.9998336965750247, 0.000984565078659072, 17.3799991607666, -0.005025144893802347, 1.0, 0.0, 0.01867801808103997, 0.05004934104888514, 0.05472800309304082, 0.03475350968732083, -0.04183058256085613, 0.18788403813469506, 2.0, 6.0, 0.0, -0.0008264678561502592, 0.001677776649860796, 0.597448695213558, 0.00934766273984196], "scale": [0.03555824661014616, 0.0509238615857283, 1.0, 20.79281209088704, 0.6291342018899009, 0.6202334479195559, 0.22335131287432208, 0.04465035561661688, 0.4878320827016508, 0.43220300826585656, 0.016126735578169404, 0.035207691906701644, 0.004422526356864749, 0.7086262817130478, 0.8422845480053286, 0.00903247413520425, 4.325000762939453, 0.08137510714631085, 1.0, 1.0, 0.06409347856009129, 0.15118517989203917, 0.19041715099605205, 0.2450751830300526, 0.08508752328039355, 0.3316734192919618, 2.0, 7.0, 1.0, 0.02887253920219407, 0.014158172931411694, 0.32121309943673115, 0.036586692734411286], "features": ["SMA20_dist", "SMA50_dist", "sma_cross", "RSI14", "MACD", "MACD_sig", "MACD_hist", "BB_width", "BB_pos", "ATR14", "ret_1d", "ret_5d", "vol_10d", "vol_ratio", "obv_trend", "spy_ret_1d", "vix_level", "vix_change", "vix_regime", "asset_class", "ret_1m", "ret_3m", "ret_6m", "ret_12m", "high52w_dist", "low52w_dist", "day_of_week", "month", "is_options_expiry", "btc_ret_1d", "gold_ret_1d", "corr_spy_20d", "vwap_dist"]}