{"center": [0.005967335502601593, -0.02282141637907869, 0.0, 52.16345797482024, -0.22612422948646582, -0.22337266162362532, 0.05814056080251584, 0.3242617442494616, 0.5192613571701442, 2.57285703931536, -0.0026380026852985683, -0.000925317118790292, 0.046734845898362465, 0.8714859702931398, 1.0116922407574194, 0.000984565078659072, 17.440000534057617, -0.005298008058610915, 1.0, 0.0, -0.010138838335951195, -0.06024904285891475, -0.0495814611167823, 0.0, -0.5040355614491753, 0.7990006171082922, 2.0, 6.0, 0.0, 0.00038358610925337544, 0.0017841598670260694, 0.48394590445110214, -0.0038850038368199026], "scale": [0.14940736879215338, 0.2702387668484569, 1.0, 25.18098652454853, 3.269437359937637, 2.8836688984098973, 0.7630069934187222, 0.33084189061096164, 0.5147543366134789, 1.1314285823277066, 0.060737827554581125, 0.1297538162820021, 0.037315061868090235, 0.5026075365143645, 0.12982443015079792, 0.008546563295432463, 4.020000457763672, 0.07790940354030285, 1.0, 1.0, 0.33786303523590244, 0.3461869091105658, 0.4459772286452227, 0.16530451904341514, 0.15878770288867655, 1.1867644660424481, 2.0, 7.0, 1.0, 0.028653538911975973, 0.013945206757469353, 0.3048988968584704, 0.16152270814231323], "features": ["SMA20_dist", "SMA50_dist", "sma_cross", "RSI14", "MACD", "MACD_sig", "MACD_hist", "BB_width", "BB_pos", "ATR14", "ret_1d", "ret_5d", "vol_10d", "vol_ratio", "obv_trend", "spy_ret_1d", "vix_level", "vix_change", "vix_regime", "asset_class", "ret_1m", "ret_3m", "ret_6m", "ret_12m", "high52w_dist", "low52w_dist", "day_of_week", "month", "is_options_expiry", "btc_ret_1d", "gold_ret_1d", "corr_spy_20d", "vwap_dist"]}