{"center": [0.001630980592512763, 0.0010561849393269558, 1.0, 52.440464985923896, 0.009265001703699483, 0.009939103644327395, 0.006833065806687629, 0.05495422447052885, 0.5396199933800034, 0.23321424211774555, 0.0, 0.0007740633307957712, 0.008618491120099674, 0.8396725895640822, 1.0465051134201646, 0.0005305939640626312, 17.664999961853027, -0.005630684757875204, 1.0, 0.0, 0.0008309996466304703, 0.005952216481059369, 0.0, 0.0, -0.09269660814379421, 0.06501462096755628, 2.0, 6.0, 0.0, -0.0018336589963325878, 0.001423505566895189, -0.039821033402966596, 0.0009601084627269438], "scale": [0.027351195010556946, 0.03626781203528148, 1.0, 22.240041020062435, 0.19800790943916446, 0.1875242206182131, 0.06737194608703723, 0.031488522701993926, 0.5060370314612356, 0.07428635869707384, 0.011720552251020422, 0.02841032753322692, 0.0034802457247209264, 0.6053334483061854, 1.2027471790751505, 0.009021570437389936, 4.124999523162842, 0.08001129150914577, 1.0, 1.0, 0.052630313450889116, 0.0630266517461433, 0.060018423927362174, 0.03420616535004509, 0.08092404706075856, 0.046355635003084567, 2.0, 7.0, 1.0, 0.030354556645293185, 0.016580532738715487, 0.5001854169089062, 0.02637175917056562], "features": ["SMA20_dist", "SMA50_dist", "sma_cross", "RSI14", "MACD", "MACD_sig", "MACD_hist", "BB_width", "BB_pos", "ATR14", "ret_1d", "ret_5d", "vol_10d", "vol_ratio", "obv_trend", "spy_ret_1d", "vix_level", "vix_change", "vix_regime", "asset_class", "ret_1m", "ret_3m", "ret_6m", "ret_12m", "high52w_dist", "low52w_dist", "day_of_week", "month", "is_options_expiry", "btc_ret_1d", "gold_ret_1d", "corr_spy_20d", "vwap_dist"]}