{"center": [0.0027227381445808904, 0.0015678778345160006, 1.0, 51.35123981130035, -0.06887067423912185, -0.07511459860603548, 0.30663214900179603, 0.07820783056317061, 0.5399037554244907, 9.031223404747074, 8.806157662455405e-05, -0.0008689310243700787, 0.011475178410404928, 0.9752662017065397, 1.0308747975088983, 0.0011859504798774623, 17.61500072479248, -0.005438782390179864, 1.0, 0.0, 0.0012523102242404383, -0.014051897397608148, 0.0, 0.0, -0.06988728978373301, 0.1396049448514301, 2.0, 6.0, 0.0, -0.0017258746687544568, 0.0020207561863795354, 0.41393554806993754, 0.0038286790233432776], "scale": [0.03789641449492272, 0.06423420762205659, 1.0, 23.58194465704858, 9.372823577953227, 8.852567694916132, 3.0370014810252175, 0.06329566845850237, 0.48772638001010254, 3.196428636285555, 0.015445718095123129, 0.03609850433396547, 0.008624131842436537, 0.41268932364712574, 0.4110171137392209, 0.00893401992496276, 4.234999656677246, 0.08792768167627987, 1.0, 1.0, 0.0701334704513962, 0.13240733394958798, 0.0903942208582657, 0.051384182738719836, 0.11669371788555984, 0.07408747309602422, 2.0, 7.0, 1.0, 0.027901295476062543, 0.015641072859273963, 0.45115684880445434, 0.038231072046022496], "features": ["SMA20_dist", "SMA50_dist", "sma_cross", "RSI14", "MACD", "MACD_sig", "MACD_hist", "BB_width", "BB_pos", "ATR14", "ret_1d", "ret_5d", "vol_10d", "vol_ratio", "obv_trend", "spy_ret_1d", "vix_level", "vix_change", "vix_regime", "asset_class", "ret_1m", "ret_3m", "ret_6m", "ret_12m", "high52w_dist", "low52w_dist", "day_of_week", "month", "is_options_expiry", "btc_ret_1d", "gold_ret_1d", "corr_spy_20d", "vwap_dist"]}