{"center": [0.002046528340889972, 0.0010618579017651164, 1.0, 49.43957669974297, 0.030066169703548695, 0.04825385989135987, -0.017129490750186133, 0.07795271253979211, 0.5343300387128669, 0.6757069011054377, 0.0006169169998746504, 0.004426568576249457, 0.011107814954627936, 0.9347727106876718, 0.9735659836189197, 0.0006365110445835098, 17.80500030517578, -0.005254864671583648, 1.0, 0.0, 0.0010471992373396466, 0.021576431913283067, 0.04575758452874856, 0.0002685918993794445, -0.06119761745059683, 0.15871640622999283, 2.0, 6.0, 0.0, 0.0002526678756029632, 0.001899657173481506, -0.09207581530530796, 0.0025488734420423672], "scale": [0.033518588342861484, 0.054194494058560576, 1.0, 20.23407045086683, 0.558495530078666, 0.5460919090168547, 0.20818890685199604, 0.043775945206407534, 0.46627783028479874, 0.3944647070342573, 0.01405897604314893, 0.03582603899518999, 0.00668859275760807, 0.3998355637029951, 0.2765227043626004, 0.009653768544995278, 4.269999027252197, 0.07908324920278889, 1.0, 1.0, 0.07051983758894631, 0.12298861139134895, 0.1254094305890598, 0.13875419733766076, 0.052415423350878225, 0.08952095524528801, 2.0, 7.0, 1.0, 0.02738005890130521, 0.016134455888140053, 0.35878169300971285, 0.03281678609986605], "features": ["SMA20_dist", "SMA50_dist", "sma_cross", "RSI14", "MACD", "MACD_sig", "MACD_hist", "BB_width", "BB_pos", "ATR14", "ret_1d", "ret_5d", "vol_10d", "vol_ratio", "obv_trend", "spy_ret_1d", "vix_level", "vix_change", "vix_regime", "asset_class", "ret_1m", "ret_3m", "ret_6m", "ret_12m", "high52w_dist", "low52w_dist", "day_of_week", "month", "is_options_expiry", "btc_ret_1d", "gold_ret_1d", "corr_spy_20d", "vwap_dist"]}