{"center": [0.010027495051884681, 0.04707956909379113, 1.0, 55.17238828055638, 0.07194436929761228, 0.07581510388819208, -0.004195681048747291, 0.1192949925639439, 0.6129662971999312, 0.13102147159795793, 0.0014576448362826344, 0.002713609851397125, 0.016642036207655735, 0.001151711603039951, 17.520000457763672, -0.006733946910202238], "scale": [0.06828831567081212, 0.09889218096641834, 1.0, 28.557309759635316, 0.16236961266888938, 0.12978796929964315, 0.04905843862478967, 0.09421290749560117, 0.5583610019519237, 0.04631810414371049, 0.021609432926831318, 0.053165054109824805, 0.008280441263957843, 0.009221946869500508, 4.375, 0.0823618654946916], "features": ["SMA20_dist", "SMA50_dist", "sma_cross", "RSI14", "MACD", "MACD_sig", "MACD_hist", "BB_width", "BB_pos", "ATR14", "ret_1d", "ret_5d", "vol_10d", "spy_ret_1d", "vix_level", "vix_change"]}