{"center": [0.008117345574128385, 0.023893474583640658, 1.0, 54.98696224823779, 0.31633910978609237, 0.3692835524559216, -0.02057301494951634, 0.07721002773238617, 0.6369473085898655, 0.6489346535118402, 0.0011690814254246007, 0.003108853763898911, 0.011054822960226437, 0.5254818839265709, 1.0038658347252505, 0.0010234569397243876, 17.479999542236328, -0.005438782390179864, 1.0, 0.0, 0.020752313331223737, 0.056161157081139446, 0.12595899413292444, 0.13822844469070594, -0.028315069586143948, 0.3117353521348518, 2.0, 6.0, 0.0, -0.0008240985185906102, 0.0020157525238796437, 0.7286370109793727, 0.008925666632474401], "scale": [0.03555841939152247, 0.06521283518632008, 1.0, 21.690783415284706, 0.9683606955070712, 0.9575767938909976, 0.2756263725226431, 0.041187836420406965, 0.4726578776742102, 0.4682750335105227, 0.015580647432647698, 0.03369328048779746, 0.005950921036122322, 0.7021137200556914, 0.3099902901291789, 0.009299020342255937, 3.867499351501465, 0.08442095948922157, 1.0, 1.0, 0.06757344778024435, 0.09766843341148107, 0.18440804488902707, 0.3226822453502702, 0.05784334491940352, 0.33028883825045513, 2.0, 7.0, 1.0, 0.027446756153684443, 0.015588229312986868, 0.16499569809570913, 0.03553855687663554], "features": ["SMA20_dist", "SMA50_dist", "sma_cross", "RSI14", "MACD", "MACD_sig", "MACD_hist", "BB_width", "BB_pos", "ATR14", "ret_1d", "ret_5d", "vol_10d", "vol_ratio", "obv_trend", "spy_ret_1d", "vix_level", "vix_change", "vix_regime", "asset_class", "ret_1m", "ret_3m", "ret_6m", "ret_12m", "high52w_dist", "low52w_dist", "day_of_week", "month", "is_options_expiry", "btc_ret_1d", "gold_ret_1d", "corr_spy_20d", "vwap_dist"]}