{"center": [0.0011172866066545793, 0.002918137867038698, 1.0, 52.15523682756368, 0.07403289257167955, 0.0607991538557523, -0.001656908622835615, 0.01683522519034074, 0.5775103989269231, 0.2599703400153603, 0.00013731687932438952, 0.0006865171785197521, 0.002506198489748435, 0.9674144812236144, 1.0125922299948489, 0.00155047779484363, 17.479999542236328, -0.006626930447881874, 1.0, 0.0, 0.002907170485966226, 0.009703430741893504, 0.011924382204635542, 0.029782896462562602, -0.010741398560676551, 0.05596924899420252, 2.0, 6.0, 0.0, -1.9742508661990676e-05, 0.001670691560653026, 0.17515119373577548, 0.001293067457754521], "scale": [0.007752742277780623, 0.011807404830268453, 1.0, 22.5900917144695, 0.21396975726884193, 0.20701531598507092, 0.0887670387923178, 0.011855375176217759, 0.4808288599065954, 0.09131254086823354, 0.003403404457379744, 0.00716527752797258, 0.0011680343747856748, 0.31694056570272744, 0.1665660455840381, 0.009493616213459122, 4.150001525878906, 0.08618064578448947, 1.0, 1.0, 0.013823119191233912, 0.021469955941056718, 0.03481345314698814, 0.053539437282270175, 0.015355632425315999, 0.026475012652137524, 2.0, 7.0, 1.0, 0.028648218304616058, 0.01579963240332316, 0.6054123475214692, 0.008147222111149903], "features": ["SMA20_dist", "SMA50_dist", "sma_cross", "RSI14", "MACD", "MACD_sig", "MACD_hist", "BB_width", "BB_pos", "ATR14", "ret_1d", "ret_5d", "vol_10d", "vol_ratio", "obv_trend", "spy_ret_1d", "vix_level", "vix_change", "vix_regime", "asset_class", "ret_1m", "ret_3m", "ret_6m", "ret_12m", "high52w_dist", "low52w_dist", "day_of_week", "month", "is_options_expiry", "btc_ret_1d", "gold_ret_1d", "corr_spy_20d", "vwap_dist"]}