{"center": [0.003544803188030599, 0.015220643819368157, 1.0, 51.87351511414472, 0.23732153949032408, 0.2576330923349621, -0.008584946625208863, 0.0701772339062919, 0.5829574418376924, 1.2685640588741474, 0.0012230933741885774, 0.0015295170919729095, 0.010518767131957055, 0.9248892258608834, 1.0458131042863128, 0.001777890469783605, 17.494999885559082, -0.01129895454785601, 1.0, 0.0, 0.00864614378358397, 0.05023102543819491, 0.08313427712500643, 0.12300554955069343, -0.03441397341837465, 0.2923624030382662, 2.0, 6.0, 0.0, -0.00012449287320548397, 0.0006974878716832222, 0.097339907131043, 0.00453214688387092], "scale": [0.03539450832767319, 0.052507399903948704, 1.0, 22.422682697809584, 0.9772211082875977, 0.865719350237165, 0.3900325590735687, 0.03484275561688077, 0.5177863763638254, 0.40492306389808785, 0.014286746720375776, 0.03304259709809676, 0.0056871092958853935, 0.46860735389975805, 0.1356037933939367, 0.008872532803826993, 4.410000801086426, 0.07890485995150359, 1.0, 1.0, 0.06345201330278072, 0.09359598186947288, 0.13828939463980505, 0.20397012869091263, 0.04803808257425577, 0.10249464441331183, 2.0, 7.0, 1.0, 0.02761581876738753, 0.015007816461821033, 0.418279820412526, 0.03582923030787214], "features": ["SMA20_dist", "SMA50_dist", "sma_cross", "RSI14", "MACD", "MACD_sig", "MACD_hist", "BB_width", "BB_pos", "ATR14", "ret_1d", "ret_5d", "vol_10d", "vol_ratio", "obv_trend", "spy_ret_1d", "vix_level", "vix_change", "vix_regime", "asset_class", "ret_1m", "ret_3m", "ret_6m", "ret_12m", "high52w_dist", "low52w_dist", "day_of_week", "month", "is_options_expiry", "btc_ret_1d", "gold_ret_1d", "corr_spy_20d", "vwap_dist"]}