{"center": [0.015106034540066766, 0.03182208891148443, 1.0, 57.15635681128383, 0.2729258404077548, 0.25247615279986646, 0.03240206019787856, 0.09371393933302215, 0.6831376989609004, 0.6046427999223982, 0.000834201607852858, 0.012520957584477133, 0.014832395255271257, 0.9019887242433114, 0.9648442127002299, 0.001513865109399548, 17.38499927520752, -0.005649859110261113, 1.0, 0.0, 0.035224528437809655, 0.053749614510732124, 0.09480748912287029, 0.0711061250559254, -0.07206108733897901, 0.23371107997464485, 2.0, 6.0, 0.0, -0.0011564734544893818, 0.0019739858527916265, 0.3699225819774131, 0.013783750463971118], "scale": [0.0412945583572596, 0.07898110284377838, 1.0, 18.744572002827077, 0.6771794274311604, 0.5999261901505516, 0.2065842699042322, 0.0687585716599111, 0.4310473477553496, 0.3239288330078125, 0.01912997663542121, 0.04314507542027879, 0.009480603494497211, 0.7158687620702685, 0.35523398531283223, 0.008918595048241579, 3.8000011444091797, 0.07650765050920288, 1.0, 1.0, 0.0876878050133709, 0.1529327948882559, 0.18134840254497597, 0.24897158342335202, 0.07731185432853607, 0.23921757731672394, 2.0, 7.0, 1.0, 0.028988867703716503, 0.015132825030534924, 0.5919525861834033, 0.0387423364918993], "features": ["SMA20_dist", "SMA50_dist", "sma_cross", "RSI14", "MACD", "MACD_sig", "MACD_hist", "BB_width", "BB_pos", "ATR14", "ret_1d", "ret_5d", "vol_10d", "vol_ratio", "obv_trend", "spy_ret_1d", "vix_level", "vix_change", "vix_regime", "asset_class", "ret_1m", "ret_3m", "ret_6m", "ret_12m", "high52w_dist", "low52w_dist", "day_of_week", "month", "is_options_expiry", "btc_ret_1d", "gold_ret_1d", "corr_spy_20d", "vwap_dist"]}