{"center": [0.01348105114963304, 0.04455338358399065, 1.0, 55.08116629829019, 0.138825366973502, 0.1375544457229202, -0.003194750608058114, 0.11849259200173953, 0.6316048893568357, 0.22209983786174511, 0.0021645032744085357, 0.008323923355229579, 0.016889576794683447, 0.8430219975609817, 1.0007605682452525, 0.0004953875422986087, 17.55500030517578, -0.005438782390179864, 1.0, 0.0, 0.02515825667201621, 0.10268167732894795, 0.13937711425809607, 0.2661053063770896, -0.06680853596953135, 0.5283019692445102, 2.0, 6.0, 0.0, -0.0005779958648887695, 0.001712988281543426, 0.6123966519703121, 0.012449206943067486], "scale": [0.05723744685607285, 0.09601170609988666, 1.0, 23.716693388023543, 0.3009111972608354, 0.2809186290678574, 0.07874435649914457, 0.0726178512383402, 0.46700546280735056, 0.20827717834390017, 0.025347555464768357, 0.05228511973139405, 0.00775979358339975, 0.6691141781974832, 0.22957619140455365, 0.008833462600249586, 4.127500057220459, 0.07954746070838314, 1.0, 1.0, 0.10793378096324899, 0.20488038967471078, 0.36778430691724473, 0.6580908968714829, 0.08665134745669047, 0.8158603335355921, 2.0, 7.0, 1.0, 0.02749268483901418, 0.014793695660642453, 0.36619095148526687, 0.054847643353366005], "features": ["SMA20_dist", "SMA50_dist", "sma_cross", "RSI14", "MACD", "MACD_sig", "MACD_hist", "BB_width", "BB_pos", "ATR14", "ret_1d", "ret_5d", "vol_10d", "vol_ratio", "obv_trend", "spy_ret_1d", "vix_level", "vix_change", "vix_regime", "asset_class", "ret_1m", "ret_3m", "ret_6m", "ret_12m", "high52w_dist", "low52w_dist", "day_of_week", "month", "is_options_expiry", "btc_ret_1d", "gold_ret_1d", "corr_spy_20d", "vwap_dist"]}