{"center": [-0.00021942644570645197, 0.0005538680894242483, 1.0, 49.06984622352965, 0.025640319011067447, 0.049841703801039694, -0.01616259826598207, 0.07111141718369252, 0.49610765891065745, 0.6719108154209332, -0.00020958585705904698, 0.0013138563275393311, 0.010785159694871154, 0.9286818782070616, 0.9601837002831408, 0.0014106858990835525, 17.27999973297119, -0.008008568742242539, 1.0, 0.0, 0.00022866992579184675, 0.014591484051620918, 0.03928840033777081, 0.0, -0.060760307649920964, 0.15616544347819394, 2.0, 6.0, 0.0, -0.0015608751244815533, 0.001865606425999089, -0.08365438485914115, 0.0004762987787494226], "scale": [0.03511224890571383, 0.052252216552567496, 1.0, 20.022969598099152, 0.508085822983027, 0.46890832632457535, 0.21569689890770904, 0.045970788481956175, 0.49624964855014514, 0.3331286231109857, 0.013761323044431034, 0.03557779744662254, 0.00565646217847408, 0.40397275337530525, 0.33294347514611466, 0.008622414755466101, 3.5425000190734863, 0.07406242892595649, 1.0, 1.0, 0.0702596934874207, 0.11107955405404288, 0.1265797512472076, 0.13539184580323976, 0.05164950868814507, 0.09374971800402375, 2.0, 7.0, 1.0, 0.02622499813247417, 0.015236191769453983, 0.3212404833835965, 0.03493283394894944], "features": ["SMA20_dist", "SMA50_dist", "sma_cross", "RSI14", "MACD", "MACD_sig", "MACD_hist", "BB_width", "BB_pos", "ATR14", "ret_1d", "ret_5d", "vol_10d", "vol_ratio", "obv_trend", "spy_ret_1d", "vix_level", "vix_change", "vix_regime", "asset_class", "ret_1m", "ret_3m", "ret_6m", "ret_12m", "high52w_dist", "low52w_dist", "day_of_week", "month", "is_options_expiry", "btc_ret_1d", "gold_ret_1d", "corr_spy_20d", "vwap_dist"]}