{"center": [0.03206759208257386, 0.07512880712459385, 1.0, 57.67470593791931, 1.5926112031473139, 1.3870676168232057, 0.1364688254330837, 0.24081283951909477, 0.6555215196607624, 3.838492436326627, 0.003641801280387935, 0.0169689088343965, 0.032823272727562226, 0.9501724103086016, 1.091861182868282, 0.0009266502012692523, 17.5600004196167, -0.004867022917316999, 1.0, 0.0, 0.0670344818642018, 0.16199223992667644, 0.09271870996163034, 0.0, -0.24567549848205938, 0.6553066253415599, 2.0, 6.0, 0.0, -0.0023648740698088977, 0.001788531730296361, 0.5811791590933082, 0.027435928080053823], "scale": [0.11981085341667683, 0.18582577924856594, 1.0, 23.495468274597627, 4.015942709272959, 3.8813346177601282, 1.2570652447612787, 0.17191624115423293, 0.462250271499459, 2.4072512671779696, 0.04692447959857793, 0.11406865769488639, 0.019600560985543736, 0.4807204668503602, 0.4517280200740289, 0.009198481567307376, 4.422500133514404, 0.07801447774950643, 1.0, 1.0, 0.23066692901377372, 0.40707059786986544, 0.5157678999490336, 0.14611078352909868, 0.3394968730890811, 0.480518046935405, 2.0, 7.0, 1.0, 0.0290562664730373, 0.014692232753523687, 0.2196149339356515, 0.10400335906652293], "features": ["SMA20_dist", "SMA50_dist", "sma_cross", "RSI14", "MACD", "MACD_sig", "MACD_hist", "BB_width", "BB_pos", "ATR14", "ret_1d", "ret_5d", "vol_10d", "vol_ratio", "obv_trend", "spy_ret_1d", "vix_level", "vix_change", "vix_regime", "asset_class", "ret_1m", "ret_3m", "ret_6m", "ret_12m", "high52w_dist", "low52w_dist", "day_of_week", "month", "is_options_expiry", "btc_ret_1d", "gold_ret_1d", "corr_spy_20d", "vwap_dist"]}