{"center": [0.0037481411478488312, 0.020858367986655725, 1.0, 51.529619711906484, 2.081100808452817, 2.376164162243506, -0.20240848083056262, 0.06768082525254453, 0.5671186566395983, 6.022029625075884, 0.0006742526333891607, -0.0003040126093766804, 0.011685751437258151, 0.8643878422271547, 0.9762445287774784, 0.0006498313870181294, 17.479999542236328, -0.005700987146387504, 1.0, 0.0, 0.008908266248188634, 0.03592212511290471, 0.0, 0.030320812007897047, -0.051193754377145614, 0.27661004917676035, 2.0, 6.0, 0.0, -0.0002701146200822513, 0.001650071760848859, 0.8221687165874079, 0.004639418042907979], "scale": [0.03582390784425063, 0.05373632786772511, 1.0, 21.742096571575836, 5.25300921735402, 4.889296360743897, 1.7030498717343443, 0.05409856745089094, 0.5034386017918566, 2.2845613982149082, 0.014666926056789958, 0.03379342962979315, 0.005457947170935489, 0.43660206972965754, 0.23899014385880957, 0.00891721450574201, 4.152499198913574, 0.08160434162962715, 1.0, 1.0, 0.07461115379686362, 0.12003371758036352, 0.10969967352632157, 0.12635519774277365, 0.06526953762537631, 0.16750009384513237, 2.0, 7.0, 1.0, 0.026596545447957698, 0.015288370683487817, 0.16813061656984674, 0.03504117121560047], "features": ["SMA20_dist", "SMA50_dist", "sma_cross", "RSI14", "MACD", "MACD_sig", "MACD_hist", "BB_width", "BB_pos", "ATR14", "ret_1d", "ret_5d", "vol_10d", "vol_ratio", "obv_trend", "spy_ret_1d", "vix_level", "vix_change", "vix_regime", "asset_class", "ret_1m", "ret_3m", "ret_6m", "ret_12m", "high52w_dist", "low52w_dist", "day_of_week", "month", "is_options_expiry", "btc_ret_1d", "gold_ret_1d", "corr_spy_20d", "vwap_dist"]}