{"center": [0.0016120720133818711, 0.0030699226782759277, 1.0, 67.99186221961605, 0.09395954943776985, 0.09355676823039749, -0.001463196932527935, 0.00594505729506256, 0.7771454844740449, 0.11248358428372285, 0.00018751681253126318, 0.0008427777012892657, 0.000608202893746753, 0.8941910335828183, 1.04911211524895, 0.0010392127838807497, 17.605000495910645, -0.008334578568971518, 1.0, 0.0, 0.0034772862876607524, 0.007189910880918582, 0.014011969606264829, 0.031184683185188966, -0.001585802942094228, 0.035355454589007004, 2.0, 6.0, 0.0, -0.0003184371753567339, 0.0021530547415220536, 0.04470281795279203, 0.0015357750266628725], "scale": [0.0030334813945771186, 0.005506327117626812, 1.0, 35.365551592447744, 0.16525934529140685, 0.16079531602000258, 0.03384442285490754, 0.002535654123319877, 0.48766618014518204, 0.0399812184254803, 0.0007531534845484078, 0.0017829558764188014, 0.0003918061985736677, 0.39343731993172204, 0.11321681566820141, 0.008815203670988758, 4.355000257492065, 0.08093858594625986, 1.0, 1.0, 0.005925118410236879, 0.010907374121801261, 0.010986039357800348, 0.03612536614266049, 0.0036655209268979046, 0.015279587316343147, 2.0, 7.0, 1.0, 0.027525257090772387, 0.014754239832114074, 0.4556426133529814, 0.0030804590248094906], "features": ["SMA20_dist", "SMA50_dist", "sma_cross", "RSI14", "MACD", "MACD_sig", "MACD_hist", "BB_width", "BB_pos", "ATR14", "ret_1d", "ret_5d", "vol_10d", "vol_ratio", "obv_trend", "spy_ret_1d", "vix_level", "vix_change", "vix_regime", "asset_class", "ret_1m", "ret_3m", "ret_6m", "ret_12m", "high52w_dist", "low52w_dist", "day_of_week", "month", "is_options_expiry", "btc_ret_1d", "gold_ret_1d", "corr_spy_20d", "vwap_dist"]}