{"center": [0.0037225689885695586, 0.009069402251583147, 1.0, 56.40255482159754, 0.26658557648038794, 0.2581426833781373, -0.009867808051480853, 0.023694024079264284, 0.6871473113614713, 0.3972383812497061, 0.00010601575809121577, 0.0020463565773753967, 0.0033690804604224133, 0.9662043977617795, 0.9846075986947712, 0.0008308332860781364, 17.479999542236328, -0.004965340773670834, 1.0, 0.0, 0.009445306891744498, 0.018160476063022846, 0.025451626204354594, 0.07930419990278326, -0.005711629548792624, 0.09944244348550277, 2.0, 6.0, 0.0, -0.0017258746687544568, 0.0015778926649877567, 0.5983316728247354, 0.004247777580037031], "scale": [0.010021933587477305, 0.013034479394284128, 1.0, 21.93876140198452, 0.33066128276171014, 0.2908949137325947, 0.13501986596925328, 0.0131884852430883, 0.4502179143215344, 0.13390597329071008, 0.004488045033875038, 0.010060865963510024, 0.0016304729147907922, 0.4489537812180773, 0.419614035888354, 0.009425316001573092, 4.167500019073486, 0.08268680271227724, 1.0, 1.0, 0.018909952093046356, 0.03445511497915332, 0.053958850997827656, 0.1128045253498558, 0.012357465803704242, 0.08345066176111832, 2.0, 7.0, 1.0, 0.028008239252643424, 0.014646728883056792, 0.2996025498609575, 0.010154456979750263], "features": ["SMA20_dist", "SMA50_dist", "sma_cross", "RSI14", "MACD", "MACD_sig", "MACD_hist", "BB_width", "BB_pos", "ATR14", "ret_1d", "ret_5d", "vol_10d", "vol_ratio", "obv_trend", "spy_ret_1d", "vix_level", "vix_change", "vix_regime", "asset_class", "ret_1m", "ret_3m", "ret_6m", "ret_12m", "high52w_dist", "low52w_dist", "day_of_week", "month", "is_options_expiry", "btc_ret_1d", "gold_ret_1d", "corr_spy_20d", "vwap_dist"]}