{"center": [0.014981114721912691, 0.039194329264069634, 1.0, 59.149736698747056, 0.4560008571225964, 0.47195275889195587, -0.004042823313914368, 0.06879699392391116, 0.7314139549813875, 0.5138152789196369, 0.0011465306229376804, 0.006548164605425066, 0.010101230024571778, 0.7509360698932187, 1.0309570589327781, 0.001093917986384696, 17.440000534057617, -0.00790227414327227, 1.0, 0.0, 0.03475250704375532, 0.10673542164181682, 0.17863262399019209, 0.39021089880133375, -0.01404027272274259, 0.453652585809467, 2.0, 6.0, 0.0, 0.0007548627203146641, 0.0019715725978484144, 0.5770713878724869, 0.015864768336601966], "scale": [0.03280471134781479, 0.04532403310764065, 1.0, 20.00870428929192, 0.575444187386168, 0.46984218686524715, 0.1794063156270958, 0.04697746673518511, 0.39163828672522266, 0.22553231459545536, 0.014300405689288476, 0.030776429073196554, 0.004675015133074577, 0.7428986857204896, 0.13578205491240047, 0.008851401067807019, 4.020000457763672, 0.07855099679107058, 1.0, 1.0, 0.06121892161383968, 0.11321723596157951, 0.2083988481691823, 0.5203685929045982, 0.03482452159033811, 0.464344843514939, 2.0, 7.0, 1.0, 0.02608984543285775, 0.01597607790587341, 0.26990512425205604, 0.03269537035810821], "features": ["SMA20_dist", "SMA50_dist", "sma_cross", "RSI14", "MACD", "MACD_sig", "MACD_hist", "BB_width", "BB_pos", "ATR14", "ret_1d", "ret_5d", "vol_10d", "vol_ratio", "obv_trend", "spy_ret_1d", "vix_level", "vix_change", "vix_regime", "asset_class", "ret_1m", "ret_3m", "ret_6m", "ret_12m", "high52w_dist", "low52w_dist", "day_of_week", "month", "is_options_expiry", "btc_ret_1d", "gold_ret_1d", "corr_spy_20d", "vwap_dist"]}