{"center": [0.020826200881659217, 0.06828827725530642, 1.0, 55.40356736760425, 2.390252968891076, 2.484318997345709, 0.18365706253297676, 0.21713920792454022, 0.6297396833857318, 7.384607587541852, 0.0029827597369421754, 0.013214862304887776, 0.027860303372007355, 0.8990608058717728, 1.0382582451431568, 0.0013668916477928006, 17.369999885559082, -0.00615351204657788, 1.0, 0.0, 0.05148032747727993, 0.13609534664304312, 0.19352421735863223, 0.2096414463523616, -0.08157927826555081, 0.899622840319583, 2.0, 6.0, 0.0, -0.0002701146200822513, 0.0016024120815585352, 0.5021752505796981, 0.019172815743346526], "scale": [0.09863246374010698, 0.16675699957080842, 1.0, 23.53247855354533, 6.621656436393032, 5.564505182581877, 1.9009949524857495, 0.1715588135617968, 0.45799290612896665, 4.983123779296874, 0.03815035812568679, 0.09214147373478065, 0.013343610013785631, 0.4545510430484382, 0.1606052190062115, 0.009008374349849552, 3.8299996852874756, 0.0822211202924043, 1.0, 1.0, 0.16441278416134522, 0.35173884662246035, 0.5974352127713315, 0.8373696803572855, 0.19524006644667952, 0.8001987177729589, 2.0, 7.0, 1.0, 0.027023227586519316, 0.015402709118950586, 0.36807888264856603, 0.10228003950438189], "features": ["SMA20_dist", "SMA50_dist", "sma_cross", "RSI14", "MACD", "MACD_sig", "MACD_hist", "BB_width", "BB_pos", "ATR14", "ret_1d", "ret_5d", "vol_10d", "vol_ratio", "obv_trend", "spy_ret_1d", "vix_level", "vix_change", "vix_regime", "asset_class", "ret_1m", "ret_3m", "ret_6m", "ret_12m", "high52w_dist", "low52w_dist", "day_of_week", "month", "is_options_expiry", "btc_ret_1d", "gold_ret_1d", "corr_spy_20d", "vwap_dist"]}