{"center": [0.012707422510417003, 0.040270099551809206, 1.0, 53.99203902481452, 0.4240535953925928, 0.4256631024092131, 0.011560974031478377, 0.11993276808048219, 0.6107608174232498, 0.9784294305988074, 0.001409155312197985, 0.008196731073867092, 0.019582770604984374, 0.8454775859337874, 1.0495287297107074, 0.0009530940882862549, 17.350000381469727, -0.005681812794001595, 1.0, 0.0, 0.02976749131761358, 0.07183653340807172, 0.07164893554672425, 0.03651159270678672, -0.08401407989509098, 0.47869992600230066, 2.0, 6.0, 0.0, -0.001682150134457161, 0.0016294519610446923, 0.6921580623996071, 0.014916895014449452], "scale": [0.06058719718378068, 0.10363910413734054, 1.0, 21.44199776669072, 1.080292753125832, 1.074252497594915, 0.27993442715375544, 0.06632928016852085, 0.48369703619473625, 0.6916643119898893, 0.029643860606018535, 0.055783059512719946, 0.006777795312115104, 0.5161298499711067, 0.2567214893879024, 0.008830585346531916, 4.059999465942383, 0.07939354635723844, 1.0, 1.0, 0.11681025401493389, 0.21106956598646182, 0.35437794147657053, 0.3994578756022995, 0.12362516030933018, 0.8111488826067623, 2.0, 7.0, 1.0, 0.027239560698149867, 0.014906007149781186, 0.28040083119688664, 0.061634491743421047], "features": ["SMA20_dist", "SMA50_dist", "sma_cross", "RSI14", "MACD", "MACD_sig", "MACD_hist", "BB_width", "BB_pos", "ATR14", "ret_1d", "ret_5d", "vol_10d", "vol_ratio", "obv_trend", "spy_ret_1d", "vix_level", "vix_change", "vix_regime", "asset_class", "ret_1m", "ret_3m", "ret_6m", "ret_12m", "high52w_dist", "low52w_dist", "day_of_week", "month", "is_options_expiry", "btc_ret_1d", "gold_ret_1d", "corr_spy_20d", "vwap_dist"]}