{"center": [0.021470808061715214, 0.06428678283314247, 1.0, 56.74252829629259, 1.418254730311702, 1.424752867961779, -0.02607390764651596, 0.12988156990456817, 0.6984975296641078, 2.522807360360812, 0.0015087367097210702, 0.008873632817066213, 0.020207335137731073, 0.9415577838549579, 1.0303506164530813, 0.0009012287764704752, 17.299999237060547, -0.005720161498773413, 1.0, 0.0, 0.05659657583505928, 0.1280618795786359, 0.197942558726117, 0.4752331803684975, -0.04440375325081859, 0.7487108267343394, 2.0, 6.0, 0.0, -0.00032588834829794244, 0.0015753722020723782, 0.811325977754927, 0.020194657382986713], "scale": [0.06894326662665327, 0.11341175634491002, 1.0, 21.47124624121348, 2.549501306222524, 2.5014996833144987, 0.8128262366753494, 0.08893211063746492, 0.4987660740336227, 1.5190986652641816, 0.02910668504845415, 0.06210793438238149, 0.008072529559400084, 0.534595877146181, 0.214332816974956, 0.00854737557930696, 3.989999771118164, 0.07714735800740213, 1.0, 1.0, 0.12888387773000454, 0.23433511959425068, 0.31163211569199145, 0.7304345937707828, 0.08198677862057295, 0.4719308506265084, 2.0, 7.0, 1.0, 0.027888483183704404, 0.01600180350841085, 0.17975789616502025, 0.06351311783169786], "features": ["SMA20_dist", "SMA50_dist", "sma_cross", "RSI14", "MACD", "MACD_sig", "MACD_hist", "BB_width", "BB_pos", "ATR14", "ret_1d", "ret_5d", "vol_10d", "vol_ratio", "obv_trend", "spy_ret_1d", "vix_level", "vix_change", "vix_regime", "asset_class", "ret_1m", "ret_3m", "ret_6m", "ret_12m", "high52w_dist", "low52w_dist", "day_of_week", "month", "is_options_expiry", "btc_ret_1d", "gold_ret_1d", "corr_spy_20d", "vwap_dist"]}