{"center": [0.011793506691623845, 0.029960105072112032, 1.0, 55.85359680662883, 0.7064557374193328, 0.7429765815821481, -0.0053494583242434945, 0.08632393090725182, 0.6578820412747837, 1.56090734438205, 0.0021936331820660016, 0.006281664067353976, 0.013188851861800254, 0.9613954555887079, 1.044872239635259, 0.000984565078659072, 17.440000534057617, -0.005720161498773413, 1.0, 0.0, 0.02267867844856064, 0.07474901000813428, 0.0673735730132412, 0.18180876963136416, -0.03318684394522134, 0.46300136646315404, 2.0, 6.0, 0.0, -0.00151319093281288, 0.0015263333689308212, 0.9131554947740809, 0.013462584505284722], "scale": [0.039585525002449884, 0.0746262802957839, 1.0, 23.467172912877032, 1.784757559031469, 1.6514563465698227, 0.3471107514359433, 0.05156054825820801, 0.4507030058805651, 0.8169380485124598, 0.01762501220172702, 0.03783913935552091, 0.0057557695473965335, 0.39471383857010667, 0.41415028316973923, 0.008549143893156752, 3.72499942779541, 0.07841501348584201, 1.0, 1.0, 0.08364184860585566, 0.1417302233824061, 0.18708207067285565, 0.2836994274372402, 0.06052630877917681, 0.3642329101680255, 2.0, 7.0, 1.0, 0.027373082244787128, 0.01573810969274758, 0.07583905413322856, 0.03831313098473267], "features": ["SMA20_dist", "SMA50_dist", "sma_cross", "RSI14", "MACD", "MACD_sig", "MACD_hist", "BB_width", "BB_pos", "ATR14", "ret_1d", "ret_5d", "vol_10d", "vol_ratio", "obv_trend", "spy_ret_1d", "vix_level", "vix_change", "vix_regime", "asset_class", "ret_1m", "ret_3m", "ret_6m", "ret_12m", "high52w_dist", "low52w_dist", "day_of_week", "month", "is_options_expiry", "btc_ret_1d", "gold_ret_1d", "corr_spy_20d", "vwap_dist"]}