{"center": [0.0042312146465094515, 0.014402844052881388, 1.0, 51.81635509819354, 2.0599632479884065, 2.163977389976659, 0.0215913177699254, 0.06125550309767136, 0.5745162881571023, 7.158904790540431, -0.0003437029602658126, 0.0030835652052016993, 0.009832759420036636, 0.9711736070245809, 0.9798619431671269, 0.0010391402221695545, 17.6850004196167, -0.0067012664712571834, 1.0, 0.0, 0.010130818898605232, 0.02232379008512808, 0.007506791547723268, 0.0, -0.03969254349935712, 0.12590028108979404, 2.0, 6.0, 0.0, -0.002498197587237072, 0.001709445736939541, 0.3736321505607495, 0.0051617347143488495], "scale": [0.03243874913957037, 0.05052595802489399, 1.0, 20.65752111904085, 6.1387163783726635, 5.340966817255705, 1.8965423622713535, 0.04262189291902335, 0.541730980275619, 2.8152922361302846, 0.013529471111237118, 0.032462802844320654, 0.0037023399489322147, 0.40744227375138753, 0.6639512683801279, 0.009012492777537878, 4.162499904632568, 0.08232356324704543, 1.0, 1.0, 0.056945655066147155, 0.09134894972469776, 0.07191042461681793, 0.06984637932313287, 0.056948368197710444, 0.09833212613152048, 2.0, 7.0, 1.0, 0.027740998286817864, 0.0160828195627761, 0.4454609302354719, 0.031827613243268535], "features": ["SMA20_dist", "SMA50_dist", "sma_cross", "RSI14", "MACD", "MACD_sig", "MACD_hist", "BB_width", "BB_pos", "ATR14", "ret_1d", "ret_5d", "vol_10d", "vol_ratio", "obv_trend", "spy_ret_1d", "vix_level", "vix_change", "vix_regime", "asset_class", "ret_1m", "ret_3m", "ret_6m", "ret_12m", "high52w_dist", "low52w_dist", "day_of_week", "month", "is_options_expiry", "btc_ret_1d", "gold_ret_1d", "corr_spy_20d", "vwap_dist"]}