{"center": [0.004033917731780827, 0.010010226778695933, 1.0, 53.29956163669011, 0.05804717597021991, 0.05678269998835775, 0.008626501002679476, 0.049877785033532594, 0.6192959405110524, 0.2569895193732048, 0.0007746110766873038, 0.001843629628071941, 0.007088584733401734, 0.8952726258541347, 1.010006088683422, 0.0007605411933127026, 17.389999389648438, -0.008114863341212808, 1.0, 0.0, 0.008577045769006197, 0.019786308277250253, 0.016254495521123014, 0.0, -0.048273363025513535, 0.13109774369512645, 2.0, 6.0, 0.0, 0.00038358610925337544, 0.0019404068737312041, 0.16436192884305031, 0.004109612682289101], "scale": [0.022980771536938782, 0.04359947616601156, 1.0, 23.423787451302267, 0.31326152234303706, 0.31873558039617456, 0.08493126403030896, 0.03318881493966154, 0.507414359468717, 0.06414057421150993, 0.010005982081717324, 0.020648629603174373, 0.0030175369779543264, 0.5212418808015203, 0.3207684975250499, 0.008782936306579447, 3.8299989700317383, 0.07855099679107058, 1.0, 1.0, 0.048836781023614995, 0.07265916914494541, 0.0610809641842176, 0.06631466437415612, 0.05232091004186702, 0.09007429506885195, 2.0, 7.0, 1.0, 0.027061228194606768, 0.015180813131575821, 0.3644285981928269, 0.02080378165890096], "features": ["SMA20_dist", "SMA50_dist", "sma_cross", "RSI14", "MACD", "MACD_sig", "MACD_hist", "BB_width", "BB_pos", "ATR14", "ret_1d", "ret_5d", "vol_10d", "vol_ratio", "obv_trend", "spy_ret_1d", "vix_level", "vix_change", "vix_regime", "asset_class", "ret_1m", "ret_3m", "ret_6m", "ret_12m", "high52w_dist", "low52w_dist", "day_of_week", "month", "is_options_expiry", "btc_ret_1d", "gold_ret_1d", "corr_spy_20d", "vwap_dist"]}