{"center": [0.002298748911137295, 0.010350275057804595, 1.0, 50.479522161317696, 0.11226103317633118, 0.09659523031091154, -0.014765855959210789, 0.14981300793275637, 0.5166087049631766, 1.0688072784029852, 0.0008560054471280498, 0.007734771261685092, 0.019742198470351524, 0.9160625898812093, 0.9957813554436102, 0.0012781881137682305, 17.520000457763672, -0.006670313141271755, 1.0, 0.0, 0.02095632156585392, 0.01859488890045502, 0.031993595597997526, 0.0, -0.1693425118812479, 0.28097020761306996, 2.0, 6.0, 0.0, -0.0016327534538667088, 0.001670691560653026, 0.06837612473260547, 0.0019389497393869537], "scale": [0.07205376872385708, 0.09260461187516425, 1.0, 22.141560582793915, 0.9483486653679734, 0.8450937531412717, 0.38758245951856335, 0.07191777649712723, 0.5103982653200874, 0.44018787294060757, 0.02616463103818578, 0.07140374952583806, 0.00752836245658009, 0.43130755952948463, 0.8094122807124554, 0.009111627140761747, 3.8199996948242188, 0.08317856143346902, 1.0, 1.0, 0.11596355808370706, 0.21297882517003175, 0.21657044182116814, 0.25258157370089673, 0.16591747294862147, 0.26441920835067156, 2.0, 7.0, 1.0, 0.02746192124768776, 0.014774694761344964, 0.5837702663003494, 0.07150538921723022], "features": ["SMA20_dist", "SMA50_dist", "sma_cross", "RSI14", "MACD", "MACD_sig", "MACD_hist", "BB_width", "BB_pos", "ATR14", "ret_1d", "ret_5d", "vol_10d", "vol_ratio", "obv_trend", "spy_ret_1d", "vix_level", "vix_change", "vix_regime", "asset_class", "ret_1m", "ret_3m", "ret_6m", "ret_12m", "high52w_dist", "low52w_dist", "day_of_week", "month", "is_options_expiry", "btc_ret_1d", "gold_ret_1d", "corr_spy_20d", "vwap_dist"]}