{"center": [0.010005659169088101, 0.019231226099428615, 1.0, 53.78194939181338, 0.10439441754591883, 0.23334143627298723, 0.038749606839636686, 0.13854548761523963, 0.5769588630518644, 1.2665948820673596, 0.0021340378990630793, 0.004457584082612431, 0.022809754857584883, 0.910588645746516, 1.0726651457122505, 0.0004804602529762114, 17.790000915527344, -0.004048598315015806, 1.0, 0.0, 0.00932668179828311, 0.06236817657348226, 0.10611304131466692, 0.0, -0.10523705700227937, 0.46292742322482305, 2.0, 6.0, 0.0, -0.0008217291810309613, 0.0008040912066364925, 0.4309272972370498, 0.009617085481721709], "scale": [0.07044192344799652, 0.1254326694818457, 1.0, 21.00068778389275, 1.4966031720466688, 1.4161542940491065, 0.3184638042737468, 0.06480042989957349, 0.5221648824441899, 0.6055826272151077, 0.030883706124352484, 0.06034600031935877, 0.008267910994726888, 0.6380436901433169, 0.20923020522091162, 0.009305993064465001, 4.279999732971191, 0.08063685987121616, 1.0, 1.0, 0.13968905941949938, 0.2503968080116971, 0.4120559312592932, 0.5720140850018914, 0.18262378461342615, 0.9126608375993043, 2.0, 7.0, 1.0, 0.02708966578701122, 0.016484914470217993, 0.41887181320092004, 0.06336666887610107], "features": ["SMA20_dist", "SMA50_dist", "sma_cross", "RSI14", "MACD", "MACD_sig", "MACD_hist", "BB_width", "BB_pos", "ATR14", "ret_1d", "ret_5d", "vol_10d", "vol_ratio", "obv_trend", "spy_ret_1d", "vix_level", "vix_change", "vix_regime", "asset_class", "ret_1m", "ret_3m", "ret_6m", "ret_12m", "high52w_dist", "low52w_dist", "day_of_week", "month", "is_options_expiry", "btc_ret_1d", "gold_ret_1d", "corr_spy_20d", "vwap_dist"]}