{"center": [-0.01942689548009365, -0.049144131211805886, 0.0, 41.28224876958961, -4.689606873004095, -4.660033202046087, -0.1215065400789963, 0.12939009318924083, 0.3217188271896256, 9.609287806919642, -0.001221915042084576, -0.010522721968239668, 0.01756701036603026, 0.9540949245512274, 1.0366982992405678, 0.0009004595313388819, 17.440000534057617, -0.007843129677328364, 1.0, 0.0, -0.036691449768526896, -0.10393944135269773, -0.19500903335837982, -0.2631872195151601, -0.35951969475358836, 0.055952980152530446, 2.0, 6.0, 0.0, -0.0008264678561502592, 0.000748780548875283, 0.3474688412941589, -0.019430442242980014], "scale": [0.07178380243428972, 0.08668175946975729, 1.0, 25.52367975571454, 10.218041371372351, 9.608539676293093, 3.676012752452677, 0.08120742824408354, 0.506892740549493, 2.4207175118582587, 0.020125710871350733, 0.06375257562714343, 0.00964842006305663, 0.4291767703633096, 0.21306297480537317, 0.008982102770366485, 4.190000534057617, 0.08378855632578108, 1.0, 1.0, 0.11882028145342616, 0.09496715018935842, 0.1503254820046641, 0.3544838774485396, 0.14716564507829577, 0.08170051776136693, 2.0, 7.0, 1.0, 0.02818814873613651, 0.014601418288675228, 0.36427511081797836, 0.06681046374848484], "features": ["SMA20_dist", "SMA50_dist", "sma_cross", "RSI14", "MACD", "MACD_sig", "MACD_hist", "BB_width", "BB_pos", "ATR14", "ret_1d", "ret_5d", "vol_10d", "vol_ratio", "obv_trend", "spy_ret_1d", "vix_level", "vix_change", "vix_regime", "asset_class", "ret_1m", "ret_3m", "ret_6m", "ret_12m", "high52w_dist", "low52w_dist", "day_of_week", "month", "is_options_expiry", "btc_ret_1d", "gold_ret_1d", "corr_spy_20d", "vwap_dist"]}