{"center": [-0.00048038016737617274, -0.0005859214412159025, 1.0, 49.01273428806072, -0.11687675652395768, -0.01708889260051427, 0.07835529540585551, 0.3255386574509722, 0.49912820514044076, 3.074142728533064, -0.0010190017689194475, -0.01153075085986166, 0.042186782066064445, 0.8647745975888086, 1.0035240076209773, 0.0019081170382848622, 17.239999771118164, -0.007869662158076385, 1.0, 0.0, -0.011974667858019816, -0.03813559532776678, 0.0, 0.0, -0.41692012753302227, 0.8853238078476007, 2.0, 6.0, 0.0, 0.0009202877056453396, 0.0017841598670260694, 0.5410539968176884, 0.0018951198526922844], "scale": [0.15749643292054932, 0.2860844343694976, 1.0, 26.425478109222297, 3.4997503073599674, 3.3996327768856203, 0.9998971490419306, 0.22389438194138594, 0.5231292343486525, 1.6259283338274275, 0.055512807507985706, 0.14130232379380747, 0.015723209301318333, 0.4556380571704357, 0.17298450165632617, 0.009194645164264936, 3.8299989700317383, 0.07514671103983173, 1.0, 1.0, 0.37239092741897684, 0.661232246714736, 0.47303766644014933, 0.3273222320227087, 0.3655519188136077, 1.3322870203188353, 2.0, 7.0, 1.0, 0.02777476959992986, 0.01491943991020972, 0.305879251520325, 0.1570591681384273], "features": ["SMA20_dist", "SMA50_dist", "sma_cross", "RSI14", "MACD", "MACD_sig", "MACD_hist", "BB_width", "BB_pos", "ATR14", "ret_1d", "ret_5d", "vol_10d", "vol_ratio", "obv_trend", "spy_ret_1d", "vix_level", "vix_change", "vix_regime", "asset_class", "ret_1m", "ret_3m", "ret_6m", "ret_12m", "high52w_dist", "low52w_dist", "day_of_week", "month", "is_options_expiry", "btc_ret_1d", "gold_ret_1d", "corr_spy_20d", "vwap_dist"]}