{"center": [0.007428721977418895, 0.049445611561666415, 1.0, 54.031026392580706, 3.6225197421244673, 3.575551522626535, 0.43102381859199923, 0.21189354898480914, 0.5412757023793339, 12.573141915457589, 7.70467679762632e-05, 0.0024528089097057837, 0.028761581802601455, 0.871922153608283, 1.0090789357753684, 0.0004857686989643284, 17.440000534057617, -0.005025144893802347, 1.0, 0.0, 0.028595778550117856, 0.08137731946360494, 0.0, 0.0, -0.21797550434522237, 0.540902923515096, 2.0, 6.0, 0.0, -0.00032588834829794244, 0.0019715725978484144, 0.45271164505199457, 0.004815669875521738], "scale": [0.11309953949794976, 0.17672916654733142, 1.0, 26.980108299183662, 12.3765839711251, 12.309496855614043, 5.211928591346021, 0.13552504732707185, 0.5515743334937416, 6.849573952811106, 0.03638018008843119, 0.08769623823506756, 0.018307525202005827, 0.5536935354775259, 0.566742804045885, 0.008806397983331882, 3.47499942779541, 0.08019104241404318, 1.0, 1.0, 0.21097814075520543, 0.4169802678267512, 0.816604352862311, 0.31502185628137547, 0.3049803911641979, 0.9116663657911709, 2.0, 7.0, 1.0, 0.02876191743575468, 0.01624500280753005, 0.2443194287605368, 0.10671549951156534], "features": ["SMA20_dist", "SMA50_dist", "sma_cross", "RSI14", "MACD", "MACD_sig", "MACD_hist", "BB_width", "BB_pos", "ATR14", "ret_1d", "ret_5d", "vol_10d", "vol_ratio", "obv_trend", "spy_ret_1d", "vix_level", "vix_change", "vix_regime", "asset_class", "ret_1m", "ret_3m", "ret_6m", "ret_12m", "high52w_dist", "low52w_dist", "day_of_week", "month", "is_options_expiry", "btc_ret_1d", "gold_ret_1d", "corr_spy_20d", "vwap_dist"]}