{"center": [0.010955401184481054, 0.037109869382796486, 1.0, 51.77151299356539, 1.2685940541846321, 1.4764550448028735, -0.13702561298291016, 0.16626581316190633, 0.5856705593436989, 5.4542873205311775, 0.0008034579281694931, 0.0035536786762484507, 0.025731329614942636, 0.8915051507655697, 1.0141705413129718, 0.001618379801384684, 17.610000610351562, -0.00790227414327227, 1.0, 0.0, 0.014431030462920491, 0.04064250479430176, 0.0, 0.0, -0.12113082201781282, 0.5869043649609783, 2.0, 6.0, 0.0, 0.000799101589935125, 0.0022257895319868215, 0.6893670166972112, 0.01457306059505723], "scale": [0.09148538891350214, 0.11623667673023427, 1.0, 24.00336194973108, 5.623306815405442, 5.204592456430812, 1.6485006510335767, 0.1258870866275743, 0.5395581000141831, 1.2827482278576845, 0.031910892945657854, 0.07791127237741469, 0.01066481338247174, 0.472790845668711, 0.14783221654248202, 0.009712851863753924, 3.969999313354492, 0.08432878084977824, 1.0, 1.0, 0.1882842091959277, 0.23066452443908914, 0.203751939920929, 0.11598006871260114, 0.14673367796700826, 0.27390473416637706, 2.0, 7.0, 1.0, 0.027445014312225124, 0.015132486548250723, 0.27051847531572837, 0.09059734277885027], "features": ["SMA20_dist", "SMA50_dist", "sma_cross", "RSI14", "MACD", "MACD_sig", "MACD_hist", "BB_width", "BB_pos", "ATR14", "ret_1d", "ret_5d", "vol_10d", "vol_ratio", "obv_trend", "spy_ret_1d", "vix_level", "vix_change", "vix_regime", "asset_class", "ret_1m", "ret_3m", "ret_6m", "ret_12m", "high52w_dist", "low52w_dist", "day_of_week", "month", "is_options_expiry", "btc_ret_1d", "gold_ret_1d", "corr_spy_20d", "vwap_dist"]}