{"center": [0.028609659851560866, 0.07159952342638451, 1.0, 57.29838283428065, 1.4961943565613112, 1.4383540097442395, 0.0973338907015533, 0.24330090090392548, 0.647558472428499, 3.8921450244851217, 0.003429524551070706, 0.020003006308306204, 0.033508684187034815, 0.8991233319149485, 1.0843372544684593, 0.0015944599349343447, 17.329999923706055, -0.008008568742242539, 1.0, 0.0, 0.05801598596190749, 0.19139009425990494, 0.06034055293466811, 0.0, -0.27298394469027554, 0.6753915495471521, 2.0, 6.0, 0.0, -0.0017258746687544568, 0.0017661798901260628, 0.5724200004769677, 0.0249058353553823], "scale": [0.11417063235462618, 0.1862135899823727, 1.0, 24.058635229545956, 4.324431286342563, 4.363613672078002, 1.2227283292720001, 0.1641127550828576, 0.4548539337377041, 2.513071441153275, 0.04227028753015871, 0.10606559007780689, 0.01981979736050088, 0.48541200810817897, 0.6517480641970643, 0.008833375784944919, 3.967499256134033, 0.0786953799543425, 1.0, 1.0, 0.2382920867970354, 0.4667658067777444, 0.607082014647132, 0.19432582028307854, 0.3442955579955264, 0.5067692177334092, 2.0, 7.0, 1.0, 0.027510895281778636, 0.01514899221061558, 0.20965732365590678, 0.10783052212590823], "features": ["SMA20_dist", "SMA50_dist", "sma_cross", "RSI14", "MACD", "MACD_sig", "MACD_hist", "BB_width", "BB_pos", "ATR14", "ret_1d", "ret_5d", "vol_10d", "vol_ratio", "obv_trend", "spy_ret_1d", "vix_level", "vix_change", "vix_regime", "asset_class", "ret_1m", "ret_3m", "ret_6m", "ret_12m", "high52w_dist", "low52w_dist", "day_of_week", "month", "is_options_expiry", "btc_ret_1d", "gold_ret_1d", "corr_spy_20d", "vwap_dist"]}