{"center": [0.0043536044596365585, 0.022464563530821716, 1.0, 51.80652653121304, 0.5697093381688134, 0.665276125114352, -0.046706337136207976, 0.07085093065739001, 0.5710031669671005, 1.529557473753667, 0.0005805024543213966, -0.0004913530447802072, 0.011593057019945417, 0.857346306619694, 0.9907744879138345, 0.0008305003623257923, 17.479999542236328, -0.004622023407450215, 1.0, 0.0, 0.0099427436475642, 0.03695189995723447, 0.0, 0.032576973217137484, -0.04973188714471659, 0.27797476216248773, 2.0, 6.0, 0.0, -0.00016245832696676343, 0.001650071760848859, 0.8319259164232564, 0.005139634529587043], "scale": [0.03771047447350119, 0.056917508639346345, 1.0, 22.37108591212514, 1.3935653497198643, 1.2919068623239982, 0.48823535039668453, 0.05559724386216612, 0.5199552057822266, 0.5936405011668271, 0.014817993159233794, 0.03460637079508361, 0.005424065063555578, 0.45660917068421636, 0.19826117702991342, 0.008737320630062884, 4.237500190734863, 0.08130482429760305, 1.0, 1.0, 0.07920755914495839, 0.11887055295145485, 0.10929445549233008, 0.14142870470983382, 0.06689960973077681, 0.16316126742416526, 2.0, 7.0, 1.0, 0.02790087312471795, 0.015825704494862536, 0.15803349889059848, 0.03884750345969197], "features": ["SMA20_dist", "SMA50_dist", "sma_cross", "RSI14", "MACD", "MACD_sig", "MACD_hist", "BB_width", "BB_pos", "ATR14", "ret_1d", "ret_5d", "vol_10d", "vol_ratio", "obv_trend", "spy_ret_1d", "vix_level", "vix_change", "vix_regime", "asset_class", "ret_1m", "ret_3m", "ret_6m", "ret_12m", "high52w_dist", "low52w_dist", "day_of_week", "month", "is_options_expiry", "btc_ret_1d", "gold_ret_1d", "corr_spy_20d", "vwap_dist"]}