{"center": [0.0061077257843377775, -0.021742411447944598, 0.0, 52.93349930720716, -1.9115960050301055, -1.8900929890781313, 0.2376024218368582, 0.12584991163639564, 0.5652664808174046, 9.740199886730679, 0.0006030164458171727, -1.3092027492667135e-06, 0.017692753369743457, 0.8885734611936829, 0.9669770358019157, 0.00118600329258145, 17.25, -0.006606896521132111, 1.0, 0.0, 0.016085026915538814, -0.04365030930511549, -0.06235157279981518, -0.11979091280471249, -0.4189550961096673, 0.2124434349834459, 2.0, 6.0, 0.0, -0.0018653821380884006, 0.002066486342349072, 0.17970691824663132, 0.007179608682139639], "scale": [0.07728359549820804, 0.13118929152504238, 1.0, 30.539281087717633, 14.817448382872257, 13.257546950268498, 3.954567140639589, 0.13935669642556225, 0.560769582950483, 3.9649479747502525, 0.022901635690085936, 0.062379193197453775, 0.011506213360775596, 0.4683292567735873, 0.39570332316583334, 0.008499153863160275, 4.139999866485596, 0.07746860649691911, 1.0, 1.0, 0.14502452364968738, 0.24837484650977365, 0.34609075919812315, 0.413098959963928, 0.3712091519776679, 0.3209622477766106, 2.0, 7.0, 1.0, 0.02731858106055232, 0.014349653753749525, 0.314397378838038, 0.07528428600588435], "features": ["SMA20_dist", "SMA50_dist", "sma_cross", "RSI14", "MACD", "MACD_sig", "MACD_hist", "BB_width", "BB_pos", "ATR14", "ret_1d", "ret_5d", "vol_10d", "vol_ratio", "obv_trend", "spy_ret_1d", "vix_level", "vix_change", "vix_regime", "asset_class", "ret_1m", "ret_3m", "ret_6m", "ret_12m", "high52w_dist", "low52w_dist", "day_of_week", "month", "is_options_expiry", "btc_ret_1d", "gold_ret_1d", "corr_spy_20d", "vwap_dist"]}