{"center": [0.0045720432383294434, 0.01786125709659602, 1.0, 51.91515373670835, 0.6504777085921205, 0.6305666274786705, -0.040937221895888776, 0.07882448009350815, 0.5672049731943695, 2.5064477426602187, -0.0002916166868378589, 0.0018547183494486141, 0.014016933401068134, 0.9363037921032067, 1.027385786532936, 0.000731139787988333, 17.440000534057617, -0.006670313141271755, 1.0, 0.0, 0.011221165770494812, 0.04106194154264964, 0.015836687113606196, 0.0, -0.0807205750462513, 0.24044973761289884, 2.0, 6.0, 0.0, 0.000799101589935125, 0.0017841598670260694, 0.3472835087349676, 0.005669007254599435], "scale": [0.04115121627904035, 0.06401333903848566, 1.0, 20.982342709714544, 2.2091160435481214, 2.156197378016888, 0.645057107967294, 0.059686188969934814, 0.5217147764034056, 0.7392460402733181, 0.019017310952834432, 0.040109209058208584, 0.0068806966206423036, 0.3833422495468767, 0.46718596749645536, 0.008689810577502066, 4.235000133514404, 0.0817590141867171, 1.0, 1.0, 0.08006563551726897, 0.12788412994721982, 0.19374216192402938, 0.20355309282773604, 0.12567760567960048, 0.304920571504238, 2.0, 7.0, 1.0, 0.027889119761400405, 0.016563958586626404, 0.4364514703112682, 0.042759698197982934], "features": ["SMA20_dist", "SMA50_dist", "sma_cross", "RSI14", "MACD", "MACD_sig", "MACD_hist", "BB_width", "BB_pos", "ATR14", "ret_1d", "ret_5d", "vol_10d", "vol_ratio", "obv_trend", "spy_ret_1d", "vix_level", "vix_change", "vix_regime", "asset_class", "ret_1m", "ret_3m", "ret_6m", "ret_12m", "high52w_dist", "low52w_dist", "day_of_week", "month", "is_options_expiry", "btc_ret_1d", "gold_ret_1d", "corr_spy_20d", "vwap_dist"]}