{"center": [0.0023546410470280388, 0.0060245228789858685, 1.0, 51.99293189561119, 0.08663631484120415, 0.11702351305968216, 0.0026435923475926146, 0.06702922390510696, 0.5480838234973262, 0.6079205472989211, -0.0004564440918835566, -0.0001757118341024766, 0.009890050323753997, 0.9727144035726949, 0.9859168692900513, 0.0009428969275647736, 17.440000534057617, -0.0067330833557224246, 1.0, 0.0, 0.0029226419223624678, 0.01518666068969865, 0.01916048347089172, 0.0, -0.06188172058932992, 0.18892261668126764, 2.0, 6.0, 0.0, -0.0011698293944815696, 0.001709445736939541, 0.606615328998021, 0.0038269903796927726], "scale": [0.035924763883928935, 0.04810951209373175, 1.0, 22.0907400405136, 0.643136537927461, 0.6029458978650444, 0.21054592420215099, 0.03640117005492139, 0.5355870179138411, 0.20925539478502242, 0.013413181519153383, 0.0322857545513697, 0.0033616014985918072, 0.41534055176321516, 0.39579508351485637, 0.009198148606468032, 3.72999906539917, 0.08421234055926163, 1.0, 1.0, 0.0748753314787021, 0.08981231622562544, 0.09910639954992967, 0.122453279162484, 0.05721250433221045, 0.1530924581249334, 2.0, 7.0, 1.0, 0.028050015596767786, 0.015123406941743578, 0.22453014095775836, 0.03564622793360832], "features": ["SMA20_dist", "SMA50_dist", "sma_cross", "RSI14", "MACD", "MACD_sig", "MACD_hist", "BB_width", "BB_pos", "ATR14", "ret_1d", "ret_5d", "vol_10d", "vol_ratio", "obv_trend", "spy_ret_1d", "vix_level", "vix_change", "vix_regime", "asset_class", "ret_1m", "ret_3m", "ret_6m", "ret_12m", "high52w_dist", "low52w_dist", "day_of_week", "month", "is_options_expiry", "btc_ret_1d", "gold_ret_1d", "corr_spy_20d", "vwap_dist"]}