{"center": [0.001898901950308557, 0.004418771677562241, 1.0, 50.48847137587815, 0.4004379762272947, 0.35553071793393765, -0.08759983455192544, 0.07044335455647052, 0.5242110104944278, 2.4370686219186357, 0.0002408718411960331, 0.0009740725753850654, 0.011826880875358499, 0.8149035284789217, 1.016277123880037, 0.0009266726310533935, 17.494999885559082, -0.0067012664712571834, 1.0, 0.0, -0.00010107944567083749, -0.001324613698382604, 0.0, 0.0, -0.0752719812634036, 0.18154225035800564, 2.0, 6.0, 0.0, -0.0005663575917232433, 0.0019842065968723732, 0.5197334457989531, 0.003653980343838263], "scale": [0.035440154135405216, 0.06127767637698123, 1.0, 21.228062667091372, 2.6469547687658093, 2.7443972254954563, 0.8308688842604418, 0.0367257235008002, 0.5027113025175748, 0.8095706159313809, 0.01436053079163191, 0.03390423300403586, 0.0048271291031346825, 0.6322064353030764, 0.11453961186428341, 0.009682646570752546, 4.234999656677246, 0.08942300732992764, 1.0, 1.0, 0.06432700233509869, 0.15048964265941508, 0.15512902134864381, 0.2031793051879479, 0.07331178402759364, 0.2952804161693569, 2.0, 7.0, 1.0, 0.02730715429948033, 0.01645656589900346, 0.3152456518434344, 0.03433585084552675], "features": ["SMA20_dist", "SMA50_dist", "sma_cross", "RSI14", "MACD", "MACD_sig", "MACD_hist", "BB_width", "BB_pos", "ATR14", "ret_1d", "ret_5d", "vol_10d", "vol_ratio", "obv_trend", "spy_ret_1d", "vix_level", "vix_change", "vix_regime", "asset_class", "ret_1m", "ret_3m", "ret_6m", "ret_12m", "high52w_dist", "low52w_dist", "day_of_week", "month", "is_options_expiry", "btc_ret_1d", "gold_ret_1d", "corr_spy_20d", "vwap_dist"]}