{"center": [0.012130901179038669, 0.035189934226936406, 1.0, 55.35466267702251, 0.3929548939295806, 0.41494628229415925, 0.0318734915087005, 0.1167061460120238, 0.6067233732400527, 1.1407147816249301, -0.0002850090974656494, 0.008218975528989314, 0.0189113273795678, 0.8869053760627936, 1.0344677342043662, 0.0014013926509420793, 17.460000038146973, -0.005700987146387504, 1.0, 0.0, 0.029635346309093147, 0.10039998771395653, 0.09810857541199092, 0.1350894803052607, -0.05713657241943195, 0.4927368736156563, 2.0, 7.0, 0.0, -0.0021362285704931705, 0.0017661798901260628, 0.2526037736340662, 0.011978095461221045], "scale": [0.05772015896143659, 0.08632200831575933, 1.0, 22.14319465833247, 0.8650257861288715, 0.768405269746274, 0.35525725417402454, 0.08785039456527714, 0.4417580554725713, 0.5423209667205812, 0.022977109308422172, 0.05095290022639798, 0.012188608151503402, 0.3636438725122637, 0.3493832534010779, 0.008674393004897307, 3.892500638961792, 0.07275247880649693, 1.0, 1.0, 0.11616929294220069, 0.20619881563871456, 0.2180749477354006, 0.2971097550665313, 0.07170909912186138, 0.3096915303362403, 2.0, 6.0, 1.0, 0.030488314482569473, 0.014499805286224854, 0.38885456362417425, 0.05871307895310705], "features": ["SMA20_dist", "SMA50_dist", "sma_cross", "RSI14", "MACD", "MACD_sig", "MACD_hist", "BB_width", "BB_pos", "ATR14", "ret_1d", "ret_5d", "vol_10d", "vol_ratio", "obv_trend", "spy_ret_1d", "vix_level", "vix_change", "vix_regime", "asset_class", "ret_1m", "ret_3m", "ret_6m", "ret_12m", "high52w_dist", "low52w_dist", "day_of_week", "month", "is_options_expiry", "btc_ret_1d", "gold_ret_1d", "corr_spy_20d", "vwap_dist"]}