{"center": [0.009678878098807003, 0.02166753488118061, 1.0, 55.15016320339329, 0.44652601236856526, 0.43618642642239747, 0.004600680095787429, 0.06359298611028534, 0.6554734199714781, 0.8618250600575941, 0.0006408137256204149, 0.005047029046783003, 0.010447652887619447, 0.9568731786968124, 1.0068457661913772, 0.0006644807320866919, 17.369999885559082, -0.006664472772315133, 1.0, 0.0, 0.018702670509899932, 0.049035550416516416, 0.10972108644533063, 0.13153336399412718, -0.02424469566527785, 0.2811616450987194, 2.0, 6.0, 0.0, -0.0015742310644737412, 0.0023189623037839224, 0.6515880184016467, 0.010854458901980297], "scale": [0.027248977895666045, 0.04228101379200859, 1.0, 18.846709092358836, 0.8632278964869116, 0.7394528755922873, 0.2829699698994421, 0.037500158058541136, 0.4047275734419602, 0.4355884567909797, 0.012784075419186414, 0.031833640814224795, 0.0049729988861700256, 0.4652261955686281, 0.6803806010866004, 0.008888755288631922, 4.152499198913574, 0.08227511376726565, 1.0, 1.0, 0.05060094137047172, 0.07471273278596585, 0.15876358022129416, 0.27700669476273826, 0.03957212707992256, 0.24440241904027998, 2.0, 7.0, 1.0, 0.026751955726777216, 0.015266554717222297, 0.23006872491586983, 0.026587184300087052], "features": ["SMA20_dist", "SMA50_dist", "sma_cross", "RSI14", "MACD", "MACD_sig", "MACD_hist", "BB_width", "BB_pos", "ATR14", "ret_1d", "ret_5d", "vol_10d", "vol_ratio", "obv_trend", "spy_ret_1d", "vix_level", "vix_change", "vix_regime", "asset_class", "ret_1m", "ret_3m", "ret_6m", "ret_12m", "high52w_dist", "low52w_dist", "day_of_week", "month", "is_options_expiry", "btc_ret_1d", "gold_ret_1d", "corr_spy_20d", "vwap_dist"]}