{"center": [0.004443967681833028, 0.017663341131595667, 1.0, 52.20089359567392, 0.09385189292826546, 0.09706799683171863, -0.0005233954093306417, 0.09500713976340558, 0.5637606936260782, 0.47810711179460796, 0.0004587362919318272, 0.0015628052561384997, 0.015389118698070883, 0.8643284852764488, 1.0164514643725324, 0.0006645834082493751, 17.369999885559082, -0.0045668489381236466, 1.0, 0.0, 0.008924794029131822, 0.016578387824434992, 0.0, 0.0, -0.12224750549358403, 0.25102611669051433, 2.0, 6.0, 0.0, 0.0003098700789467834, 0.0021413842165146635, 0.6405101795899042, 0.003674151338114352], "scale": [0.04907617939242476, 0.07815682564842141, 1.0, 22.756973245563607, 0.47023605497481746, 0.3982229057355674, 0.1440536179785166, 0.09492375253597986, 0.4879228578864153, 0.21498227119445812, 0.020321880010041316, 0.04826385515044193, 0.006905679468333469, 0.6391491046336165, 0.391526790523014, 0.009539884986523445, 3.805000066757202, 0.08281498249337527, 1.0, 1.0, 0.1090678511940171, 0.19947787987154023, 0.12810044831532402, 0.025887926043280413, 0.09818447653762193, 0.10936551242321638, 2.0, 7.0, 1.0, 0.026825914161596354, 0.0151778444518261, 0.3275053383391286, 0.047405142772878245], "features": ["SMA20_dist", "SMA50_dist", "sma_cross", "RSI14", "MACD", "MACD_sig", "MACD_hist", "BB_width", "BB_pos", "ATR14", "ret_1d", "ret_5d", "vol_10d", "vol_ratio", "obv_trend", "spy_ret_1d", "vix_level", "vix_change", "vix_regime", "asset_class", "ret_1m", "ret_3m", "ret_6m", "ret_12m", "high52w_dist", "low52w_dist", "day_of_week", "month", "is_options_expiry", "btc_ret_1d", "gold_ret_1d", "corr_spy_20d", "vwap_dist"]}