{"center": [0.008210221320847321, 0.02336822092056818, 1.0, 54.313001782598356, 0.08665289906705986, 0.08281026336174406, 0.0053143740030087705, 0.11419259368828091, 0.5946030952868855, 0.270808537791248, 0.0009282319799276406, 0.004482415008119411, 0.016587907403145204, 0.9387727554541085, 1.045599392964375, 0.0015057423380063772, 17.565000534057617, -0.008408002149435212, 1.0, 0.0, 0.025844587041340294, 0.05489056992716623, 0.05415854260303454, 0.11961417861112733, -0.16181571480197554, 0.30916426346294257, 2.0, 6.0, 0.0, -0.0008240985185906102, 0.0017353401217137243, 0.4474474918396336, 0.008817265475787178], "scale": [0.05236630277254828, 0.06913962418118413, 1.0, 21.185005715394155, 0.20963213057657848, 0.1887331763951419, 0.07994126632823306, 0.06461420506874002, 0.470496309880608, 0.08760771048900917, 0.02571233410729165, 0.04971820011894018, 0.00795683697096652, 0.44528314680149617, 0.3945662700390171, 0.008997689961169258, 3.997500419616699, 0.08085203195306659, 1.0, 1.0, 0.08529399845943847, 0.1699779116957394, 0.2416038488739809, 0.30450407332745394, 0.2045137236132008, 0.36782936815308315, 2.0, 7.0, 1.0, 0.02726766744406539, 0.014240669926335908, 0.27438796870445487, 0.05297959731008541], "features": ["SMA20_dist", "SMA50_dist", "sma_cross", "RSI14", "MACD", "MACD_sig", "MACD_hist", "BB_width", "BB_pos", "ATR14", "ret_1d", "ret_5d", "vol_10d", "vol_ratio", "obv_trend", "spy_ret_1d", "vix_level", "vix_change", "vix_regime", "asset_class", "ret_1m", "ret_3m", "ret_6m", "ret_12m", "high52w_dist", "low52w_dist", "day_of_week", "month", "is_options_expiry", "btc_ret_1d", "gold_ret_1d", "corr_spy_20d", "vwap_dist"]}