{"center": [0.0017434871929579599, -0.0005143954389722367, 1.0, 52.499997019768465, 0.0006970352364525922, 0.006799110073391934, 0.005299945863078536, 0.05517082125342076, 0.538803868120458, 0.22928592136928014, 0.0, 0.001122990362909304, 0.00852211988822493, 0.8410310548077768, 1.0905578645436984, 0.0004400005646272298, 17.610000610351562, -0.005579556721748813, 1.0, 0.0, -0.0005246709948604211, 0.006300149835024138, 0.0, 0.0, -0.09346271352587814, 0.06705537283439465, 2.0, 6.0, 0.0, -0.0018977187896134229, 0.0010471549570203464, -0.030455100442118476, 0.001013718655772769], "scale": [0.02841320229285791, 0.03791483799163516, 1.0, 22.176207972323127, 0.20474902397316086, 0.20825841979064202, 0.06806213390881305, 0.0332561362909297, 0.5173129841510847, 0.07857145581926617, 0.012533090901593935, 0.02941150177976415, 0.003576119957823371, 0.5945551809930089, 1.4683409018557882, 0.009403811577800791, 3.7049989700317383, 0.08092686766241441, 1.0, 1.0, 0.05134890386371338, 0.06647178840138196, 0.05863186074563026, 0.04001069440126259, 0.09687265407565344, 0.045481427128891, 2.0, 7.0, 1.0, 0.026660128585596188, 0.01713152540813112, 0.48248192182101945, 0.027603934411815627], "features": ["SMA20_dist", "SMA50_dist", "sma_cross", "RSI14", "MACD", "MACD_sig", "MACD_hist", "BB_width", "BB_pos", "ATR14", "ret_1d", "ret_5d", "vol_10d", "vol_ratio", "obv_trend", "spy_ret_1d", "vix_level", "vix_change", "vix_regime", "asset_class", "ret_1m", "ret_3m", "ret_6m", "ret_12m", "high52w_dist", "low52w_dist", "day_of_week", "month", "is_options_expiry", "btc_ret_1d", "gold_ret_1d", "corr_spy_20d", "vwap_dist"]}