{"center": [-0.0020062146741562053, -0.008006170112483627, 0.0, 49.179373481348826, -0.44295793230146785, -0.4527552939403047, 0.04208267557164602, 0.07265984861172929, 0.46991482483128155, 2.4554333638950703, 0.0007912848027947783, -0.000981644984137553, 0.011052796450877823, 0.9344782624284502, 1.0311016415811705, 0.0009686794547715261, 17.3799991607666, -0.006642781425620192, 1.0, 0.0, -0.007894099914387886, -0.014858408648633192, -0.0204440035315116, -0.026413228279613454, -0.10144165212146866, 0.05297199831033887, 2.0, 6.0, 0.0, 0.0005386804107375687, 0.0012365346785951914, -0.06474076049536326, -0.0018682395305756338], "scale": [0.03621625465967415, 0.038886669942823256, 1.0, 21.380277953646527, 1.8499052630141222, 1.6859656338578817, 0.8064944212595005, 0.032857166926423216, 0.5243005758346628, 0.7693501162496514, 0.01358780916359667, 0.03591173097761302, 0.005354711025771352, 0.3139706754960986, 0.3353277952654563, 0.008627275844505011, 3.7875008583068848, 0.07883550164225939, 1.0, 1.0, 0.05896840694633848, 0.057074377866204756, 0.05406683220803715, 0.08541360452117447, 0.06977594404073448, 0.044987709568173766, 2.0, 7.0, 1.0, 0.028810640851042707, 0.013953286020952915, 0.5822822425605534, 0.036994601203915733], "features": ["SMA20_dist", "SMA50_dist", "sma_cross", "RSI14", "MACD", "MACD_sig", "MACD_hist", "BB_width", "BB_pos", "ATR14", "ret_1d", "ret_5d", "vol_10d", "vol_ratio", "obv_trend", "spy_ret_1d", "vix_level", "vix_change", "vix_regime", "asset_class", "ret_1m", "ret_3m", "ret_6m", "ret_12m", "high52w_dist", "low52w_dist", "day_of_week", "month", "is_options_expiry", "btc_ret_1d", "gold_ret_1d", "corr_spy_20d", "vwap_dist"]}