{"center": [0.009533789079635615, 0.020416389320415826, 1.0, 57.07587954125077, 0.17627330740351965, 0.18495457877816873, 0.006779399645499562, 0.0824468722328256, 0.6335770766554083, 0.4303399573131083, 0.0006460143569172461, 0.004101980680617734, 0.01050145248683362, 0.8107306234726938, 1.0801802627211738, 0.0009271097335649126, 17.545000076293945, -0.006103243584815343, 1.0, 0.0, 0.021372063617515646, 0.07424220037427098, 0.17618236675075316, 0.01741422312870622, -0.05574970659817493, 0.3850588865079383, 2.0, 6.0, 0.0, -0.0003184371753567339, 0.0019739858527916265, 0.37358990106087686, 0.009091567656093941], "scale": [0.04410673902960201, 0.08093113188266692, 1.0, 30.39599474946293, 0.8176577991851168, 0.7182090758614388, 0.19892598614711407, 0.05575713916099663, 0.5273693834977413, 0.33545671676141386, 0.013240144825669126, 0.03546970659217308, 0.003932083837021462, 0.8456774352087661, 0.7085060742461442, 0.009720463471533769, 4.082500457763672, 0.08169418815609081, 1.0, 1.0, 0.0904258778672927, 0.19017573750544886, 0.2838374208329938, 0.43018438699676637, 0.12326667704552587, 0.569165393143122, 2.0, 7.0, 1.0, 0.028883930706506716, 0.014971982124724337, 0.41155688246087, 0.04130068952745722], "features": ["SMA20_dist", "SMA50_dist", "sma_cross", "RSI14", "MACD", "MACD_sig", "MACD_hist", "BB_width", "BB_pos", "ATR14", "ret_1d", "ret_5d", "vol_10d", "vol_ratio", "obv_trend", "spy_ret_1d", "vix_level", "vix_change", "vix_regime", "asset_class", "ret_1m", "ret_3m", "ret_6m", "ret_12m", "high52w_dist", "low52w_dist", "day_of_week", "month", "is_options_expiry", "btc_ret_1d", "gold_ret_1d", "corr_spy_20d", "vwap_dist"]}