{"center": [0.014980118395887494, 0.04074433871556081, 1.0, 59.981885179330206, 0.30730771718294214, 0.2917947612138634, 0.0031650386547359844, 0.07101138644313618, 0.7255676866023679, 0.3696615701761972, 0.002342530192450454, 0.006387486379768492, 0.009948360399416791, 0.6643664958395521, 0.9980963790682208, 0.0004519797933790759, 17.479999542236328, -0.004285461432546711, 1.0, 0.0, 0.03330472589733702, 0.07640365143819283, 0.20007633645912548, 0.3869434174469545, -0.026537369850869526, 0.4768469224870374, 2.0, 6.0, 0.0, -0.0002701146200822513, 0.0006270608473432082, 0.5717100777452955, 0.014856280552629532], "scale": [0.0404128986204192, 0.06893772481547744, 1.0, 24.4362775579841, 0.6021197017854085, 0.5722537101331522, 0.12270507451615972, 0.06564893897315657, 0.4772474780994368, 0.25124520073898354, 0.014484173875452755, 0.031448432886574035, 0.005551026162898352, 0.773424312621962, 0.18141244172851156, 0.008761355376596613, 4.162499904632568, 0.08335153054162509, 1.0, 1.0, 0.07514678761338175, 0.16497670237343137, 0.22970162350455492, 0.5037888234154271, 0.04539204933562302, 0.49205977305487814, 2.0, 7.0, 1.0, 0.025702386092357976, 0.015425006977128758, 0.3308020917468276, 0.03817172713189672], "features": ["SMA20_dist", "SMA50_dist", "sma_cross", "RSI14", "MACD", "MACD_sig", "MACD_hist", "BB_width", "BB_pos", "ATR14", "ret_1d", "ret_5d", "vol_10d", "vol_ratio", "obv_trend", "spy_ret_1d", "vix_level", "vix_change", "vix_regime", "asset_class", "ret_1m", "ret_3m", "ret_6m", "ret_12m", "high52w_dist", "low52w_dist", "day_of_week", "month", "is_options_expiry", "btc_ret_1d", "gold_ret_1d", "corr_spy_20d", "vwap_dist"]}