{"center": [0.0010178386147303717, 0.0049214160789418804, 1.0, 51.19692762578681, 0.11666521896785298, 0.10012382971569375, 0.020098542812469367, 0.0636288651463605, 0.5252806596215032, 1.4352361800700142, 0.0003190236165635518, 0.0008957249157013347, 0.009768196630434541, 0.9609713309619292, 1.033652073648892, 0.0015058510202253794, 17.420000076293945, -0.009126572595774263, 1.0, 0.0, 0.0023899084203302667, 0.02005895777147504, 0.020460789819050085, 0.037238212372513124, -0.04383604670094753, 0.13427698165245833, 2.0, 6.0, 0.0, -0.0011564734544893818, 0.0016024120815585352, -0.0160502580739972, 0.0014872418631149634], "scale": [0.03019526858411127, 0.04659982238612378, 1.0, 19.614324634321115, 1.1930870129739048, 1.0624685370309193, 0.4022203451986087, 0.030278030141126427, 0.5176774237163452, 0.35329074763592727, 0.01382153786634277, 0.03059017870598546, 0.004503699152312005, 0.4427428220673404, 0.19173284885371078, 0.00884836426448024, 3.6675009727478027, 0.0767483079640929, 1.0, 1.0, 0.055733848741208486, 0.09645307402697045, 0.0649873572083085, 0.08869456683318716, 0.060636350937133, 0.06108986732910292, 2.0, 7.0, 1.0, 0.027491132077730795, 0.0147947148661631, 0.3637848120782994, 0.03060897069914021], "features": ["SMA20_dist", "SMA50_dist", "sma_cross", "RSI14", "MACD", "MACD_sig", "MACD_hist", "BB_width", "BB_pos", "ATR14", "ret_1d", "ret_5d", "vol_10d", "vol_ratio", "obv_trend", "spy_ret_1d", "vix_level", "vix_change", "vix_regime", "asset_class", "ret_1m", "ret_3m", "ret_6m", "ret_12m", "high52w_dist", "low52w_dist", "day_of_week", "month", "is_options_expiry", "btc_ret_1d", "gold_ret_1d", "corr_spy_20d", "vwap_dist"]}