{"center": [0.0033428843203618247, 0.009425902424109936, 1.0, 50.43553329651553, 0.3059397707009026, 0.18598801059809672, -0.006300501965429639, 0.15868695061241014, 0.5224763192406443, 2.587428501674107, -0.000346246300879538, 0.005115665481454812, 0.02551424579535085, 0.9154347608457113, 1.005261458278403, 0.0013579397972762752, 17.610000610351562, -0.004632673488730754, 1.0, 0.0, 0.012474000726259593, 0.0033602278461233315, 0.0, 0.0, -0.11903567160290923, 0.5678219115909254, 2.0, 6.0, 0.0, 0.00018283765004545316, 0.0020064107533963593, 0.45653251736271394, 0.002993508243013575], "scale": [0.08948779579827439, 0.16882471383426084, 1.0, 22.064159591291492, 3.0315387277308616, 3.091805942835321, 1.0134944608418968, 0.08716399412684617, 0.5412965867739955, 1.3182874407087057, 0.03472307219183257, 0.07906457799771538, 0.011550620795705287, 0.4918703256805944, 0.4651765134876066, 0.009110344907600987, 4.209999084472656, 0.07997064712424162, 1.0, 1.0, 0.15004408552522397, 0.32598018223757375, 0.4708275576059141, 0.0804032995001176, 0.258707073162081, 0.7516118598918695, 2.0, 6.0, 1.0, 0.026602281434868202, 0.01500095917984845, 0.26406814589744404, 0.08620507332327956], "features": ["SMA20_dist", "SMA50_dist", "sma_cross", "RSI14", "MACD", "MACD_sig", "MACD_hist", "BB_width", "BB_pos", "ATR14", "ret_1d", "ret_5d", "vol_10d", "vol_ratio", "obv_trend", "spy_ret_1d", "vix_level", "vix_change", "vix_regime", "asset_class", "ret_1m", "ret_3m", "ret_6m", "ret_12m", "high52w_dist", "low52w_dist", "day_of_week", "month", "is_options_expiry", "btc_ret_1d", "gold_ret_1d", "corr_spy_20d", "vwap_dist"]}