{"center": [-0.025876303937158222, -0.06550831849676574, 0.0, 44.10519889581382, -0.7842178420650789, -0.790705709734268, -0.021425803768793994, 0.2405883187199196, 0.3728115466093637, 1.9457138606480189, 0.002197747609997913, -0.0038377026152740523, 0.03320831805512558, 0.8684517237148817, 1.0195196427931923, 0.0009012287764704752, 17.790000915527344, -0.006670313141271755, 1.0, 0.0, -0.06359754019916086, -0.08648099885751204, -0.20702607794276728, -0.5713918110312568, -0.6885566257040135, 0.3269069169125063, 2.0, 6.0, 0.0, -0.00032588834829794244, 0.0020064107533963593, 0.34265542541634264, -0.023662945367700198], "scale": [0.10546751622801989, 0.19452411765862182, 1.0, 22.61048734395726, 3.5443893768033288, 3.3916982436823897, 0.5793055275513261, 0.2897700202737705, 0.49677998923052147, 2.500000953674316, 0.039284019712183926, 0.08798026911379869, 0.025595983250206435, 0.505751435712656, 0.14520939201154504, 0.009515434222202523, 4.050000190734863, 0.0835337442699789, 1.0, 1.0, 0.21132811835180787, 0.26790856255781414, 0.6041389585256454, 0.8280442998886152, 0.4949379224859133, 0.6103642274127834, 2.0, 7.0, 1.0, 0.030438598056478805, 0.015316811174552358, 0.24578406640896255, 0.10680316818144085], "features": ["SMA20_dist", "SMA50_dist", "sma_cross", "RSI14", "MACD", "MACD_sig", "MACD_hist", "BB_width", "BB_pos", "ATR14", "ret_1d", "ret_5d", "vol_10d", "vol_ratio", "obv_trend", "spy_ret_1d", "vix_level", "vix_change", "vix_regime", "asset_class", "ret_1m", "ret_3m", "ret_6m", "ret_12m", "high52w_dist", "low52w_dist", "day_of_week", "month", "is_options_expiry", "btc_ret_1d", "gold_ret_1d", "corr_spy_20d", "vwap_dist"]}