{"center": [0.0016934234284060202, 0.010725216123920142, 1.0, 51.74953320772291, 0.12920457456814205, 0.08588926784940476, -0.010075864294033083, 0.08221445484836085, 0.5249746108320853, 0.5842225503460112, -0.0002762533296117864, 0.005789883765295656, 0.012743310922178754, 0.9022948153382936, 0.99400958943585, 0.001093923920310047, 17.440000534057617, -0.005720161498773413, 1.0, 0.0, 0.014269362366716942, 0.026834040929771374, 0.0847192498553555, 0.006594508898797091, -0.06511033710253705, 0.37225289347895135, 2.0, 6.0, 0.0, -1.9742508661990676e-05, 0.0007275678386380324, 0.4650370415188242, 0.0018100899077725238], "scale": [0.0428616025127124, 0.06706086032024385, 1.0, 21.0291685808361, 0.6244995550070058, 0.597058705318308, 0.1913278082637953, 0.047906062849705985, 0.5120151491261756, 0.17958600455755047, 0.017317907306695468, 0.04263857671198301, 0.006078642507958783, 0.41278058755198843, 0.28664376310844064, 0.008893026874975285, 3.8299999237060547, 0.08316370309974819, 1.0, 1.0, 0.07495668131644395, 0.15398073436644055, 0.19516986463628383, 0.29993105850350754, 0.09103739725066251, 0.22138108873910253, 2.0, 6.0, 1.0, 0.028519449285502096, 0.015165170800731653, 0.43529070336298825, 0.04222270165845786], "features": ["SMA20_dist", "SMA50_dist", "sma_cross", "RSI14", "MACD", "MACD_sig", "MACD_hist", "BB_width", "BB_pos", "ATR14", "ret_1d", "ret_5d", "vol_10d", "vol_ratio", "obv_trend", "spy_ret_1d", "vix_level", "vix_change", "vix_regime", "asset_class", "ret_1m", "ret_3m", "ret_6m", "ret_12m", "high52w_dist", "low52w_dist", "day_of_week", "month", "is_options_expiry", "btc_ret_1d", "gold_ret_1d", "corr_spy_20d", "vwap_dist"]}