{"center": [0.0060175267450952195, 0.01822421925967306, 1.0, 55.07379853975637, 0.15435544404269663, 0.18129954311335966, 0.0019150268869405351, 0.06484604221864643, 0.6192457458921861, 0.3768605425333398, -0.0005966859886274989, 0.004150627233327375, 0.010299173716298387, 0.6796116504854369, 0.9953435438902023, 0.0014611496712728655, 17.399999618530273, -0.00790227414327227, 1.0, 0.0, 0.014132909543202565, 0.07379829335350885, 0.1407096368076568, 0.0, -0.052203261453247, 0.2822876037482693, 2.0, 6.0, 0.0, 0.0007548627203146641, 0.0017929035935666526, 0.48172598735313266, 0.007744319360501727], "scale": [0.03275668570178045, 0.05827421520060459, 1.0, 20.271305148563314, 0.5121044293390753, 0.4733244911039972, 0.10215650957828348, 0.02889315735260438, 0.5158082771577778, 0.14757868020077908, 0.013155874777809329, 0.027818001942985227, 0.004847639245314573, 0.7119162608631757, 0.13684603533359951, 0.008706557035018991, 3.6400012969970703, 0.07855099679107058, 1.0, 1.0, 0.0697013581995527, 0.11524870932606268, 0.19090451304742606, 0.3279390013021264, 0.13907635450273736, 0.3937479802063544, 2.0, 7.0, 1.0, 0.02732452802580554, 0.01491543295847464, 0.2900409607637286, 0.03245256272248923], "features": ["SMA20_dist", "SMA50_dist", "sma_cross", "RSI14", "MACD", "MACD_sig", "MACD_hist", "BB_width", "BB_pos", "ATR14", "ret_1d", "ret_5d", "vol_10d", "vol_ratio", "obv_trend", "spy_ret_1d", "vix_level", "vix_change", "vix_regime", "asset_class", "ret_1m", "ret_3m", "ret_6m", "ret_12m", "high52w_dist", "low52w_dist", "day_of_week", "month", "is_options_expiry", "btc_ret_1d", "gold_ret_1d", "corr_spy_20d", "vwap_dist"]}