{"center": [0.00043968856067635846, 0.0021265847191050376, 1.0, 50.72006495229556, 0.07168251444261386, 0.08921200692146397, -0.012813990391392228, 0.020709003630125337, 0.5282043923018127, 0.4125147813566882, 0.00020555133632638167, 0.000317968317482209, 0.003114303085819637, 0.903633570194126, 0.9796851939475761, 0.0013669197998895655, 17.605000495910645, -0.0067012664712571834, 1.0, 0.0, 0.001922293186047308, 0.0077585831856997745, 0.009145854015967347, 0.02116670575861579, -0.019131802968927126, 0.05712851037469373, 2.0, 6.0, 0.0, 0.00035304210520692436, 0.0018246746238546052, 0.029006356271846282, 0.0006500297661677225], "scale": [0.010337560595421392, 0.015786508428257334, 1.0, 23.181094130224437, 0.373306383338214, 0.37484650697730787, 0.14932720019729656, 0.014099984050852625, 0.502426264928815, 0.13406456756225138, 0.004783823816632532, 0.009030190276082595, 0.0014049844231595224, 0.48243219606691046, 0.6322021964848277, 0.009650497180171802, 4.034999847412109, 0.08518502917603893, 1.0, 1.0, 0.017420152192068078, 0.027361789266010905, 0.037368533567497975, 0.05202803536905892, 0.02287992476373505, 0.03368003940098938, 2.0, 7.0, 1.0, 0.028910401389992596, 0.01642518414037708, 0.6037622392994529, 0.01005285265046671], "features": ["SMA20_dist", "SMA50_dist", "sma_cross", "RSI14", "MACD", "MACD_sig", "MACD_hist", "BB_width", "BB_pos", "ATR14", "ret_1d", "ret_5d", "vol_10d", "vol_ratio", "obv_trend", "spy_ret_1d", "vix_level", "vix_change", "vix_regime", "asset_class", "ret_1m", "ret_3m", "ret_6m", "ret_12m", "high52w_dist", "low52w_dist", "day_of_week", "month", "is_options_expiry", "btc_ret_1d", "gold_ret_1d", "corr_spy_20d", "vwap_dist"]}