{"center": [0.009015586707426866, 0.021895622983940863, 1.0, 57.96420802847538, 0.9062514695884545, 0.8445051462265205, -0.032934000226919835, 0.052645164686859994, 0.6997611655045193, 1.4811753909122376, 0.0002844621130926317, 0.0043802455332946355, 0.007786819685956027, 0.9019098030149728, 0.9674505611554226, 0.0013760358876975243, 17.479999542236328, -0.006626930447881874, 1.0, 0.0, 0.020225862398090655, 0.04432000934159541, 0.061633199732464616, 0.13108519950239406, -0.011157996136602616, 0.2662367459497712, 2.0, 6.0, 0.0, -0.0008264678561502592, 0.0003705687954560499, 0.9962833362303724, 0.010099785248998116], "scale": [0.022763871015514567, 0.03915844490401727, 1.0, 23.23364087195762, 1.2689236689226249, 1.2024398360130024, 0.39145361263041123, 0.03515228465464231, 0.4290864511544486, 0.6463211781107003, 0.009511151533971418, 0.023926555456682208, 0.0044360470825199295, 0.497148730023683, 0.8355271328774777, 0.009266113838351187, 4.1100006103515625, 0.07964764158940907, 1.0, 1.0, 0.04279162696497285, 0.07740069924828119, 0.11835456270798383, 0.18013227573831925, 0.027368071887569335, 0.19921218963579404, 2.0, 6.0, 1.0, 0.026268539895944132, 0.014166877673559508, 0.003156485484099303, 0.021868302919002082], "features": ["SMA20_dist", "SMA50_dist", "sma_cross", "RSI14", "MACD", "MACD_sig", "MACD_hist", "BB_width", "BB_pos", "ATR14", "ret_1d", "ret_5d", "vol_10d", "vol_ratio", "obv_trend", "spy_ret_1d", "vix_level", "vix_change", "vix_regime", "asset_class", "ret_1m", "ret_3m", "ret_6m", "ret_12m", "high52w_dist", "low52w_dist", "day_of_week", "month", "is_options_expiry", "btc_ret_1d", "gold_ret_1d", "corr_spy_20d", "vwap_dist"]}