{"center": [0.010724453580704065, 0.031222559087741106, 1.0, 57.30343588852193, 0.4010987792689349, 0.4086531437159349, -0.003936513124905727, 0.06708680919765282, 0.68012353669851, 0.504041872216109, 0.0013763607960561863, 0.005983176275044411, 0.010005075430934889, 0.7936469505847032, 1.0506369709205923, 0.0009012828881442836, 17.6200008392334, -0.008114863341212808, 1.0, 0.0, 0.023768140575582075, 0.07242102513935955, 0.13237915480327977, 0.2786879073343269, -0.016999196534013467, 0.3815955538258771, 2.0, 6.0, 0.0, -0.0018977187896134229, 0.0014210967336203417, 0.6107193004362897, 0.012802412525895576], "scale": [0.03251962350309596, 0.0425431386436001, 1.0, 19.88476706866026, 0.5466511425398402, 0.5285146301701596, 0.17985096771763837, 0.04290621191190749, 0.4121773322164133, 0.2965480949963918, 0.013548209059384031, 0.02839688046055633, 0.004157464628090801, 0.7905345726920125, 0.28890349013268346, 0.009066153226522766, 4.340001106262207, 0.08282260555931831, 1.0, 1.0, 0.057812636465000844, 0.09764621467393675, 0.17721422123788722, 0.40363270128562523, 0.030774813331166256, 0.36141824206424467, 2.0, 7.0, 1.0, 0.028904913771919283, 0.016000115197354614, 0.20363943211490476, 0.03215686588033913], "features": ["SMA20_dist", "SMA50_dist", "sma_cross", "RSI14", "MACD", "MACD_sig", "MACD_hist", "BB_width", "BB_pos", "ATR14", "ret_1d", "ret_5d", "vol_10d", "vol_ratio", "obv_trend", "spy_ret_1d", "vix_level", "vix_change", "vix_regime", "asset_class", "ret_1m", "ret_3m", "ret_6m", "ret_12m", "high52w_dist", "low52w_dist", "day_of_week", "month", "is_options_expiry", "btc_ret_1d", "gold_ret_1d", "corr_spy_20d", "vwap_dist"]}