{"center": [0.007245614569766868, 0.014991132924144971, 1.0, 53.81920409830443, 0.4914685298392243, 0.47348566204532694, 0.09934441248098846, 0.08744095527244186, 0.5806126854724871, 2.2300435204370928, 0.0009249797097021784, 0.005348493914222097, 0.013588292567410983, 0.9761525836304248, 1.0143948787289947, 0.0009004595313388819, 17.209999084472656, -0.004522324550077617, 1.0, 0.0, 0.01872791950123487, 0.025532116660129667, 0.03808847073687427, 0.0, -0.07649201124638687, 0.1389823069886739, 2.0, 6.0, 0.0, -0.0016352711961346023, 0.0020187288833615202, 0.0345202059989852, 0.007615272184105944], "scale": [0.04248226396402019, 0.06373601466342832, 1.0, 19.23241414999253, 1.8942858358760049, 1.632842797554408, 0.7570125982276664, 0.062128189450729454, 0.5017506190737098, 1.0858238091757955, 0.01743008959656467, 0.04434353924145995, 0.0058402492506989655, 0.3545941126475717, 0.4386628061602986, 0.009120610339557467, 4.680000305175781, 0.08127532834503393, 1.0, 1.0, 0.07233202948488004, 0.10731815959101176, 0.17239586768292603, 0.24288852064531175, 0.08631422710228645, 0.2702294613358435, 2.0, 7.0, 1.0, 0.026892652286483187, 0.01598110806987796, 0.3817319703552808, 0.04293098092713488], "features": ["SMA20_dist", "SMA50_dist", "sma_cross", "RSI14", "MACD", "MACD_sig", "MACD_hist", "BB_width", "BB_pos", "ATR14", "ret_1d", "ret_5d", "vol_10d", "vol_ratio", "obv_trend", "spy_ret_1d", "vix_level", "vix_change", "vix_regime", "asset_class", "ret_1m", "ret_3m", "ret_6m", "ret_12m", "high52w_dist", "low52w_dist", "day_of_week", "month", "is_options_expiry", "btc_ret_1d", "gold_ret_1d", "corr_spy_20d", "vwap_dist"]}