{"center": [0.007589651558157795, 0.027281302119107488, 1.0, 54.02023966664078, 0.7923265526021339, 0.9229191195372392, -0.009652334440816035, 0.09460479331269796, 0.5871255687256182, 2.7859943858068488, 0.0006787714698268665, 0.0055331772842663884, 0.014875233829077508, 0.932315797548411, 1.019985308624704, 0.0018329931020035772, 17.3799991607666, -0.010566729902939609, 1.0, 0.0, 0.016741454831831204, 0.08756153286817914, 0.1620585218237034, 0.18969819888179695, -0.04914089563679173, 0.4320333009500867, 2.0, 6.0, 0.0, -1.9742508661990676e-05, 0.0020516615880092903, 0.25355209939606077, 0.008007705702996129], "scale": [0.04351018679969473, 0.0761223670157759, 1.0, 21.056228365206465, 1.9347376879890135, 1.6795184179610765, 0.7010169725330573, 0.052579271511987505, 0.47777938515655877, 0.9602145085182272, 0.02083531135735006, 0.046836633590973786, 0.007230169822772931, 0.4303443169542931, 0.08084111625979007, 0.00884939470896684, 3.720001220703125, 0.0803095779810441, 1.0, 1.0, 0.08432232215181623, 0.1467361407098, 0.2060508940451964, 0.3846028028584698, 0.07051586711358017, 0.21348304795064743, 2.0, 7.0, 1.0, 0.027892731479979838, 0.014042045348593879, 0.3404846834017218, 0.044554443327152374], "features": ["SMA20_dist", "SMA50_dist", "sma_cross", "RSI14", "MACD", "MACD_sig", "MACD_hist", "BB_width", "BB_pos", "ATR14", "ret_1d", "ret_5d", "vol_10d", "vol_ratio", "obv_trend", "spy_ret_1d", "vix_level", "vix_change", "vix_regime", "asset_class", "ret_1m", "ret_3m", "ret_6m", "ret_12m", "high52w_dist", "low52w_dist", "day_of_week", "month", "is_options_expiry", "btc_ret_1d", "gold_ret_1d", "corr_spy_20d", "vwap_dist"]}