{"center": [0.008684231033311497, 0.023488531013504566, 1.0, 58.01157088595748, 0.3033018775614842, 0.28417959262667897, 0.0013830537327921, 0.05182166677507338, 0.6990963821333537, 0.4700687645340267, -0.00011639273658181626, 0.0024359918422780513, 0.007739939960287942, 0.9622125377703591, 1.0117406370821027, 0.0010233526868760334, 17.494999885559082, -0.007856395917702375, 1.0, 0.0, 0.022549908232802562, 0.0468199863498846, 0.05174236458601966, 0.05001261121580747, -0.019065943452997135, 0.18169502054270167, 2.0, 6.0, 0.0, -0.0005687269292828923, 0.0014761238845504288, 0.8021978508138298, 0.009158766900182773], "scale": [0.023803556738829116, 0.03963696223327087, 1.0, 20.782024568766438, 0.4633287690834038, 0.3711432443160019, 0.13556463357962195, 0.02843315525990322, 0.4472668103869004, 0.16021834762487291, 0.010265444995353479, 0.02278224978573795, 0.0027278643729246937, 0.42649343495626524, 0.4370676053590967, 0.008813826780238704, 4.0074992179870605, 0.08129388990616243, 1.0, 1.0, 0.04994395616018538, 0.06984503462607733, 0.13351389709875783, 0.16003614270562305, 0.04313961130586793, 0.21720456521684206, 2.0, 7.0, 1.0, 0.027552178508646025, 0.014603652746893125, 0.14197030582330783, 0.023297293727379022], "features": ["SMA20_dist", "SMA50_dist", "sma_cross", "RSI14", "MACD", "MACD_sig", "MACD_hist", "BB_width", "BB_pos", "ATR14", "ret_1d", "ret_5d", "vol_10d", "vol_ratio", "obv_trend", "spy_ret_1d", "vix_level", "vix_change", "vix_regime", "asset_class", "ret_1m", "ret_3m", "ret_6m", "ret_12m", "high52w_dist", "low52w_dist", "day_of_week", "month", "is_options_expiry", "btc_ret_1d", "gold_ret_1d", "corr_spy_20d", "vwap_dist"]}