{"center": [0.00280780260229189, 0.0039259792511290555, 0.0, 51.35254792186152, 0.028624200053652515, 0.051162501842261184, -0.0025329191630352604, 0.12900010260988964, 0.5324506592770846, 1.4354126162940442, 0.00024787115135327387, 0.0033254648346164872, 0.018722108357143066, 0.9331098874606235, 1.0310678391174173, 0.0017052480134983616, 17.324999809265137, -0.008142008332229278, 1.0, 0.0, -0.0014647008249054627, 0.028473456355961657, 0.14696311617900593, 0.0, -0.09973662068429129, 0.3951630792897094, 2.0, 6.0, 0.0, 0.0009384113313946063, 0.0020691449988656796, 0.30740366977390027, -9.38383005811614e-05], "scale": [0.06452184289715676, 0.10813201788553647, 1.0, 26.452736270886604, 2.0547081154924207, 1.9305447708447572, 0.48783102784968396, 0.08737590543086476, 0.5345520191804601, 0.516458373205229, 0.022095179538416887, 0.05425000602820029, 0.010656387167005815, 0.4772394630283585, 0.657720977867534, 0.009078315079391608, 4.407500267028809, 0.0805855246319008, 1.0, 1.0, 0.12294516108067244, 0.26192914792139427, 0.26841306853319774, 0.5009266325800932, 0.15044639237763308, 0.4510952741427233, 2.0, 7.0, 1.0, 0.02557796694276268, 0.01564080295118961, 0.3888234342759535, 0.06445424482065104], "features": ["SMA20_dist", "SMA50_dist", "sma_cross", "RSI14", "MACD", "MACD_sig", "MACD_hist", "BB_width", "BB_pos", "ATR14", "ret_1d", "ret_5d", "vol_10d", "vol_ratio", "obv_trend", "spy_ret_1d", "vix_level", "vix_change", "vix_regime", "asset_class", "ret_1m", "ret_3m", "ret_6m", "ret_12m", "high52w_dist", "low52w_dist", "day_of_week", "month", "is_options_expiry", "btc_ret_1d", "gold_ret_1d", "corr_spy_20d", "vwap_dist"]}