{"center": [0.002130182264886484, 0.0013629642382058497, 1.0, 49.583846606052184, 0.04250956547067375, 0.049678328752760355, -0.016311146844430857, 0.07803441733522612, 0.5478035642233694, 0.6753454568934382, 0.00044556626686476086, 0.004332290103264302, 0.011123873055314254, 0.9337472495133854, 0.9735803148697239, 0.0005603844216792719, 17.790000915527344, -0.005025144893802347, 1.0, 0.0, 0.0018189212522208287, 0.022077050193753722, 0.044122276440175856, 0.000537183798758889, -0.05999545472523488, 0.15793696759563947, 2.0, 6.0, 0.0, -9.567341618454961e-05, 0.0017929035935666526, -0.08750616367379302, 0.003084352490992915], "scale": [0.03485655845584111, 0.054550442728425214, 1.0, 20.242106814979124, 0.6013068611433816, 0.5607324244281885, 0.2048874685997394, 0.04454433291947912, 0.4720008168081167, 0.37840644876546947, 0.013955212482694879, 0.0354169274549298, 0.006661236544106514, 0.3968320492730675, 0.32924381502987776, 0.009619188466909012, 4.309999465942383, 0.0795752009938604, 1.0, 1.0, 0.07113252666649139, 0.1251399299610007, 0.12312419109556272, 0.13703794962727467, 0.05385368343126064, 0.08887938490895136, 2.0, 7.0, 1.0, 0.027750215554936453, 0.0162442268166324, 0.3594890579575427, 0.03362986314069371], "features": ["SMA20_dist", "SMA50_dist", "sma_cross", "RSI14", "MACD", "MACD_sig", "MACD_hist", "BB_width", "BB_pos", "ATR14", "ret_1d", "ret_5d", "vol_10d", "vol_ratio", "obv_trend", "spy_ret_1d", "vix_level", "vix_change", "vix_regime", "asset_class", "ret_1m", "ret_3m", "ret_6m", "ret_12m", "high52w_dist", "low52w_dist", "day_of_week", "month", "is_options_expiry", "btc_ret_1d", "gold_ret_1d", "corr_spy_20d", "vwap_dist"]}