{"center": [0.008574130684509667, 0.0162728446520237, 1.0, 54.95757442222717, 0.500133085025638, 0.4872005524588239, 0.09972052578616092, 0.08588119793230195, 0.6045956933402813, 2.232344689584729, 0.001246023229974802, 0.006381222728083613, 0.013591413530342888, 0.9814381411401227, 1.0079536064290666, 0.0007325715058200677, 17.22499942779541, -0.005986390942302522, 1.0, 0.0, 0.018729995752843842, 0.024705326126546745, 0.04690321722853852, 0.0, -0.07744365041616968, 0.14907360844487783, 2.0, 6.0, 0.0, -0.0016587106652958816, 0.001709445736939541, 0.04339077254421732, 0.008579208329183106], "scale": [0.04321658054108388, 0.06367423962883252, 1.0, 19.61544057365679, 1.7426358522599301, 1.6134744876666605, 0.7297219391183041, 0.06366071359877574, 0.497101758443512, 1.1660803549258767, 0.0161318146374049, 0.04580413740967368, 0.006046196799311168, 0.35404317928990925, 0.402241246021249, 0.008686233715601371, 3.4825005531311035, 0.07732314116535566, 1.0, 1.0, 0.06874187934624137, 0.12856718301635076, 0.18974987001256044, 0.2920046154011663, 0.08949325475976612, 0.30343983674867736, 2.0, 7.0, 1.0, 0.027094654420450504, 0.01616892855561991, 0.44408131109301596, 0.04379039948123378], "features": ["SMA20_dist", "SMA50_dist", "sma_cross", "RSI14", "MACD", "MACD_sig", "MACD_hist", "BB_width", "BB_pos", "ATR14", "ret_1d", "ret_5d", "vol_10d", "vol_ratio", "obv_trend", "spy_ret_1d", "vix_level", "vix_change", "vix_regime", "asset_class", "ret_1m", "ret_3m", "ret_6m", "ret_12m", "high52w_dist", "low52w_dist", "day_of_week", "month", "is_options_expiry", "btc_ret_1d", "gold_ret_1d", "corr_spy_20d", "vwap_dist"]}