{"center": [-0.0061611710484325835, -0.02175603919865456, 0.0, 49.028991666679325, -0.1337950146108735, -0.13218269426127663, -0.01925358551079473, 0.14442759153684398, 0.4507576169267214, 0.7538928304399762, -0.002651285957332772, -0.0052340469613033624, 0.02020597011885908, 0.8682782355282934, 0.9661965224926135, 0.0014013926509420793, 17.329999923706055, -0.007288538293765301, 1.0, 0.0, -0.022376602527211686, -0.02332061384731987, 0.0, 0.0, -0.1526589674753428, 0.2204808430478466, 2.0, 6.0, 0.0, -0.00020332970930003746, 0.0015276831806073643, 0.3988630543347338, -0.005912648394101185], "scale": [0.07726827768522988, 0.15653078060588127, 1.0, 26.245307011238033, 1.0490288674769346, 0.9278854889724557, 0.21865345564057348, 0.1155315730204157, 0.5468485011965263, 0.27200014250619076, 0.02463905308997033, 0.06344770090883428, 0.013852521150836792, 0.4903037882349537, 0.6751774188807864, 0.008830611559229734, 4.08500075340271, 0.08340192721300621, 1.0, 1.0, 0.16639410765449675, 0.2194284521266394, 0.3690109110704696, 0.09053568581364613, 0.3283665951025957, 0.2586477077108415, 2.0, 7.0, 1.0, 0.027024713260080324, 0.01394220831973611, 0.3540600019696707, 0.07305109848958684], "features": ["SMA20_dist", "SMA50_dist", "sma_cross", "RSI14", "MACD", "MACD_sig", "MACD_hist", "BB_width", "BB_pos", "ATR14", "ret_1d", "ret_5d", "vol_10d", "vol_ratio", "obv_trend", "spy_ret_1d", "vix_level", "vix_change", "vix_regime", "asset_class", "ret_1m", "ret_3m", "ret_6m", "ret_12m", "high52w_dist", "low52w_dist", "day_of_week", "month", "is_options_expiry", "btc_ret_1d", "gold_ret_1d", "corr_spy_20d", "vwap_dist"]}