{"center": [0.0043747235654156315, 0.008522635965227694, 1.0, 54.33675996401532, 0.12822464983570825, 0.13182310363359928, -0.0013361650372971656, 0.0421197524018786, 0.6210155260769417, 0.523523707843537, -0.0002913523841252541, 0.002728834963301674, 0.007112673892822331, 0.9931411982404237, 0.9251389657270227, 0.0012778714349117593, 17.360000610351562, -0.0046113733261696765, 1.0, 0.0, 0.009862546896246771, 0.008895534501663693, 0.026860697388719768, 0.0, -0.037259882857391256, 0.1302007317098078, 2.0, 7.0, 0.0, -0.0008264678561502592, 0.0014210967336203417, 0.5269754213374983, 0.005247043023627971], "scale": [0.020965091838905367, 0.030852999525904333, 1.0, 19.75437038936363, 0.3722095066144675, 0.364227177098376, 0.1425566655086712, 0.02164417442604752, 0.4824745328618232, 0.10399720882305397, 0.01091068987644045, 0.021546892679682295, 0.0022856941392113105, 0.42959619657359993, 0.416179754425513, 0.009046475800501996, 4.015000820159912, 0.08144867943064926, 1.0, 1.0, 0.03851620442089265, 0.06503245210807951, 0.054702179674416374, 0.06609831449293957, 0.03868102310183488, 0.048140716749884294, 2.0, 6.0, 1.0, 0.028084465994129892, 0.016258973032342028, 0.3209448798600847, 0.02137854470817934], "features": ["SMA20_dist", "SMA50_dist", "sma_cross", "RSI14", "MACD", "MACD_sig", "MACD_hist", "BB_width", "BB_pos", "ATR14", "ret_1d", "ret_5d", "vol_10d", "vol_ratio", "obv_trend", "spy_ret_1d", "vix_level", "vix_change", "vix_regime", "asset_class", "ret_1m", "ret_3m", "ret_6m", "ret_12m", "high52w_dist", "low52w_dist", "day_of_week", "month", "is_options_expiry", "btc_ret_1d", "gold_ret_1d", "corr_spy_20d", "vwap_dist"]}