{"center": [0.010605280385319077, 0.032597206714517636, 1.0, 54.48587336190453, 0.9255939231637313, 0.9674999995265741, -0.015275198693140757, 0.08869660646757531, 0.6108628047116378, 2.682548630494208, 0.0014559929628379376, 0.005845324281991138, 0.01410748296944285, 0.9383231104993035, 1.0234836564727487, 0.0017924309359995672, 17.479999542236328, -0.009254222565459602, 1.0, 0.0, 0.02290700040136695, 0.09589449979288145, 0.16711147911650737, 0.25913247635962944, -0.045454516975270934, 0.4442798713059208, 2.0, 6.0, 0.0, -9.567341618454961e-05, 0.0015753722020723782, 0.25225071145589556, 0.011601025658284898], "scale": [0.04162953133678861, 0.07327857240493711, 1.0, 20.926259571464996, 1.8547172267777015, 1.590675771253852, 0.6471647802499367, 0.055921586516436195, 0.46567611283229327, 1.1875111250936219, 0.018090566102502703, 0.04490880022693422, 0.007169405155666874, 0.4052221894706951, 0.0804893522331308, 0.00896975389950122, 4.0199995040893555, 0.0863453156697866, 1.0, 1.0, 0.08558625353150617, 0.14481006099871863, 0.22077602904572047, 0.39527691174847823, 0.06207460045147012, 0.1998380336587129, 2.0, 7.0, 1.0, 0.026671754751070198, 0.01564456502411088, 0.3229853550139933, 0.041660903521344224], "features": ["SMA20_dist", "SMA50_dist", "sma_cross", "RSI14", "MACD", "MACD_sig", "MACD_hist", "BB_width", "BB_pos", "ATR14", "ret_1d", "ret_5d", "vol_10d", "vol_ratio", "obv_trend", "spy_ret_1d", "vix_level", "vix_change", "vix_regime", "asset_class", "ret_1m", "ret_3m", "ret_6m", "ret_12m", "high52w_dist", "low52w_dist", "day_of_week", "month", "is_options_expiry", "btc_ret_1d", "gold_ret_1d", "corr_spy_20d", "vwap_dist"]}