{"center": [-0.004175547295042648, -0.0046171723694133394, 0.0, 48.06255983287139, -0.8930880141149942, -0.5130259540574149, -0.22980591047743637, 0.08477711478436609, 0.4462897666746813, 8.44100524792984, 0.0003088206817996042, 0.0006248372277455339, 0.012661475743064879, 0.9401913464639131, 0.9886861784082953, 0.00039481427694298965, 17.479999542236328, -0.004522324550077617, 1.0, 0.0, -0.006409937083969197, 4.52094375358314e-06, 0.0, 0.0, -0.09065081722817406, 0.15665559943946927, 2.0, 6.0, 0.0, -0.002374738351372918, 0.0016294519610446923, 0.5612195523647295, -0.003557666543412226], "scale": [0.0485503275611631, 0.08827246809087413, 1.0, 26.993447961512146, 10.259006605044362, 9.863707433843322, 2.598208086499832, 0.05871888345721697, 0.5551770569556823, 3.4529160374499233, 0.014146308629879978, 0.047015394015056944, 0.008605867326601914, 0.3246629639498866, 0.737264560123652, 0.009409966138015702, 3.8500003814697266, 0.08759582455512194, 1.0, 1.0, 0.08859524249181128, 0.1358368375064687, 0.20567639665769255, 0.13010225947864673, 0.16201395441249467, 0.2923825922490603, 2.0, 7.0, 1.0, 0.02729690559455722, 0.014628987675583294, 0.36057119995352727, 0.05017382544586261], "features": ["SMA20_dist", "SMA50_dist", "sma_cross", "RSI14", "MACD", "MACD_sig", "MACD_hist", "BB_width", "BB_pos", "ATR14", "ret_1d", "ret_5d", "vol_10d", "vol_ratio", "obv_trend", "spy_ret_1d", "vix_level", "vix_change", "vix_regime", "asset_class", "ret_1m", "ret_3m", "ret_6m", "ret_12m", "high52w_dist", "low52w_dist", "day_of_week", "month", "is_options_expiry", "btc_ret_1d", "gold_ret_1d", "corr_spy_20d", "vwap_dist"]}