{"center": [0.013776877063356412, 0.03779126920812774, 1.0, 54.81208488380303, 0.35554739861711937, 0.2756590013139626, -0.012826045693234589, 0.1765943321083623, 0.6204117440899545, 0.9285651288392784, 0.0007417235739198835, 0.0032059915197723, 0.025812504277115678, 0.9360054723229039, 1.0038384140256023, 0.0009007924550912261, 17.479999542236328, -0.0067330833557224246, 1.0, 0.0, 0.03798097271492007, 0.04577174662821126, 0.040027894700867095, 0.05827516819044054, -0.10514936307412662, 0.7053136037020937, 2.0, 6.0, 0.0, -0.0011564734544893818, 0.0010196658035974693, 0.6325480381862711, 0.01633823683354029], "scale": [0.09204720091565816, 0.16911670203456333, 1.0, 27.70537550556201, 1.1898768599760796, 1.0863864828132694, 0.3198268951749893, 0.10523727802704644, 0.5338742902869869, 0.32542225501402944, 0.03154227709417687, 0.07572957145173717, 0.014032445489706585, 0.40010954237421803, 0.42456625154024974, 0.009001355194330374, 4.227499008178711, 0.07723131293817681, 1.0, 1.0, 0.19703766770067266, 0.3690266176323802, 0.2183289579955238, 0.3294269142806658, 0.16327573849081597, 0.3894101842440799, 2.0, 7.0, 1.0, 0.02584847742464863, 0.014297237802263663, 0.29363772540676003, 0.09550399837403531], "features": ["SMA20_dist", "SMA50_dist", "sma_cross", "RSI14", "MACD", "MACD_sig", "MACD_hist", "BB_width", "BB_pos", "ATR14", "ret_1d", "ret_5d", "vol_10d", "vol_ratio", "obv_trend", "spy_ret_1d", "vix_level", "vix_change", "vix_regime", "asset_class", "ret_1m", "ret_3m", "ret_6m", "ret_12m", "high52w_dist", "low52w_dist", "day_of_week", "month", "is_options_expiry", "btc_ret_1d", "gold_ret_1d", "corr_spy_20d", "vwap_dist"]}