{"center": [0.014632749196370436, 0.027351612668392904, 1.0, 57.06801569128549, 1.5776469725115732, 1.383021098084881, 0.09511037124317478, 0.08780185719144676, 0.6908724260748451, 3.1647114057459222, 0.001265846440994145, 0.00567583996112031, 0.011820385142798154, 0.8513536444953205, 1.0300287063464197, 0.001023300523095294, 17.695000648498535, -0.00615351204657788, 1.0, 0.0, 0.023573359263974192, 0.06043347742516769, 0.1354409692176174, 0.30914691895455615, -0.02743743121541562, 0.3651865721774046, 2.0, 6.0, 0.0, -0.0011698293944815696, 0.0010849386412478124, 0.6077035453684303, 0.014289154357048127], "scale": [0.04072353851147988, 0.06054436944015468, 1.0, 25.759333461027673, 3.6093314829324257, 3.2654928184633425, 1.1759438941652798, 0.053758117186274795, 0.4989108756492908, 2.0030169651212497, 0.015174068145145603, 0.04053013025617394, 0.00578902147026366, 0.4624052515727012, 0.2648890897561451, 0.009035839685664848, 4.08750057220459, 0.07771350942015595, 1.0, 1.0, 0.07898039509915475, 0.11480099915114472, 0.1872237122656944, 0.4247123577859656, 0.055797865282341576, 0.3771015999338128, 2.0, 7.0, 1.0, 0.028848303318867174, 0.015671551662069155, 0.298945951688269, 0.04212938057607134], "features": ["SMA20_dist", "SMA50_dist", "sma_cross", "RSI14", "MACD", "MACD_sig", "MACD_hist", "BB_width", "BB_pos", "ATR14", "ret_1d", "ret_5d", "vol_10d", "vol_ratio", "obv_trend", "spy_ret_1d", "vix_level", "vix_change", "vix_regime", "asset_class", "ret_1m", "ret_3m", "ret_6m", "ret_12m", "high52w_dist", "low52w_dist", "day_of_week", "month", "is_options_expiry", "btc_ret_1d", "gold_ret_1d", "corr_spy_20d", "vwap_dist"]}