{"center": [0.01455652458039768, 0.0284485631644889, 1.0, 57.575112756170114, 1.663896714335948, 1.4692523057814872, 0.0762375449424697, 0.08686163740426446, 0.6827162486854673, 3.173568227696149, 0.0012983565569790745, 0.005809152680713803, 0.011994665926876742, 0.8915387015147839, 1.0427817598944435, 0.0012780826440004223, 17.479999542236328, -0.0067322198012426115, 1.0, 0.0, 0.02591265587295921, 0.06056376748287162, 0.13877057656245095, 0.30269022958886804, -0.0281610348126202, 0.3576938280530794, 2.0, 6.0, 0.0, -0.0008217291810309613, 0.0020516615880092903, 0.6014313266214432, 0.013728428755448234], "scale": [0.039214577436602276, 0.0627438576728264, 1.0, 23.112471078784807, 3.758423612720506, 3.3780479871873497, 1.0910558480487238, 0.04409441955668464, 0.47458239755313264, 2.083198603325726, 0.015135319581988604, 0.03793623923273365, 0.005648223093739043, 0.4765496904647246, 0.3058055899035619, 0.008780676824870104, 4.135000228881836, 0.08183106795368855, 1.0, 1.0, 0.07707788221597889, 0.11328384925357915, 0.18726960399730985, 0.42652183701483803, 0.05572058465247421, 0.39288232640800536, 2.0, 7.0, 1.0, 0.02831904343858649, 0.015843074321882145, 0.2817990001794166, 0.04026457851423254], "features": ["SMA20_dist", "SMA50_dist", "sma_cross", "RSI14", "MACD", "MACD_sig", "MACD_hist", "BB_width", "BB_pos", "ATR14", "ret_1d", "ret_5d", "vol_10d", "vol_ratio", "obv_trend", "spy_ret_1d", "vix_level", "vix_change", "vix_regime", "asset_class", "ret_1m", "ret_3m", "ret_6m", "ret_12m", "high52w_dist", "low52w_dist", "day_of_week", "month", "is_options_expiry", "btc_ret_1d", "gold_ret_1d", "corr_spy_20d", "vwap_dist"]}