{"center": [0.006306139964228658, 0.020238982194542336, 1.0, 54.753215467569255, 0.6219337787493231, 0.6833841384693451, -0.03290044732546882, 0.05739999515388453, 0.6140557462595871, 1.5260789657371956, 0.0004888579520809788, 0.0015459530126689103, 0.008903358341597433, 0.7030609964995904, 0.9845156963225126, 0.0014609060507264626, 17.510000228881836, -0.005720161498773413, 1.0, 0.0, 0.01287146394673333, 0.03390137378046787, 0.038644984797455706, 0.06925215382617167, -0.026516151578995235, 0.24347885219423945, 2.0, 6.0, 0.0, 0.0003224981011604733, 0.0019404068737312041, 0.7057824346061541, 0.0074680695223200795], "scale": [0.03157707442952358, 0.039677436516605165, 1.0, 23.85538223451428, 1.6451864349158285, 1.4207866778693272, 0.47384944952555696, 0.0445562537169865, 0.536002847618376, 0.45124239232159624, 0.01096420318815794, 0.02599236505442082, 0.0035325393165800273, 0.6292326154111876, 0.28414499515602365, 0.00979514002010995, 4.14000129699707, 0.08526768969183074, 1.0, 1.0, 0.06608097860864659, 0.08840288859846979, 0.09881853273269159, 0.1392217332562895, 0.04639263865202717, 0.10112094691128015, 2.0, 7.0, 1.0, 0.026900646664452132, 0.014362394795773281, 0.22358571253961923, 0.030643688694258594], "features": ["SMA20_dist", "SMA50_dist", "sma_cross", "RSI14", "MACD", "MACD_sig", "MACD_hist", "BB_width", "BB_pos", "ATR14", "ret_1d", "ret_5d", "vol_10d", "vol_ratio", "obv_trend", "spy_ret_1d", "vix_level", "vix_change", "vix_regime", "asset_class", "ret_1m", "ret_3m", "ret_6m", "ret_12m", "high52w_dist", "low52w_dist", "day_of_week", "month", "is_options_expiry", "btc_ret_1d", "gold_ret_1d", "corr_spy_20d", "vwap_dist"]}