{"center": [0.0031161344585854066, 0.006539050607430966, 1.0, 50.31702087738459, 0.17047434238517667, 0.13445310796214827, 0.03831408277186765, 0.11177741806312916, 0.5324120917205666, 3.6905010768345425, 0.001323141853213694, 0.0006199164973085258, 0.01758951430505063, 0.9099393901946331, 1.0247118699748516, 0.000474754428836377, 17.81999969482422, -0.007264147280717448, 1.0, 0.0, 0.00893622854954268, -0.0009194476549501118, 0.0, 0.0, -0.16138022375083197, 0.19594029122739107, 2.0, 6.0, 0.0, 0.0008999836816623308, 0.0020207561863795354, 0.5362517341438222, 0.0032944349018533504], "scale": [0.05461056609080714, 0.07860745818268672, 1.0, 23.264733390702247, 2.9322951158582455, 2.9552971510485575, 1.137664655368628, 0.088616075371051, 0.49395108691423956, 1.470340864998954, 0.02157294511047031, 0.0567051999089255, 0.00884060307093886, 0.36311089445953004, 0.28259413772293285, 0.008874068144459707, 4.359999179840088, 0.08115230455402381, 1.0, 1.0, 0.09979233201757765, 0.14068282459064857, 0.0835518564984867, 0.03908639016872237, 0.10426407739048071, 0.09037838050290498, 2.0, 7.0, 1.0, 0.02668365755452337, 0.015873476142285015, 0.300186774971429, 0.055057438117646754], "features": ["SMA20_dist", "SMA50_dist", "sma_cross", "RSI14", "MACD", "MACD_sig", "MACD_hist", "BB_width", "BB_pos", "ATR14", "ret_1d", "ret_5d", "vol_10d", "vol_ratio", "obv_trend", "spy_ret_1d", "vix_level", "vix_change", "vix_regime", "asset_class", "ret_1m", "ret_3m", "ret_6m", "ret_12m", "high52w_dist", "low52w_dist", "day_of_week", "month", "is_options_expiry", "btc_ret_1d", "gold_ret_1d", "corr_spy_20d", "vwap_dist"]}