{"center": [0.0038777384110079455, 0.016882965074180706, 1.0, 51.00776009874446, 0.0815919636638256, 0.09214082657912195, 0.00022408840657583973, 0.09796188512921332, 0.5558466228659829, 0.4795717511858259, 0.0, 0.0005128322503504812, 0.015630337246224493, 0.8496034607065609, 1.0170075938975165, 0.0005686124327104469, 17.239999771118164, -0.004522324550077617, 1.0, 0.0, 0.008565261341474617, 0.012394895296777175, 0.0, 0.0, -0.1249051213541509, 0.24849815822618865, 2.0, 6.0, 0.0, -0.0003342625487465778, 0.0017841598670260694, 0.6442106278273679, 0.00361791895201395], "scale": [0.04992661960839986, 0.07695029672189044, 1.0, 23.645629892499656, 0.4557364840171765, 0.3953662572484229, 0.14833136560809304, 0.09420776766131453, 0.5385098741218761, 0.23010717119489393, 0.02070206639281741, 0.05128311511362016, 0.007804864339079488, 0.634199875381663, 0.3923302035926952, 0.00872714955107562, 3.4750003814697266, 0.08043941108705266, 1.0, 1.0, 0.10370377227040195, 0.21912980921722774, 0.11358247248107156, 0.03233643482523613, 0.10528118261794742, 0.13103370233284062, 2.0, 7.0, 1.0, 0.02725102064036994, 0.01589762794534927, 0.32704399996677835, 0.04778378048187892], "features": ["SMA20_dist", "SMA50_dist", "sma_cross", "RSI14", "MACD", "MACD_sig", "MACD_hist", "BB_width", "BB_pos", "ATR14", "ret_1d", "ret_5d", "vol_10d", "vol_ratio", "obv_trend", "spy_ret_1d", "vix_level", "vix_change", "vix_regime", "asset_class", "ret_1m", "ret_3m", "ret_6m", "ret_12m", "high52w_dist", "low52w_dist", "day_of_week", "month", "is_options_expiry", "btc_ret_1d", "gold_ret_1d", "corr_spy_20d", "vwap_dist"]}