{"center": [-0.0003596589726579652, 0.0020487937852753536, 1.0, 50.0, -0.0025799672649036154, 0.03684784186346088, 0.018794244912858027, 0.1468830835523846, 0.4931773399434949, 1.1135717119489397, -0.0005347715761410132, 0.0027502330154698384, 0.019468547149473808, 0.8829017723491218, 1.0216633576835885, 0.0014767046861887678, 17.440000534057617, -0.006586862594382348, 1.0, 0.0, -0.002227870612802274, 0.0, 0.0, 0.0, -0.1810602314456317, 0.26269537052576325, 2.0, 6.0, 0.0, -0.0003342625487465778, 0.0011289903434381632, 0.4574168836959416, -2.6255457953071337e-05], "scale": [0.07116973597643061, 0.10472987201923684, 1.0, 24.511007969434928, 1.10010551639267, 0.9192266421312915, 0.3568538869327924, 0.0772795888360651, 0.4865378901554262, 0.35714326586042133, 0.02703299660651981, 0.060914068835904445, 0.009806687116760516, 0.36522979303357406, 0.1892699400119795, 0.008782832276582164, 4.340001106262207, 0.08045867484844738, 1.0, 1.0, 0.15037176509605976, 0.17026529694585335, 0.17022541671639269, 0.02361978142790333, 0.15016770967667112, 0.2656238506140733, 2.0, 7.0, 1.0, 0.02632903001287401, 0.016282390678212577, 0.3395133120194571, 0.0713756985008265], "features": ["SMA20_dist", "SMA50_dist", "sma_cross", "RSI14", "MACD", "MACD_sig", "MACD_hist", "BB_width", "BB_pos", "ATR14", "ret_1d", "ret_5d", "vol_10d", "vol_ratio", "obv_trend", "spy_ret_1d", "vix_level", "vix_change", "vix_regime", "asset_class", "ret_1m", "ret_3m", "ret_6m", "ret_12m", "high52w_dist", "low52w_dist", "day_of_week", "month", "is_options_expiry", "btc_ret_1d", "gold_ret_1d", "corr_spy_20d", "vwap_dist"]}