{"center": [0.011842327286182426, 0.03538042216684778, 1.0, 56.14037226197296, 0.12458503111382413, 0.12515710726672366, 0.00337417129051297, 0.09301621520527636, 0.6370581592327726, 0.1750641041955317, 0.0011520380696696808, 0.009422798732581894, 0.012957521165579723, 0.9447515952015809, 1.0274761766812563, 0.0009845075813768034, 17.360000610351562, -0.005298008058610915, 1.0, 0.0, 0.033450760064240415, 0.09148543607095871, 0.23198959441993017, 0.22825405001485577, -0.044198921862108276, 0.41391842839568765, 2.0, 6.0, 0.0, 0.0008420581944230676, 0.0019383092584315254, 0.19731529751966273, 0.012759500248813713], "scale": [0.04728178810501745, 0.09036541276617353, 1.0, 24.928109082805662, 0.2786781506224667, 0.24706363338874932, 0.0644146964310639, 0.04814812328937451, 0.48759510258511396, 0.0913954119009405, 0.01724071531111393, 0.03739502817739282, 0.00647578978437491, 0.37469219147866484, 0.4062712843054209, 0.009056199818747501, 4.199999809265137, 0.0762140442587832, 1.0, 1.0, 0.09260297724291677, 0.16505098785927386, 0.31282592233461215, 0.5647402671049733, 0.07518342088796269, 0.5450246538151936, 2.0, 7.0, 1.0, 0.02962319157720661, 0.014711967049260921, 0.40352758374889874, 0.05009573013902763], "features": ["SMA20_dist", "SMA50_dist", "sma_cross", "RSI14", "MACD", "MACD_sig", "MACD_hist", "BB_width", "BB_pos", "ATR14", "ret_1d", "ret_5d", "vol_10d", "vol_ratio", "obv_trend", "spy_ret_1d", "vix_level", "vix_change", "vix_regime", "asset_class", "ret_1m", "ret_3m", "ret_6m", "ret_12m", "high52w_dist", "low52w_dist", "day_of_week", "month", "is_options_expiry", "btc_ret_1d", "gold_ret_1d", "corr_spy_20d", "vwap_dist"]}