{"center": [0.0022042696121938317, -0.0029941815479739456, 0.0, 51.58094519378402, 0.14304937799465733, -0.2330585354135961, 0.15132589837108412, 0.13791953727472903, 0.5220931225749963, 25.993838841827564, 0.0013201904165056622, 0.002836835335310095, 0.019482553680084006, 0.9011447318493346, 1.029685725587271, 0.0012780826440004223, 17.479999542236328, -0.008316000484173136, 1.0, 0.0, 0.006599735628169068, -0.0072143080604225585, 0.0, 0.0, -0.1381031531499634, 0.2002958106750467, 2.0, 6.0, 0.0, 0.00029724205673309356, 0.001677776649860796, 0.2666194983317417, 0.003540975503911097], "scale": [0.06657358976072639, 0.11111735845792631, 1.0, 25.472080823782875, 26.816600074176563, 24.2365824334313, 8.419159663164645, 0.11543403374575675, 0.4905913423699377, 11.000401067709884, 0.02557108338390568, 0.062038561607082654, 0.009067146722888813, 0.42534799862459904, 0.35127979181600677, 0.009130682048425598, 3.760000228881836, 0.07511341249478032, 1.0, 1.0, 0.11383440609049822, 0.2066895316910013, 0.1907609005714388, 0.22903217598741277, 0.12200344413619081, 0.4994156189238079, 2.0, 7.0, 1.0, 0.0282012559991196, 0.01516953661511039, 0.3489258396876119, 0.06861745779958583], "features": ["SMA20_dist", "SMA50_dist", "sma_cross", "RSI14", "MACD", "MACD_sig", "MACD_hist", "BB_width", "BB_pos", "ATR14", "ret_1d", "ret_5d", "vol_10d", "vol_ratio", "obv_trend", "spy_ret_1d", "vix_level", "vix_change", "vix_regime", "asset_class", "ret_1m", "ret_3m", "ret_6m", "ret_12m", "high52w_dist", "low52w_dist", "day_of_week", "month", "is_options_expiry", "btc_ret_1d", "gold_ret_1d", "corr_spy_20d", "vwap_dist"]}