{"center": [0.002189600762673763, 0.0067111351690762044, 1.0, 50.43477210228454, 0.16945515889004525, 0.16135139912445506, -0.01737157974760467, 0.05946795041495027, 0.5474549718674473, 0.8457342692501076, -0.00017191917644732158, 0.00032531494085441537, 0.010328252128372744, 0.9114313099547691, 0.9034027607928165, 0.0018959001428933142, 17.440000534057617, -0.00790227414327227, 1.0, 0.0, 0.008009217282748393, 0.005212444609835609, 0.0012949994126252307, 0.0, -0.04584384547461229, 0.1289662801004462, 2.0, 6.0, 0.0, 0.0003224981011604733, 0.001677776649860796, 0.4301295258446849, 0.003280011895186369], "scale": [0.030249215560728397, 0.039692875207174357, 1.0, 18.805464432898233, 0.683218490910722, 0.5965544470525903, 0.23741522198264914, 0.028553221586629443, 0.5036859451596757, 0.1942747400071092, 0.013792388936997635, 0.02787165045966855, 0.0041518564983344785, 0.5239596129526707, 0.8717780956042782, 0.009326900519060266, 3.744999885559082, 0.08575118136731946, 1.0, 1.0, 0.05445357567255904, 0.047436571291037344, 0.04982086111508366, 0.04838174623657787, 0.037379173081145446, 0.08357357728624623, 2.0, 7.0, 1.0, 0.025609338558080175, 0.014630192825353716, 0.4130602598277258, 0.029543739977995077], "features": ["SMA20_dist", "SMA50_dist", "sma_cross", "RSI14", "MACD", "MACD_sig", "MACD_hist", "BB_width", "BB_pos", "ATR14", "ret_1d", "ret_5d", "vol_10d", "vol_ratio", "obv_trend", "spy_ret_1d", "vix_level", "vix_change", "vix_regime", "asset_class", "ret_1m", "ret_3m", "ret_6m", "ret_12m", "high52w_dist", "low52w_dist", "day_of_week", "month", "is_options_expiry", "btc_ret_1d", "gold_ret_1d", "corr_spy_20d", "vwap_dist"]}