{"center": [0.024422601825755997, 0.04714175060188331, 1.0, 58.89523668758684, 2.3327855499656636, 2.210064983814805, 0.22710823690092274, 0.13873905580018855, 0.6912204550164257, 4.594928330693872, 0.002478687625720344, 0.010916097603484554, 0.020007548212026646, 0.9275332246233394, 0.9883153017574573, 0.0005583365424408626, 17.5600004196167, -0.006103243584815343, 1.0, 0.0, 0.04517969395246424, 0.09441019778351767, 0.1733697890273468, 0.007803305864996668, -0.09849908436748292, 0.42420321568168107, 2.0, 6.0, 0.0, -0.0017258746687544568, 0.0019739858527916265, 0.15061949768205096, 0.025372519731017708], "scale": [0.07410270221597538, 0.09321222919058367, 1.0, 21.96874061866771, 4.2989543143686575, 3.903894720710841, 1.5197971775199646, 0.05723039429882716, 0.511345728188172, 2.9696442792761584, 0.024096536960000997, 0.06054711669621882, 0.010063965021534883, 0.37077966517935834, 0.63117401614778, 0.009121478672102834, 4.270000457763672, 0.08191792839557249, 1.0, 1.0, 0.12799904188652372, 0.22928267912991443, 0.4366409437594746, 0.5250828860855428, 0.13330177198738563, 0.7463465792940106, 2.0, 7.0, 1.0, 0.024718735390383245, 0.016219225771443913, 0.46847695186855065, 0.07094605269571583], "features": ["SMA20_dist", "SMA50_dist", "sma_cross", "RSI14", "MACD", "MACD_sig", "MACD_hist", "BB_width", "BB_pos", "ATR14", "ret_1d", "ret_5d", "vol_10d", "vol_ratio", "obv_trend", "spy_ret_1d", "vix_level", "vix_change", "vix_regime", "asset_class", "ret_1m", "ret_3m", "ret_6m", "ret_12m", "high52w_dist", "low52w_dist", "day_of_week", "month", "is_options_expiry", "btc_ret_1d", "gold_ret_1d", "corr_spy_20d", "vwap_dist"]}