{"center": [0.008849337967905697, 0.02675439122578497, 1.0, 55.28118117658513, 0.8957245308435091, 0.8468411193566552, -0.06070424161231042, 0.08262691455700946, 0.6145746227524453, 2.3970315637225963, 0.0022646744108157923, 0.004542098119264093, 0.013468583265067162, 0.942978947374467, 1.0398797943028664, 0.0005367125087514246, 17.479999542236328, -0.005509084778692164, 1.0, 0.0, 0.016880031997890343, 0.06667646409780525, 0.07693757298397008, 0.1903322598121625, -0.033507138996897834, 0.4572882067344537, 2.0, 6.0, 0.0, -0.0023648740698088977, 0.001957354183083182, 0.9012705284820822, 0.011768040971232194], "scale": [0.04099647676731266, 0.07612722627286718, 1.0, 24.675737568505056, 2.601809721052039, 2.6656984959786545, 0.6105343851790115, 0.0636511872733031, 0.46495945615021983, 1.4273006022427301, 0.017876279700312275, 0.03866972291671825, 0.00662744205438082, 0.4145996841670744, 0.2345315574813871, 0.008696875232351797, 4.075000286102295, 0.0807507440230093, 1.0, 1.0, 0.08456462673505011, 0.1477334667086652, 0.20239963903821911, 0.27761941540787066, 0.06079230387083755, 0.3837768473025474, 2.0, 7.0, 1.0, 0.029196326503744846, 0.014345623103210497, 0.07856240288116156, 0.04066730560353326], "features": ["SMA20_dist", "SMA50_dist", "sma_cross", "RSI14", "MACD", "MACD_sig", "MACD_hist", "BB_width", "BB_pos", "ATR14", "ret_1d", "ret_5d", "vol_10d", "vol_ratio", "obv_trend", "spy_ret_1d", "vix_level", "vix_change", "vix_regime", "asset_class", "ret_1m", "ret_3m", "ret_6m", "ret_12m", "high52w_dist", "low52w_dist", "day_of_week", "month", "is_options_expiry", "btc_ret_1d", "gold_ret_1d", "corr_spy_20d", "vwap_dist"]}