{"center": [0.0038628736297776707, 0.008497970206677785, 1.0, 54.650598325958796, 0.05070065321278605, 0.05192101035315729, -0.006531593187665358, 0.03389805482369751, 0.6194233855099441, 0.13415829225107434, 0.0004782986840980996, 0.0014284643463455815, 0.004715257437389752, 0.7927905764791028, 0.9863445764125429, 0.000745845274850776, 17.81999969482422, -0.007885968150674327, 1.0, 0.0, 0.010847953063747195, 0.01326320695425054, 0.014502515501892632, 0.05756425620695127, -0.015740087264918018, 0.09612861181016412, 2.0, 6.0, 0.0, -0.0011564734544893818, 0.0014761238845504288, 0.5938868757810988, 0.004470030825289119], "scale": [0.016095993136259153, 0.025336795391542686, 1.0, 25.37454090768616, 0.13600480196053244, 0.12824191257482936, 0.04432224790385143, 0.01971829892606385, 0.4988514586203371, 0.038710535433657434, 0.0061660848879430685, 0.014668485823744665, 0.002190078819291547, 0.5864631112720943, 0.20056354560047307, 0.009363989257017619, 4.379999160766602, 0.08144478903926661, 1.0, 1.0, 0.030646712297765444, 0.06171976262024842, 0.06547336686879462, 0.1235561063050079, 0.031947562405607484, 0.11246586971010661, 2.0, 7.0, 1.0, 0.029229863165176506, 0.014812257423028524, 0.28781071815035253, 0.016036947446619952], "features": ["SMA20_dist", "SMA50_dist", "sma_cross", "RSI14", "MACD", "MACD_sig", "MACD_hist", "BB_width", "BB_pos", "ATR14", "ret_1d", "ret_5d", "vol_10d", "vol_ratio", "obv_trend", "spy_ret_1d", "vix_level", "vix_change", "vix_regime", "asset_class", "ret_1m", "ret_3m", "ret_6m", "ret_12m", "high52w_dist", "low52w_dist", "day_of_week", "month", "is_options_expiry", "btc_ret_1d", "gold_ret_1d", "corr_spy_20d", "vwap_dist"]}