{"center": [-0.0003799088363524482, -0.0024179492471597215, 0.0, 49.265749945807976, -0.007408578466012727, -0.007215079642414173, 0.0005538900396242306, 0.04004653256999737, 0.48771234116759254, 0.2259275789721777, 0.00035300929637049894, -0.0007473430527543679, 0.006117088042041318, 0.9064563227846758, 1.0023252164182836, 0.0014362351251661076, 17.635000228881836, -0.008561924822766409, 1.0, 0.0, -0.0007516379137630369, -0.0004983115378458525, 0.0, 0.0, -0.06312523351680854, 0.05880063194812141, 2.0, 6.0, 0.0, 0.0010483230342946959, 0.0019584029907330214, 0.1597053113628353, -0.0005012942045486846], "scale": [0.01985332943578269, 0.027247820867859318, 1.0, 22.633330019792382, 0.19740370117295214, 0.18098330483542002, 0.07564065727278635, 0.02305290447944373, 0.5133965158483658, 0.08309414583495386, 0.008989800793451103, 0.016250649727587996, 0.002307816753230465, 0.49816370719455316, 0.8285428325875979, 0.009177712607748856, 3.9774999618530273, 0.08289254662717582, 1.0, 1.0, 0.03519320111929672, 0.04407807756472534, 0.05303011514775263, 0.030580247455995524, 0.060531189213905344, 0.042748458213292616, 2.0, 7.0, 1.0, 0.027206455455369455, 0.01483368093558729, 0.516218781942821, 0.019807144719069893], "features": ["SMA20_dist", "SMA50_dist", "sma_cross", "RSI14", "MACD", "MACD_sig", "MACD_hist", "BB_width", "BB_pos", "ATR14", "ret_1d", "ret_5d", "vol_10d", "vol_ratio", "obv_trend", "spy_ret_1d", "vix_level", "vix_change", "vix_regime", "asset_class", "ret_1m", "ret_3m", "ret_6m", "ret_12m", "high52w_dist", "low52w_dist", "day_of_week", "month", "is_options_expiry", "btc_ret_1d", "gold_ret_1d", "corr_spy_20d", "vwap_dist"]}