{"center": [0.0075033803684991015, 0.023769226342857983, 1.0, 55.81790513425898, 0.15267974568868858, 0.15540677911293485, 0.0006766158385477089, 0.05739016481947351, 0.6529384874985851, 0.22544717431458544, 0.0005259969374820095, 0.003955693304162233, 0.007764865511655707, 0.46070430765671316, 1.014482281446727, 0.0005625013995373962, 17.80500030517578, -0.0032689396019929817, 1.0, 0.0, 0.0172936971780131, 0.05321955099016018, 0.10425660316203678, 0.16096177315679583, -0.0231495109852116, 0.24818760712066146, 2.0, 6.0, 0.0, -0.0015976705336350205, 0.0018666552336489284, 0.47957956364890664, 0.006437579946084373], "scale": [0.03022817560266748, 0.044452458065167955, 1.0, 22.33020793866617, 0.24990429129469582, 0.22738334471962213, 0.0898343997289151, 0.03970851778212397, 0.4969467793239484, 0.11607920468200461, 0.010931217791792791, 0.028205686676384317, 0.004663078056362045, 0.7156898931631289, 0.19721505206823353, 0.009862473738611183, 4.347500324249268, 0.08545587217957362, 1.0, 1.0, 0.058664848712108614, 0.08566357084075982, 0.15899286072923302, 0.2506977951064355, 0.058141842497455444, 0.23818794905865526, 2.0, 7.0, 1.0, 0.028577754950057127, 0.01645568904472472, 0.32653071939997014, 0.030019226461622098], "features": ["SMA20_dist", "SMA50_dist", "sma_cross", "RSI14", "MACD", "MACD_sig", "MACD_hist", "BB_width", "BB_pos", "ATR14", "ret_1d", "ret_5d", "vol_10d", "vol_ratio", "obv_trend", "spy_ret_1d", "vix_level", "vix_change", "vix_regime", "asset_class", "ret_1m", "ret_3m", "ret_6m", "ret_12m", "high52w_dist", "low52w_dist", "day_of_week", "month", "is_options_expiry", "btc_ret_1d", "gold_ret_1d", "corr_spy_20d", "vwap_dist"]}