{"center": [0.010288131779097378, 0.022292881624628166, 1.0, 54.43351968411588, 0.34756695345836164, 0.3847505536704221, 0.02365303146052572, 0.11826414360698141, 0.602706694554141, 1.1305933737280789, 0.000843592369919044, 0.0024683093770601072, 0.01648468662570739, 0.9604697465663281, 1.034911236079084, 0.0007606439085210415, 17.389999389648438, -0.005211721284556381, 1.0, 0.0, 0.01591569113012148, 0.06806718946042456, 0.07135663774197676, 0.0, -0.11435583272860543, 0.3249626492386325, 2.0, 6.0, 0.0, -0.0008264678561502592, 0.0019763991077348386, 0.4587266908046185, 0.01048198847338374], "scale": [0.05918010541668807, 0.08247260021833447, 1.0, 20.42818889680801, 1.5544531299890636, 1.52810027728489, 0.43256088631316436, 0.09153157989434761, 0.49502265185887223, 1.0192226415849113, 0.023591403521708743, 0.053931334872320214, 0.008919515942087182, 0.37714878469285296, 0.3642438871153306, 0.009232883914045087, 3.760000228881836, 0.08017475504644661, 1.0, 1.0, 0.11284414805384979, 0.15727944050381903, 0.2986189380727111, 0.41874379846858556, 0.14803417094775864, 0.5400880215790447, 2.0, 7.0, 1.0, 0.028790869126442076, 0.016222529151496135, 0.408544603336799, 0.05959702062104328], "features": ["SMA20_dist", "SMA50_dist", "sma_cross", "RSI14", "MACD", "MACD_sig", "MACD_hist", "BB_width", "BB_pos", "ATR14", "ret_1d", "ret_5d", "vol_10d", "vol_ratio", "obv_trend", "spy_ret_1d", "vix_level", "vix_change", "vix_regime", "asset_class", "ret_1m", "ret_3m", "ret_6m", "ret_12m", "high52w_dist", "low52w_dist", "day_of_week", "month", "is_options_expiry", "btc_ret_1d", "gold_ret_1d", "corr_spy_20d", "vwap_dist"]}