{"center": [0.008426038596737061, 0.021262440565069936, 1.0, 56.35146795932225, 0.5338855234583662, 0.5328082611692417, -0.0034120298250137626, 0.053384775521120864, 0.6839771725164512, 0.7619108613937944, 0.0005017848648710688, 0.0034397731599292714, 0.00796390173780755, 0.968439699358931, 1.0345189145379656, 0.0008566628610489069, 17.289999961853027, -0.005919325866219127, 1.0, 0.0, 0.016873139890503097, 0.04997855914999427, 0.10142604159050561, 0.17712684744679474, -0.016014243186057917, 0.24264809569134105, 2.0, 6.0, 0.0, -0.00016245832696676343, 0.0021678794958618353, 0.7519874646500447, 0.009414088385637724], "scale": [0.022778558018282533, 0.034274802784604645, 1.0, 20.863479296771487, 0.7036916077110398, 0.5857226605974728, 0.25080787584745184, 0.020501784807653155, 0.42876205932763656, 0.43649538802658505, 0.010163385336876635, 0.022462619974026904, 0.003648163826307003, 0.4063491921598602, 0.6678986689953211, 0.009026078287568684, 3.72499942779541, 0.08440449141769268, 1.0, 1.0, 0.0446147696617511, 0.06238043895975737, 0.1177290049123994, 0.235433458552333, 0.03770066538353591, 0.21799212922410627, 2.0, 7.0, 1.0, 0.028344177255812453, 0.01511460162388989, 0.1692992617120489, 0.023703142084449375], "features": ["SMA20_dist", "SMA50_dist", "sma_cross", "RSI14", "MACD", "MACD_sig", "MACD_hist", "BB_width", "BB_pos", "ATR14", "ret_1d", "ret_5d", "vol_10d", "vol_ratio", "obv_trend", "spy_ret_1d", "vix_level", "vix_change", "vix_regime", "asset_class", "ret_1m", "ret_3m", "ret_6m", "ret_12m", "high52w_dist", "low52w_dist", "day_of_week", "month", "is_options_expiry", "btc_ret_1d", "gold_ret_1d", "corr_spy_20d", "vwap_dist"]}