{"center": [0.01252890924230662, 0.0305578008939575, 1.0, 56.618643749966516, 5.01720798132942, 6.298948260296039, -0.3726783937745646, 0.07136228083230856, 0.6874423704633941, 10.094203404017858, 9.822145739524224e-05, 0.003138231029597982, 0.00864535827780765, 0.8355473826454357, 0.9996480345320036, 0.0027231134609038143, 18.809999465942383, -0.010543869546671303, 1.0, 1.0, 0.016079956336793932, 0.048851033429408997, 0.06363841577772678, 0.2617817248455403, -0.016278511459025275, 0.29317427741008906, 2.0, 5.0, 0.0, -0.002641385386229267, -0.0002894276132928697, 0.6331423717890234, 0.010618875496924302], "scale": [0.04104646532379971, 0.08835880085813397, 1.0, 31.124282107568632, 19.431645871445767, 19.806107286188027, 3.3494858413910853, 0.03818785702211426, 0.48223204121064367, 5.835235595703125, 0.009823661403920103, 0.030916529199079223, 0.004680413640428011, 0.47009010370326243, 0.44200391728217725, 0.010601229573424908, 4.765000343322754, 0.09090127143704169, 1.0, 1.0, 0.07481638503728988, 0.11523418418306247, 0.10174700034109824, 0.13975368996889193, 0.04404955594817313, 0.05827728088109241, 2.0, 2.0, 1.0, 0.028506149418299154, 0.019309226619545483, 0.20067082884401954, 0.05269955733288058], "features": ["SMA20_dist", "SMA50_dist", "sma_cross", "RSI14", "MACD", "MACD_sig", "MACD_hist", "BB_width", "BB_pos", "ATR14", "ret_1d", "ret_5d", "vol_10d", "vol_ratio", "obv_trend", "spy_ret_1d", "vix_level", "vix_change", "vix_regime", "asset_class", "ret_1m", "ret_3m", "ret_6m", "ret_12m", "high52w_dist", "low52w_dist", "day_of_week", "month", "is_options_expiry", "btc_ret_1d", "gold_ret_1d", "corr_spy_20d", "vwap_dist"]}