{"center": [0.0024593140581124703, 0.005751904400787574, 1.0, 53.796992183047124, 0.19349712524298468, 0.19529765955066586, -0.00923509322478766, 0.03169897563967515, 0.5861165504914825, 0.7442893965075577, 0.0002118555945591627, 0.0005824406146814898, 0.005707895210708871, 0.9408531042164546, 0.999706126963989, 0.0005583873940218087, 17.824999809265137, -0.007856395917702375, 1.0, 0.0, 0.007957192954863745, 0.009312609944391093, 0.016623531327630503, 0.0226277060371064, -0.013147250316071283, 0.10862394495326477, 2.0, 7.0, 0.0, -0.0011564734544893818, 0.0012750435385292525, 0.6422041202657411, 0.0027026412112214513], "scale": [0.013388271994486162, 0.018331051018290564, 1.0, 16.15215206895987, 0.3989020056762307, 0.34892985906536506, 0.18707741617376458, 0.019725074963997564, 0.4443462928648277, 0.156687553035473, 0.008277117797856143, 0.017629020833105663, 0.001968361752312028, 0.4504440658011044, 0.4239976036455979, 0.009474660790786044, 4.219999313354492, 0.087353615401317, 1.0, 1.0, 0.02271497268988193, 0.027732764531101795, 0.03416089011201717, 0.052105407363667255, 0.01908598447594099, 0.0311861355383648, 2.0, 6.0, 1.0, 0.02921309554285928, 0.014725898742574656, 0.25158438614228795, 0.013840939307478182], "features": ["SMA20_dist", "SMA50_dist", "sma_cross", "RSI14", "MACD", "MACD_sig", "MACD_hist", "BB_width", "BB_pos", "ATR14", "ret_1d", "ret_5d", "vol_10d", "vol_ratio", "obv_trend", "spy_ret_1d", "vix_level", "vix_change", "vix_regime", "asset_class", "ret_1m", "ret_3m", "ret_6m", "ret_12m", "high52w_dist", "low52w_dist", "day_of_week", "month", "is_options_expiry", "btc_ret_1d", "gold_ret_1d", "corr_spy_20d", "vwap_dist"]}