{"center": [-0.00257563328095598, -0.006151139291023139, 0.0, 48.946284651561825, -0.2962150415504823, -0.16275709112844966, -0.02858064404856192, 0.10015830439303461, 0.46882332815086303, 5.061512439862519, -0.0011039831273838008, -0.0025264954654994898, 0.014105255765347817, 0.9822872351885767, 1.0213310872563945, 0.000471958459902333, 17.355000495910645, -0.005254864671583648, 1.0, 0.0, -0.004188706866410097, -0.023951316027762626, 0.0, 0.0, -0.1261004877399221, 0.1665713845455491, 2.0, 6.0, 0.0, -0.0005528134329213508, 0.0006160067523005575, 0.42168339830195656, -0.001673378623883441], "scale": [0.058873224220521124, 0.08436121991503946, 1.0, 30.410186738390053, 5.916030311410161, 4.819421126425382, 1.7317634184959732, 0.04595204001871506, 0.5757183465151733, 1.444325409360144, 0.0181451277616084, 0.05159374195304481, 0.007249566379275124, 0.33654403152577095, 0.26205625851433734, 0.008716199240563494, 4.21250057220459, 0.08245329886527603, 1.0, 1.0, 0.10856292046451321, 0.18071810682499043, 0.17781131657282823, 0.024287010469713044, 0.12241114750434572, 0.15790407644485419, 2.0, 7.0, 1.0, 0.027885167987566545, 0.01505468473687599, 0.44938026415698507, 0.06110115422601485], "features": ["SMA20_dist", "SMA50_dist", "sma_cross", "RSI14", "MACD", "MACD_sig", "MACD_hist", "BB_width", "BB_pos", "ATR14", "ret_1d", "ret_5d", "vol_10d", "vol_ratio", "obv_trend", "spy_ret_1d", "vix_level", "vix_change", "vix_regime", "asset_class", "ret_1m", "ret_3m", "ret_6m", "ret_12m", "high52w_dist", "low52w_dist", "day_of_week", "month", "is_options_expiry", "btc_ret_1d", "gold_ret_1d", "corr_spy_20d", "vwap_dist"]}