{"center": [0.018066646409585878, 0.04670579111963109, 1.0, 55.98903996707314, 2.723188432133341, 2.7484643365246972, -0.08378280317961084, 0.14420902851494893, 0.6493824672392061, 6.052485659062322, 0.000486517241446327, 0.007689319927334792, 0.023041380369487774, 0.9222147797460813, 1.0010531796171735, 0.0007325201091860079, 17.65000057220459, -0.005254864671583648, 1.0, 0.0, 0.034208079502833444, 0.09581083192686424, 0.10385390048891208, 0.19104498046512675, -0.04492913951568462, 0.851400445094346, 2.0, 6.0, 0.0, -0.0014998349928206922, 0.0010196658035974693, 0.9996046659566074, 0.02402995642430013], "scale": [0.0666955993172344, 0.11145980646970226, 1.0, 22.302561390702458, 5.293434461962072, 5.028958060264638, 1.5449251861098374, 0.09334592567713988, 0.47786795940350746, 3.2774402164872356, 0.026495990109206002, 0.06815207729016828, 0.01270998231919443, 0.47832073503719086, 0.25160651092305797, 0.009055946487571631, 4.242499351501465, 0.08498772073834757, 1.0, 1.0, 0.12382211205788032, 0.22466011308674355, 0.27340821245751956, 0.3525182732918704, 0.09222834275610109, 0.7137375601401832, 2.0, 7.0, 1.0, 0.028451490747788577, 0.014241667041374917, 0.00039046860712665943, 0.06514647194760997], "features": ["SMA20_dist", "SMA50_dist", "sma_cross", "RSI14", "MACD", "MACD_sig", "MACD_hist", "BB_width", "BB_pos", "ATR14", "ret_1d", "ret_5d", "vol_10d", "vol_ratio", "obv_trend", "spy_ret_1d", "vix_level", "vix_change", "vix_regime", "asset_class", "ret_1m", "ret_3m", "ret_6m", "ret_12m", "high52w_dist", "low52w_dist", "day_of_week", "month", "is_options_expiry", "btc_ret_1d", "gold_ret_1d", "corr_spy_20d", "vwap_dist"]}