{"center": [0.01051411109445519, 0.02862720784675028, 1.0, 56.69147077693404, 0.39881474670947625, 0.41204781262052326, -0.00467261799431215, 0.06304084397704451, 0.6803923134438631, 0.5484650558372708, 0.0006795139478823486, 0.005854210347838507, 0.010871104931255583, 0.5549263873159683, 1.0097726901264683, 0.0007604384000761133, 17.440000534057617, -0.005681812794001595, 1.0, 0.0, 0.02484167707479279, 0.06955530067854787, 0.12420218670958505, 0.12206452637047005, -0.029016129792001723, 0.3071029132755947, 2.0, 6.0, 0.0, -0.00032588834829794244, 0.0019383092584315254, 0.6840280111553066, 0.010376568256416599], "scale": [0.027720131317681695, 0.03846306812843309, 1.0, 16.945606441760283, 0.5476664661567412, 0.526791150355886, 0.16634472611913742, 0.04196855226482075, 0.3800636809497708, 0.25242157224350587, 0.013838627538692028, 0.03213292404134527, 0.005678594013657098, 0.7650689308881851, 0.15621827205375804, 0.008253242367237013, 4.6100006103515625, 0.08312347412058296, 1.0, 1.0, 0.04556895341584433, 0.09477023224312964, 0.21214558118161908, 0.33020415201165143, 0.05593867602320842, 0.30662629104324923, 2.0, 7.0, 1.0, 0.025510731628307637, 0.015262801591622854, 0.21974355981210392, 0.026783632786243055], "features": ["SMA20_dist", "SMA50_dist", "sma_cross", "RSI14", "MACD", "MACD_sig", "MACD_hist", "BB_width", "BB_pos", "ATR14", "ret_1d", "ret_5d", "vol_10d", "vol_ratio", "obv_trend", "spy_ret_1d", "vix_level", "vix_change", "vix_regime", "asset_class", "ret_1m", "ret_3m", "ret_6m", "ret_12m", "high52w_dist", "low52w_dist", "day_of_week", "month", "is_options_expiry", "btc_ret_1d", "gold_ret_1d", "corr_spy_20d", "vwap_dist"]}