{"center": [0.003596758018183286, 0.010641147932776053, 1.0, 52.58391297979665, 0.12832274784650366, 0.08813312467510434, -0.0038446982443898353, 0.0839612833145719, 0.5553475652077839, 0.5870289556340769, -0.0003877621007842835, 0.00551851757282773, 0.013145974421184165, 0.9214018321556066, 0.9964362498713668, 0.0007458918092195788, 17.355000495910645, -0.0067012664712571834, 1.0, 0.0, 0.01242134006075124, 0.022407298663837394, 0.08001453397454839, 0.0, -0.06514207743554125, 0.3767639387301711, 2.0, 6.0, 0.0, 8.154757069173124e-05, 0.0017309682584434327, 0.4621344954505422, 0.0025720461310276685], "scale": [0.0435699613660825, 0.06764562701713284, 1.0, 20.80037381439928, 0.6494317270041261, 0.6217956018189262, 0.19012293625718132, 0.04844540823512576, 0.4887440767230661, 0.17441152622720613, 0.018062680070511594, 0.04050499926103382, 0.006518847358587664, 0.44248570415958666, 0.27579037528121064, 0.00880078953610347, 3.914999485015869, 0.07833964598043575, 1.0, 1.0, 0.07478863772232475, 0.15286475452422177, 0.19272202331068294, 0.2971926046030128, 0.1013727564911873, 0.22505290989335364, 2.0, 7.0, 1.0, 0.027871342523818843, 0.014992896094753932, 0.42626463786017244, 0.042760208155315456], "features": ["SMA20_dist", "SMA50_dist", "sma_cross", "RSI14", "MACD", "MACD_sig", "MACD_hist", "BB_width", "BB_pos", "ATR14", "ret_1d", "ret_5d", "vol_10d", "vol_ratio", "obv_trend", "spy_ret_1d", "vix_level", "vix_change", "vix_regime", "asset_class", "ret_1m", "ret_3m", "ret_6m", "ret_12m", "high52w_dist", "low52w_dist", "day_of_week", "month", "is_options_expiry", "btc_ret_1d", "gold_ret_1d", "corr_spy_20d", "vwap_dist"]}