{"center": [0.02311733491847294, 0.058996013991034504, 1.0, 53.585641795140035, 1.9384044122619173, 1.8803251476204255, 0.30694488406931786, 0.23552005529243764, 0.6072910414419542, 6.5986448015485495, 0.0013073641775964706, 0.009102408093575098, 0.031046399393016698, 0.8516579731526913, 1.0573886645888637, 0.0007604384781254581, 17.440000534057617, -0.005298008058610915, 1.0, 0.0, 0.0614020960020456, 0.03927581384792456, 0.0, 0.0, -0.22132681568480284, 0.5146138994763652, 2.0, 6.0, 0.0, -0.0008217291810309613, 0.0017841598670260694, 0.6012176818930863, 0.016960131100477203], "scale": [0.11937893827761001, 0.2114670497580428, 1.0, 22.263569869471276, 7.917515442368895, 7.149748248504489, 2.3528385015518554, 0.15466692567677948, 0.5164297978838792, 2.8276803152901797, 0.042939931600230186, 0.11374074446118498, 0.019653991274684215, 0.45151251743076637, 1.4571990190870951, 0.009290223162052746, 3.8600001335144043, 0.08272866711055848, 1.0, 1.0, 0.25793725499307646, 0.33872494124404146, 0.28459699711516884, 0.11125580402199353, 0.1453572940852762, 0.46172221091711063, 2.0, 7.0, 1.0, 0.02634654083709309, 0.015928001881101106, 0.1937684268508414, 0.1159367045808368], "features": ["SMA20_dist", "SMA50_dist", "sma_cross", "RSI14", "MACD", "MACD_sig", "MACD_hist", "BB_width", "BB_pos", "ATR14", "ret_1d", "ret_5d", "vol_10d", "vol_ratio", "obv_trend", "spy_ret_1d", "vix_level", "vix_change", "vix_regime", "asset_class", "ret_1m", "ret_3m", "ret_6m", "ret_12m", "high52w_dist", "low52w_dist", "day_of_week", "month", "is_options_expiry", "btc_ret_1d", "gold_ret_1d", "corr_spy_20d", "vwap_dist"]}