{"center": [0.0005175259836089306, 0.0044564344430221, 0.0, 51.05407522445153, -0.0019591556471958427, 0.005923719614728278, -0.0001465041296061162, 0.13859073859160487, 0.504970429857849, 0.2356676748446442, -0.0017230242059397272, 0.0, 0.019771346641420655, 0.854132353249148, 1.0075075358154293, 0.0013269637256190236, 17.389999389648438, -0.007885968150674327, 1.0, 0.0, 0.002835836822494331, -0.016373958381393272, 0.0, 0.0, -0.17326714125517859, 0.11047679979435189, 2.0, 6.0, 0.0, 0.0005696501255780806, 0.001709445736939541, 0.35989538465630255, -0.004989456056248448], "scale": [0.06312684024494816, 0.08238700478581346, 1.0, 23.741931841535333, 0.1854927454591273, 0.16105221095509775, 0.06951506593578884, 0.06403439274463482, 0.5032582011556828, 0.08871646921302515, 0.025599780328468436, 0.06154119484969073, 0.00790217596881471, 0.520047690366795, 1.1282170702695988, 0.008738958961616222, 3.8675003051757812, 0.08014334006717444, 1.0, 1.0, 0.11652563154032619, 0.13151172021749372, 0.1460048308198207, 0.10301484118493204, 0.14319350753215693, 0.12997421305210488, 2.0, 7.0, 1.0, 0.027633050384505864, 0.014278987880680771, 0.30322843141838957, 0.0659535635792601], "features": ["SMA20_dist", "SMA50_dist", "sma_cross", "RSI14", "MACD", "MACD_sig", "MACD_hist", "BB_width", "BB_pos", "ATR14", "ret_1d", "ret_5d", "vol_10d", "vol_ratio", "obv_trend", "spy_ret_1d", "vix_level", "vix_change", "vix_regime", "asset_class", "ret_1m", "ret_3m", "ret_6m", "ret_12m", "high52w_dist", "low52w_dist", "day_of_week", "month", "is_options_expiry", "btc_ret_1d", "gold_ret_1d", "corr_spy_20d", "vwap_dist"]}