{"center": [0.007582687149422626, 0.022986163114295695, 1.0, 56.351427362379205, 1.3325449561756386, 1.4524702347142353, -0.05301962206359745, 0.058984178632180036, 0.6263990909656363, 2.803084944894528, -0.00023640975317662516, 0.00044819389208172744, 0.009374747320118998, 0.9297735536813658, 0.9910478740135785, 0.0010938196429841618, 17.479999542236328, -0.00900898630432001, 1.0, 0.0, 0.018647264973825628, 0.036368483158351506, 0.052926122576133494, 0.00878884192154561, -0.030363189475750573, 0.24544382692460073, 2.0, 6.0, 0.0, 0.001045771070669721, 0.0017929035935666526, 0.7504620440133647, 0.007850195082119678], "scale": [0.027371536412401594, 0.047286266043657724, 1.0, 19.001659865656855, 2.5386496145889765, 2.39509807148773, 0.7702216411031745, 0.03979347624059363, 0.45627114019884335, 0.6816745276348408, 0.010667246178509782, 0.026314677353212745, 0.003179060431235295, 0.35913385771716255, 0.4746698079743791, 0.008646959462039971, 4.285000801086426, 0.07484561609225748, 1.0, 1.0, 0.058682224390628424, 0.0872091170622824, 0.12089640121648348, 0.13345326479255415, 0.06137670854101009, 0.1785075119066978, 2.0, 7.0, 1.0, 0.02586214111611196, 0.014115395202371095, 0.18614943661739847, 0.027841805967091588], "features": ["SMA20_dist", "SMA50_dist", "sma_cross", "RSI14", "MACD", "MACD_sig", "MACD_hist", "BB_width", "BB_pos", "ATR14", "ret_1d", "ret_5d", "vol_10d", "vol_ratio", "obv_trend", "spy_ret_1d", "vix_level", "vix_change", "vix_regime", "asset_class", "ret_1m", "ret_3m", "ret_6m", "ret_12m", "high52w_dist", "low52w_dist", "day_of_week", "month", "is_options_expiry", "btc_ret_1d", "gold_ret_1d", "corr_spy_20d", "vwap_dist"]}