{"center": [0.00708938271110647, 0.023610209337081814, 1.0, 54.58858144206803, 1.7520213306685264, 1.909971530560776, -0.09914140349225509, 0.06723087492392102, 0.6164289727118807, 3.556106618487547, -0.0001835332731983108, 0.002237653826841157, 0.009739413378198317, 0.9103931243036766, 0.9754803040774015, 0.00157043300066384, 17.479999542236328, -0.009254222565459602, 1.0, 0.0, 0.021381422692086982, 0.040227044009091495, 0.055156905777790755, 0.009291695208605733, -0.031046926559399942, 0.2435854282683162, 2.0, 6.0, 0.0, -9.567341618454961e-05, 0.001677776649860796, 0.8446806466257925, 0.00782006040968927], "scale": [0.029038512967948932, 0.04801363344240945, 1.0, 18.874089028459608, 2.835754124428263, 2.9469252920425375, 0.9865415521547616, 0.04768074392824021, 0.44575546806130323, 1.1051525258272075, 0.01231074503646834, 0.028329375717164873, 0.0045307709381583305, 0.4631811826613055, 0.697920512638811, 0.008660716639359411, 4.1100006103515625, 0.07422767761004556, 1.0, 1.0, 0.0547306653289672, 0.0717218833654778, 0.12484277548569156, 0.12180907363535765, 0.06053176990353462, 0.201949488283733, 2.0, 7.0, 1.0, 0.02717111436740771, 0.014170915382400784, 0.1328834517757922, 0.02830702162117657], "features": ["SMA20_dist", "SMA50_dist", "sma_cross", "RSI14", "MACD", "MACD_sig", "MACD_hist", "BB_width", "BB_pos", "ATR14", "ret_1d", "ret_5d", "vol_10d", "vol_ratio", "obv_trend", "spy_ret_1d", "vix_level", "vix_change", "vix_regime", "asset_class", "ret_1m", "ret_3m", "ret_6m", "ret_12m", "high52w_dist", "low52w_dist", "day_of_week", "month", "is_options_expiry", "btc_ret_1d", "gold_ret_1d", "corr_spy_20d", "vwap_dist"]}