{"center": [0.003547344115681632, 0.021153840376027373, 1.0, 53.02325370481217, 0.15243653682427905, 0.1737684929710196, -0.017015138686672038, 0.08009046929980954, 0.5505544835319164, 0.4928641494594907, 0.0, -0.00041139746642049335, 0.012099950626901761, 0.9503672555895203, 1.0154769919924427, 0.0013579397972762752, 17.440000534057617, -0.009244158887228515, 1.0, 0.0, 0.010133629516899889, 0.06285249115882507, 0.01926834672880151, 0.0, -0.03642611351557704, 0.2575674342880556, 2.0, 6.0, 0.0, 0.0008014800420892421, 0.0017929035935666526, -0.14123087801374443, 0.0036696459665113124], "scale": [0.044512550764177, 0.08990911232434834, 1.0, 23.133312206542072, 0.5531220776985268, 0.4870423640343663, 0.1203250076961438, 0.05327839868237552, 0.5390243776836177, 0.20111299223195678, 0.01538628376030382, 0.03963929335394811, 0.007926896886661398, 0.37206944594173663, 0.12466091715714833, 0.008784158207332082, 3.8000011444091797, 0.08160008018705284, 1.0, 1.0, 0.09078113080820571, 0.16538680368630299, 0.2487035198459825, 0.16498340629840957, 0.09085425566640269, 0.32790258649440374, 2.0, 7.0, 1.0, 0.024445802269723427, 0.014922163210007555, 0.35826313766529255, 0.0446490999301791], "features": ["SMA20_dist", "SMA50_dist", "sma_cross", "RSI14", "MACD", "MACD_sig", "MACD_hist", "BB_width", "BB_pos", "ATR14", "ret_1d", "ret_5d", "vol_10d", "vol_ratio", "obv_trend", "spy_ret_1d", "vix_level", "vix_change", "vix_regime", "asset_class", "ret_1m", "ret_3m", "ret_6m", "ret_12m", "high52w_dist", "low52w_dist", "day_of_week", "month", "is_options_expiry", "btc_ret_1d", "gold_ret_1d", "corr_spy_20d", "vwap_dist"]}