{"center": [0.002868415556021477, -0.009050270340323938, 0.0, 53.77470173051594, -0.14321745535554342, -0.15370628897954575, 0.004268368689736207, 0.08626889032445226, 0.5475598109407169, 0.7966836289332282, 0.00042700492410863156, 0.0021462524561006724, 0.011350723055718739, 0.7813794001904102, 1.060187927410377, 0.0014532705610523777, 17.38499927520752, -0.008035713733259009, 1.0, 0.0, -0.0012783707516726972, -0.020418333734803396, -0.006456152219768585, 0.0, -0.11594108016384742, 0.10655882834407693, 2.0, 6.0, 0.0, 0.0008992965757834703, 0.001674234105256911, 0.3547160390043539, 0.005442944516711201], "scale": [0.0522686402265098, 0.08501126115996213, 1.0, 29.49762526766324, 1.2412148672667094, 1.0187719761360725, 0.30379789341301244, 0.054803301954498035, 0.5742550694480545, 0.13568300542928136, 0.01400844147819505, 0.03920133021039732, 0.00499055950255905, 0.6241734833555277, 0.46167748473340375, 0.009045495866008002, 3.8850009441375732, 0.07816764534993736, 1.0, 1.0, 0.09807104981938616, 0.13547546984458372, 0.08329664474545675, 0.10346521547644186, 0.09219005040226264, 0.14996304638261318, 2.0, 6.0, 1.0, 0.0279013288541681, 0.015101912182991284, 0.35829232429177454, 0.04845391086833613], "features": ["SMA20_dist", "SMA50_dist", "sma_cross", "RSI14", "MACD", "MACD_sig", "MACD_hist", "BB_width", "BB_pos", "ATR14", "ret_1d", "ret_5d", "vol_10d", "vol_ratio", "obv_trend", "spy_ret_1d", "vix_level", "vix_change", "vix_regime", "asset_class", "ret_1m", "ret_3m", "ret_6m", "ret_12m", "high52w_dist", "low52w_dist", "day_of_week", "month", "is_options_expiry", "btc_ret_1d", "gold_ret_1d", "corr_spy_20d", "vwap_dist"]}