{"center": [0.0016586487967979974, 0.003130556787188733, 1.0, 55.70709849854571, 0.12621627511515499, 0.12170604681770543, -0.006178472859469375, 0.014215522589219196, 0.646579658971127, 0.268491022694036, 9.413690965365262e-05, 0.0013512194254485799, 0.0017470830342608287, 0.9478046128420614, 1.041118515356731, 0.0013758227325151307, 17.299999237060547, -0.005720161498773413, 1.0, 0.0, 0.004085104279258456, 0.005538613922753344, 0.0051091651933412585, 0.0, -0.010246899176181504, 0.029828197971221125, 2.0, 6.0, 0.0, 0.00029724205673309356, 0.0019404068737312041, 0.2272336366079289, 0.0021113730350557796], "scale": [0.006670131860651562, 0.00980989747661067, 1.0, 28.683479588978557, 0.29063414272965815, 0.2591896352360452, 0.10405386156645968, 0.00864730920613528, 0.5253868632051565, 0.14057800709457524, 0.0025068570623699715, 0.0058729168564064516, 0.0011601948786269065, 0.48841086179882753, 0.14258916800300847, 0.009185198922110116, 4.359999656677246, 0.0817781983769782, 1.0, 1.0, 0.012736984989752065, 0.01962125634705747, 0.039961870357030804, 0.04014747104475758, 0.01811006839174068, 0.04648739008008193, 2.0, 7.0, 1.0, 0.02656757450045255, 0.01476256777484275, 0.6064517867941559, 0.006684591856141603], "features": ["SMA20_dist", "SMA50_dist", "sma_cross", "RSI14", "MACD", "MACD_sig", "MACD_hist", "BB_width", "BB_pos", "ATR14", "ret_1d", "ret_5d", "vol_10d", "vol_ratio", "obv_trend", "spy_ret_1d", "vix_level", "vix_change", "vix_regime", "asset_class", "ret_1m", "ret_3m", "ret_6m", "ret_12m", "high52w_dist", "low52w_dist", "day_of_week", "month", "is_options_expiry", "btc_ret_1d", "gold_ret_1d", "corr_spy_20d", "vwap_dist"]}