{"center": [0.006570856052320001, 0.01579096668885758, 1.0, 56.3747637932106, 0.612152004502974, 0.6014980121118112, 0.015328117421832266, 0.0432113464589571, 0.6696559772389612, 1.4499565590916197, 0.00042441334666887265, 0.0030062887420989615, 0.007119657686709806, 0.9138163751758996, 0.9816652923271132, 0.0012780826440004223, 17.440000534057617, -0.006658632403358511, 1.0, 0.0, 0.016245685514305608, 0.032694755661264896, 0.0631050199201666, 0.05221090943996742, -0.020796633507294434, 0.17757932247060562, 2.0, 6.0, 0.0, -0.00151319093281288, 0.001992014086009908, 0.586814421786354, 0.0075863204321624115], "scale": [0.019355159726135884, 0.029806978923503265, 1.0, 16.697379332339416, 0.9992523087204006, 0.927045064591697, 0.36822975063801167, 0.0283143747836076, 0.43640815127744553, 0.30397452186211416, 0.010059696342587854, 0.02134196013920875, 0.002908584713670093, 0.4472236576726101, 0.606220234307728, 0.009021972006831747, 4.119998931884766, 0.08442919352498601, 1.0, 1.0, 0.03719036718119961, 0.07318126001807856, 0.10137088452550524, 0.14608594193576496, 0.042685974046306085, 0.09002239372826643, 2.0, 7.0, 1.0, 0.02717111436740771, 0.014702583196445573, 0.2758347083257782, 0.018798587062735107], "features": ["SMA20_dist", "SMA50_dist", "sma_cross", "RSI14", "MACD", "MACD_sig", "MACD_hist", "BB_width", "BB_pos", "ATR14", "ret_1d", "ret_5d", "vol_10d", "vol_ratio", "obv_trend", "spy_ret_1d", "vix_level", "vix_change", "vix_regime", "asset_class", "ret_1m", "ret_3m", "ret_6m", "ret_12m", "high52w_dist", "low52w_dist", "day_of_week", "month", "is_options_expiry", "btc_ret_1d", "gold_ret_1d", "corr_spy_20d", "vwap_dist"]}