{"center": [0.004529965195151376, -0.0010496556331429058, 1.0, 51.57216283674235, 0.1898239460281559, 0.25256393143633316, 0.11333062619346712, 0.09388519188776878, 0.5453960637483849, 7.138893564327546, -0.00013187639687206598, -8.311976923724984e-05, 0.01601694450222331, 0.9085483145239189, 0.919120926462121, 0.0018958163695232955, 17.15999984741211, -0.010105145627009537, 1.0, 0.0, 0.008519448742582147, -0.021796402902381717, -0.04284898529517217, -0.00923129781173454, -0.1520434449774271, 0.13952178824029882, 2.0, 6.0, 0.0, 8.154757069173124e-05, 0.0020207561863795354, 0.11673661195817298, 0.004489060810068396], "scale": [0.044825751912461465, 0.059711065332024915, 1.0, 20.427872270616547, 5.080867899844705, 5.154579848662549, 2.128726730875938, 0.04749303881088528, 0.4824453092768385, 1.9735194557167413, 0.0188390661672945, 0.04583915984895798, 0.008090367514479276, 0.46298573353630523, 0.9782835617134964, 0.009300925390546444, 3.6300010681152344, 0.07676950335027138, 1.0, 1.0, 0.0873674646681743, 0.10166477760249498, 0.09477086421588327, 0.1283134290714566, 0.06154198696023426, 0.08689391782919635, 2.0, 7.0, 1.0, 0.02895505295170847, 0.013677546550656339, 0.24320666520413167, 0.04610967875668826], "features": ["SMA20_dist", "SMA50_dist", "sma_cross", "RSI14", "MACD", "MACD_sig", "MACD_hist", "BB_width", "BB_pos", "ATR14", "ret_1d", "ret_5d", "vol_10d", "vol_ratio", "obv_trend", "spy_ret_1d", "vix_level", "vix_change", "vix_regime", "asset_class", "ret_1m", "ret_3m", "ret_6m", "ret_12m", "high52w_dist", "low52w_dist", "day_of_week", "month", "is_options_expiry", "btc_ret_1d", "gold_ret_1d", "corr_spy_20d", "vwap_dist"]}