{"center": [0.00971261771357719, 0.019009599162092786, 1.0, 52.54613416937649, 0.24076120092529685, 0.15722165311455769, -0.01753313351282071, 0.128948376251248, 0.5898487651065574, 1.5482142993382046, 0.00046857058290949993, 0.0071746845054728725, 0.019202107344778296, 0.922425339565003, 1.0276881941532476, 0.000968621225975963, 17.635000228881836, -0.006664472772315133, 1.0, 0.0, 0.018070217644105435, 0.008297355978603593, 0.0063294104518992755, 0.0, -0.1775822199283137, 0.654645186427065, 2.0, 6.0, 0.0, -0.0005779958648887695, 0.0020157525238796437, 0.3049828854261332, 0.011374473669161172], "scale": [0.07079547017657216, 0.1359186365324206, 1.0, 23.477809557260713, 1.7255457295557406, 1.7204064531899301, 0.5024891226426167, 0.09698276303357024, 0.5434054235763635, 1.0021415778568814, 0.027964344211284048, 0.06428058796388886, 0.010362176378102148, 0.4194023522211856, 0.17307808466016006, 0.00869760178723622, 3.6300010681152344, 0.07614526589359821, 1.0, 1.0, 0.12947628814224704, 0.3744298885118955, 0.910252412466416, 1.1597746640404174, 0.2644407459558189, 1.713196534264314, 2.0, 7.0, 1.0, 0.026564243140894284, 0.015752318700979623, 0.3292319412244137, 0.07340573877832612], "features": ["SMA20_dist", "SMA50_dist", "sma_cross", "RSI14", "MACD", "MACD_sig", "MACD_hist", "BB_width", "BB_pos", "ATR14", "ret_1d", "ret_5d", "vol_10d", "vol_ratio", "obv_trend", "spy_ret_1d", "vix_level", "vix_change", "vix_regime", "asset_class", "ret_1m", "ret_3m", "ret_6m", "ret_12m", "high52w_dist", "low52w_dist", "day_of_week", "month", "is_options_expiry", "btc_ret_1d", "gold_ret_1d", "corr_spy_20d", "vwap_dist"]}