{"center": [0.008003023433821735, 0.019172606221260657, 1.0, 58.51171596702509, 0.2897642176685089, 0.2738001105338367, -0.006084672823808701, 0.04332649838722347, 0.6967659494178193, 0.4952131310269523, 0.0007588039635726407, 0.0028086710158057304, 0.006239245480383386, 0.948290927964083, 1.0434279240697337, 0.001366998499955585, 17.5600004196167, -0.005649859110261113, 1.0, 0.0, 0.016704206793690446, 0.03161737671189502, 0.07146602670042868, 0.12519659957838503, -0.010886519770600813, 0.23662477227304782, 2.0, 6.0, 0.0, -0.0002701146200822513, 0.0009665407750373278, 0.8777465480231639, 0.00821925360171796], "scale": [0.01778114413597716, 0.031390052585354634, 1.0, 20.14420394853508, 0.4279791550210774, 0.44460327143850986, 0.127547164950024, 0.02780741349782069, 0.409508343981513, 0.16704799343602533, 0.007884381647292854, 0.020632637272461285, 0.00275282948943042, 0.31019313165988205, 0.339651537983336, 0.009106076099123284, 3.869999408721924, 0.0817176975092253, 1.0, 1.0, 0.03532293160913208, 0.0634662048654579, 0.09823682217739493, 0.16362487480334442, 0.025994161774044962, 0.18651307721029217, 2.0, 7.0, 1.0, 0.027930220372392178, 0.014007919816367814, 0.11242112344772248, 0.01743775965518707], "features": ["SMA20_dist", "SMA50_dist", "sma_cross", "RSI14", "MACD", "MACD_sig", "MACD_hist", "BB_width", "BB_pos", "ATR14", "ret_1d", "ret_5d", "vol_10d", "vol_ratio", "obv_trend", "spy_ret_1d", "vix_level", "vix_change", "vix_regime", "asset_class", "ret_1m", "ret_3m", "ret_6m", "ret_12m", "high52w_dist", "low52w_dist", "day_of_week", "month", "is_options_expiry", "btc_ret_1d", "gold_ret_1d", "corr_spy_20d", "vwap_dist"]}