{"center": [-0.010080080128493225, -0.02913412126878126, 0.0, 46.042184128581596, -1.2955916935210041, -1.0080229332993362, 0.039490135426734296, 0.093352558461897, 0.3946228879216003, 3.4195782002994806, -0.0011467584613520931, -0.005429840840316058, 0.014570971987784833, 0.9402438016233305, 1.0149541666848485, 0.001545149356793618, 17.339999198913574, -0.007301804534139311, 1.0, 0.0, -0.02655678434119174, -0.06253385426194985, -0.12112178701954746, -0.15821587643011514, -0.22274235887490407, 0.05457157526824104, 2.0, 6.0, 0.0, -0.00027756579302345985, 0.001709445736939541, 0.3387646593544506, -0.007609827345950528], "scale": [0.04523873816861764, 0.06787522269047558, 1.0, 23.291490430445606, 3.1029066741884677, 2.6025674173185394, 1.15086018369791, 0.05952479066904867, 0.4921043593663539, 0.9074446928182884, 0.018825924744419464, 0.039883645209720514, 0.008631065050015986, 0.3726729987080306, 0.942218871484066, 0.008744547287539373, 3.8550009727478027, 0.07908654928950065, 1.0, 1.0, 0.08689159725563878, 0.12470824418665627, 0.14676540020190673, 0.2583782063144337, 0.13295654929880318, 0.06473170398337394, 2.0, 6.0, 1.0, 0.028690928238080504, 0.014028825791454952, 0.3376051140842442, 0.04438252493577687], "features": ["SMA20_dist", "SMA50_dist", "sma_cross", "RSI14", "MACD", "MACD_sig", "MACD_hist", "BB_width", "BB_pos", "ATR14", "ret_1d", "ret_5d", "vol_10d", "vol_ratio", "obv_trend", "spy_ret_1d", "vix_level", "vix_change", "vix_regime", "asset_class", "ret_1m", "ret_3m", "ret_6m", "ret_12m", "high52w_dist", "low52w_dist", "day_of_week", "month", "is_options_expiry", "btc_ret_1d", "gold_ret_1d", "corr_spy_20d", "vwap_dist"]}