{"center": [0.004796641458307182, -0.0012385954147117225, 1.0, 51.55994389320272, 0.18332932728611695, 0.19402860515625214, 0.14478723837801954, 0.09512287378218176, 0.5456223996326486, 7.100932523045076, 0.00015518339008013804, 0.00025800255528141136, 0.01607217212739397, 0.9083516264218718, 0.8803454001992693, 0.0018956944029322464, 17.149999618530273, -0.010143202504316884, 1.0, 0.0, 0.009520382738972488, -0.02164104089668306, -0.04047491657919566, -0.008443719921232828, -0.15184526521376404, 0.14036001469240397, 2.0, 6.0, 0.0, -1.9742508661990676e-05, 0.0020287362083613036, 0.11316369576032119, 0.004895209226639916], "scale": [0.04490807602605776, 0.058522910085023146, 1.0, 20.382512053773823, 5.036410392927706, 4.994228454002806, 2.0597951025685077, 0.04763859223403684, 0.4829762672954967, 1.9544970547054525, 0.01987056815764282, 0.04704105415714721, 0.008148199529566155, 0.4641860188258925, 0.9519807335351759, 0.009303805207540095, 3.65000057220459, 0.07677646138850325, 1.0, 1.0, 0.08711042886952858, 0.1014048602306496, 0.09362649843037457, 0.12829240042287238, 0.061746977184476914, 0.08766539704584163, 2.0, 7.0, 1.0, 0.027629334136021866, 0.013857819929440351, 0.24915582199762615, 0.04632579699312486], "features": ["SMA20_dist", "SMA50_dist", "sma_cross", "RSI14", "MACD", "MACD_sig", "MACD_hist", "BB_width", "BB_pos", "ATR14", "ret_1d", "ret_5d", "vol_10d", "vol_ratio", "obv_trend", "spy_ret_1d", "vix_level", "vix_change", "vix_regime", "asset_class", "ret_1m", "ret_3m", "ret_6m", "ret_12m", "high52w_dist", "low52w_dist", "day_of_week", "month", "is_options_expiry", "btc_ret_1d", "gold_ret_1d", "corr_spy_20d", "vwap_dist"]}