{"center": [0.015170046609145948, 0.030098154446350642, 1.0, 58.349171334996285, 0.6517237954210309, 0.702870373735665, 0.03465896250000311, 0.11490077927544332, 0.6540217076833682, 2.170590713193482, 0.0015790066152483462, 0.007039449079852211, 0.016318909884967855, 0.884856813394407, 1.0297067569087515, 0.0014108461405772932, 17.494999885559082, -0.008706656105237132, 1.0, 0.0, 0.033100115629848714, 0.09556222759209732, 0.15766525942227472, 0.34345737678524824, -0.05916631428563086, 0.47538339088097953, 2.0, 6.0, 0.0, -0.0011541041169297328, 0.000686881516564597, 0.24643417326299621, 0.0132982902989543], "scale": [0.055813859390870635, 0.07965949187628193, 1.0, 24.727518134805948, 1.8493041786363733, 1.5764401611827832, 0.6802757021804202, 0.06789157768315557, 0.5371269066023014, 1.3909431624734476, 0.01954363918061172, 0.055161119366752, 0.009354072472562357, 0.4523809321865394, 0.1381255894053357, 0.0087410391533507, 3.6649999618530273, 0.08191792839557249, 1.0, 1.0, 0.10986861333896031, 0.1681202810845735, 0.2765388627680578, 0.48990710855844993, 0.07096390110322892, 0.2918390281728827, 2.0, 6.0, 1.0, 0.025933038139231035, 0.014688379445221639, 0.36841277186816457, 0.05696605624852459], "features": ["SMA20_dist", "SMA50_dist", "sma_cross", "RSI14", "MACD", "MACD_sig", "MACD_hist", "BB_width", "BB_pos", "ATR14", "ret_1d", "ret_5d", "vol_10d", "vol_ratio", "obv_trend", "spy_ret_1d", "vix_level", "vix_change", "vix_regime", "asset_class", "ret_1m", "ret_3m", "ret_6m", "ret_12m", "high52w_dist", "low52w_dist", "day_of_week", "month", "is_options_expiry", "btc_ret_1d", "gold_ret_1d", "corr_spy_20d", "vwap_dist"]}