{"center": [0.019134082497031666, 0.036196944368599424, 1.0, 52.923973163304076, 0.05663864579180866, 0.06301107817619701, 0.011170119095326496, 0.3277432900390834, 0.5675459195246597, 0.5867856740951538, -0.0024718048663162073, 0.013652989238929547, 0.05416419874094767, 0.9575657447012833, 1.0478854920718512, 0.0009008441539046785, 17.289999961853027, -0.007287674739285488, 1.0, 0.0, 0.027530918040085894, 0.13808657565850002, 0.2604902370065879, 0.0, -0.3434211011122992, 1.8141077675998574, 2.0, 6.0, 0.0, -0.0003184371753567339, 0.001674234105256911, 0.3576552157008033, 0.003935733371730674], "scale": [0.1879634299023998, 0.28280492547231406, 1.0, 25.784137845998153, 0.6029689071736699, 0.537532779418191, 0.19413012037703037, 0.24540898523399382, 0.549934571905689, 0.3507141258035388, 0.06463772754759309, 0.16462004986392817, 0.023541120412388566, 0.6707410559992791, 0.5446994440425862, 0.00929140081907015, 4.164999485015869, 0.07958244076629273, 1.0, 1.0, 0.331180746964159, 0.6080576233436216, 0.604872499920335, 0.8737346626920592, 0.25365629448974486, 1.5816035810393996, 2.0, 6.0, 1.0, 0.028771692431130397, 0.014233432253741768, 0.3024136783672484, 0.16478194096930582], "features": ["SMA20_dist", "SMA50_dist", "sma_cross", "RSI14", "MACD", "MACD_sig", "MACD_hist", "BB_width", "BB_pos", "ATR14", "ret_1d", "ret_5d", "vol_10d", "vol_ratio", "obv_trend", "spy_ret_1d", "vix_level", "vix_change", "vix_regime", "asset_class", "ret_1m", "ret_3m", "ret_6m", "ret_12m", "high52w_dist", "low52w_dist", "day_of_week", "month", "is_options_expiry", "btc_ret_1d", "gold_ret_1d", "corr_spy_20d", "vwap_dist"]}