{"center": [0.00692523987908542, 0.023245677944363826, 1.0, 55.2188786545298, 0.20320621306196784, 0.21507131014055494, -0.014597314492432956, 0.06926868047869321, 0.6212933901113298, 0.5007255258123955, 0.0, 0.001539919351422503, 0.010705217345500971, 0.951914793640849, 1.0039047912662542, 0.0013759501300831811, 17.649999618530273, -0.008316000484173136, 1.0, 0.0, 0.019249358849730003, 0.04359276462500805, 0.06878775437596052, 0.0, -0.04535284621956037, 0.27901151591357115, 2.0, 6.0, 0.0, 0.0008014800420892421, 0.0020516615880092903, 0.7142351809339512, 0.008244827766467223], "scale": [0.033525044098849835, 0.056759189517286174, 1.0, 22.277651152905875, 0.49324676267996637, 0.47446195995580015, 0.14700117102625795, 0.0488253626388484, 0.46367435289347564, 0.12260948824698437, 0.013292803907566653, 0.02732448748919475, 0.0038617136620357102, 0.3812268237284171, 0.19072336410299828, 0.009066539401255513, 4.189999580383301, 0.08377267041943992, 1.0, 1.0, 0.06823173175394992, 0.10090194871261915, 0.15922486051435936, 0.14003390311781627, 0.07370483618504924, 0.25196977487473676, 2.0, 7.0, 1.0, 0.0272535091810987, 0.015157248569990345, 0.1951723993062482, 0.0321943299149869], "features": ["SMA20_dist", "SMA50_dist", "sma_cross", "RSI14", "MACD", "MACD_sig", "MACD_hist", "BB_width", "BB_pos", "ATR14", "ret_1d", "ret_5d", "vol_10d", "vol_ratio", "obv_trend", "spy_ret_1d", "vix_level", "vix_change", "vix_regime", "asset_class", "ret_1m", "ret_3m", "ret_6m", "ret_12m", "high52w_dist", "low52w_dist", "day_of_week", "month", "is_options_expiry", "btc_ret_1d", "gold_ret_1d", "corr_spy_20d", "vwap_dist"]}