{"center": [0.00554609929206337, 0.019968221701810354, 1.0, 53.98436882142581, 0.7052252309884963, 0.7607307051674242, -0.053629506268696114, 0.05776793115074813, 0.6155102206958292, 1.578769256087213, -3.924656955744954e-05, 0.002191285795618003, 0.009050163684744029, 0.895712331860284, 1.0296903014215033, 0.001469024859925172, 17.479999542236328, -0.0048289091912665505, 1.0, 0.0, 0.010136164356750466, 0.030981663967980855, 0.033076020516400795, 0.02982897099421622, -0.02801230618474298, 0.2361860178497807, 2.0, 6.0, 0.0, 0.0008608689260511948, 0.002066486342349072, 0.6930376831200662, 0.005869616000404959], "scale": [0.03198956634451192, 0.042946686319756275, 1.0, 24.84398229240908, 1.73819179016672, 1.6561218569679572, 0.5204915195050739, 0.0402655993260215, 0.5257892192777319, 0.4973636737191589, 0.01080384104643764, 0.028112449121118294, 0.0037772812854958747, 0.5686951191937333, 0.2769148947300346, 0.008668628194117456, 4.232499599456787, 0.08282515966863768, 1.0, 1.0, 0.06767353002241197, 0.08964825872781582, 0.09390201928419428, 0.13735181918032285, 0.04949110765166299, 0.09051551591095025, 2.0, 7.0, 1.0, 0.027531307765925522, 0.014666071098248856, 0.2346685885759764, 0.03128493597743095], "features": ["SMA20_dist", "SMA50_dist", "sma_cross", "RSI14", "MACD", "MACD_sig", "MACD_hist", "BB_width", "BB_pos", "ATR14", "ret_1d", "ret_5d", "vol_10d", "vol_ratio", "obv_trend", "spy_ret_1d", "vix_level", "vix_change", "vix_regime", "asset_class", "ret_1m", "ret_3m", "ret_6m", "ret_12m", "high52w_dist", "low52w_dist", "day_of_week", "month", "is_options_expiry", "btc_ret_1d", "gold_ret_1d", "corr_spy_20d", "vwap_dist"]}