{"center": [0.013398398145993513, 0.028916953577187876, 1.0, 53.985503803554124, 0.9938446158245426, 0.7609459608567906, 0.02747759805280925, 0.19210987907984717, 0.6033186852564306, 4.247643062046596, 0.00402868925632327, 0.0026829579549692006, 0.026411586047069446, 0.9579381297173433, 1.013189171496185, 0.000731139787988333, 17.700000762939453, -0.006626930447881874, 1.0, 0.0, 0.03354509938247463, 0.09210270184929481, 0.08607755538804529, 0.06266214754288035, -0.11374018292719008, 0.6121933525870963, 2.0, 6.0, 0.0, -0.00022924323774897726, 0.001677776649860796, 0.5451395567144133, 0.015432266530818254], "scale": [0.09171624306543716, 0.1743850882677649, 1.0, 22.8471386127662, 4.5265734593795415, 4.2090021559463775, 1.2965119889094454, 0.11824186632836498, 0.5017406066099002, 1.6374983106340677, 0.0322504724027039, 0.08396339124752278, 0.016660714516281483, 0.45435717017577604, 0.2628222434730568, 0.008742520906972584, 4.145000457763672, 0.07835052251867869, 1.0, 1.0, 0.20756562039973697, 0.32214488315469797, 0.1841539589559663, 0.47994138076481463, 0.14809279622820237, 0.4091811315875863, 2.0, 6.0, 1.0, 0.025942177784334608, 0.015545381086585208, 0.31020693447650227, 0.09449585256317694], "features": ["SMA20_dist", "SMA50_dist", "sma_cross", "RSI14", "MACD", "MACD_sig", "MACD_hist", "BB_width", "BB_pos", "ATR14", "ret_1d", "ret_5d", "vol_10d", "vol_ratio", "obv_trend", "spy_ret_1d", "vix_level", "vix_change", "vix_regime", "asset_class", "ret_1m", "ret_3m", "ret_6m", "ret_12m", "high52w_dist", "low52w_dist", "day_of_week", "month", "is_options_expiry", "btc_ret_1d", "gold_ret_1d", "corr_spy_20d", "vwap_dist"]}