{"center": [0.001338651619224363, 0.003527516818779234, 1.0, 62.70646375728711, 0.059633363870954526, 0.06349309261043583, -0.0013954930496654187, 0.005811005330410606, 0.7451705851452255, 0.06100677252779997, 0.00017021446758203052, 0.0006254020482179268, 0.0008111626949047349, 0.9019611621031345, 1.0261702692203023, 0.0018223369761131147, 17.440000534057617, -0.006606896521132111, 1.0, 0.0, 0.0033969170233331125, 0.00990913994017184, 0.021610607221520306, 0.035655492251221776, -0.0011891090466465766, 0.043989631621967826, 2.0, 6.0, 0.0, 0.0007781713812019531, 0.001865606425999089, -0.06577860767938636, 0.001312616182003475], "scale": [0.002425589391015336, 0.003706859401499723, 1.0, 19.954750669825657, 0.06030360997790041, 0.05947562174426179, 0.01905116490745519, 0.003773509955537672, 0.3529857846768861, 0.02288889146417563, 0.0011886307912694627, 0.002226901299067857, 0.0002954464401680318, 0.41043062981906553, 0.08362137441739015, 0.008836476190411696, 4.02250075340271, 0.08182676333439678, 1.0, 1.0, 0.004401791421318857, 0.009448550300843683, 0.013246120693285346, 0.04818548132015554, 0.003054015380959068, 0.01642253999994845, 2.0, 7.0, 1.0, 0.02822608255498879, 0.015217377061736481, 0.6484813127287498, 0.0024631011170206853], "features": ["SMA20_dist", "SMA50_dist", "sma_cross", "RSI14", "MACD", "MACD_sig", "MACD_hist", "BB_width", "BB_pos", "ATR14", "ret_1d", "ret_5d", "vol_10d", "vol_ratio", "obv_trend", "spy_ret_1d", "vix_level", "vix_change", "vix_regime", "asset_class", "ret_1m", "ret_3m", "ret_6m", "ret_12m", "high52w_dist", "low52w_dist", "day_of_week", "month", "is_options_expiry", "btc_ret_1d", "gold_ret_1d", "corr_spy_20d", "vwap_dist"]}