{"center": [-0.005180899336036096, 0.006994782876335771, 1.0, 49.455692258330785, 0.01564724078580504, 0.012111838406856907, -0.004022389892238687, 0.1876731879880752, 0.4593240531689403, 1.4071427753993442, 0.0, -0.004142075514061705, 0.026181615809054072, 0.9052163475775722, 1.038448975980106, 0.0012638341474976444, 17.38499927520752, -0.006606896521132111, 1.0, 0.0, 0.01134632551314374, -0.013464663041888925, -0.052752670941871804, 0.0, -0.3338942224204492, 0.2422984843117833, 2.0, 6.0, 0.0, -0.0019731664656665315, 0.0005617878048775893, 0.3445326505597479, -0.005143156962861548], "scale": [0.08662720647208635, 0.1495309217711367, 1.0, 25.262570154857563, 1.599430974665771, 1.5749978639575406, 0.4798686838854668, 0.15256672891154563, 0.5133070473396606, 0.2795536177498954, 0.033187390099913894, 0.07470432940199767, 0.01517274637613275, 0.4139129663723069, 0.5709019552551227, 0.009166613145526414, 3.672499656677246, 0.08146141731011328, 1.0, 1.0, 0.18088792392532027, 0.3157844071489002, 0.21282540885838813, 0.27193476192326516, 0.30213164911921325, 0.2529396348984636, 2.0, 7.0, 1.0, 0.029335131484608562, 0.015063357338687744, 0.3448748942468728, 0.09126450383058939], "features": ["SMA20_dist", "SMA50_dist", "sma_cross", "RSI14", "MACD", "MACD_sig", "MACD_hist", "BB_width", "BB_pos", "ATR14", "ret_1d", "ret_5d", "vol_10d", "vol_ratio", "obv_trend", "spy_ret_1d", "vix_level", "vix_change", "vix_regime", "asset_class", "ret_1m", "ret_3m", "ret_6m", "ret_12m", "high52w_dist", "low52w_dist", "day_of_week", "month", "is_options_expiry", "btc_ret_1d", "gold_ret_1d", "corr_spy_20d", "vwap_dist"]}