{"center": [0.003330234025140071, 0.0033911295731167213, 1.0, 51.786971792068584, 0.12136973179673305, 0.2664462800893749, 0.4223380456155539, 0.07882346247399373, 0.5490861537270768, 8.957018483116181, 0.00022420342999951437, 0.00034143059530022946, 0.011282944899182032, 0.9729558874941932, 1.0391001446666046, 0.0009845075813768034, 17.610000610351562, -0.005298008058610915, 1.0, 0.0, 0.003792560504871645, -0.009788479432756847, 0.0, 0.0, -0.06628643639886508, 0.1518677705818748, 2.0, 6.0, 0.0, -0.0007713643170961237, 0.0020287362083613036, 0.4314150242817008, 0.004200477859019033], "scale": [0.03699694234217185, 0.0637884100470808, 1.0, 24.067658606001842, 9.512822806411123, 9.049677638431977, 2.9719059430832075, 0.06216837981849117, 0.4812496765975711, 3.246903930624031, 0.015389440187677184, 0.035737451882218385, 0.008392210554647325, 0.40325591900593416, 0.39501966763899654, 0.008888161076655299, 4.379999160766602, 0.08834889571160559, 1.0, 1.0, 0.07489027634631923, 0.13542589251891385, 0.08859598431413324, 0.04211395800904205, 0.11420227637713744, 0.07865304292844341, 2.0, 7.0, 1.0, 0.027075676637164703, 0.015406447555155689, 0.4462622999400266, 0.037360423084662045], "features": ["SMA20_dist", "SMA50_dist", "sma_cross", "RSI14", "MACD", "MACD_sig", "MACD_hist", "BB_width", "BB_pos", "ATR14", "ret_1d", "ret_5d", "vol_10d", "vol_ratio", "obv_trend", "spy_ret_1d", "vix_level", "vix_change", "vix_regime", "asset_class", "ret_1m", "ret_3m", "ret_6m", "ret_12m", "high52w_dist", "low52w_dist", "day_of_week", "month", "is_options_expiry", "btc_ret_1d", "gold_ret_1d", "corr_spy_20d", "vwap_dist"]}