{"center": [0.02086579796001279, 0.03841939806594537, 1.0, 56.768174732725484, 1.766906351320543, 2.061624257082643, 0.05251185079585685, 0.13637713529928863, 0.646208993600765, 4.406047190652383, 0.002733309122747052, 0.007608396747518897, 0.018906399524793928, 0.9214541357154256, 1.0515977300088428, 0.0004857686989643284, 17.440000534057617, -0.0036643597696923713, 1.0, 0.0, 0.03646478250764851, 0.08736421286548635, 0.14703185193878254, 0.0, -0.1017539720423051, 0.39438313632392075, 2.0, 6.0, 0.0, -0.00151319093281288, 0.0020187288833615202, 0.14974128554694974, 0.02249420072229003], "scale": [0.07585324180588252, 0.0973867668011415, 1.0, 25.886552109787054, 4.401968815111104, 4.032826142315366, 1.6392200461526725, 0.053702893363067813, 0.5199440033519622, 2.5495203122353325, 0.02640944375353982, 0.05765254694163058, 0.008874040904253463, 0.4108549064054785, 0.9162139858768663, 0.009578323055772331, 3.939999580383301, 0.07647498533295849, 1.0, 1.0, 0.1418728119511048, 0.2379338350835417, 0.4040780968529254, 0.4042234564367031, 0.13305093984714214, 0.666372202768845, 2.0, 7.0, 1.0, 0.02818814873613651, 0.016147803661609172, 0.49436578989485547, 0.06955006746277173], "features": ["SMA20_dist", "SMA50_dist", "sma_cross", "RSI14", "MACD", "MACD_sig", "MACD_hist", "BB_width", "BB_pos", "ATR14", "ret_1d", "ret_5d", "vol_10d", "vol_ratio", "obv_trend", "spy_ret_1d", "vix_level", "vix_change", "vix_regime", "asset_class", "ret_1m", "ret_3m", "ret_6m", "ret_12m", "high52w_dist", "low52w_dist", "day_of_week", "month", "is_options_expiry", "btc_ret_1d", "gold_ret_1d", "corr_spy_20d", "vwap_dist"]}