{"center": [0.009800428041963825, 0.017201796323931283, 1.0, 55.52285895239545, 1.0466987260683993, 0.9933817631405276, 0.1324605736129567, 0.10283730159735353, 0.6161215101268833, 5.144425122284756, 0.0011717894073721702, 0.006335714812054638, 0.01329767726667173, 0.0013255791657679206, 17.494999885559082, -0.007885968150674327, 1.0], "scale": [0.05214347664763051, 0.06577858298477518, 1.0, 26.515470022577517, 5.065090494165624, 5.149466490833163, 1.6146597703877141, 0.056245752449015834, 0.5011709131058452, 1.9382833611125765, 0.01538520574069896, 0.047114846939736194, 0.007438313452443356, 0.009106339528316715, 4.375000953674316, 0.08118713643540876, 1.0], "features": ["SMA20_dist", "SMA50_dist", "sma_cross", "RSI14", "MACD", "MACD_sig", "MACD_hist", "BB_width", "BB_pos", "ATR14", "ret_1d", "ret_5d", "vol_10d", "spy_ret_1d", "vix_level", "vix_change", "vix_regime"]}