{"center": [0.0019023452320803915, 0.011456988240754973, 1.0, 50.07459999569559, 0.26713679361310483, 0.5967716837212556, -0.12651466636855302, 0.09066286503735482, 0.5254367450356053, 3.8265003925590895, 0.0010121426050855309, 0.0005595854240065812, 0.014279976293566796, 0.9506239014721831, 0.9336044582451568, 0.0018329931020035772, 17.3799991607666, -0.006670313141271755, 1.0, 0.0, 0.0005284954052575674, 0.02356717012681564, 0.0200220825442321, 0.0, -0.09054997145195996, 0.25269367907932194, 2.0, 6.0, 0.0, -0.0007713643170961237, 0.0022257895319868215, 0.48683796640375776, 0.0035297448768250956], "scale": [0.05114131537959366, 0.09428133701778976, 1.0, 24.558667098880306, 4.346360939389243, 4.363475888508097, 1.0599722660300859, 0.0543512342320453, 0.5350996545111975, 1.1184134141950386, 0.01768751888872999, 0.03786893154702198, 0.007293231965743628, 0.37825792530814195, 1.0867663894334303, 0.009415340776807335, 3.924999713897705, 0.08455290988031944, 1.0, 1.0, 0.10939370439052931, 0.188077802831441, 0.16194034073368963, 0.13661821314013578, 0.08694108063066056, 0.12416936877948231, 2.0, 7.0, 1.0, 0.027323724616667044, 0.014694068927200432, 0.3144934322422661, 0.04932971653999446], "features": ["SMA20_dist", "SMA50_dist", "sma_cross", "RSI14", "MACD", "MACD_sig", "MACD_hist", "BB_width", "BB_pos", "ATR14", "ret_1d", "ret_5d", "vol_10d", "vol_ratio", "obv_trend", "spy_ret_1d", "vix_level", "vix_change", "vix_regime", "asset_class", "ret_1m", "ret_3m", "ret_6m", "ret_12m", "high52w_dist", "low52w_dist", "day_of_week", "month", "is_options_expiry", "btc_ret_1d", "gold_ret_1d", "corr_spy_20d", "vwap_dist"]}