{"center": [0.006321884859983613, 0.019619922873539617, 1.0, 54.15681366321496, 6.858575548489284, 6.055916300124036, -0.3986265586115323, 0.09625214839989052, 0.5945554266777433, 21.39611400639173, 0.00037267705884724833, 0.004210686331760138, 0.013432726974328752, 0.9597292830230062, 1.044255322370769, 0.0007044991031190939, 17.649999618530273, -0.004632673488730754, 1.0, 0.0, 0.01607543153280222, 0.014005213884191736, 0.010774019688115644, 0.0323841174749353, -0.08069572450174507, 0.29302616170727386, 2.0, 6.0, 0.0, 0.0007548627203146641, 0.0015263333689308212, 0.6403128697794057, 0.00788399069757969], "scale": [0.04562580658081583, 0.08294158940397121, 1.0, 23.618865681828176, 22.430106794046196, 22.041091556038193, 6.112343468835771, 0.05755306096715426, 0.48333529751687343, 7.395979303953595, 0.01529289461916683, 0.0440262534537148, 0.007226372183064074, 0.4000610169640678, 0.20081535626186287, 0.009609868470989436, 4.150001525878906, 0.08190279919644927, 1.0, 1.0, 0.09014517019660107, 0.17014849839656043, 0.1430145959891217, 0.1491892703283595, 0.09664264816837462, 0.1447263849870685, 2.0, 7.0, 1.0, 0.027914234797974502, 0.015649660956342903, 0.3116279342456251, 0.045280944302845474], "features": ["SMA20_dist", "SMA50_dist", "sma_cross", "RSI14", "MACD", "MACD_sig", "MACD_hist", "BB_width", "BB_pos", "ATR14", "ret_1d", "ret_5d", "vol_10d", "vol_ratio", "obv_trend", "spy_ret_1d", "vix_level", "vix_change", "vix_regime", "asset_class", "ret_1m", "ret_3m", "ret_6m", "ret_12m", "high52w_dist", "low52w_dist", "day_of_week", "month", "is_options_expiry", "btc_ret_1d", "gold_ret_1d", "corr_spy_20d", "vwap_dist"]}