{"center": [0.0037893683580796367, 0.013588477230122381, 1.0, 51.813418471625624, 0.21158951411057103, 0.24186821276620266, -0.0035996537873002055, 0.07067948152529813, 0.5801686509871298, 1.2954338479192071, 0.0016198191189020772, 0.0023274277256355447, 0.010484103970018751, 0.9142836517203728, 1.049904395530821, 0.001375736572713837, 17.440000534057617, -0.005720161498773413, 1.0, 0.0, 0.00732670343789299, 0.05053280475672195, 0.08792116657662774, 0.12314706775797113, -0.0359357730906127, 0.29199685126519803, 2.0, 6.0, 0.0, -0.0008264678561502592, 0.0019715725978484144, 0.07199495261008486, 0.00446735919333271], "scale": [0.03406517029206766, 0.05017155379153647, 1.0, 21.686379679262913, 0.873958721410915, 0.8672438801949711, 0.40803294117241856, 0.031775100802055825, 0.4818333114002209, 0.39003024004056597, 0.013756634187608197, 0.03141046442881951, 0.005881183732484488, 0.4206167409234185, 0.1282852356024372, 0.009256419689441908, 3.6700000762939453, 0.0854280739836843, 1.0, 1.0, 0.06062911812119298, 0.08872558245500994, 0.13510985178225554, 0.20940864029749984, 0.0464665117773325, 0.10189103890931137, 2.0, 7.0, 1.0, 0.029035949010116968, 0.01446976171250014, 0.40705093138397536, 0.034434399842011736], "features": ["SMA20_dist", "SMA50_dist", "sma_cross", "RSI14", "MACD", "MACD_sig", "MACD_hist", "BB_width", "BB_pos", "ATR14", "ret_1d", "ret_5d", "vol_10d", "vol_ratio", "obv_trend", "spy_ret_1d", "vix_level", "vix_change", "vix_regime", "asset_class", "ret_1m", "ret_3m", "ret_6m", "ret_12m", "high52w_dist", "low52w_dist", "day_of_week", "month", "is_options_expiry", "btc_ret_1d", "gold_ret_1d", "corr_spy_20d", "vwap_dist"]}