{"center": [0.014135788743625415, 0.045998677569915644, 1.0, 56.69641791888769, 0.6031516308051579, 0.6459024602716716, -0.023830486263162975, 0.09680482340077157, 0.6424205443793846, 1.3040667846448595, 0.0027607253695439704, 0.007711040023958504, 0.01369068327089679, 0.9677839149174308, 1.0297101823198669, 0.0018644481810382585, 17.22499942779541, -0.010105145627009537, 1.0, 0.0, 0.028225378047762817, 0.1156387484006175, 0.15699909934080813, 0.04612283326911981, -0.03391962917085208, 0.47109809738447406, 2.0, 6.0, 0.0, 0.0005619890716248577, 0.0017661798901260628, 0.2627280677511285, 0.01488463949718727], "scale": [0.04618297686204231, 0.055198585033929756, 1.0, 25.156139905091635, 0.8247861975799662, 0.7317404492175092, 0.4404011361695733, 0.08030650699936492, 0.4651582142966555, 0.43735188613717946, 0.016824635067939853, 0.04336841954634679, 0.009068517792693773, 0.5378305198104776, 0.14790673017451317, 0.00884638093161208, 3.557499885559082, 0.07968073879190199, 1.0, 1.0, 0.08740627582365615, 0.15418901548804687, 0.2856889836464443, 0.47102455558852674, 0.07173938379657756, 0.2500001644872341, 2.0, 7.0, 1.0, 0.023959606800782934, 0.014737647710209939, 0.4281407493352454, 0.04711542402521894], "features": ["SMA20_dist", "SMA50_dist", "sma_cross", "RSI14", "MACD", "MACD_sig", "MACD_hist", "BB_width", "BB_pos", "ATR14", "ret_1d", "ret_5d", "vol_10d", "vol_ratio", "obv_trend", "spy_ret_1d", "vix_level", "vix_change", "vix_regime", "asset_class", "ret_1m", "ret_3m", "ret_6m", "ret_12m", "high52w_dist", "low52w_dist", "day_of_week", "month", "is_options_expiry", "btc_ret_1d", "gold_ret_1d", "corr_spy_20d", "vwap_dist"]}