{"center": [0.005335745702633245, 0.016563019069176593, 1.0, 52.79142570479999, 1.454816410404078, 1.315068952334459, -0.134307635247348, 0.07143526809031474, 0.5831254288740042, 5.410523981427921, 0.0010284405245670758, 0.0038974666980684525, 0.011075329013535456, 0.9482922723948263, 1.0172615153201299, 0.0009012287764704752, 17.479999542236328, -0.005579556721748813, 1.0, 0.0, 0.01622625641292541, 0.03927950015931336, 0.025871878225825595, 0.0928824141740765, -0.04644253107913351, 0.2532533420806005, 2.0, 6.0, 0.0, -0.0016352711961346023, 0.0019383092584315254, 0.387943389581545, 0.005488326383038295], "scale": [0.032821617368135346, 0.055384351161185064, 1.0, 20.957281179511995, 4.024992935983931, 3.640338707321159, 1.3867697995192878, 0.05212666890360777, 0.5015305792729055, 2.074992841780749, 0.01410927877598972, 0.03331181697322949, 0.005726766719471324, 0.43574384119572007, 0.22320426654160075, 0.00898069577194982, 4.005000114440918, 0.07690808596479609, 1.0, 1.0, 0.06460608047074251, 0.10735063122447464, 0.18644158917535691, 0.2606700817791986, 0.0941755868388286, 0.3277152641238122, 2.0, 7.0, 1.0, 0.02784782135530245, 0.014092933623375437, 0.29854083499913203, 0.03094959966318233], "features": ["SMA20_dist", "SMA50_dist", "sma_cross", "RSI14", "MACD", "MACD_sig", "MACD_hist", "BB_width", "BB_pos", "ATR14", "ret_1d", "ret_5d", "vol_10d", "vol_ratio", "obv_trend", "spy_ret_1d", "vix_level", "vix_change", "vix_regime", "asset_class", "ret_1m", "ret_3m", "ret_6m", "ret_12m", "high52w_dist", "low52w_dist", "day_of_week", "month", "is_options_expiry", "btc_ret_1d", "gold_ret_1d", "corr_spy_20d", "vwap_dist"]}