{"center": [0.011492097074283952, 0.016884915472590578, 1.0, 55.58697499584088, 0.10479518158424739, 0.09607252877868054, 0.01645586225286738, 0.13997681584830474, 0.6117697158911627, 0.6074285507202148, 0.0009736908465012295, 0.004858063666122847, 0.021030940630738622, 0.9403254972875226, 0.9947870851009107, 0.0017923273750353186, 17.440000534057617, -0.008114863341212808, 1.0, 0.0, 0.028885129943528653, 0.0698725004865064, 0.06193243056607178, 0.0719957995920757, -0.15738588736192854, 0.2675150923347153, 2.0, 6.0, 0.0, 0.0007548627203146641, 0.0015753722020723782, 0.21770255847467454, 0.008964031219061174], "scale": [0.06930231256738432, 0.12478284273400835, 1.0, 25.166318534152737, 0.7201844098030232, 0.6630738441647943, 0.19979810541227627, 0.11039646604976283, 0.5099917750362906, 0.4367145129612514, 0.029534264904672924, 0.06429980178835248, 0.012104814951145956, 0.7387566958730394, 0.581284810786993, 0.00869326639705903, 3.8000001907348633, 0.0732477660320976, 1.0, 1.0, 0.13760650153363108, 0.25494112576261335, 0.28189955372651443, 0.39919992657692993, 0.1447397638777289, 0.38391741552134695, 2.0, 6.0, 1.0, 0.02641705693740215, 0.014123187317951091, 0.4770916950184754, 0.06852091462381554], "features": ["SMA20_dist", "SMA50_dist", "sma_cross", "RSI14", "MACD", "MACD_sig", "MACD_hist", "BB_width", "BB_pos", "ATR14", "ret_1d", "ret_5d", "vol_10d", "vol_ratio", "obv_trend", "spy_ret_1d", "vix_level", "vix_change", "vix_regime", "asset_class", "ret_1m", "ret_3m", "ret_6m", "ret_12m", "high52w_dist", "low52w_dist", "day_of_week", "month", "is_options_expiry", "btc_ret_1d", "gold_ret_1d", "corr_spy_20d", "vwap_dist"]}