{"center": [0.008122084758884013, 0.02259470910042431, 1.0, 55.68759190092134, 0.31576267595161767, 0.3592582245894943, -0.005858339532166745, 0.060308673892904556, 0.6356799732118021, 0.6461814178746305, 0.00043259343727442, 0.003015090963821132, 0.009192610460396686, 0.7968763865471648, 1.0058392705768378, 0.0004400741058487867, 17.600000381469727, -0.004048598315015806, 1.0, 0.0, 0.019146280698002505, 0.05263498884158202, 0.09112746112558123, 0.11429110457036118, -0.021678169900594697, 0.24853449255819224, 2.0, 6.0, 0.0, -0.00151319093281288, 0.0019404068737312041, 0.7043258390480929, 0.008143558085192888], "scale": [0.027939789363571308, 0.043694164386777985, 1.0, 19.775240089088236, 0.5965647891338008, 0.5803462803036792, 0.18766500547856135, 0.04374459608822772, 0.469398789375329, 0.19652744387194887, 0.012950411547868468, 0.027709999969596, 0.0032038282022307787, 0.4800114592890292, 0.1369455433966772, 0.008815256090881407, 4.159999847412109, 0.08310844574017595, 1.0, 1.0, 0.05465349145258713, 0.0831085091182211, 0.13905358637408227, 0.20880338982747615, 0.05104830568722198, 0.1624856166178211, 2.0, 7.0, 1.0, 0.026164219682322853, 0.014369196627084357, 0.23386238189731579, 0.028892030841443837], "features": ["SMA20_dist", "SMA50_dist", "sma_cross", "RSI14", "MACD", "MACD_sig", "MACD_hist", "BB_width", "BB_pos", "ATR14", "ret_1d", "ret_5d", "vol_10d", "vol_ratio", "obv_trend", "spy_ret_1d", "vix_level", "vix_change", "vix_regime", "asset_class", "ret_1m", "ret_3m", "ret_6m", "ret_12m", "high52w_dist", "low52w_dist", "day_of_week", "month", "is_options_expiry", "btc_ret_1d", "gold_ret_1d", "corr_spy_20d", "vwap_dist"]}