{"center": [0.004745360024389997, 0.0132435998505655, 1.0, 51.2283922557002, 0.11853571863303358, 0.07692153703018631, 0.010303511086941775, 0.09778195422764539, 0.5466241445566231, 1.2120321600122017, 0.0008538519478129558, 0.004230578971979648, 0.016142500970922517, 0.9076317516516794, 1.0169942609589189, 0.001093715365680037, 17.260000228881836, -0.005720161498773413, 1.0, 0.0, 0.00931141502392352, 0.02651992712500828, 0.017914890182170407, 0.0, -0.07937297157785105, 0.32916577295457655, 2.0, 6.0, 0.0, -0.0017695992030517527, 0.001677776649860796, 0.16205235837089002, 0.004528021784225403], "scale": [0.04790081000595563, 0.07497969155098325, 1.0, 21.821059371610943, 1.1343628041087044, 1.082333655943046, 0.32145103122640567, 0.053661052621645736, 0.4952260364345678, 0.3247968523882243, 0.02110562452649245, 0.04652417737218717, 0.00883313298601774, 0.3944089934724483, 0.11325830715371366, 0.00917997074766641, 3.5799989700317383, 0.08106207695896595, 1.0, 1.0, 0.08529369569567236, 0.1874433474500835, 0.33910271584589713, 0.04036213521717369, 0.19126168009008535, 0.22151094047712344, 2.0, 7.0, 1.0, 0.028258729350997047, 0.016671328478883085, 0.4618468733868445, 0.047276231504498945], "features": ["SMA20_dist", "SMA50_dist", "sma_cross", "RSI14", "MACD", "MACD_sig", "MACD_hist", "BB_width", "BB_pos", "ATR14", "ret_1d", "ret_5d", "vol_10d", "vol_ratio", "obv_trend", "spy_ret_1d", "vix_level", "vix_change", "vix_regime", "asset_class", "ret_1m", "ret_3m", "ret_6m", "ret_12m", "high52w_dist", "low52w_dist", "day_of_week", "month", "is_options_expiry", "btc_ret_1d", "gold_ret_1d", "corr_spy_20d", "vwap_dist"]}