{"center": [-0.009969457233207333, -0.02769638757109684, 0.0, 45.896852899437775, -0.12418695739749008, -0.11253873478963425, -0.0008339507900831516, 0.10106243267406019, 0.3904203980832116, 0.24816181488334166, -0.0008515700777748103, -0.0050649238532018415, 0.011956443863459464, 0.8920504926855655, 1.0706587774184997, 0.0014362351251661076, 17.80500030517578, -0.007872701910300317, 1.0, 0.0, -0.026164488974304678, -0.03860875055746482, -0.025160606216891257, 0.0, -0.19927156315911493, 0.1459418797191862, 2.0, 6.0, 0.0, -0.0005528134329213508, 0.0019734088135637817, 0.320262055394205, -0.007326956684553052], "scale": [0.04829680695224073, 0.08958126918983106, 1.0, 25.796355612132118, 0.4496580545509308, 0.45140556571986445, 0.11234914398655865, 0.08375682902385548, 0.5017099284746633, 0.0838191377701929, 0.016709301141346444, 0.0457329866205643, 0.006340494989385827, 0.742100028484626, 0.505966444843603, 0.009372240306709634, 4.335000514984131, 0.08166668841357566, 1.0, 1.0, 0.08951499202974722, 0.19075747010249908, 0.15764861978249117, 0.09081904370100558, 0.11660807252547432, 0.23571617997714625, 2.0, 7.0, 1.0, 0.028045845234045602, 0.01598712352540027, 0.43757602850271166, 0.044787680800074114], "features": ["SMA20_dist", "SMA50_dist", "sma_cross", "RSI14", "MACD", "MACD_sig", "MACD_hist", "BB_width", "BB_pos", "ATR14", "ret_1d", "ret_5d", "vol_10d", "vol_ratio", "obv_trend", "spy_ret_1d", "vix_level", "vix_change", "vix_regime", "asset_class", "ret_1m", "ret_3m", "ret_6m", "ret_12m", "high52w_dist", "low52w_dist", "day_of_week", "month", "is_options_expiry", "btc_ret_1d", "gold_ret_1d", "corr_spy_20d", "vwap_dist"]}