{"center": [-0.004716767491615322, -0.023214891034648813, 0.0, 48.81266258389946, -0.23993845100734035, -0.2674340094230674, 0.02459106790626253, 0.13311825671983207, 0.44698816754033077, 1.2578574589320592, -0.00029962007351613806, -0.0058434978897641265, 0.019567351856433483, 0.8987810280520743, 1.0207964290502878, 0.001151824796685963, 17.479999542236328, -0.005025144893802347, 1.0, 0.0, -0.014526614472384458, -0.06324526504926675, -0.13219992653247303, -0.24878662388738282, -0.3351648333653954, 0.13144689938539206, 2.0, 6.0, 0.0, 0.0003224981011604733, 0.0015263333689308212, 0.37818957879808623, -0.0032960039774738003], "scale": [0.07694725984920749, 0.11653958238043914, 1.0, 24.933604953915072, 1.566948661922865, 1.4969232000074202, 0.4493467756963071, 0.08130021635928553, 0.5387063556489546, 0.35928555897304015, 0.025244851210008523, 0.05917031588958038, 0.00963273399288004, 0.4309556978918685, 0.17388258126411782, 0.00930017025809482, 4.265000343322754, 0.0858556820321616, 1.0, 1.0, 0.12905197557685494, 0.19188230018907437, 0.16951200842807485, 0.34872531565769016, 0.21975540214313366, 0.1387727525211044, 2.0, 7.0, 1.0, 0.027004705489436065, 0.015742801619155256, 0.3525572910095589, 0.07389818281125704], "features": ["SMA20_dist", "SMA50_dist", "sma_cross", "RSI14", "MACD", "MACD_sig", "MACD_hist", "BB_width", "BB_pos", "ATR14", "ret_1d", "ret_5d", "vol_10d", "vol_ratio", "obv_trend", "spy_ret_1d", "vix_level", "vix_change", "vix_regime", "asset_class", "ret_1m", "ret_3m", "ret_6m", "ret_12m", "high52w_dist", "low52w_dist", "day_of_week", "month", "is_options_expiry", "btc_ret_1d", "gold_ret_1d", "corr_spy_20d", "vwap_dist"]}