{"center": [0.006222905715870537, 0.030103110572369546, 1.0, 54.26539788143579, 0.21773703848335657, 0.2290657980735094, -0.007257175635852264, 0.09896876208281401, 0.5749742222924973, 0.4941142251812679, 0.0012442928553919597, 0.003351993343805537, 0.013880683214944184, 0.001151711603039951, 17.520000457763672, -0.006733946910202238], "scale": [0.060380694307120265, 0.06730798422770792, 1.0, 29.754749336113747, 0.6054862389709719, 0.5143802257302322, 0.22252588283495678, 0.05801661777248063, 0.5809572567051249, 0.1812778618909629, 0.017613805616587486, 0.04471259143794626, 0.005973704732869661, 0.009221946869500508, 4.375, 0.0823618654946916], "features": ["SMA20_dist", "SMA50_dist", "sma_cross", "RSI14", "MACD", "MACD_sig", "MACD_hist", "BB_width", "BB_pos", "ATR14", "ret_1d", "ret_5d", "vol_10d", "spy_ret_1d", "vix_level", "vix_change"]}