{"center": [0.003471210495164411, 0.026699210836737076, 1.0, 51.332302349052455, 3.066500226655762, 1.9952242095138897, -0.15225933674688275, 0.1987184548278968, 0.5230525762576299, 16.446072169712615, 0.0014392319415058585, -0.007634663039457423, 0.029951684407257567, 0.9407417525151125, 1.0178566370668558, 0.0007458918092195788, 17.355000495910645, -0.007286293642272013, 1.0, 0.0, 0.005064990812015613, 0.06601198601804648, 0.01491795110562033, 0.059726187149212406, -0.1757238117674894, 0.6990219882915167, 2.0, 6.0, 0.0, -0.0003184371753567339, 0.0016024120815585352, 0.6107481746295, 0.004037184561983513], "scale": [0.10509824275901553, 0.16952978813246636, 1.0, 23.90751018304946, 17.339210192663074, 15.593577083613997, 5.096960425400316, 0.15137713879514197, 0.5213073862865361, 4.980890546526226, 0.04587028349725025, 0.09085594486106921, 0.012560150218185948, 0.3145478239396686, 0.223126408804606, 0.008942758951712038, 4.3025007247924805, 0.0803978215862497, 1.0, 1.0, 0.2090605007600305, 0.3545947563453567, 0.38675696627433326, 0.3425133104346932, 0.21115580640357362, 0.457052860849814, 2.0, 7.0, 1.0, 0.02704925535044861, 0.014370039109625532, 0.27157643178321145, 0.10141121776661621], "features": ["SMA20_dist", "SMA50_dist", "sma_cross", "RSI14", "MACD", "MACD_sig", "MACD_hist", "BB_width", "BB_pos", "ATR14", "ret_1d", "ret_5d", "vol_10d", "vol_ratio", "obv_trend", "spy_ret_1d", "vix_level", "vix_change", "vix_regime", "asset_class", "ret_1m", "ret_3m", "ret_6m", "ret_12m", "high52w_dist", "low52w_dist", "day_of_week", "month", "is_options_expiry", "btc_ret_1d", "gold_ret_1d", "corr_spy_20d", "vwap_dist"]}