{"center": [0.0022564397608474855, 0.006733241370563348, 1.0, 52.878286408399134, 0.2637923408796965, 0.23267289526693527, 0.012196289709915029, 0.06319119894527006, 0.542055017169768, 1.8029556464859517, 0.0003332046798709687, 0.0006553440116313647, 0.010062842962695807, 0.9740453965010984, 1.0212462447671646, 0.0019456359074784269, 17.289999961853027, -0.00980141759376807, 1.0, 0.0, 0.006347504761882061, 0.02158014565072519, 0.03843898214379604, 0.06833346842339316, -0.040238877275614475, 0.17905630525894475, 2.0, 6.0, 0.0, 0.001001153013906797, 0.0005336452493653887, -0.1367815388664465, 0.004101788032006753], "scale": [0.029989807435511565, 0.045113404397186044, 1.0, 19.803092227710906, 1.5990767440893023, 1.5873947065205385, 0.5267046470207477, 0.034446011543437696, 0.5048193854777755, 0.451671963046018, 0.01390289467130007, 0.031142222710881323, 0.0034272519330287177, 0.3630424999285975, 0.12464790691805039, 0.009037313750809906, 3.9449994564056396, 0.07634435160726866, 1.0, 1.0, 0.05498489287641617, 0.08884116854391144, 0.06988580399879923, 0.11977349956954203, 0.043716261907875614, 0.05699646131938205, 2.0, 7.0, 1.0, 0.025932099905007583, 0.015014689581545476, 0.347134848915286, 0.02944812237878259], "features": ["SMA20_dist", "SMA50_dist", "sma_cross", "RSI14", "MACD", "MACD_sig", "MACD_hist", "BB_width", "BB_pos", "ATR14", "ret_1d", "ret_5d", "vol_10d", "vol_ratio", "obv_trend", "spy_ret_1d", "vix_level", "vix_change", "vix_regime", "asset_class", "ret_1m", "ret_3m", "ret_6m", "ret_12m", "high52w_dist", "low52w_dist", "day_of_week", "month", "is_options_expiry", "btc_ret_1d", "gold_ret_1d", "corr_spy_20d", "vwap_dist"]}