{"center": [0.008036562192079594, 0.012119421541631249, 1.0, 54.42374198281765, 1.6956547232114758, 1.4369845720916032, 0.3422896902833559, 0.09055176471956888, 0.588409909917607, 11.060360499790736, 0.0013586105028221551, 0.003635004977746159, 0.01479196730427763, 0.943731974985903, 1.0333205429864827, 0.0004954919806137159, 17.239999771118164, -0.004577499019404185, 1.0, 0.0, 0.017338696262297892, -0.014148581962856177, 0.0, 0.0, -0.10641572643382013, 0.1673535996921074, 2.0, 6.0, 0.0, -0.0005411751597558245, 0.001650071760848859, 0.28273607636195097, 0.008597022541772331], "scale": [0.04697051558055186, 0.0781287449562543, 1.0, 19.308489208833265, 10.29021407177693, 8.92894380275149, 2.364492680888242, 0.04576267300525544, 0.5092477181098495, 3.7462550571986615, 0.02164333791663292, 0.04943190187772556, 0.007326735804989331, 0.41703320339441285, 0.44432303064524514, 0.008623447444781246, 4.240001201629639, 0.08059189803848443, 1.0, 1.0, 0.07935101533711675, 0.1798240449972066, 0.07501720675535103, 0.059827660246857095, 0.07730113874156536, 0.15219339290471173, 2.0, 7.0, 1.0, 0.027967879375622923, 0.015171928545476138, 0.22849490489037824, 0.04456571031380735], "features": ["SMA20_dist", "SMA50_dist", "sma_cross", "RSI14", "MACD", "MACD_sig", "MACD_hist", "BB_width", "BB_pos", "ATR14", "ret_1d", "ret_5d", "vol_10d", "vol_ratio", "obv_trend", "spy_ret_1d", "vix_level", "vix_change", "vix_regime", "asset_class", "ret_1m", "ret_3m", "ret_6m", "ret_12m", "high52w_dist", "low52w_dist", "day_of_week", "month", "is_options_expiry", "btc_ret_1d", "gold_ret_1d", "corr_spy_20d", "vwap_dist"]}