{"center": [0.01961560773339798, 0.05359295083269805, 1.0, 59.408326326040246, 2.1547254950351373, 2.0590258825111434, 0.02222782663304712, 0.10813296645327806, 0.704029937737539, 3.2408108322047537, 0.001841389931986126, 0.008770520040660368, 0.015123940688902975, 0.9425532365469572, 1.0311386144614092, 0.0010391464108796544, 17.74000072479248, -0.007856395917702375, 1.0, 0.0, 0.048221068615980855, 0.12619834562537158, 0.19179264722385692, 0.3196924196840759, -0.027738759986049216, 0.5764420351546798, 2.0, 6.0, 0.0, 0.00035304210520692436, 0.0016024120815585352, 0.6903624464878269, 0.02167031369075443], "scale": [0.05390824073010826, 0.08820692355471886, 1.0, 27.25574158615268, 3.4698436688289362, 3.2021888535358842, 0.9985702854180013, 0.09224105198972145, 0.4431600210203221, 1.8911544347822788, 0.019196021384933953, 0.048895583474964754, 0.009291172283716434, 0.40551602355531435, 0.08807934575153631, 0.009169638056744034, 4.502500057220459, 0.08224238142565965, 1.0, 1.0, 0.11167524336605344, 0.1692309062742854, 0.28232965626782, 0.49688655979908836, 0.07028511471054395, 0.288309604058948, 2.0, 7.0, 1.0, 0.026642065007556337, 0.01521009405864876, 0.19126130473537883, 0.048454518660411394], "features": ["SMA20_dist", "SMA50_dist", "sma_cross", "RSI14", "MACD", "MACD_sig", "MACD_hist", "BB_width", "BB_pos", "ATR14", "ret_1d", "ret_5d", "vol_10d", "vol_ratio", "obv_trend", "spy_ret_1d", "vix_level", "vix_change", "vix_regime", "asset_class", "ret_1m", "ret_3m", "ret_6m", "ret_12m", "high52w_dist", "low52w_dist", "day_of_week", "month", "is_options_expiry", "btc_ret_1d", "gold_ret_1d", "corr_spy_20d", "vwap_dist"]}