{"center": [0.016342827991017665, 0.03590098875053295, 1.0, 54.423568715124524, 0.35002796732680075, 0.3289216701961566, 0.04475112840252586, 0.19711038754747717, 0.5957122841947702, 1.2724703127706214, 0.0003560584270823064, 0.010087124439422723, 0.02561057227779253, 0.9119783088080469, 1.024147176651327, 0.0014518776577850945, 17.389999389648438, -0.005700987146387504, 1.0, 0.0, 0.03179270514780663, 0.06999823966136531, 0.13153881881645058, 0.4037486360447289, -0.12315451295008756, 0.8726554071102377, 2.0, 6.0, 0.0, 0.001116865745559581, 0.0016536143054527441, 0.5368495357875178, 0.01314910954022937], "scale": [0.10401226633369298, 0.1908128861075957, 1.0, 28.939945767376095, 1.757817081642318, 1.7465930539345624, 0.47346341227437216, 0.10574756108147473, 0.5632045761660345, 1.3019208585417628, 0.03601007311158538, 0.08778221792368615, 0.013720845679461038, 0.4633352799311352, 0.2834910519598771, 0.008552066007219083, 3.77500057220459, 0.07917246541194983, 1.0, 1.0, 0.2070812901724803, 0.29959037717991527, 0.39999366184751434, 0.8000254763284393, 0.15680535400484782, 1.0833067752964998, 2.0, 7.0, 1.0, 0.029917738502536456, 0.015454757133226527, 0.3265745784228086, 0.104067682543676], "features": ["SMA20_dist", "SMA50_dist", "sma_cross", "RSI14", "MACD", "MACD_sig", "MACD_hist", "BB_width", "BB_pos", "ATR14", "ret_1d", "ret_5d", "vol_10d", "vol_ratio", "obv_trend", "spy_ret_1d", "vix_level", "vix_change", "vix_regime", "asset_class", "ret_1m", "ret_3m", "ret_6m", "ret_12m", "high52w_dist", "low52w_dist", "day_of_week", "month", "is_options_expiry", "btc_ret_1d", "gold_ret_1d", "corr_spy_20d", "vwap_dist"]}