{"center": [0.008237180929444398, 0.033707188520889546, 1.0, 55.95666988882406, 2.5762709562345663, 2.557783656305157, -0.11683639456230921, 0.09147899604323946, 0.6145880197725146, 5.432126688807076, -0.0008151330734752493, 0.001996943566264564, 0.0139842660030666, 0.9211998367927136, 1.028161376932617, 0.001151824796685963, 17.479999542236328, -0.010067088749702191, 1.0, 0.0, 0.023526353355835417, 0.07374169431462607, 0.08534019262026749, 0.07858795111353278, -0.03314747798826029, 0.30898832549070965, 2.0, 6.0, 0.0, -9.567341618454961e-05, 0.0006461951944911615, 0.5835419420689621, 0.00954220158969412], "scale": [0.0452874629928537, 0.06638469082437835, 1.0, 24.07181670724969, 4.90042195521238, 4.433288694999939, 1.935839471314303, 0.061002098210763314, 0.5032615615730484, 2.653350581988926, 0.015579626758137954, 0.038204523191109396, 0.0057523802550506035, 0.3439792606897667, 0.2440038209444504, 0.00857445319597372, 4.4800004959106445, 0.07580542220077918, 1.0, 1.0, 0.08819044966153483, 0.11943229137831723, 0.16790990986768517, 0.2363073420633992, 0.06036130305982249, 0.15633507615404757, 2.0, 7.0, 1.0, 0.027505026805162813, 0.01599791185143623, 0.4142051937182356, 0.04317855918827063], "features": ["SMA20_dist", "SMA50_dist", "sma_cross", "RSI14", "MACD", "MACD_sig", "MACD_hist", "BB_width", "BB_pos", "ATR14", "ret_1d", "ret_5d", "vol_10d", "vol_ratio", "obv_trend", "spy_ret_1d", "vix_level", "vix_change", "vix_regime", "asset_class", "ret_1m", "ret_3m", "ret_6m", "ret_12m", "high52w_dist", "low52w_dist", "day_of_week", "month", "is_options_expiry", "btc_ret_1d", "gold_ret_1d", "corr_spy_20d", "vwap_dist"]}