{"center": [0.03720644923310293, 0.07789759566596913, 1.0, 54.11351539861158, 0.5196796020812435, 0.4897292803513596, 0.07435529182249864, 0.3861150214599117, 0.6183653008193746, 2.490480367537491, 0.006685718209462954, 0.034012282773069114, 0.05659862068228287, 0.9193337507398834, 1.0446100064220536, 0.0007457891330568955, 17.38499927520752, -0.0067330833557224246, 1.0, 0.0, 0.05512676684541318, 0.25814151653152795, 0.05076688833487508, 0.0, -0.3753913432597966, 2.2988798963645465, 2.0, 6.0, 0.0, -0.0015742310644737412, 0.001423505566895189, 0.7890762107096746, 0.05114121913627481], "scale": [0.1867679950202046, 0.3529892846711846, 1.0, 22.330946981232415, 2.8576834515509137, 2.7321584177927605, 0.8262217042560422, 0.25351774053695636, 0.5209068217329196, 2.616150242391849, 0.07956047311468786, 0.1826416027875181, 0.02868065035228401, 0.3418308485021786, 0.2649681939516113, 0.008931143347548076, 4.012500047683716, 0.07774996185905253, 1.0, 1.0, 0.4037005215732, 0.7235638549287395, 1.397060630735228, 0.9753910726371103, 0.4447491639806412, 4.891383830875873, 2.0, 7.0, 1.0, 0.02695285106103215, 0.01436704570019287, 0.15560355452878127, 0.19712975918447612], "features": ["SMA20_dist", "SMA50_dist", "sma_cross", "RSI14", "MACD", "MACD_sig", "MACD_hist", "BB_width", "BB_pos", "ATR14", "ret_1d", "ret_5d", "vol_10d", "vol_ratio", "obv_trend", "spy_ret_1d", "vix_level", "vix_change", "vix_regime", "asset_class", "ret_1m", "ret_3m", "ret_6m", "ret_12m", "high52w_dist", "low52w_dist", "day_of_week", "month", "is_options_expiry", "btc_ret_1d", "gold_ret_1d", "corr_spy_20d", "vwap_dist"]}