{"center": [0.0019968513403607474, 0.0044220935354065466, 0.0, 51.76945240510528, 0.12677562346161153, 0.09086151625047269, 0.025490255087535107, 0.08573543365567318, 0.5290753219567939, 1.2332173805011095, -0.00025386131581495164, 0.0, 0.010553554197634015, 0.9066101957780375, 1.0422449842098247, 0.0009012287764704752, 17.440000534057617, -0.005720161498773413, 1.0, 0.0, 0.0004456718009806515, 0.009532177278937404, 0.0, 0.0, -0.11012102029059775, 0.11213565663747925, 2.0, 6.0, 0.0, -0.00151319093281288, 0.0019763991077348386, -0.08029610067220366, 0.0016632021073192205], "scale": [0.04416192162627096, 0.06984665442701296, 1.0, 32.04254427551716, 1.6339240874823417, 1.407183164747864, 0.5103998805459417, 0.05507586913781932, 0.5520323873301933, 0.46696667386175705, 0.013006169386940658, 0.03531369984144339, 0.005459396828900063, 0.3541508196222475, 0.2979384777597305, 0.009027086715362731, 3.8350000381469727, 0.08403387695784015, 1.0, 1.0, 0.0880724691138346, 0.182259948362676, 0.12433483158837327, 0.04196745020775361, 0.08944397112000274, 0.12427641896414696, 2.0, 7.0, 1.0, 0.029090915875369217, 0.014932414656947945, 0.38308632390752473, 0.047861024006573355], "features": ["SMA20_dist", "SMA50_dist", "sma_cross", "RSI14", "MACD", "MACD_sig", "MACD_hist", "BB_width", "BB_pos", "ATR14", "ret_1d", "ret_5d", "vol_10d", "vol_ratio", "obv_trend", "spy_ret_1d", "vix_level", "vix_change", "vix_regime", "asset_class", "ret_1m", "ret_3m", "ret_6m", "ret_12m", "high52w_dist", "low52w_dist", "day_of_week", "month", "is_options_expiry", "btc_ret_1d", "gold_ret_1d", "corr_spy_20d", "vwap_dist"]}