{"center": [0.011293184225076698, 0.033047140959669714, 1.0, 55.6262339178475, 1.472024128437269, 1.4419763948171365, 0.010894979510378988, 0.08512192586933026, 0.6366807159877113, 2.8267374311671256, 0.0005993603829521632, 0.004667813294726653, 0.013083831969798735, 0.9843377539195, 1.0426390670216732, 0.0013579397972762752, 17.690000534057617, -0.006658632403358511, 1.0, 0.0, 0.021792056855312936, 0.0838578182217975, 0.16092709676478778, 0.30250926509894827, -0.029665284074907698, 0.38245504582663387, 2.0, 6.0, 0.0, -0.0008217291810309613, 0.0015263333689308212, 0.35541734006843495, 0.011574319984925533], "scale": [0.04094180499822743, 0.06979908735704242, 1.0, 20.127779053388096, 2.770677672238918, 2.864975880706657, 0.9212802054711107, 0.05196711753906647, 0.5128269432697428, 1.8019386796396129, 0.015945898885583065, 0.038834642446998746, 0.005589166630126744, 0.46974275677994937, 0.1397245818477093, 0.008897886478211992, 4.209999084472656, 0.07477311531277653, 1.0, 1.0, 0.08283508613568613, 0.13760992416382845, 0.24245248426601385, 0.4776867831497442, 0.05322057183269974, 0.27733784009487683, 2.0, 7.0, 1.0, 0.029186780557885594, 0.0159249329490605, 0.30802931916172877, 0.04103897220164643], "features": ["SMA20_dist", "SMA50_dist", "sma_cross", "RSI14", "MACD", "MACD_sig", "MACD_hist", "BB_width", "BB_pos", "ATR14", "ret_1d", "ret_5d", "vol_10d", "vol_ratio", "obv_trend", "spy_ret_1d", "vix_level", "vix_change", "vix_regime", "asset_class", "ret_1m", "ret_3m", "ret_6m", "ret_12m", "high52w_dist", "low52w_dist", "day_of_week", "month", "is_options_expiry", "btc_ret_1d", "gold_ret_1d", "corr_spy_20d", "vwap_dist"]}