{"center": [0.008304214464159692, 0.025350351734389383, 1.0, 53.39598260767717, 0.09836127173716314, 0.08556724338362487, -0.0009945558411375705, 0.0947317911685813, 0.5846877559844234, 0.1835741846954715, 0.0009804936643527107, 0.005159996388801602, 0.013869026271271033, 0.9298764779708039, 1.0200674973616464, 0.001151824796685963, 17.510000228881836, -0.004632673488730754, 1.0, 0.0, 0.0245465365109947, 0.08106203236746512, 0.226499342452803, 0.23192077637506703, -0.0514096655254148, 0.4266561415981209, 2.0, 6.0, 0.0, -0.0007713643170961237, 0.0019383092584315254, 0.15090496415339813, 0.009437145105348443], "scale": [0.0479209259926152, 0.08624949601765558, 1.0, 24.255248388180874, 0.26038794503935137, 0.23715263761310879, 0.07278359086408395, 0.05388979699951266, 0.523654766185636, 0.11196799581312228, 0.01770337000641481, 0.04039987144048057, 0.007209291314581362, 0.37013098859474214, 0.4115714995926969, 0.00951522461696419, 4.454998970031738, 0.08456996199333566, 1.0, 1.0, 0.09594547115763224, 0.1600246934977806, 0.29832967937321175, 0.5504315136232335, 0.07397249366238667, 0.516581952249828, 2.0, 7.0, 1.0, 0.027102755712159643, 0.0163616612765507, 0.4363242456684857, 0.04926718717465041], "features": ["SMA20_dist", "SMA50_dist", "sma_cross", "RSI14", "MACD", "MACD_sig", "MACD_hist", "BB_width", "BB_pos", "ATR14", "ret_1d", "ret_5d", "vol_10d", "vol_ratio", "obv_trend", "spy_ret_1d", "vix_level", "vix_change", "vix_regime", "asset_class", "ret_1m", "ret_3m", "ret_6m", "ret_12m", "high52w_dist", "low52w_dist", "day_of_week", "month", "is_options_expiry", "btc_ret_1d", "gold_ret_1d", "corr_spy_20d", "vwap_dist"]}