{"center": [0.00036585187509088224, -0.002154660160401246, 0.0, 50.25069902056683, -0.01705653064338364, -0.028580913884578483, 0.004447448954683818, 0.03989336585169269, 0.5148995280440967, 0.4561341597528441, 0.0005006128130217169, -0.0006866259029503774, 0.0059203009162674455, 0.8865545849780305, 1.0148608683780753, 0.0013669449636797282, 17.61500072479248, -0.005254864671583648, 1.0, 0.0, 0.000840626590075999, 0.0, 0.0, 0.0, -0.054576193742097184, 0.06414343664662901, 2.0, 6.0, 0.0, -0.0014998349928206922, 0.001865606425999089, 0.17168401386105175, 0.0005815885591680676], "scale": [0.018934541398791062, 0.025605727253652733, 1.0, 22.384069280612017, 0.4144173052263511, 0.38555622628753683, 0.1618165047559043, 0.023179094519459563, 0.5100018255762555, 0.1667218655426269, 0.008310063445533505, 0.016731886973380822, 0.0024720443884167264, 0.47254848690573814, 0.15016222676690671, 0.009100023712531463, 4.414999961853027, 0.08354099228179074, 1.0, 1.0, 0.032901973176816784, 0.04719037830258507, 0.052593097672756245, 0.032680481835301145, 0.059860560652989024, 0.04198954850693216, 2.0, 7.0, 1.0, 0.027533335615086113, 0.016087935450579544, 0.5761737650071797, 0.019869641167516633], "features": ["SMA20_dist", "SMA50_dist", "sma_cross", "RSI14", "MACD", "MACD_sig", "MACD_hist", "BB_width", "BB_pos", "ATR14", "ret_1d", "ret_5d", "vol_10d", "vol_ratio", "obv_trend", "spy_ret_1d", "vix_level", "vix_change", "vix_regime", "asset_class", "ret_1m", "ret_3m", "ret_6m", "ret_12m", "high52w_dist", "low52w_dist", "day_of_week", "month", "is_options_expiry", "btc_ret_1d", "gold_ret_1d", "corr_spy_20d", "vwap_dist"]}