{"center": [-0.006067707500789745, -0.004093601892968738, 0.0, 48.39158638563295, -0.07256956717552043, 0.07836713117176694, -0.17120642193604185, 0.10642627496218719, 0.4193104423332515, 4.2351695507452325, 0.0001075229874789585, -0.0016131047388265873, 0.014937803660396615, 0.9532415498060611, 1.0168106694072419, 0.000984565078659072, 17.440000534057617, -0.007869662158076385, 1.0, 0.0, -0.008181728509340624, -0.00028667789445480096, 0.018153863779884816, 0.0, -0.11549851796494083, 0.20479960879020492, 2.0, 6.0, 0.0, -0.0003109860024155253, 0.0019383092584315254, 0.00311709185291158, -0.007148811430232321], "scale": [0.057253793075958584, 0.081853133525984, 1.0, 25.915051734625308, 4.345110535067548, 3.9799432282310385, 1.3772258304516571, 0.07468788578990188, 0.5514628278504897, 1.3090479800411887, 0.01953135947904716, 0.05156181917167424, 0.006507467638729364, 0.4578693655317334, 0.28871968454247277, 0.00866602795329996, 4.114999771118164, 0.07531137695294787, 1.0, 1.0, 0.10032061972474426, 0.18746760033831134, 0.16550314319868864, 0.11628606043639433, 0.11404050473782427, 0.2141160002565326, 2.0, 7.0, 1.0, 0.026207316483908005, 0.01570013036658452, 0.28865330591126526, 0.06063352742474641], "features": ["SMA20_dist", "SMA50_dist", "sma_cross", "RSI14", "MACD", "MACD_sig", "MACD_hist", "BB_width", "BB_pos", "ATR14", "ret_1d", "ret_5d", "vol_10d", "vol_ratio", "obv_trend", "spy_ret_1d", "vix_level", "vix_change", "vix_regime", "asset_class", "ret_1m", "ret_3m", "ret_6m", "ret_12m", "high52w_dist", "low52w_dist", "day_of_week", "month", "is_options_expiry", "btc_ret_1d", "gold_ret_1d", "corr_spy_20d", "vwap_dist"]}