{"center": [0.008415135683153609, 0.021072300267628106, 1.0, 57.73712688314589, 3.9995400176217117, 4.172338404304385, -0.1929981246005248, 0.05010474271207091, 0.6883392938833611, 6.791793931576008, 0.0003968300492129817, 0.004004603215112201, 0.007611321490904975, 0.9705108634637677, 1.0417303682311292, 0.00155047779484363, 17.440000534057617, -0.005720161498773413, 1.0, 0.0, 0.018976378635009672, 0.045243730756776346, 0.06312144414059428, 0.13924914049057668, -0.009531563906930359, 0.27046868217794845, 2.0, 6.0, 0.0, -0.00032588834829794244, 0.0005168326664386491, 0.9999999999250049, 0.00995432882719806], "scale": [0.02195191671233754, 0.03761757530456127, 1.0, 22.752453275147047, 5.305613799448281, 4.935233879516954, 1.7050710174724018, 0.031004284213327724, 0.4305867351526522, 2.9337835358559285, 0.009138029642910939, 0.023209029847946205, 0.004369451882665033, 0.33687802251436194, 0.22006003630183968, 0.009418003227679828, 3.854999542236328, 0.07998433122257431, 1.0, 1.0, 0.04151292400094525, 0.07126434530869108, 0.11828740545014416, 0.18719024755189761, 0.024727724315235122, 0.18972647986827795, 2.0, 7.0, 1.0, 0.02756562616453767, 0.014458872570924985, 1.748848843519113e-10, 0.020522830250236566], "features": ["SMA20_dist", "SMA50_dist", "sma_cross", "RSI14", "MACD", "MACD_sig", "MACD_hist", "BB_width", "BB_pos", "ATR14", "ret_1d", "ret_5d", "vol_10d", "vol_ratio", "obv_trend", "spy_ret_1d", "vix_level", "vix_change", "vix_regime", "asset_class", "ret_1m", "ret_3m", "ret_6m", "ret_12m", "high52w_dist", "low52w_dist", "day_of_week", "month", "is_options_expiry", "btc_ret_1d", "gold_ret_1d", "corr_spy_20d", "vwap_dist"]}