{"center": [0.0009094066547608249, 0.0029645109706506923, 1.0, 53.29709005556117, 0.09554495866637325, 0.0868509103856811, -0.004320357617537511, 0.01768042529451297, 0.5717220088571884, 0.35473288655078605, 4.956625128493819e-05, 0.00031966020243290316, 0.002568036489098335, 0.9180604042782539, 1.0279021009959783, 0.001401398144692978, 17.6850004196167, -0.007885968150674327, 1.0, 0.0, 0.0029349553060944444, 0.009424111494554244, 0.011171365027338953, 0.029977534117530902, -0.011499685760233176, 0.05646254087511522, 2.0, 6.0, 0.0, 8.154757069173124e-05, 0.0018612345627287974, 0.2012800575744921, 0.0010950417600565606], "scale": [0.00847942296241327, 0.011647290724290122, 1.0, 22.096275117522097, 0.2847295279055899, 0.2933799977051687, 0.12072693462480773, 0.011455307737174281, 0.49173787958856124, 0.12656736036525934, 0.003587575089077838, 0.007039641985455425, 0.0011128336510824641, 0.38203274009571286, 0.3564861292831486, 0.009106280622975471, 4.377499103546143, 0.08174939294692535, 1.0, 1.0, 0.013452375820670381, 0.021362150669858082, 0.036659792671474345, 0.0533596057178059, 0.015597587979244874, 0.027550759499675004, 2.0, 7.0, 1.0, 0.027248551756808292, 0.01462995027564093, 0.5825607955435887, 0.008391558968917035], "features": ["SMA20_dist", "SMA50_dist", "sma_cross", "RSI14", "MACD", "MACD_sig", "MACD_hist", "BB_width", "BB_pos", "ATR14", "ret_1d", "ret_5d", "vol_10d", "vol_ratio", "obv_trend", "spy_ret_1d", "vix_level", "vix_change", "vix_regime", "asset_class", "ret_1m", "ret_3m", "ret_6m", "ret_12m", "high52w_dist", "low52w_dist", "day_of_week", "month", "is_options_expiry", "btc_ret_1d", "gold_ret_1d", "corr_spy_20d", "vwap_dist"]}