{"center": [0.011289256608840899, 0.033149681073489506, 1.0, 52.50491980522299, 0.7609261226286854, 0.8901033334560582, 0.058727233472427254, 0.2634505276966578, 0.5549535355045406, 7.021910876092978, 0.0008377669127094256, 0.005501796061978759, 0.045091228013054395, 0.9022748035007122, 0.9970852416812885, 0.0010391608360230675, 17.329999923706055, -0.006642781425620192, 1.0, 0.0, 0.042918000282727076, 0.050805375017872634, 0.0, 0.0, -0.22662436926021884, 0.786609544980512, 2.0, 7.0, 0.0, -0.0003300754485222601, 0.0008295609063160292, 0.6048721954794154, 0.021974241110416775], "scale": [0.1270485878174843, 0.23023225378705275, 1.0, 19.42144845476202, 5.918810190704129, 6.064268853581309, 1.7191446454307766, 0.12730637979508086, 0.49963137885090736, 5.025137121462718, 0.05869444691335124, 0.13269690634051318, 0.016941720014508173, 0.3833551689235575, 0.2004467470285075, 0.008455611304939353, 3.614999771118164, 0.08248953523819955, 1.0, 1.0, 0.23541445864204796, 0.6188475456910992, 1.334279646202229, 0.7194560558063825, 0.35444596119235494, 2.6885938772044033, 2.0, 6.0, 1.0, 0.026076625178210328, 0.014607253156117467, 0.2147906620472234, 0.13062064762821127], "features": ["SMA20_dist", "SMA50_dist", "sma_cross", "RSI14", "MACD", "MACD_sig", "MACD_hist", "BB_width", "BB_pos", "ATR14", "ret_1d", "ret_5d", "vol_10d", "vol_ratio", "obv_trend", "spy_ret_1d", "vix_level", "vix_change", "vix_regime", "asset_class", "ret_1m", "ret_3m", "ret_6m", "ret_12m", "high52w_dist", "low52w_dist", "day_of_week", "month", "is_options_expiry", "btc_ret_1d", "gold_ret_1d", "corr_spy_20d", "vwap_dist"]}