{"center": [0.0014794854341492801, 0.0037930061218785518, 1.0, 50.904314116300405, 0.04307680474639852, 0.028877466345940433, -0.02527139049970395, 0.07588826131713002, 0.5203026346231834, 0.5711835441227748, -0.0006487566804229683, -0.0029621575212739337, 0.011812673603609153, 0.7977207977207977, 0.9976199920666402, 0.00042208177110447664, 17.790000915527344, -0.005298008058610915, 1.0, 0.0, 0.003068249807268719, -0.017202856013238454, 0.0, 0.0, -0.09734824446869846, 0.14376886763975172, 2.0, 6.0, 0.0, 0.0009202877056453396, 0.0015263333689308212, 0.5577809086995539, -0.0008300735812553126], "scale": [0.037519662590270744, 0.05005285661649164, 1.0, 23.906662235252725, 0.6783733431293797, 0.6597243033218048, 0.24220972668068302, 0.03637902783708666, 0.5128551794890845, 0.11356632486971263, 0.014979231591339626, 0.03676157298481919, 0.0036103958402332274, 0.7547851209823042, 0.2275301024661993, 0.009057303885748214, 4.079999923706055, 0.08560191486817226, 1.0, 1.0, 0.07077257595683928, 0.12180865299142518, 0.08842427003746345, 0.036581274616729775, 0.07637311125678567, 0.09607805021114894, 2.0, 7.0, 1.0, 0.027068621761727973, 0.015165170800731653, 0.342458947930987, 0.040537773358894774], "features": ["SMA20_dist", "SMA50_dist", "sma_cross", "RSI14", "MACD", "MACD_sig", "MACD_hist", "BB_width", "BB_pos", "ATR14", "ret_1d", "ret_5d", "vol_10d", "vol_ratio", "obv_trend", "spy_ret_1d", "vix_level", "vix_change", "vix_regime", "asset_class", "ret_1m", "ret_3m", "ret_6m", "ret_12m", "high52w_dist", "low52w_dist", "day_of_week", "month", "is_options_expiry", "btc_ret_1d", "gold_ret_1d", "corr_spy_20d", "vwap_dist"]}