{"center": [0.0016471399496947984, 0.0032123068740831087, 1.0, 67.57020145066755, 0.09383077760956837, 0.09046759788573316, 0.000404015562473891, 0.005789213548743114, 0.7802518820747234, 0.10900489061274092, 0.00018743240328777944, 0.0008429691693385699, 0.0005727120086003957, 0.8835285736900428, 1.0504685009491792, 0.0009012286833693928, 17.260000228881836, -0.005681812794001595, 1.0, 0.0, 0.003689223165978639, 0.006137204229185178, 0.01412638396206134, 0.030174466647925557, -0.001407602084516829, 0.033548252372873864, 2.0, 6.0, 0.0, -0.0018977187896134229, 0.0017481999132260562, 0.08824826853499984, 0.0016010820845275664], "scale": [0.0026919471342159262, 0.005344477484539182, 1.0, 33.4825226287153, 0.15438802731821966, 0.15535499247257903, 0.03201799439725131, 0.0026116049978111063, 0.46970615571920626, 0.038524971029109456, 0.0007672330014513729, 0.0018846718911244564, 0.00035432216813691597, 0.3557794112893662, 0.11490082859315454, 0.008822419207549781, 3.690000057220459, 0.08107361247841938, 1.0, 1.0, 0.005829243419133712, 0.009125773603815834, 0.010030513073781888, 0.035437873345496196, 0.0035898912071036662, 0.01687187363535972, 2.0, 7.0, 1.0, 0.02823469792171651, 0.016062661806307665, 0.4362181355886324, 0.002731094749001742], "features": ["SMA20_dist", "SMA50_dist", "sma_cross", "RSI14", "MACD", "MACD_sig", "MACD_hist", "BB_width", "BB_pos", "ATR14", "ret_1d", "ret_5d", "vol_10d", "vol_ratio", "obv_trend", "spy_ret_1d", "vix_level", "vix_change", "vix_regime", "asset_class", "ret_1m", "ret_3m", "ret_6m", "ret_12m", "high52w_dist", "low52w_dist", "day_of_week", "month", "is_options_expiry", "btc_ret_1d", "gold_ret_1d", "corr_spy_20d", "vwap_dist"]}