{"center": [0.01907070258308076, 0.05430653276241152, 1.0, 58.5799047329015, 2.095699832164101, 2.048650488655152, -0.03738226306059489, 0.10813302339014601, 0.6965092288754198, 3.247837216935933, 0.0020252207332381866, 0.008301464338078546, 0.014874529332210009, 0.9262892939272784, 1.0274043481698325, 0.0011228282729975891, 17.5600004196167, -0.007885968150674327, 1.0, 0.0, 0.04484453126800492, 0.1323864462384653, 0.168162763062931, 0.27761935256093084, -0.0299753642104265, 0.5664573601518463, 2.0, 6.0, 0.0, -0.0002701146200822513, 0.0019559897357898093, 0.690362697090282, 0.019632656613243756], "scale": [0.0524386521223626, 0.09344311480570786, 1.0, 26.00089637235591, 3.7813389612668615, 3.4552382618055586, 0.9187279132970815, 0.0893492141534146, 0.4682717352637792, 1.929198168978127, 0.018455629521562156, 0.051663762472135305, 0.00901450124059898, 0.36988662541076633, 0.08728789828091399, 0.008652972088501243, 4.345000267028809, 0.0795226413638212, 1.0, 1.0, 0.11800952750193638, 0.19729532219687157, 0.2771684719694811, 0.4746706124555589, 0.07303607610930453, 0.2781554640016204, 2.0, 7.0, 1.0, 0.02662403955900436, 0.015205295415905207, 0.19108580479382142, 0.051013910314948584], "features": ["SMA20_dist", "SMA50_dist", "sma_cross", "RSI14", "MACD", "MACD_sig", "MACD_hist", "BB_width", "BB_pos", "ATR14", "ret_1d", "ret_5d", "vol_10d", "vol_ratio", "obv_trend", "spy_ret_1d", "vix_level", "vix_change", "vix_regime", "asset_class", "ret_1m", "ret_3m", "ret_6m", "ret_12m", "high52w_dist", "low52w_dist", "day_of_week", "month", "is_options_expiry", "btc_ret_1d", "gold_ret_1d", "corr_spy_20d", "vwap_dist"]}