{"center": [0.0040151575513597566, 0.00030635805251495393, 0.0, 51.84071316504604, -0.04517551112699891, -0.013882247268482271, 0.06722609360279058, 0.12105543825248036, 0.5323367662945269, 2.421981053948124, 0.0015231695841465553, 0.004530712722325192, 0.018159682284568372, 0.9545783502851745, 0.9650068681743041, 0.0008309876610701483, 17.190000534057617, -0.004911547305363029, 1.0, 0.0, 0.002659747165207005, -0.00012242218213687206, 0.0, 0.0, -0.1298666100798584, 0.13955611701345005, 2.0, 6.0, 0.0, -0.0019731664656665315, 0.001423505566895189, 0.09457245008563203, 0.0034034981213311275], "scale": [0.05668166031533978, 0.07909059339846383, 1.0, 19.76031697633249, 2.071077316883727, 1.768166285320747, 0.687107875434341, 0.05277634077085695, 0.49320702834299385, 0.9047769140376807, 0.0252321357557084, 0.056464282862478093, 0.006867112697406233, 0.3693422081154989, 0.3594877483214678, 0.008551808756771334, 3.614999771118164, 0.07618238330988394, 1.0, 1.0, 0.1097838453201766, 0.1573317164751408, 0.1856434980877256, 0.09383882389094997, 0.09559501106256262, 0.18769093217504437, 2.0, 7.0, 1.0, 0.02674954629288237, 0.01612537062031494, 0.5451192060243109, 0.05458475668001937], "features": ["SMA20_dist", "SMA50_dist", "sma_cross", "RSI14", "MACD", "MACD_sig", "MACD_hist", "BB_width", "BB_pos", "ATR14", "ret_1d", "ret_5d", "vol_10d", "vol_ratio", "obv_trend", "spy_ret_1d", "vix_level", "vix_change", "vix_regime", "asset_class", "ret_1m", "ret_3m", "ret_6m", "ret_12m", "high52w_dist", "low52w_dist", "day_of_week", "month", "is_options_expiry", "btc_ret_1d", "gold_ret_1d", "corr_spy_20d", "vwap_dist"]}