{"center": [0.007582174287129506, 0.020844406732124583, 1.0, 54.06975622324806, 0.0849366526726314, 0.08236803736182802, 0.005770201713183848, 0.11308253303464352, 0.5864856621324835, 0.2741720023933723, 0.0, 0.0, 0.016837727114642313, 0.9550337085867363, 0.9989916396082499, 0.001375843351398398, 17.700000762939453, -0.006626930447881874, 1.0, 0.0, 0.021588596008538907, 0.05648016506426523, 0.05648867392036827, 0.12564966749230022, -0.17948717090733876, 0.3169840304923508, 2.0, 6.0, 0.0, 0.0007548627203146641, 0.0019404068737312041, 0.4490648942596624, 0.007676841152820735], "scale": [0.052716897482873656, 0.06605725573486229, 1.0, 20.992972818050653, 0.20201750112627082, 0.18178678639979848, 0.08352717207618815, 0.06538920817304947, 0.4895379979173141, 0.09320438941342865, 0.023250089608425117, 0.049094700481567055, 0.007888942586664005, 0.42534713675208413, 0.510734971808645, 0.009276030478545194, 4.100000381469727, 0.08102423314387253, 1.0, 1.0, 0.08718983572164318, 0.17266800095743406, 0.24137371170500133, 0.3380711806625183, 0.21228894024626235, 0.36610772560136234, 2.0, 7.0, 1.0, 0.02981440714727379, 0.015294603038987442, 0.2627188139190576, 0.0538440624077805], "features": ["SMA20_dist", "SMA50_dist", "sma_cross", "RSI14", "MACD", "MACD_sig", "MACD_hist", "BB_width", "BB_pos", "ATR14", "ret_1d", "ret_5d", "vol_10d", "vol_ratio", "obv_trend", "spy_ret_1d", "vix_level", "vix_change", "vix_regime", "asset_class", "ret_1m", "ret_3m", "ret_6m", "ret_12m", "high52w_dist", "low52w_dist", "day_of_week", "month", "is_options_expiry", "btc_ret_1d", "gold_ret_1d", "corr_spy_20d", "vwap_dist"]}