{"center": [0.00734366191385917, 0.012854644673760726, 1.0, 53.4262598267273, 1.3078760434970604, 1.4637512249082925, -0.101189358371375, 0.07613589621450997, 0.6002854952848267, 5.117131370913406, 0.0006406735757383819, 0.004195192327709929, 0.011888462843331567, 0.9387135997826654, 1.0037044220151219, 0.001513865109399548, 17.695000648498535, -0.007288538293765301, 1.0, 0.0, 0.020102673123358228, 0.029247506828284697, 0.06215290586432021, 0.0877352740595101, -0.04893231255368208, 0.2728992267195328, 2.0, 6.0, 0.0, -0.0018336589963325878, 0.0017661798901260628, 0.3659954078832146, 0.005285800354546672], "scale": [0.04221705855055491, 0.06660477895719119, 1.0, 24.562148719660115, 5.117131493429113, 4.8950107738692346, 1.665572640335497, 0.06486715576828986, 0.5212989977203037, 1.5788960102911185, 0.013716075262337063, 0.036035239627676324, 0.006007825501689396, 0.4548593436021624, 0.3020859903486264, 0.008648089071047832, 3.747499942779541, 0.08046325217023992, 1.0, 1.0, 0.09491332631481098, 0.12363246986370108, 0.1370085834129216, 0.23925338197511803, 0.06885035378366683, 0.22313281118284356, 2.0, 7.0, 1.0, 0.029570414278661666, 0.014385530248369166, 0.4310180259605562, 0.04306689480246499], "features": ["SMA20_dist", "SMA50_dist", "sma_cross", "RSI14", "MACD", "MACD_sig", "MACD_hist", "BB_width", "BB_pos", "ATR14", "ret_1d", "ret_5d", "vol_10d", "vol_ratio", "obv_trend", "spy_ret_1d", "vix_level", "vix_change", "vix_regime", "asset_class", "ret_1m", "ret_3m", "ret_6m", "ret_12m", "high52w_dist", "low52w_dist", "day_of_week", "month", "is_options_expiry", "btc_ret_1d", "gold_ret_1d", "corr_spy_20d", "vwap_dist"]}