{"center": [-0.008100762165687747, -0.022261836824633757, 0.0, 46.624463550893, -0.980773093923176, -0.9358228119557087, -0.14620814012473815, 0.1579972168557197, 0.42690156734384516, 5.085429600306919, 0.0006827642199744854, -0.006658065117214895, 0.01903876637049845, 0.9532662519604561, 0.9799984572142832, 0.0009004744280911581, 17.479999542236328, -0.006586862594382348, 1.0, 0.0, -0.024449236550838194, -0.057500157228605575, -0.07313633729775204, 0.0, -0.22140484530657858, 0.2487112055031751, 2.0, 6.0, 0.0, -0.0017695992030517527, 0.000748780548875283, 0.5391604262782338, -0.006685864986371287], "scale": [0.08184866032178546, 0.16207773328438663, 1.0, 26.592443074239903, 7.782669290311148, 7.752519223128983, 1.8576802731417696, 0.120603709642137, 0.5203493168488926, 1.3386432102748334, 0.028975618524700986, 0.058625640019965175, 0.012275757449055603, 0.4511794375007967, 0.4980460872551108, 0.009062782890850052, 4.27500057220459, 0.09015429726333452, 1.0, 1.0, 0.17422027847538468, 0.38726282705378756, 0.2511149277709881, 0.319070913588268, 0.27899382477131457, 0.2641975981955894, 2.0, 7.0, 1.0, 0.02766277295775893, 0.015458588164489306, 0.509077647080351, 0.07625664555014061], "features": ["SMA20_dist", "SMA50_dist", "sma_cross", "RSI14", "MACD", "MACD_sig", "MACD_hist", "BB_width", "BB_pos", "ATR14", "ret_1d", "ret_5d", "vol_10d", "vol_ratio", "obv_trend", "spy_ret_1d", "vix_level", "vix_change", "vix_regime", "asset_class", "ret_1m", "ret_3m", "ret_6m", "ret_12m", "high52w_dist", "low52w_dist", "day_of_week", "month", "is_options_expiry", "btc_ret_1d", "gold_ret_1d", "corr_spy_20d", "vwap_dist"]}