{"center": [-0.0035709077185639105, -0.011068167683031156, 0.0, 49.19998804714932, -0.38332946986390937, -0.3191155400309422, -0.0489110243266723, 0.0994447526049207, 0.458096343313639, 2.1598583135253895, 0.0010667028891789831, -0.004617078593741053, 0.01435810880840404, 0.9601333744364755, 1.0181578788252774, 0.001560562424926637, 17.420000076293945, -0.009698712534888243, 1.0, 0.0, -0.013508578519588366, -0.026541784420870684, -0.04577306900283162, 0.0, -0.17077900746554156, 0.14367946802777964, 2.0, 6.0, 0.0, 0.0007769821551248945, 0.0006160067523005575, 0.03032305112627221, -0.0026896162162362187], "scale": [0.04635964042697884, 0.07667385472877035, 1.0, 22.081037151375867, 2.0304510306794725, 1.9249746435900383, 0.6368139470954708, 0.06455550974047276, 0.4987819591554284, 0.6064861550464413, 0.021150556483137573, 0.043478038464109664, 0.008771291680585758, 0.424381500849229, 0.24373134459198476, 0.009448172260471649, 4.392499685287476, 0.08407288191527323, 1.0, 1.0, 0.07943546084235337, 0.11551210974170137, 0.10801632929181204, 0.061315240634380985, 0.10022280928383995, 0.12217929187305315, 2.0, 7.0, 1.0, 0.026584865933698215, 0.016763886914790527, 0.46725794062428305, 0.04669040986958199], "features": ["SMA20_dist", "SMA50_dist", "sma_cross", "RSI14", "MACD", "MACD_sig", "MACD_hist", "BB_width", "BB_pos", "ATR14", "ret_1d", "ret_5d", "vol_10d", "vol_ratio", "obv_trend", "spy_ret_1d", "vix_level", "vix_change", "vix_regime", "asset_class", "ret_1m", "ret_3m", "ret_6m", "ret_12m", "high52w_dist", "low52w_dist", "day_of_week", "month", "is_options_expiry", "btc_ret_1d", "gold_ret_1d", "corr_spy_20d", "vwap_dist"]}