{"center": [0.003995314764375087, 0.01817291723000691, 1.0, 51.69024561312438, 1.5777513334688251, 1.6489501120840675, -0.0016650713590582455, 0.11384113369792898, 0.5438468679130972, 10.406565440021158, 0.0014173036360205504, 0.0038787248097322813, 0.015658172600923836, 0.8871349150418918, 1.027731399586183, 0.0009012286833693928, 17.610000610351562, -0.00900898630432001, 1.0, 0.0, 0.006088218000654733, 0.057125336422808815, 0.10893245575873256, 0.0218762729541766, -0.10240370333251389, 0.2706607415674494, 2.0, 6.0, 0.0, 0.0007548627203146641, 0.0016294519610446923, 0.14220500578401235, 0.00557846413471312], "scale": [0.06259640740567946, 0.10733165328289543, 1.0, 26.093286717535733, 11.521644335887629, 11.879155132362829, 3.292312877821347, 0.06753584728415701, 0.5637793965862798, 3.12349915316104, 0.01713990931993059, 0.052711117929496676, 0.0068786917441728875, 0.40279224724774787, 0.15170131204701276, 0.00909730225504124, 4.259998321533203, 0.07896480538124095, 1.0, 1.0, 0.12828290895262295, 0.18439445163470625, 0.2941055560701281, 0.33556425529616374, 0.16898656064694603, 0.3993282266098492, 2.0, 7.0, 1.0, 0.02533504035291989, 0.01632203540282906, 0.40451779366487906, 0.06318394908858577], "features": ["SMA20_dist", "SMA50_dist", "sma_cross", "RSI14", "MACD", "MACD_sig", "MACD_hist", "BB_width", "BB_pos", "ATR14", "ret_1d", "ret_5d", "vol_10d", "vol_ratio", "obv_trend", "spy_ret_1d", "vix_level", "vix_change", "vix_regime", "asset_class", "ret_1m", "ret_3m", "ret_6m", "ret_12m", "high52w_dist", "low52w_dist", "day_of_week", "month", "is_options_expiry", "btc_ret_1d", "gold_ret_1d", "corr_spy_20d", "vwap_dist"]}