{"center": [0.007976285958380812, -0.009485425347194227, 0.0, 52.63878835401066, -0.11805859802468888, -0.22066948595830616, 0.10375228881688714, 0.33514462363653225, 0.5359671015071646, 2.632143020629883, -0.00418990692884369, 0.0005116848037227673, 0.04774654838861323, 0.9132486676674053, 1.0041066090311686, 0.001722787837563633, 17.479999542236328, -0.007843129677328364, 1.0, 0.0, -0.004220405597560428, -0.041909178232511834, -0.0495814611167823, 0.0, -0.504529725295295, 0.8173236605376987, 2.0, 6.0, 0.0, 0.000956534957143873, 0.001992014086009908, 0.47802664912040077, -0.0006502091657653347], "scale": [0.17382573231294704, 0.29500480742959023, 1.0, 25.14157763719715, 3.46721451071026, 3.074447191362686, 0.8756241806720333, 0.3420100716654545, 0.544497777003945, 1.1442857469831198, 0.06239812969502828, 0.14559471168129218, 0.03448825490917046, 0.5358021602169114, 0.14326124003534058, 0.008897146923788235, 3.895000457763672, 0.07937289642833217, 1.0, 1.0, 0.3621918910826903, 0.35306876109877067, 0.4783211024358169, 0.14788992902844444, 0.15006663548487953, 1.1593560560914853, 2.0, 7.0, 1.0, 0.028372930255475215, 0.014684664955818938, 0.3154003637427224, 0.1766455300117064], "features": ["SMA20_dist", "SMA50_dist", "sma_cross", "RSI14", "MACD", "MACD_sig", "MACD_hist", "BB_width", "BB_pos", "ATR14", "ret_1d", "ret_5d", "vol_10d", "vol_ratio", "obv_trend", "spy_ret_1d", "vix_level", "vix_change", "vix_regime", "asset_class", "ret_1m", "ret_3m", "ret_6m", "ret_12m", "high52w_dist", "low52w_dist", "day_of_week", "month", "is_options_expiry", "btc_ret_1d", "gold_ret_1d", "corr_spy_20d", "vwap_dist"]}