{"center": [0.006170848891919807, -0.011416587023379991, 0.0, 52.00905501909419, -0.17807419956380954, -0.20097512853480032, 0.21125806316312876, 0.1465957982787803, 0.5484861140769257, 3.3097501482282365, 0.002608424122197084, -0.0009447318452256437, 0.021743927883693757, 0.8768529209460436, 1.027571690180043, 0.00023716080860469724, 17.440000534057617, -0.0028149085248330707, 1.0, 0.0, 0.0028558662350853803, -0.034245027558682195, 0.0, 0.0, -0.2608123645383168, 0.24614510638548093, 2.0, 6.0, 0.0, -0.002408146445075532, 0.0017661798901260628, 0.4210080147697169, 0.0036742183747189025], "scale": [0.07852278226892856, 0.13665180932520377, 1.0, 26.14092375588156, 3.047905336294157, 2.784856681663685, 0.9540630614321586, 0.14703580626481183, 0.5237171830363281, 1.51235716683524, 0.030652629061025588, 0.07501149734020521, 0.011173992721506078, 0.5034202047601337, 0.3072375123184967, 0.009198493213025322, 3.9750003814697266, 0.07579331231538644, 1.0, 1.0, 0.14036364859564562, 0.2665964129217244, 0.23257373029153017, 0.0529840157324758, 0.14793906710109878, 0.26134487408765245, 2.0, 7.0, 1.0, 0.02748581745906578, 0.01455885057320952, 0.2834683546610558, 0.07805198596929001], "features": ["SMA20_dist", "SMA50_dist", "sma_cross", "RSI14", "MACD", "MACD_sig", "MACD_hist", "BB_width", "BB_pos", "ATR14", "ret_1d", "ret_5d", "vol_10d", "vol_ratio", "obv_trend", "spy_ret_1d", "vix_level", "vix_change", "vix_regime", "asset_class", "ret_1m", "ret_3m", "ret_6m", "ret_12m", "high52w_dist", "low52w_dist", "day_of_week", "month", "is_options_expiry", "btc_ret_1d", "gold_ret_1d", "corr_spy_20d", "vwap_dist"]}