{"center": [0.021261105602793262, 0.04367840656799317, 1.0, 55.72289545973295, 0.17244296374994583, 0.17190282915467908, 0.0014768568987522795, 0.19047489796152575, 0.6431718578608518, 0.5264285632542202, 0.0014959205635651784, 0.009467446806133317, 0.02819630430464795, 0.950763133392866, 1.0760138650773161, 0.001375736572713837, 17.440000534057617, -0.008316000484173136, 1.0, 0.0, 0.052757780602463056, 0.0690141203573269, 0.0, 0.0, -0.23923741012088906, 0.3869901154335002, 2.0, 6.0, 0.0, -0.0017695992030517527, 0.0015753722020723782, 0.4741486037107707, 0.017358658118771922], "scale": [0.09709777078696476, 0.16742433726622913, 1.0, 25.566478960461026, 0.5963780183017491, 0.6480255308296925, 0.19754566546103147, 0.11714932465211375, 0.5305334099919831, 0.16214288984026232, 0.030584336535352752, 0.08108582009496679, 0.015429005152194562, 0.4357302108440434, 0.5532900419604087, 0.009097225073015025, 3.969999313354492, 0.08449877953774887, 1.0, 1.0, 0.19962256761820663, 0.338680708003643, 0.2982857902946142, 0.06874886573400596, 0.24231239390666637, 0.3219404823089728, 2.0, 7.0, 1.0, 0.027232096785549387, 0.015998360717998095, 0.2920683334961212, 0.09632836023966729], "features": ["SMA20_dist", "SMA50_dist", "sma_cross", "RSI14", "MACD", "MACD_sig", "MACD_hist", "BB_width", "BB_pos", "ATR14", "ret_1d", "ret_5d", "vol_10d", "vol_ratio", "obv_trend", "spy_ret_1d", "vix_level", "vix_change", "vix_regime", "asset_class", "ret_1m", "ret_3m", "ret_6m", "ret_12m", "high52w_dist", "low52w_dist", "day_of_week", "month", "is_options_expiry", "btc_ret_1d", "gold_ret_1d", "corr_spy_20d", "vwap_dist"]}