{"center": [0.004631908216634557, 0.006544221877457244, 1.0, 54.350552360611026, 0.15085367935384397, 0.14150005721393777, 0.012968272329083402, 0.053957707150992094, 0.6154243083061894, 0.6384527413789287, 0.00029359334733825015, 0.0021793528755236213, 0.007888033617127858, 0.8630093038177735, 1.0084279566030079, 0.0007044991031190939, 17.440000534057617, -0.006670313141271755, 1.0, 0.0, 0.011772028577614169, 0.01365989873832274, 0.028118082078550932, 0.062078624532294846, -0.03282024566074035, 0.1898364391667752, 2.0, 6.0, 0.0, -0.0008264678561502592, 0.0020287362083613036, 0.5697899142485434, 0.004975598097022432], "scale": [0.024013696561697394, 0.03884597449374036, 1.0, 21.793495053709137, 0.6629478438204828, 0.5772165733598682, 0.22887411324897566, 0.033758405453081966, 0.5003481032125955, 0.18281595406435214, 0.011235439747599552, 0.024432058648752863, 0.0033346476769331237, 0.5120704079857001, 0.32696751019719106, 0.00893494596983302, 4.059999465942383, 0.08342388366776488, 1.0, 1.0, 0.04747009654821788, 0.0666101760058897, 0.07563233452804319, 0.1261364860684291, 0.05206385929111022, 0.18591604225672556, 2.0, 7.0, 1.0, 0.02729928082494093, 0.015483327576963468, 0.2570176852875807, 0.025195657136859746], "features": ["SMA20_dist", "SMA50_dist", "sma_cross", "RSI14", "MACD", "MACD_sig", "MACD_hist", "BB_width", "BB_pos", "ATR14", "ret_1d", "ret_5d", "vol_10d", "vol_ratio", "obv_trend", "spy_ret_1d", "vix_level", "vix_change", "vix_regime", "asset_class", "ret_1m", "ret_3m", "ret_6m", "ret_12m", "high52w_dist", "low52w_dist", "day_of_week", "month", "is_options_expiry", "btc_ret_1d", "gold_ret_1d", "corr_spy_20d", "vwap_dist"]}