{"center": [0.002631445903502005, 0.009877760963104153, 1.0, 52.341700025767864, 0.2721643906437805, 0.3254051515709393, -0.01383161652589452, 0.05286346598811477, 0.5542414010363798, 1.290210614123478, 0.0011656429396180723, 0.0014988301994567355, 0.008394546782691047, 0.5608642640428729, 1.00923840661231, 0.0005603844216792719, 17.479999542236328, -0.008316000484173136, 1.0, 0.0, 0.007696865245261364, 0.04082733826071028, 0.0556848096404674, 0.10646402257373877, -0.02895905858387165, 0.18124881842203072, 2.0, 6.0, 0.0, -0.00204861414171964, 0.0008040912066364925, 0.284495267710579, 0.0034452602939509104], "scale": [0.02504610926570848, 0.03886676760640254, 1.0, 20.933612270026885, 1.157023693232425, 0.9659468705661616, 0.37645743864051395, 0.027457147127814885, 0.4895565128255852, 0.3281868566794799, 0.011280427441791752, 0.024334034967128493, 0.0035915708711286307, 0.5405294176799441, 0.0996847887708856, 0.008894736004784853, 4.09499979019165, 0.07822077476989608, 1.0, 1.0, 0.053128035163937215, 0.06982438617843639, 0.08055958883117975, 0.15545066489121973, 0.040349986543114724, 0.05965338199373771, 2.0, 7.0, 1.0, 0.027239560698149867, 0.014440445879426722, 0.32234962168726156, 0.023548324932282916], "features": ["SMA20_dist", "SMA50_dist", "sma_cross", "RSI14", "MACD", "MACD_sig", "MACD_hist", "BB_width", "BB_pos", "ATR14", "ret_1d", "ret_5d", "vol_10d", "vol_ratio", "obv_trend", "spy_ret_1d", "vix_level", "vix_change", "vix_regime", "asset_class", "ret_1m", "ret_3m", "ret_6m", "ret_12m", "high52w_dist", "low52w_dist", "day_of_week", "month", "is_options_expiry", "btc_ret_1d", "gold_ret_1d", "corr_spy_20d", "vwap_dist"]}