{"center": [0.010418737908032896, 0.027268008271653068, 1.0, 55.355387448069905, 0.8265558932817001, 0.7923530145035476, -0.023910012111503565, 0.08329717524830985, 0.6361348758576542, 2.3142768035931747, 0.002263088620916065, 0.0052948713430927, 0.013258647334959232, 0.9439692090452787, 1.0548078281429745, 0.0011227761343346465, 17.394999504089355, -0.008334578568971518, 1.0, 0.0, 0.01951046446453586, 0.06119239824098033, 0.07143087118332558, 0.1724799749447361, -0.03333503292315744, 0.4529988227202475, 2.0, 6.0, 0.0, -0.0005528134329213508, 0.001423505566895189, 0.9028776361351618, 0.013698352354941294], "scale": [0.03925722663063416, 0.07069336862235168, 1.0, 24.250064511213445, 2.602621007957673, 2.574246786002176, 0.5459969980076529, 0.05760862698826337, 0.43279409298205296, 1.2784501119051084, 0.01800237491314305, 0.03866609456089365, 0.005895321569516854, 0.4128914156577017, 0.21236359884958333, 0.008665987181366908, 3.732499599456787, 0.07523177668494174, 1.0, 1.0, 0.07353673368011057, 0.13353947327493731, 0.19065780172176827, 0.2653012785942752, 0.0547339050781574, 0.3937788439862184, 2.0, 7.0, 1.0, 0.025784937500406974, 0.015176105874262713, 0.07381329248198343, 0.037633784364073775], "features": ["SMA20_dist", "SMA50_dist", "sma_cross", "RSI14", "MACD", "MACD_sig", "MACD_hist", "BB_width", "BB_pos", "ATR14", "ret_1d", "ret_5d", "vol_10d", "vol_ratio", "obv_trend", "spy_ret_1d", "vix_level", "vix_change", "vix_regime", "asset_class", "ret_1m", "ret_3m", "ret_6m", "ret_12m", "high52w_dist", "low52w_dist", "day_of_week", "month", "is_options_expiry", "btc_ret_1d", "gold_ret_1d", "corr_spy_20d", "vwap_dist"]}