{"center": [0.0013328118815859596, -0.012270416958004345, 0.0, 49.09647728869924, -1.4109052905226918, -1.6271997414940205, -0.13628637544109168, 0.11013624557490159, 0.5072635544515112, 10.231886841491612, 3.628344210304668e-05, 0.004197770778422427, 0.013680032619727674, 0.8996777220972855, 0.9961094274206724, 0.0009528857307679051, 17.510000228881836, -0.006733946910202238, 1.0, 0.0, -0.009515979154911425, -7.48228963657338e-05, 0.00934568352384968, 0.0, -0.19215257739123384, 0.18433321659766072, 2.0, 6.0, 0.0, -0.0031460239332733453, 0.0015753722020723782, 0.1082277491950861, 0.0018404682079762105], "scale": [0.060844293868856314, 0.10144306506566217, 1.0, 30.59133641305919, 13.790122280210227, 13.450658124593998, 3.87385505984073, 0.049480244363963366, 0.550924017664385, 5.654085525619006, 0.019418723072140487, 0.04419735624818544, 0.008316588858189046, 0.4233964580413512, 0.48487336813126825, 0.009404990341388142, 3.9250001907348633, 0.07819251795579524, 1.0, 1.0, 0.12291460704679236, 0.20727377881393277, 0.15677071375219942, 0.1265159047495763, 0.15061730012632044, 0.20336480526354583, 2.0, 7.0, 1.0, 0.028340756527015676, 0.016564676961017988, 0.35176128376798066, 0.06257387116658243], "features": ["SMA20_dist", "SMA50_dist", "sma_cross", "RSI14", "MACD", "MACD_sig", "MACD_hist", "BB_width", "BB_pos", "ATR14", "ret_1d", "ret_5d", "vol_10d", "vol_ratio", "obv_trend", "spy_ret_1d", "vix_level", "vix_change", "vix_regime", "asset_class", "ret_1m", "ret_3m", "ret_6m", "ret_12m", "high52w_dist", "low52w_dist", "day_of_week", "month", "is_options_expiry", "btc_ret_1d", "gold_ret_1d", "corr_spy_20d", "vwap_dist"]}