{"center": [0.008445667326285721, 0.02196471556823865, 1.0, 56.93408036803691, 0.23191311410322157, 0.23678004452152798, -0.003542332155075101, 0.05225681274308028, 0.6811044471598003, 0.3599294934953962, 0.000899314874020174, 0.00549769837161751, 0.008415640421889506, 0.9673020402889011, 0.9908168704024889, 0.0009012287764704752, 17.280000686645508, -0.005579556721748813, 1.0, 1.0, 0.015172578801660563, 0.05805108334715725, 0.0679273121123023, 0.09811533326634025, -0.0274625362905158, 0.2366136254114562, 2.0, 6.0, 0.0, -0.0014864790528285043, 0.002012776164397767, 0.48799585457572625, 0.009177033418571453], "scale": [0.031050322608325576, 0.049912796417602115, 1.0, 23.912192310441093, 0.53841437929756, 0.5069115318685793, 0.13702457399589957, 0.05785157737034983, 0.4950405342625139, 0.250321524483817, 0.011157890708031415, 0.027927447385374726, 0.0054362601728653644, 0.5295819293043531, 0.8044301049197065, 0.009206419472614746, 3.8000001907348633, 0.08155351221876572, 1.0, 1.0, 0.054000051042690456, 0.08537209504499843, 0.16775304584002515, 0.21766216320039955, 0.03920282478335933, 0.28208380570412683, 2.0, 7.0, 1.0, 0.02783171206302254, 0.014988031742884766, 0.40505285163325877, 0.03214593816372848], "features": ["SMA20_dist", "SMA50_dist", "sma_cross", "RSI14", "MACD", "MACD_sig", "MACD_hist", "BB_width", "BB_pos", "ATR14", "ret_1d", "ret_5d", "vol_10d", "vol_ratio", "obv_trend", "spy_ret_1d", "vix_level", "vix_change", "vix_regime", "asset_class", "ret_1m", "ret_3m", "ret_6m", "ret_12m", "high52w_dist", "low52w_dist", "day_of_week", "month", "is_options_expiry", "btc_ret_1d", "gold_ret_1d", "corr_spy_20d", "vwap_dist"]}