{"center": [3.9998425082909646e-05, 0.012960207221397985, 1.0, 50.39494569139869, 1.0777914582730546, 2.6203137619329686, -0.7963054931357005, 0.13477324837958377, 0.5020956720846866, 17.494863113506316, 0.00011899017132310785, 0.002292522823064691, 0.017642650952897576, 0.9229942365893474, 0.9727458436464946, 0.0015605089527938043, 17.355000495910645, -0.008242576903709442, 1.0, 0.0, -0.005151479880889043, 0.023345287555685545, 0.0, 0.0, -0.11553617838380888, 0.33737173486215455, 2.0, 6.0, 0.0, -0.00020332970930003746, 0.0006160067523005575, 0.5746506977730204, -0.00102586345110037], "scale": [0.07154629011465352, 0.09805239081815463, 1.0, 26.232920276530074, 18.302222579259364, 16.692580059866824, 5.866490307002204, 0.1096532325359736, 0.5779295850260981, 6.214041142469895, 0.023789107140428756, 0.05819276917216437, 0.014042033633464892, 0.4375619710476465, 0.5312723560118483, 0.008879290938948126, 4.197499990463257, 0.07633449145766036, 1.0, 1.0, 0.12028372812229396, 0.20614054916435234, 0.21603632559912908, 0.08296839982035026, 0.1645943201647948, 0.23298692491926826, 2.0, 7.0, 1.0, 0.027857289227317478, 0.015178328412302877, 0.33134608092439877, 0.07086088170273336], "features": ["SMA20_dist", "SMA50_dist", "sma_cross", "RSI14", "MACD", "MACD_sig", "MACD_hist", "BB_width", "BB_pos", "ATR14", "ret_1d", "ret_5d", "vol_10d", "vol_ratio", "obv_trend", "spy_ret_1d", "vix_level", "vix_change", "vix_regime", "asset_class", "ret_1m", "ret_3m", "ret_6m", "ret_12m", "high52w_dist", "low52w_dist", "day_of_week", "month", "is_options_expiry", "btc_ret_1d", "gold_ret_1d", "corr_spy_20d", "vwap_dist"]}