{"center": [0.00048030072933526934, 0.0006459665233049321, 1.0, 53.59992554445617, 0.001669867097554345, 0.0030672683192433077, 0.0036474819558132213, 0.006461572047667073, 0.5818113936097898, 0.08994510929959176, 0.0, 0.0003626249405672688, 0.0019757323590878723, 0.8713773935532143, 1.0878916518465258, 0.0003389332950363144, 17.350000381469727, -0.00790227414327227, 1.0, 0.0, 0.0021850458834922204, 0.0, 0.0, 0.0, -0.0068426432162796225, 0.0087719323120917, 2.0, 11.0, 0.0, -0.0033568819965540397, 0.00020358719772617384, -0.24938982711566787, 0.0005241639892891105], "scale": [0.0025104555754962934, 0.0035314315532827905, 1.0, 15.136491530107456, 0.019379760742760155, 0.01715520960416252, 0.008475091205166353, 0.002260455647864407, 0.38837685154963025, 0.03774232038847446, 0.002053050400065204, 0.0025400900227336987, 0.0006839109390599156, 0.5940049502231157, 0.18291411533381075, 0.008181705279014073, 5.5199995040893555, 0.06564643540667736, 1.0, 1.0, 0.00472103695077436, 0.004365979636266448, 1.0, 1.0, 0.0031137600253280263, 0.0031627150481757264, 2.5, 2.0, 1.0, 0.034566543804015304, 0.01130709025576826, 0.16162665536471127, 0.0026484423089229527], "features": ["SMA20_dist", "SMA50_dist", "sma_cross", "RSI14", "MACD", "MACD_sig", "MACD_hist", "BB_width", "BB_pos", "ATR14", "ret_1d", "ret_5d", "vol_10d", "vol_ratio", "obv_trend", "spy_ret_1d", "vix_level", "vix_change", "vix_regime", "asset_class", "ret_1m", "ret_3m", "ret_6m", "ret_12m", "high52w_dist", "low52w_dist", "day_of_week", "month", "is_options_expiry", "btc_ret_1d", "gold_ret_1d", "corr_spy_20d", "vwap_dist"]}