{"center": [0.006693018357866174, 0.013000209115343884, 1.0, 55.966812275929435, 0.15104749222290081, 0.12035036567271892, 0.008167066944563123, 0.05620135828552153, 0.6508791363530111, 0.5935489389405783, 0.0007601663379337431, 0.0031122329469399634, 0.007780430757373915, 0.956781517625971, 1.0328703451813737, 0.0014265991987447713, 17.260000228881836, -0.007843129677328364, 1.0, 0.0, 0.01094620384106082, 0.036833121420589254, 0.030051658211714294, 0.03483941142349334, -0.03576496565535646, 0.1447212121414448, 2.0, 6.0, 0.0, -0.0007713643170961237, 0.0027094717415592218, 0.3046607023863574, 0.007436216079302971], "scale": [0.02555269269613482, 0.03967053789012165, 1.0, 23.470062666464877, 0.47419854360990144, 0.4185614698003273, 0.15626515223216514, 0.03942009890772455, 0.4834539241463583, 0.23708955490439054, 0.01124312453969134, 0.02419549105588259, 0.0037976582546292003, 0.37835688474905116, 0.16523572383907292, 0.008782645235530406, 4.030000686645508, 0.07660530798539111, 1.0, 1.0, 0.04821889641622212, 0.08421074183555888, 0.12321956944893464, 0.08835844286536343, 0.045240160136886996, 0.0934213287128865, 2.0, 7.0, 1.0, 0.026575288481985093, 0.015868531038756184, 0.5397403820215549, 0.026410512376192758], "features": ["SMA20_dist", "SMA50_dist", "sma_cross", "RSI14", "MACD", "MACD_sig", "MACD_hist", "BB_width", "BB_pos", "ATR14", "ret_1d", "ret_5d", "vol_10d", "vol_ratio", "obv_trend", "spy_ret_1d", "vix_level", "vix_change", "vix_regime", "asset_class", "ret_1m", "ret_3m", "ret_6m", "ret_12m", "high52w_dist", "low52w_dist", "day_of_week", "month", "is_options_expiry", "btc_ret_1d", "gold_ret_1d", "corr_spy_20d", "vwap_dist"]}