{"center": [0.0041014195783348525, 0.00023494020778203943, 0.0, 50.48266913746153, -0.18684790624982384, -0.31945168723507067, -0.12055526136603922, 0.11160198836326841, 0.5341861850021167, 5.125537382891219, 0.0011773391006175693, 0.0011183198792451554, 0.014920032791922118, 0.9452034209887044, 1.016697171436845, 0.0005583816185231738, 17.610000610351562, -0.0048289091912665505, 1.0, 0.0, 0.00887195764153803, 0.0, 0.0, 0.0, -0.07760355919807316, 0.3254546708538053, 2.0, 6.0, 0.0, 0.0007781713812019531, 0.0017274257138395477, 0.4904249534703958, 0.006421583214926516], "scale": [0.05623717419140825, 0.10664927229654392, 1.0, 27.14621189565638, 5.78055317324749, 5.489242358710373, 1.6478361606527892, 0.07115356950319121, 0.5285780466792175, 2.1012756416952634, 0.020173064795614787, 0.04950319631169903, 0.009360636303704423, 0.42926428598237365, 0.18414839493573643, 0.009478496683115234, 4.372500896453857, 0.0809317344148216, 1.0, 1.0, 0.11617509355938935, 0.17408937188664841, 0.2217129541741234, 0.06188606150005621, 0.1236023553292849, 0.32250057713720376, 2.0, 7.0, 1.0, 0.026280186580216414, 0.014528433499351956, 0.32352451854664444, 0.058686253043663414], "features": ["SMA20_dist", "SMA50_dist", "sma_cross", "RSI14", "MACD", "MACD_sig", "MACD_hist", "BB_width", "BB_pos", "ATR14", "ret_1d", "ret_5d", "vol_10d", "vol_ratio", "obv_trend", "spy_ret_1d", "vix_level", "vix_change", "vix_regime", "asset_class", "ret_1m", "ret_3m", "ret_6m", "ret_12m", "high52w_dist", "low52w_dist", "day_of_week", "month", "is_options_expiry", "btc_ret_1d", "gold_ret_1d", "corr_spy_20d", "vwap_dist"]}