{"center": [0.0008753387142334967, 0.002874737601079905, 1.0, 52.90915245015389, 0.11495056739114773, 0.1011865174148889, -0.0062348435324239004, 0.012793852972661795, 0.5825110028149264, 0.30849271496190767, 8.389854372015115e-05, 9.231571575152309e-05, 0.0019531318251669273, 0.9093601994321907, 1.011954569644907, 0.0014767045220198671, 17.479999542236328, -0.005298008058610915, 1.0, 0.0, 0.003165731361393531, 0.010117219637590935, 0.016248124364541816, 0.03205516155814925, -0.007388789156208092, 0.052295191507781474, 2.0, 6.0, 0.0, -1.9742508661990676e-05, 0.0019715725978484144, 0.022566750008986333, 0.0007853274215453717], "scale": [0.005906223968557311, 0.009632547348950396, 1.0, 21.08102372301704, 0.31881147267304755, 0.3059065978511387, 0.10954838476995685, 0.008687744713839195, 0.4737073549702373, 0.09896998787003292, 0.0026562471474482763, 0.005507374749660787, 0.00074759715527068, 0.5588737316336758, 0.2058210751977405, 0.009318555897866232, 3.755000114440918, 0.08377267041943992, 1.0, 1.0, 0.010841620734439728, 0.018272572999579406, 0.032042750747464877, 0.051562311600285904, 0.014818898847342013, 0.030987343395042555, 2.0, 7.0, 1.0, 0.029492542447423054, 0.016402522602167013, 0.6296841100798509, 0.006241179608866073], "features": ["SMA20_dist", "SMA50_dist", "sma_cross", "RSI14", "MACD", "MACD_sig", "MACD_hist", "BB_width", "BB_pos", "ATR14", "ret_1d", "ret_5d", "vol_10d", "vol_ratio", "obv_trend", "spy_ret_1d", "vix_level", "vix_change", "vix_regime", "asset_class", "ret_1m", "ret_3m", "ret_6m", "ret_12m", "high52w_dist", "low52w_dist", "day_of_week", "month", "is_options_expiry", "btc_ret_1d", "gold_ret_1d", "corr_spy_20d", "vwap_dist"]}