{"center": [0.008930435387720072, -0.00014212639101660214, 0.0, 52.98164918995688, 0.005078369833904084, -0.03428015381938218, 0.027490849179636123, 0.19843926723708516, 0.5698318752599637, 0.46571431841169086, -0.001094096532973876, 0.005997026928468152, 0.028375606743143673, 0.9019772691584829, 0.9563721322701629, 0.001722787837563633, 17.239999771118164, -0.006733946910202238, 1.0, 0.0, 0.015890968515836823, -0.022610402990967837, 0.0, 0.0, -0.2358683720713914, 0.5070063993067093, 2.0, 6.0, 0.0, 0.0008014800420892421, 0.002254447895034817, 0.41899387206121314, 0.011679442417797671], "scale": [0.09145232130082809, 0.17265735939641375, 1.0, 23.287021491260596, 0.551805913686457, 0.5318418148437255, 0.14633361180090726, 0.1278574222275105, 0.5246329470775732, 0.12488748911076636, 0.03110690076973499, 0.07983149430584152, 0.010542471045904726, 0.42362112764512483, 0.43785611912925093, 0.008743531657304737, 3.8650007247924805, 0.07598296245090552, 1.0, 1.0, 0.21024061507830205, 0.3766139210210508, 0.5196373805672182, 0.5477994420443422, 0.21264189635300348, 0.7760944313371556, 2.0, 7.0, 1.0, 0.026355200424215186, 0.014066429699956973, 0.22455079486448715, 0.09116733880153607], "features": ["SMA20_dist", "SMA50_dist", "sma_cross", "RSI14", "MACD", "MACD_sig", "MACD_hist", "BB_width", "BB_pos", "ATR14", "ret_1d", "ret_5d", "vol_10d", "vol_ratio", "obv_trend", "spy_ret_1d", "vix_level", "vix_change", "vix_regime", "asset_class", "ret_1m", "ret_3m", "ret_6m", "ret_12m", "high52w_dist", "low52w_dist", "day_of_week", "month", "is_options_expiry", "btc_ret_1d", "gold_ret_1d", "corr_spy_20d", "vwap_dist"]}