{"center": [0.01559460013650277, 0.04139775654214993, 1.0, 54.73357904217756, 0.6265764117004906, 0.5994778928932556, 0.019034131878691962, 0.19053604297178106, 0.6103435094035754, 1.9950000217982702, -0.0003715485246766903, 0.005689011019218704, 0.026709180918350502, 0.9143038773941093, 0.9933704315863803, 0.001476815858716618, 17.440000534057617, -0.009254222565459602, 1.0, 0.0, 0.052270343188256074, 0.006129720828835117, 0.0, 0.0, -0.31109658604508017, 0.3921629520103641, 2.0, 6.0, 0.0, -0.00032588834829794244, 0.0005858183101099534, 0.48269722526332365, 0.01917301960083197], "scale": [0.10175880507760646, 0.1889820169279913, 1.0, 27.56090873756291, 2.362910355559393, 2.279893071924997, 0.6339739420299191, 0.127665167020002, 0.5707247195884322, 0.7714285169328965, 0.034197922128778924, 0.09028648641595016, 0.013178263882316407, 0.42719333950291993, 0.9204534302153005, 0.008790703175994952, 4.569998741149902, 0.0748692708608133, 1.0, 1.0, 0.22776643303613253, 0.4698393663701016, 0.18240754074249776, 0.16937914863653125, 0.3058421707872177, 0.35297690091752043, 2.0, 6.0, 1.0, 0.025925675194744313, 0.015015939867920158, 0.41275097336962135, 0.10465409767611665], "features": ["SMA20_dist", "SMA50_dist", "sma_cross", "RSI14", "MACD", "MACD_sig", "MACD_hist", "BB_width", "BB_pos", "ATR14", "ret_1d", "ret_5d", "vol_10d", "vol_ratio", "obv_trend", "spy_ret_1d", "vix_level", "vix_change", "vix_regime", "asset_class", "ret_1m", "ret_3m", "ret_6m", "ret_12m", "high52w_dist", "low52w_dist", "day_of_week", "month", "is_options_expiry", "btc_ret_1d", "gold_ret_1d", "corr_spy_20d", "vwap_dist"]}