{"center": [0.005060031702993157, 0.012109355372212128, 1.0, 55.33322298743138, 0.08009748566190211, 0.08640207607191835, 0.0013112916260320517, 0.03758972844388584, 0.6613971999642215, 0.22226056781975245, 0.0006574706073383396, 0.002822922570091313, 0.006160692370986645, 0.904314272813103, 0.9819409103760249, 0.0014267172797870487, 17.3799991607666, -0.00790227414327227, 1.0, 0.0, 0.01146159830584681, 0.02564350473431065, 0.052891310757002374, 0.05695374491316896, -0.014090307089026689, 0.1307472913012073, 2.0, 6.0, 0.0, -0.0003342625487465778, 0.0008040912066364925, 0.25191560407383407, 0.004826133946080034], "scale": [0.01744869723972547, 0.023701550772188665, 1.0, 15.762379817674876, 0.11602405441837149, 0.11016033346368456, 0.0615245145299929, 0.021538958355044234, 0.4570805497362206, 0.08497577928510935, 0.008905219413393839, 0.017352259609068832, 0.001978309921948346, 0.5431369142946231, 0.6065921892325501, 0.008768620969444862, 3.7200002670288086, 0.08333672550665094, 1.0, 1.0, 0.03046158384016895, 0.056983353759830546, 0.11357089896133221, 0.16620171643433324, 0.02703831120591138, 0.13441828527574967, 2.0, 7.0, 1.0, 0.026200626959892115, 0.015137686648053705, 0.3205879360321598, 0.017372469577708813], "features": ["SMA20_dist", "SMA50_dist", "sma_cross", "RSI14", "MACD", "MACD_sig", "MACD_hist", "BB_width", "BB_pos", "ATR14", "ret_1d", "ret_5d", "vol_10d", "vol_ratio", "obv_trend", "spy_ret_1d", "vix_level", "vix_change", "vix_regime", "asset_class", "ret_1m", "ret_3m", "ret_6m", "ret_12m", "high52w_dist", "low52w_dist", "day_of_week", "month", "is_options_expiry", "btc_ret_1d", "gold_ret_1d", "corr_spy_20d", "vwap_dist"]}