{"center": [0.0010837253413782965, 0.00310145459059505, 1.0, 58.74047162169661, 0.07436407257416988, 0.08052960107190411, -0.0014368891396902214, 0.005447095479669755, 0.7221219311383007, 0.08495238612275102, 0.00012049392527824221, 0.000488275452363518, 0.0008417383764191815, 0.9103092657197849, 1.037309698516947, 0.0009008441539046785, 17.3799991607666, -0.007856395917702375, 1.0, 0.0, 0.00296703049918956, 0.009149931786162746, 0.019230202712816835, 0.03154076770816905, -0.0012725851601053753, 0.03910033081120398, 2.0, 6.0, 0.0, -0.0011541041169297328, 0.0010880726502292548, 0.033002438269830146, 0.0010478305547451856], "scale": [0.0023865607872931827, 0.003943296828960266, 1.0, 21.047128877692963, 0.08186372437968359, 0.07463976047053678, 0.025166563344897613, 0.003637867715095662, 0.40817667683935555, 0.027563550455487335, 0.0010885175011237647, 0.0022859827692918167, 0.00032351464227877086, 0.4694428058142841, 0.0967019176120576, 0.008975574058739666, 3.797499179840088, 0.08048675488788154, 1.0, 1.0, 0.004203743178000707, 0.00981255319061991, 0.015996150678817878, 0.042907198524506474, 0.0032423470190775655, 0.01593075887036901, 2.0, 7.0, 1.0, 0.0263129612069829, 0.015338878517613896, 0.5742315941001923, 0.002421533250170853], "features": ["SMA20_dist", "SMA50_dist", "sma_cross", "RSI14", "MACD", "MACD_sig", "MACD_hist", "BB_width", "BB_pos", "ATR14", "ret_1d", "ret_5d", "vol_10d", "vol_ratio", "obv_trend", "spy_ret_1d", "vix_level", "vix_change", "vix_regime", "asset_class", "ret_1m", "ret_3m", "ret_6m", "ret_12m", "high52w_dist", "low52w_dist", "day_of_week", "month", "is_options_expiry", "btc_ret_1d", "gold_ret_1d", "corr_spy_20d", "vwap_dist"]}