{"center": [0.013576606728400194, 0.0351915084059817, 1.0, 56.64225496758307, 2.100374950859731, 2.0292935619536436, -0.013382028032028426, 0.09904978744182424, 0.6813494351746452, 4.415400745905194, 0.0014638887423905622, 0.005878811443349008, 0.014219038115295145, 0.8793643346580368, 1.0438959738911824, 0.0013668381849950562, 17.420000076293945, -0.0067012664712571834, 1.0, 0.0, 0.025420037180732602, 0.0798803636518316, 0.11233755106447074, 0.2573770815079456, -0.029033948761440945, 0.46887691169096213, 2.0, 6.0, 0.0, -0.0003184371753567339, 0.0009256230818284195, 0.8839820961309299, 0.0160446711502232], "scale": [0.04626183776678913, 0.08655982589838192, 1.0, 23.77664097264165, 5.111201245039247, 5.059382165385634, 1.3898826226359393, 0.07678926561912758, 0.4459562820107745, 2.914800850554021, 0.018220517239752404, 0.047068727419958545, 0.007164286257012636, 0.626296167272116, 0.6297550199316464, 0.008944150807469908, 3.947499990463257, 0.07999240626076282, 1.0, 1.0, 0.08787819997697616, 0.15720099135994442, 0.21943677704535036, 0.40260242566984844, 0.05982547944961495, 0.42208677318186855, 2.0, 7.0, 1.0, 0.026152303917637204, 0.01475950858744493, 0.07881684266349254, 0.04397524442760052], "features": ["SMA20_dist", "SMA50_dist", "sma_cross", "RSI14", "MACD", "MACD_sig", "MACD_hist", "BB_width", "BB_pos", "ATR14", "ret_1d", "ret_5d", "vol_10d", "vol_ratio", "obv_trend", "spy_ret_1d", "vix_level", "vix_change", "vix_regime", "asset_class", "ret_1m", "ret_3m", "ret_6m", "ret_12m", "high52w_dist", "low52w_dist", "day_of_week", "month", "is_options_expiry", "btc_ret_1d", "gold_ret_1d", "corr_spy_20d", "vwap_dist"]}