{"center": [0.006353160831123084, 0.01921762012834761, 1.0, 55.485229641578776, 0.40783979111166957, 0.4276984848947411, -0.006163835008059337, 0.047024401793891876, 0.6604371818588921, 0.7779193101393987, -0.00013091508437390598, 0.001849835432700564, 0.00789633802600731, 0.9027904185964983, 1.0291595165125242, 0.0009528857307679051, 17.360000610351562, -0.005211721284556381, 1.0, 0.0, 0.015332908228633091, 0.03855819580947295, 0.06445463770651827, 0.10405880095294706, -0.012071992872218199, 0.2264295431902495, 2.0, 6.0, 0.0, -0.0003342625487465778, 0.0015263333689308212, 0.864882658404265, 0.006881425590095685], "scale": [0.0208016954207074, 0.028208840764629636, 1.0, 19.49587629052342, 0.5356539098844806, 0.4545175514515815, 0.2032712263517643, 0.03544338687775186, 0.44268490623030077, 0.354056219189927, 0.011273124866634343, 0.021153366362844483, 0.0041224637423512255, 0.40183005070492483, 0.1729989054140606, 0.009184604974553201, 3.9499998092651367, 0.08161225472332234, 1.0, 1.0, 0.035652093010815344, 0.04732610860644093, 0.07839971108880883, 0.15675776753995474, 0.02301419901668818, 0.12974306031887814, 2.0, 7.0, 1.0, 0.026764299130901115, 0.016416555805001565, 0.11317119077411197, 0.020612960099906253], "features": ["SMA20_dist", "SMA50_dist", "sma_cross", "RSI14", "MACD", "MACD_sig", "MACD_hist", "BB_width", "BB_pos", "ATR14", "ret_1d", "ret_5d", "vol_10d", "vol_ratio", "obv_trend", "spy_ret_1d", "vix_level", "vix_change", "vix_regime", "asset_class", "ret_1m", "ret_3m", "ret_6m", "ret_12m", "high52w_dist", "low52w_dist", "day_of_week", "month", "is_options_expiry", "btc_ret_1d", "gold_ret_1d", "corr_spy_20d", "vwap_dist"]}