{"center": [0.015546868950410873, 0.03884287542117171, 1.0, 58.71289371097147, 1.3598262856995547, 1.4900653639352122, 0.08511809025685546, 0.10080934145761333, 0.6813337394965533, 2.0128566196986606, 0.0023687068117501653, 0.010514517368495624, 0.012535821135399562, 0.9635487011780957, 1.0320356592946829, 0.0013668381849950562, 17.339999198913574, -0.007317246972257441, 1.0, 0.0, 0.030757999732931807, 0.0918671625547377, 0.2046962525835535, 0.33615681116112694, -0.029407544524050068, 0.38491987399193245, 2.0, 6.0, 0.0, 8.154757069173124e-05, 0.0015508527855015997, 0.2232217618070696, 0.015405793826330793], "scale": [0.04878732123037509, 0.06624150366103605, 1.0, 25.731665347984517, 2.1268280685666774, 2.076817777467971, 0.8761728146977878, 0.08159705928824552, 0.530028936052505, 3.4282138007027765, 0.01685638417735752, 0.045156185359797235, 0.010432471376335392, 0.6368810126792649, 0.25494816244079543, 0.009397842118190475, 3.8274998664855957, 0.08166668841357566, 1.0, 1.0, 0.07736774075924294, 0.17144671593999344, 0.24895337154282393, 0.6261833813466857, 0.08727229585667572, 0.4839118681397085, 2.0, 7.0, 1.0, 0.027721417717449653, 0.015176105874262713, 0.4859156973717466, 0.0464194465922929], "features": ["SMA20_dist", "SMA50_dist", "sma_cross", "RSI14", "MACD", "MACD_sig", "MACD_hist", "BB_width", "BB_pos", "ATR14", "ret_1d", "ret_5d", "vol_10d", "vol_ratio", "obv_trend", "spy_ret_1d", "vix_level", "vix_change", "vix_regime", "asset_class", "ret_1m", "ret_3m", "ret_6m", "ret_12m", "high52w_dist", "low52w_dist", "day_of_week", "month", "is_options_expiry", "btc_ret_1d", "gold_ret_1d", "corr_spy_20d", "vwap_dist"]}