{"center": [0.004863687304293214, 0.016093487352737273, 1.0, 54.367273253494304, 1.0872083388379252, 1.1112856532311417, -0.06990563873909228, 0.05327780846109989, 0.6193635188956989, 2.260872851114276, 0.00039950359281348824, 0.0024939152943386222, 0.007624960160464692, 0.8374002037383621, 0.9889925298205846, 0.0011228282160241632, 17.270000457763672, -0.007287674739285488, 1.0, 0.0, 0.012897139207327935, 0.040137439328979396, 0.05761762863683517, 0.09457589903749175, -0.015432780457337193, 0.1978507999441187, 2.0, 7.0, 0.0, -0.0002701146200822513, 0.0019393580660813647, 0.6754044109811917, 0.005040917320820713], "scale": [0.025044659278639584, 0.031620391160605235, 1.0, 22.859526543720435, 2.2018543302790548, 1.9998261321860147, 0.9005722802920095, 0.044548844593998466, 0.47190200735659715, 0.9017914451396614, 0.010395128564620632, 0.023333405471747504, 0.003226776934207468, 0.5454462963199013, 0.5679737577517538, 0.009042877332649635, 4.057499885559082, 0.0815166642074735, 1.0, 1.0, 0.04847706783284625, 0.059398797211187515, 0.09152776733879958, 0.1478241124298793, 0.026701103293724833, 0.07005499486544686, 2.0, 7.0, 1.0, 0.027075228541795837, 0.014332856444031233, 0.26901545402491345, 0.024940961245119693], "features": ["SMA20_dist", "SMA50_dist", "sma_cross", "RSI14", "MACD", "MACD_sig", "MACD_hist", "BB_width", "BB_pos", "ATR14", "ret_1d", "ret_5d", "vol_10d", "vol_ratio", "obv_trend", "spy_ret_1d", "vix_level", "vix_change", "vix_regime", "asset_class", "ret_1m", "ret_3m", "ret_6m", "ret_12m", "high52w_dist", "low52w_dist", "day_of_week", "month", "is_options_expiry", "btc_ret_1d", "gold_ret_1d", "corr_spy_20d", "vwap_dist"]}