{"center": [0.010284718322898456, 0.018113515254683347, 1.0, 53.15733052103246, 0.16522184393925698, 0.15622746473468319, 0.01663715913196495, 0.10789888438315492, 0.5963167865853671, 1.0739637867398502, -0.0009895445833059124, -0.00016258669868446374, 0.016242555996006814, 0.8947989986535756, 1.002073073850946, 0.0008308332860781364, 17.494999885559082, -0.003331428812713255, 1.0, 0.0, 0.02349860882373156, 0.04378839736372564, 0.030644187214701968, 0.0, -0.1067724751820689, 0.1637745201936465, 2.0, 6.0, 0.0, -0.0016587106652958816, 0.001650071760848859, 0.16440273326834276, 0.008513647976108676], "scale": [0.051234737924240194, 0.08442329289939385, 1.0, 19.46919811764939, 0.9840539325949429, 0.8459758222631022, 0.2996096335509184, 0.07538041459318245, 0.5013732448408597, 0.32962051218446164, 0.020783707049456174, 0.05449608801150302, 0.007734752983564134, 0.44012326575075567, 0.256692391472106, 0.009675509412499866, 4.372499942779541, 0.08597530554875715, 1.0, 1.0, 0.09233222852072842, 0.11421503398052349, 0.10687065866197148, 0.0822273544725447, 0.10794092915007439, 0.10568475099696997, 2.0, 7.0, 1.0, 0.027958117244091668, 0.014636271226751013, 0.37463840760650924, 0.051644699770147164], "features": ["SMA20_dist", "SMA50_dist", "sma_cross", "RSI14", "MACD", "MACD_sig", "MACD_hist", "BB_width", "BB_pos", "ATR14", "ret_1d", "ret_5d", "vol_10d", "vol_ratio", "obv_trend", "spy_ret_1d", "vix_level", "vix_change", "vix_regime", "asset_class", "ret_1m", "ret_3m", "ret_6m", "ret_12m", "high52w_dist", "low52w_dist", "day_of_week", "month", "is_options_expiry", "btc_ret_1d", "gold_ret_1d", "corr_spy_20d", "vwap_dist"]}