{"center": [0.0020590045438209433, 0.0026921404357893035, 1.0, 55.65249864204237, 0.10660797861856963, 0.09884818174051271, 0.0036409194182721455, 0.014696258682521708, 0.6642523153048298, 0.27974657221788135, 9.219098459967157e-05, 0.001113270684966361, 0.0017768991796378879, 0.9485683419194129, 1.0376453649366504, 0.0004803706386860007, 17.479999542236328, -0.004522324550077617, 1.0, 0.0, 0.003643549451407102, 0.004907015400846593, 0.006433416953094184, 0.0, -0.011692879914276432, 0.02867527364920915, 2.0, 6.0, 0.0, -0.0024415545387781457, 0.0017841598670260694, 0.24609906306450055, 0.002361847612377314], "scale": [0.00677926089500589, 0.00935629149224948, 1.0, 28.842010772237067, 0.2957816564515099, 0.27524619093334857, 0.1144568517767314, 0.008627303557884533, 0.5280472962267113, 0.1397504046798329, 0.002561974388190169, 0.006015692870492084, 0.001135977425490858, 0.46020158755246676, 0.15559820145615788, 0.010093364095985158, 4.020000457763672, 0.07678644295614462, 1.0, 1.0, 0.012614385893276348, 0.01878313104202961, 0.03132083853548012, 0.04171195019003893, 0.01765535612961019, 0.050785400541470446, 2.0, 7.0, 1.0, 0.027579125766790724, 0.016028949166042028, 0.5503386313939981, 0.006638729018693661], "features": ["SMA20_dist", "SMA50_dist", "sma_cross", "RSI14", "MACD", "MACD_sig", "MACD_hist", "BB_width", "BB_pos", "ATR14", "ret_1d", "ret_5d", "vol_10d", "vol_ratio", "obv_trend", "spy_ret_1d", "vix_level", "vix_change", "vix_regime", "asset_class", "ret_1m", "ret_3m", "ret_6m", "ret_12m", "high52w_dist", "low52w_dist", "day_of_week", "month", "is_options_expiry", "btc_ret_1d", "gold_ret_1d", "corr_spy_20d", "vwap_dist"]}