{"center": [0.01652782100345132, 0.03570808371989434, 1.0, 55.645356763180125, 2.066638872994801, 2.183490504584662, 0.05162524761829812, 0.1309449563556438, 0.6583584747377018, 6.530592462159428, 0.0022710144431257184, 0.010799991298099165, 0.019812626217571412, 0.9324540531439591, 1.0206361632924033, 0.0014013872412109718, 17.440000534057617, -0.0067012664712571834, 1.0, 0.0, 0.025984741793645516, 0.11761333115124262, 0.11936515125873359, 0.07951443222944099, -0.08868390589087605, 0.589002334894394, 2.0, 6.0, 0.0, 0.00013874977403555144, 0.0019584029907330214, 0.7942900958256222, 0.020687539021863217], "scale": [0.06236239069658168, 0.11510197852033463, 1.0, 22.105268466905372, 8.424769852519361, 7.780929007992828, 2.0167416765333104, 0.08681506550889057, 0.4867296237798983, 5.2107203751535724, 0.025999822262333716, 0.06134489923357156, 0.011095182039298976, 0.513364084365292, 0.34430701695803556, 0.00885432125989008, 4.072499752044678, 0.0786959413343602, 1.0, 1.0, 0.1319761514104919, 0.22212193683139578, 0.3974677992246535, 0.5237490556270782, 0.15043256634895538, 1.005772412256976, 2.0, 7.0, 1.0, 0.027907473576864017, 0.01583341220982129, 0.14616665854827215, 0.06350158905259685], "features": ["SMA20_dist", "SMA50_dist", "sma_cross", "RSI14", "MACD", "MACD_sig", "MACD_hist", "BB_width", "BB_pos", "ATR14", "ret_1d", "ret_5d", "vol_10d", "vol_ratio", "obv_trend", "spy_ret_1d", "vix_level", "vix_change", "vix_regime", "asset_class", "ret_1m", "ret_3m", "ret_6m", "ret_12m", "high52w_dist", "low52w_dist", "day_of_week", "month", "is_options_expiry", "btc_ret_1d", "gold_ret_1d", "corr_spy_20d", "vwap_dist"]}