{"center": [-0.005716835797180193, 0.008564076118979838, 1.0, 48.04599985888417, 0.02422846956186575, 0.04894767122436873, -0.011214361661729517, 0.19338662398171275, 0.4558172804743986, 1.4053569521222795, -0.00017721396215264473, -0.007260255140223271, 0.026394367569238013, 0.9097785496139368, 0.9993560655319345, 0.001039198492569171, 17.38499927520752, -0.0067012664712571834, 1.0, 0.0, 0.003953028985868023, -0.017259133648036662, -0.0681465066882786, 0.0, -0.3420265733700193, 0.23634841591343436, 2.0, 6.0, 0.0, 8.154757069173124e-05, 0.001709445736939541, 0.33286978585591004, -0.00718105772221227], "scale": [0.09663959618215939, 0.16162331921968714, 1.0, 26.50513045695171, 1.677678238032084, 1.524190977829126, 0.48314685857469875, 0.15235438482961117, 0.5558326344285471, 0.2875182288033622, 0.03456623200301731, 0.07478943289295512, 0.014958459707626923, 0.4490920487364921, 0.6065720187837199, 0.009683111255831267, 3.619999408721924, 0.08436129983045934, 1.0, 1.0, 0.1832259333068123, 0.3175523736645547, 0.20386758173697048, 0.2705226375021773, 0.2825223532088491, 0.22906722037791527, 2.0, 7.0, 1.0, 0.026269517938488335, 0.015338878517613896, 0.3718874734301659, 0.09716567518981167], "features": ["SMA20_dist", "SMA50_dist", "sma_cross", "RSI14", "MACD", "MACD_sig", "MACD_hist", "BB_width", "BB_pos", "ATR14", "ret_1d", "ret_5d", "vol_10d", "vol_ratio", "obv_trend", "spy_ret_1d", "vix_level", "vix_change", "vix_regime", "asset_class", "ret_1m", "ret_3m", "ret_6m", "ret_12m", "high52w_dist", "low52w_dist", "day_of_week", "month", "is_options_expiry", "btc_ret_1d", "gold_ret_1d", "corr_spy_20d", "vwap_dist"]}