{"center": [-0.00739910146291918, -0.035048529096397066, 0.0, 48.43825249590073, -0.03762582705311379, -0.04200046790454912, 0.002056456389678364, 0.15860145850216223, 0.453921562596795, 0.20510712691715788, 0.0, -0.0016189572491504545, 0.02670130996930811, 0.9272630326644312, 1.0826584702250863, 0.00043098234796168367, 17.649999618530273, -0.0028149085248330707, 1.0, 0.0, -0.01650434361079911, -0.054114036213882166, -0.10181353765717027, -0.08598276157276757, -0.37496980668151353, 0.15404043627227978, 2.0, 6.0, 0.0, -0.0005411751597558245, 0.002009593458897063, 0.41476031762003684, -0.007434945999749457], "scale": [0.07670991540038058, 0.1463106400526843, 1.0, 22.69852487456391, 0.1997238921264366, 0.20000332772260643, 0.06473020597272686, 0.09047422563963786, 0.5161847531779677, 0.07642861774989534, 0.03340578614569881, 0.06383553595278982, 0.014602942456773203, 0.508209642077943, 0.8535068431960144, 0.008909078546071564, 3.9975008964538574, 0.0813512926130254, 1.0, 1.0, 0.14385564960648917, 0.2691178594349825, 0.24115500395937775, 0.375721387098905, 0.22671064408780184, 0.3071683219192039, 2.0, 7.0, 1.0, 0.026776922219044208, 0.014828315728362629, 0.3730306832408983, 0.07524677120762856], "features": ["SMA20_dist", "SMA50_dist", "sma_cross", "RSI14", "MACD", "MACD_sig", "MACD_hist", "BB_width", "BB_pos", "ATR14", "ret_1d", "ret_5d", "vol_10d", "vol_ratio", "obv_trend", "spy_ret_1d", "vix_level", "vix_change", "vix_regime", "asset_class", "ret_1m", "ret_3m", "ret_6m", "ret_12m", "high52w_dist", "low52w_dist", "day_of_week", "month", "is_options_expiry", "btc_ret_1d", "gold_ret_1d", "corr_spy_20d", "vwap_dist"]}