{"center": [0.010041836585663138, 0.022973410605821913, 1.0, 56.86506844741321, 0.399848847720385, 0.4172056330132068, 0.0014840582708206818, 0.056067542470147023, 0.6900703587534702, 0.5299078228897343, 0.0009665688807487527, 0.0035702258753802507, 0.00808089845091418, 0.9949225756966469, 1.0143528089337321, 0.0004925318653764554, 17.61500072479248, -0.004622023407450215, 1.0, 0.0, 0.020879442713869434, 0.055868258538167126, 0.12719769237106193, 0.16919929428651503, -0.015800779076349046, 0.2661791548825103, 2.0, 6.0, 0.0, -0.0011698293944815696, 0.002040198898185297, 0.7899305396913843, 0.011307940838504525], "scale": [0.02427982157217566, 0.03999435929168095, 1.0, 20.31628776167765, 0.5935825455635761, 0.5173566416521502, 0.17972350732223902, 0.027629755837414317, 0.43200694940391565, 0.2940403533349477, 0.010764806573116237, 0.02338943485593223, 0.0039501980299329045, 0.35749141764162606, 0.39488049879965603, 0.009189036476162121, 4.289999485015869, 0.08193009818769437, 1.0, 1.0, 0.04521517886106122, 0.05675572822987868, 0.1652028204233944, 0.2846112239489109, 0.03833564785942739, 0.261781864961206, 2.0, 7.0, 1.0, 0.027627409443353457, 0.014993041944175056, 0.16627569352193583, 0.023939794145556702], "features": ["SMA20_dist", "SMA50_dist", "sma_cross", "RSI14", "MACD", "MACD_sig", "MACD_hist", "BB_width", "BB_pos", "ATR14", "ret_1d", "ret_5d", "vol_10d", "vol_ratio", "obv_trend", "spy_ret_1d", "vix_level", "vix_change", "vix_regime", "asset_class", "ret_1m", "ret_3m", "ret_6m", "ret_12m", "high52w_dist", "low52w_dist", "day_of_week", "month", "is_options_expiry", "btc_ret_1d", "gold_ret_1d", "corr_spy_20d", "vwap_dist"]}