{"center": [-0.008501846754850637, -0.0217903903344154, 0.0, 46.7697141124621, -0.9692570039814683, -0.9039850213490542, -0.15204758672346308, 0.1586373279152603, 0.4231319018889592, 5.107427869524274, 0.0007718558273909215, -0.006984948458655937, 0.019070909660557574, 0.9530090244904339, 0.9756163243660845, 0.0011291923955204508, 17.494999885559082, -0.0066285878678270516, 1.0, 0.0, -0.022880999184337503, -0.05755655258136155, -0.07590225600181083, 0.0, -0.22361350346558945, 0.2424574964146417, 2.0, 6.0, 0.0, -0.0017024351995931775, 0.0007381741937566577, 0.5387513518139233, -0.006942813891492749], "scale": [0.08161104841977022, 0.1614118838080679, 1.0, 26.423964469919213, 7.7610620502148535, 7.780404094859788, 1.8568316266185283, 0.12053848364948765, 0.5175768647964156, 1.336962154933385, 0.029121323089410733, 0.05855635966840639, 0.012460534997697194, 0.45116065395571703, 0.5663203621418638, 0.009009959732243722, 4.267500400543213, 0.09028442546748905, 1.0, 1.0, 0.17504140582536215, 0.3839774918129283, 0.25639282759343685, 0.31991461519874426, 0.2833993761168234, 0.25487709688697957, 2.0, 7.0, 1.0, 0.0276665824371731, 0.01531492121324396, 0.5076396770053729, 0.07661986130552906], "features": ["SMA20_dist", "SMA50_dist", "sma_cross", "RSI14", "MACD", "MACD_sig", "MACD_hist", "BB_width", "BB_pos", "ATR14", "ret_1d", "ret_5d", "vol_10d", "vol_ratio", "obv_trend", "spy_ret_1d", "vix_level", "vix_change", "vix_regime", "asset_class", "ret_1m", "ret_3m", "ret_6m", "ret_12m", "high52w_dist", "low52w_dist", "day_of_week", "month", "is_options_expiry", "btc_ret_1d", "gold_ret_1d", "corr_spy_20d", "vwap_dist"]}