{"center": [0.002871601642247144, 0.0029703078157743406, 1.0, 51.88121112146702, 0.10859537397169561, 0.2340609243701197, 0.040707177370056746, 0.11293438887320573, 0.5354512656841381, 2.714682664604968, 0.0014136449520881778, 0.0020281677110304264, 0.015176373161359412, 0.9378950338999603, 1.0189793878273719, 0.0010392444994845595, 17.270000457763672, -0.007885968150674327, 1.0, 0.0, 0.005430899236724573, 0.014026968630963754, 0.0, 0.0, -0.09480048644227837, 0.11583415432402264, 2.0, 6.0, 0.0, -0.0008240985185906102, 0.002009593458897063, 0.14090679022392857, 0.0037823067822764], "scale": [0.05533899835849727, 0.06103732111700406, 1.0, 23.78523739632459, 1.9450025147151493, 1.6654084027302258, 0.9421286509356764, 0.0500904274488783, 0.5076903515404377, 0.8876592005484452, 0.017641501747993865, 0.055944714166982684, 0.00670407902791283, 0.3806642128847584, 0.2071568162209646, 0.008548933289856231, 4.007500410079956, 0.07792289299461425, 1.0, 1.0, 0.10181891492910988, 0.12375369715016962, 0.09455089303879036, 0.021390952578037636, 0.0871930214176653, 0.1084356747099163, 2.0, 6.75, 1.0, 0.026914687654878255, 0.014537404767533846, 0.5483863508915845, 0.055945027835342664], "features": ["SMA20_dist", "SMA50_dist", "sma_cross", "RSI14", "MACD", "MACD_sig", "MACD_hist", "BB_width", "BB_pos", "ATR14", "ret_1d", "ret_5d", "vol_10d", "vol_ratio", "obv_trend", "spy_ret_1d", "vix_level", "vix_change", "vix_regime", "asset_class", "ret_1m", "ret_3m", "ret_6m", "ret_12m", "high52w_dist", "low52w_dist", "day_of_week", "month", "is_options_expiry", "btc_ret_1d", "gold_ret_1d", "corr_spy_20d", "vwap_dist"]}