{"center": [0.0011393805179227875, 0.012824169722709522, 1.0, 49.62023913380181, 0.08191587998748773, 0.09680674651679355, -0.007812316248549833, 0.07928837320960051, 0.522718587136503, 0.5041611125235163, 0.0, 0.0037297715884476723, 0.012171605045953573, 0.6466994486663686, 1.017068038344634, 0.00046367958207294, 17.610000610351562, -0.004048598315015806, 1.0, 0.0, 0.009626927510832273, 0.04883725747762524, 0.0526042821725512, 0.0, -0.04775501838636978, 0.26203707931000375, 2.0, 6.0, 0.0, -9.567341618454961e-05, 0.0019404068737312041, 0.5754870531075514, -0.00036102075915628177], "scale": [0.043100930878053154, 0.07002103537197708, 1.0, 25.81894767477972, 0.5604959131142344, 0.5232550823439748, 0.1454854836224188, 0.039563915030204275, 0.5415710886702463, 0.14588249727725794, 0.015419350679675481, 0.04280960162820302, 0.0051422347390638785, 0.7580126743867968, 0.2737773822735118, 0.009580120914507106, 4.760000228881836, 0.08207696559232469, 1.0, 1.0, 0.083040852379759, 0.16067350078791487, 0.2523441839844447, 0.33446208311308223, 0.09812156651676592, 0.2801166285282222, 2.0, 7.0, 1.0, 0.027916399709060125, 0.015668412818243715, 0.2590975460801901, 0.044428319901808636], "features": ["SMA20_dist", "SMA50_dist", "sma_cross", "RSI14", "MACD", "MACD_sig", "MACD_hist", "BB_width", "BB_pos", "ATR14", "ret_1d", "ret_5d", "vol_10d", "vol_ratio", "obv_trend", "spy_ret_1d", "vix_level", "vix_change", "vix_regime", "asset_class", "ret_1m", "ret_3m", "ret_6m", "ret_12m", "high52w_dist", "low52w_dist", "day_of_week", "month", "is_options_expiry", "btc_ret_1d", "gold_ret_1d", "corr_spy_20d", "vwap_dist"]}