{"center": [0.00997779646347436, 0.019214700831347936, 1.0, 52.57301114432982, 0.30663495952943975, 0.18187843272767973, -0.01292613308641144, 0.1294359339262457, 0.5982172272831883, 1.549285616193499, 0.00046786715678770463, 0.0073282955257036875, 0.019230560601140756, 0.9237794962598923, 1.0305022293411468, 0.0009526774724943898, 17.6200008392334, -0.006670313141271755, 1.0, 0.0, 0.018474864669300928, 0.010507320442367796, 0.01058133268699235, 0.0, -0.17547246783105408, 0.6652292889492588, 2.0, 6.0, 0.0, -0.0003342625487465778, 0.0020187288833615202, 0.30466383008200515, 0.011497567106858758], "scale": [0.06981967626144675, 0.13689831995313584, 1.0, 23.281830755098227, 1.7354752828127396, 1.7301218714134812, 0.5050415809480358, 0.09753550239131419, 0.5404599144427588, 1.009286539895194, 0.027910043505662674, 0.06472700282354016, 0.010263679416409408, 0.40696220564093244, 0.17611355099232628, 0.008727789842673694, 3.619999885559082, 0.07607598370217217, 1.0, 1.0, 0.13030558600133274, 0.3694337241381686, 0.8969974205723994, 1.158156897665317, 0.26959384049319945, 1.7080827593126966, 2.0, 7.0, 1.0, 0.026288202640140923, 0.01585878399972468, 0.3295364147072938, 0.07292755489583028], "features": ["SMA20_dist", "SMA50_dist", "sma_cross", "RSI14", "MACD", "MACD_sig", "MACD_hist", "BB_width", "BB_pos", "ATR14", "ret_1d", "ret_5d", "vol_10d", "vol_ratio", "obv_trend", "spy_ret_1d", "vix_level", "vix_change", "vix_regime", "asset_class", "ret_1m", "ret_3m", "ret_6m", "ret_12m", "high52w_dist", "low52w_dist", "day_of_week", "month", "is_options_expiry", "btc_ret_1d", "gold_ret_1d", "corr_spy_20d", "vwap_dist"]}