{"center": [-0.0003323827007144647, -0.011125378901605074, 0.0, 51.53998011430369, -0.15297803212033045, -0.12931325563000362, -0.025764809861851257, 0.08205059981193633, 0.4953084925126151, 0.7959744015169888, 0.0004977138206027076, 0.001410544968106553, 0.011189973770670356, 0.7813794001904102, 1.046055076127628, 0.001039192360821617, 17.494999885559082, -0.006622747498870429, 1.0, 0.0, -0.007304542856073182, -0.02442431370421283, -0.025462689631710334, 0.0, -0.11953786980720829, 0.10236336627759346, 2.0, 6.0, 0.0, -0.0016587106652958816, 0.0019393580660813647, 0.36073592532169835, 0.001138543239578038], "scale": [0.04622311192367862, 0.07614825853634566, 1.0, 26.306622819175665, 1.037357307132515, 0.9796438669058564, 0.27492378256127437, 0.05329675737098863, 0.5399242570577987, 0.14972712746339467, 0.013410794447081181, 0.03443922945701597, 0.005137360384722031, 0.6721689720402992, 0.506117295348429, 0.008713478447730572, 4.352500915527344, 0.07884430474209209, 1.0, 1.0, 0.09332152448854683, 0.12442528288824903, 0.08584420010727317, 0.1043404019370181, 0.08490155946832176, 0.13840884820511373, 2.0, 7.0, 1.0, 0.02581921843635651, 0.015114381666352289, 0.34163542028138927, 0.0423010059030402], "features": ["SMA20_dist", "SMA50_dist", "sma_cross", "RSI14", "MACD", "MACD_sig", "MACD_hist", "BB_width", "BB_pos", "ATR14", "ret_1d", "ret_5d", "vol_10d", "vol_ratio", "obv_trend", "spy_ret_1d", "vix_level", "vix_change", "vix_regime", "asset_class", "ret_1m", "ret_3m", "ret_6m", "ret_12m", "high52w_dist", "low52w_dist", "day_of_week", "month", "is_options_expiry", "btc_ret_1d", "gold_ret_1d", "corr_spy_20d", "vwap_dist"]}