{"center": [0.00878358592411475, 0.0209478983561558, 1.0, 55.3159559474174, 0.5554142135214235, 0.5720183443847278, -0.009267915567421292, 0.053093892953999314, 0.665620910882619, 0.8079649372640227, 0.00045821875155860337, 0.002584066150722486, 0.00799205089583161, 0.9563334598291474, 1.0578079869389923, 0.000564471706467784, 17.369999885559082, -0.005919325866219127, 1.0, 0.0, 0.01795826402220646, 0.046956463647722435, 0.09765476905244974, 0.15740321954924186, -0.01686730700902493, 0.23504704547738292, 2.0, 7.0, 0.0, 0.0003098700789467834, 0.0026001780084878856, 0.7588454361798304, 0.009064037269142575], "scale": [0.02385141722086053, 0.03438614003722453, 1.0, 20.879507373336914, 0.7317007955567334, 0.6149142648553059, 0.28423491970768855, 0.02182626759465227, 0.44412890237264824, 0.345652858272848, 0.009884702548571045, 0.023319631880258818, 0.0033078989721582307, 0.4541307262642069, 0.37997137566563133, 0.008731203830618761, 3.7649998664855957, 0.08170046821458654, 1.0, 1.0, 0.04502537976270479, 0.059826637130835525, 0.1408070787880673, 0.22883323977645248, 0.036851376149068873, 0.22142547543890195, 2.0, 7.0, 1.0, 0.02720979048156008, 0.0141798960073444, 0.1601162392724167, 0.02384807216278529], "features": ["SMA20_dist", "SMA50_dist", "sma_cross", "RSI14", "MACD", "MACD_sig", "MACD_hist", "BB_width", "BB_pos", "ATR14", "ret_1d", "ret_5d", "vol_10d", "vol_ratio", "obv_trend", "spy_ret_1d", "vix_level", "vix_change", "vix_regime", "asset_class", "ret_1m", "ret_3m", "ret_6m", "ret_12m", "high52w_dist", "low52w_dist", "day_of_week", "month", "is_options_expiry", "btc_ret_1d", "gold_ret_1d", "corr_spy_20d", "vwap_dist"]}