{"center": [0.0020018218403963063, 0.006486669527115227, 1.0, 51.145932308456295, 0.09932094951414783, 0.1110162607327401, 0.004342306485505862, 0.06120272835504882, 0.543019967275113, 0.5124750123006971, 7.613787577120945e-05, 0.000764890212815561, 0.010171716441304782, 0.7226870997612617, 1.0076664687547385, 0.0013180112206383487, 17.479999542236328, -0.007885968150674327, 1.0, 0.0, 0.003979329757505146, 0.010267829532054185, 0.013790740758991227, 0.0, -0.10106820836508051, 0.17263010964320633, 2.0, 6.0, 0.0, -0.00016245832696676343, 0.0019992124197031336, 0.39780899392239477, 0.002352011620124259], "scale": [0.033976357139756726, 0.0438433042226686, 1.0, 20.768183355203313, 0.4895186637695339, 0.4346450706367363, 0.16405721879614693, 0.04324879795956235, 0.5251124394053224, 0.12752302186722297, 0.014171174674862674, 0.03126332370805357, 0.003801063252406117, 0.5927479907676362, 0.06828964100396728, 0.008753023848462493, 4.167500019073486, 0.07928050935096514, 1.0, 1.0, 0.06585255877876847, 0.05649082824056467, 0.07359095094907322, 0.0875163774698452, 0.10732116466328484, 0.12303567438435138, 2.0, 7.0, 1.0, 0.029291426671540582, 0.01502194986979663, 0.36042825239783227, 0.03411059062249487], "features": ["SMA20_dist", "SMA50_dist", "sma_cross", "RSI14", "MACD", "MACD_sig", "MACD_hist", "BB_width", "BB_pos", "ATR14", "ret_1d", "ret_5d", "vol_10d", "vol_ratio", "obv_trend", "spy_ret_1d", "vix_level", "vix_change", "vix_regime", "asset_class", "ret_1m", "ret_3m", "ret_6m", "ret_12m", "high52w_dist", "low52w_dist", "day_of_week", "month", "is_options_expiry", "btc_ret_1d", "gold_ret_1d", "corr_spy_20d", "vwap_dist"]}