{"center": [0.008399164712967522, 0.022216027400101764, 1.0, 58.567087479577474, 0.8833793163947945, 0.8492502405668965, 0.014906533729170779, 0.04726650524183411, 0.7026377824538921, 1.3299289767970899, 0.0007202627952408447, 0.003942899534906341, 0.006708531817662256, 0.0012148856333619173, 17.515000343322754, -0.007288538293765301], "scale": [0.020113213580028603, 0.027601260178980052, 1.0, 19.11016811717532, 1.0223394511258483, 0.9137640208027169, 0.3522064617985534, 0.031149222248015182, 0.4041292594413994, 0.47339352908590193, 0.009049830918269358, 0.02081401730881005, 0.00309612993213566, 0.009165751140953027, 4.387499809265137, 0.08214551079024196], "features": ["SMA20_dist", "SMA50_dist", "sma_cross", "RSI14", "MACD", "MACD_sig", "MACD_hist", "BB_width", "BB_pos", "ATR14", "ret_1d", "ret_5d", "vol_10d", "spy_ret_1d", "vix_level", "vix_change"]}