{"center": [0.003683617581889314, 0.012503396602595997, 1.0, 50.47672654635154, 0.23249343993307292, 0.19094993658371318, -0.02931044671144603, 0.15848505095863213, 0.5330097462892968, 1.6144287926810128, -0.00033854876404409984, 0.0028477949168337346, 0.025777538154190822, 0.9265680558363607, 0.9976482412896486, 0.0010392444994845595, 17.5600004196167, -0.007287674739285488, 1.0, 0.0, 0.013361115679063729, 0.0, 0.0, 0.0, -0.12120661836595643, 0.5744680892843398, 2.0, 6.0, 0.0, 0.0008217691182561548, 0.001712988281543426, 0.4699646471895628, 0.004160235285480861], "scale": [0.09138431330711316, 0.1752595842612667, 1.0, 22.218049573231475, 2.0584559039219457, 2.037377211019513, 0.622038568774729, 0.09040820419750645, 0.5635594443270022, 0.8289289474487302, 0.04000782473671377, 0.07803236153809229, 0.012086292476248789, 0.5505034096665768, 0.3864289498456275, 0.008746519984964923, 4.104999542236328, 0.07875837632717508, 1.0, 1.0, 0.15551875141128602, 0.36367167120098515, 0.4768193969823348, 0.12023797157038685, 0.3001674471239528, 0.7302975701235697, 2.0, 7.0, 1.0, 0.027746657904666377, 0.015584773209647379, 0.2716171349658408, 0.0883650118678225], "features": ["SMA20_dist", "SMA50_dist", "sma_cross", "RSI14", "MACD", "MACD_sig", "MACD_hist", "BB_width", "BB_pos", "ATR14", "ret_1d", "ret_5d", "vol_10d", "vol_ratio", "obv_trend", "spy_ret_1d", "vix_level", "vix_change", "vix_regime", "asset_class", "ret_1m", "ret_3m", "ret_6m", "ret_12m", "high52w_dist", "low52w_dist", "day_of_week", "month", "is_options_expiry", "btc_ret_1d", "gold_ret_1d", "corr_spy_20d", "vwap_dist"]}