{"center": [0.008108543989005113, 0.020964176914514156, 1.0, 58.202231558086346, 0.4631226422984156, 0.49774156034862593, -0.020880682591568167, 0.04922124919304952, 0.6860097844343644, 0.7873024894441828, 0.0003867650022355562, 0.003383549329151414, 0.007727967363378848, 0.9558137448532986, 1.0481549504906371, 0.0007604384781254581, 17.690000534057617, -0.005211721284556381, 1.0, 0.0, 0.015684700855684408, 0.04486947266879393, 0.06675967196706556, 0.13929639922934323, -0.010385349870816839, 0.27032299447273506, 2.0, 6.0, 0.0, -0.0017695992030517527, 0.000748780548875283, 0.9996679529910308, 0.009721423213613604], "scale": [0.02269758757624691, 0.03592625021486547, 1.0, 22.548044498640074, 0.6744583369503232, 0.6482556839718712, 0.19545428872318782, 0.03187484604557034, 0.4300767135038762, 0.38128693812648706, 0.008791707301499696, 0.022288770944345337, 0.004262897347932484, 0.592895955140079, 0.26817913809841676, 0.009085942079768539, 4.279998779296875, 0.08674408883694051, 1.0, 1.0, 0.039000315541120045, 0.07077630520674583, 0.11631972095151166, 0.182151802415903, 0.0241782134498648, 0.1906655742257158, 2.0, 7.0, 1.0, 0.02839396881900258, 0.014129697231518135, 0.00025500960065749645, 0.021434896461405742], "features": ["SMA20_dist", "SMA50_dist", "sma_cross", "RSI14", "MACD", "MACD_sig", "MACD_hist", "BB_width", "BB_pos", "ATR14", "ret_1d", "ret_5d", "vol_10d", "vol_ratio", "obv_trend", "spy_ret_1d", "vix_level", "vix_change", "vix_regime", "asset_class", "ret_1m", "ret_3m", "ret_6m", "ret_12m", "high52w_dist", "low52w_dist", "day_of_week", "month", "is_options_expiry", "btc_ret_1d", "gold_ret_1d", "corr_spy_20d", "vwap_dist"]}