{"center": [0.002510438903016424, 0.005374771074950456, 1.0, 55.51155455003516, 0.145678450237547, 0.1179025785620749, -0.0063616799283039436, 0.019335703623604185, 0.6619691001669286, 0.3110358155381111, 0.0, 0.0007306051409489145, 0.002554784272077082, 0.9144085455527415, 1.0140170735072114, 0.0016704925995204567, 17.460000038146973, -0.011156036219491017, 1.0, 0.0, 0.00620992481643079, 0.013511920610570716, 0.017053642761281296, 0.0543032071216899, -0.00694041143858725, 0.06971747029366106, 2.0, 6.0, 0.0, 0.00024003985338927336, 0.001865606425999089, 0.29620487876123014, 0.002675472635564319], "scale": [0.008336407696807043, 0.012525795956329015, 1.0, 22.881842408132357, 0.25879715984665097, 0.2682746226142133, 0.08954069922239896, 0.011996517569176643, 0.430960100093176, 0.09226810313657452, 0.0036615396789529686, 0.007527257090256728, 0.0010381336402826642, 0.42486276349995855, 0.24126498260757634, 0.008896908552643829, 3.9200000762939453, 0.07515682447200206, 1.0, 1.0, 0.015114339261864257, 0.025420196060961464, 0.04867148574339275, 0.07246202820722325, 0.013434809642861067, 0.038654852103225626, 2.0, 7.0, 1.0, 0.025982952879262916, 0.013619843540639165, 0.5388912182535319, 0.008190833360686694], "features": ["SMA20_dist", "SMA50_dist", "sma_cross", "RSI14", "MACD", "MACD_sig", "MACD_hist", "BB_width", "BB_pos", "ATR14", "ret_1d", "ret_5d", "vol_10d", "vol_ratio", "obv_trend", "spy_ret_1d", "vix_level", "vix_change", "vix_regime", "asset_class", "ret_1m", "ret_3m", "ret_6m", "ret_12m", "high52w_dist", "low52w_dist", "day_of_week", "month", "is_options_expiry", "btc_ret_1d", "gold_ret_1d", "corr_spy_20d", "vwap_dist"]}