{"center": [0.012713046048128201, 0.037782018944132315, 1.0, 55.659816523211916, 2.8211342239252843, 2.951142756414758, 0.11125608866536552, 0.11157681629768276, 0.6409177054991557, 6.3673240308827195, 0.0011374931964946988, 0.006829525592619956, 0.015650006184425864, 0.9385321805419444, 0.9679849444551337, 0.0014438116652567556, 17.494999885559082, -0.008035713733259009, 1.0, 0.0, 0.03568797364936205, 0.08179020259296266, 0.09737834948873025, 0.011750017869157303, -0.06368079607409391, 0.32247979627899326, 2.0, 6.0, 0.0, 0.0004909696199902891, 0.0007658295226372624, 0.611394183013715, 0.013654120500728204], "scale": [0.05457213083210315, 0.08250783654932849, 1.0, 26.543220923581174, 6.26879379629321, 6.057346750731938, 2.0209652233981807, 0.08211857068307471, 0.5057884992396052, 3.1543329492209384, 0.019607800173488538, 0.04767734142876981, 0.00595438552937954, 0.40722677532559903, 0.5851128089740826, 0.009173879487664266, 4.362499237060547, 0.07905763427808626, 1.0, 1.0, 0.10289458935261278, 0.15886459970689706, 0.23265957893263073, 0.1933785779747808, 0.10075365989186516, 0.23258930998755076, 2.0, 7.0, 1.0, 0.0266299337453427, 0.014362071257997544, 0.4186205378437335, 0.0558172025827816], "features": ["SMA20_dist", "SMA50_dist", "sma_cross", "RSI14", "MACD", "MACD_sig", "MACD_hist", "BB_width", "BB_pos", "ATR14", "ret_1d", "ret_5d", "vol_10d", "vol_ratio", "obv_trend", "spy_ret_1d", "vix_level", "vix_change", "vix_regime", "asset_class", "ret_1m", "ret_3m", "ret_6m", "ret_12m", "high52w_dist", "low52w_dist", "day_of_week", "month", "is_options_expiry", "btc_ret_1d", "gold_ret_1d", "corr_spy_20d", "vwap_dist"]}