{"center": [0.003650119663212952, 0.010913257786058745, 1.0, 53.14409595059509, 0.06974324329585357, 0.07578073197674252, -0.005785919897315101, 0.046828581677177177, 0.5753254063696287, 0.2721829048463173, 0.0, 0.0017220412690988063, 0.0076388142863406516, 0.907158704350851, 0.994014281047916, 0.0015605089527938043, 17.6850004196167, -0.009655623818465353, 1.0, 0.0, 0.007301439181826241, 0.024941115333673602, 0.030421586271734746, 0.011810776022114333, -0.034139590597017405, 0.16483785369742288, 2.0, 6.0, 0.0, 0.0003098700789467834, 0.002054320244525898, 0.47912340726389135, 0.003011437701317088], "scale": [0.021565712373947794, 0.032438103602519114, 1.0, 17.881902821153517, 0.20775489645110046, 0.1959119357414683, 0.07425146084136248, 0.02583940370909979, 0.47774338380658987, 0.0683354416224978, 0.009473908492650951, 0.023010623684680626, 0.002908736750682002, 0.579215626946658, 0.4064723695855341, 0.008815558048608813, 4.247499942779541, 0.07546960888271623, 1.0, 1.0, 0.04171216456797125, 0.049825177035997203, 0.06990124457411473, 0.09362909683175397, 0.04455089586716057, 0.06110850110330829, 2.0, 6.0, 1.0, 0.028827363528396405, 0.01511398251770682, 0.3432477218442423, 0.022053419956989333], "features": ["SMA20_dist", "SMA50_dist", "sma_cross", "RSI14", "MACD", "MACD_sig", "MACD_hist", "BB_width", "BB_pos", "ATR14", "ret_1d", "ret_5d", "vol_10d", "vol_ratio", "obv_trend", "spy_ret_1d", "vix_level", "vix_change", "vix_regime", "asset_class", "ret_1m", "ret_3m", "ret_6m", "ret_12m", "high52w_dist", "low52w_dist", "day_of_week", "month", "is_options_expiry", "btc_ret_1d", "gold_ret_1d", "corr_spy_20d", "vwap_dist"]}