{"center": [-0.03235250870692888, -0.08144890103807188, 0.0, 44.98783422818046, -0.3518470753755034, -0.3858250973508708, 0.037102793148413665, 0.26976701202407627, 0.3469748168864588, 1.212071418762207, -0.0078218298154753, -0.014145565926032777, 0.040528741389748296, 0.9138411485943939, 1.0456648763740621, 0.001401398144692978, 17.25, -0.005630684757875204, 1.0, 0.0, -0.0652855438785852, -0.20500102438404444, -0.2672494962144625, -0.303054018842153, -0.4946110282018944, 0.1215482730212334, 2.0, 6.0, 0.0, 0.0013656222872594492, 0.0018924588397882802, 0.3857230888283295, -0.036096089821760706], "scale": [0.13351082380234297, 0.21634577796499463, 1.0, 23.030381230172665, 0.9137821692110162, 0.9662721332929994, 0.38655813080016305, 0.21913876676287897, 0.4560198710467199, 1.0388568554605757, 0.05763368649292813, 0.11370994729882697, 0.01805459750992982, 0.5141263671596137, 0.30129567251040723, 0.008595045262961981, 3.817500114440918, 0.07440735680105665, 1.0, 1.0, 0.2740502909134739, 0.28943456847762006, 0.5005703280799294, 0.5918794833909989, 0.2935487623948896, 0.22884755277493465, 2.0, 7.0, 1.0, 0.02938500604536537, 0.015584625808781893, 0.3240549221688733, 0.14081494746321305], "features": ["SMA20_dist", "SMA50_dist", "sma_cross", "RSI14", "MACD", "MACD_sig", "MACD_hist", "BB_width", "BB_pos", "ATR14", "ret_1d", "ret_5d", "vol_10d", "vol_ratio", "obv_trend", "spy_ret_1d", "vix_level", "vix_change", "vix_regime", "asset_class", "ret_1m", "ret_3m", "ret_6m", "ret_12m", "high52w_dist", "low52w_dist", "day_of_week", "month", "is_options_expiry", "btc_ret_1d", "gold_ret_1d", "corr_spy_20d", "vwap_dist"]}