{"center": [0.0028254455484516025, 0.010168131809925198, 1.0, 53.07014576035339, 0.06712598015904447, 0.07919663284309117, -0.005818916243719635, 0.05755006751194705, 0.54785766141868, 0.2341895670091169, 0.00038800137863814754, 0.002323843846045559, 0.008319074086291706, 0.8633093525179856, 0.9608906493754104, 0.0005046930920669102, 17.690000534057617, -0.005025144893802347, 1.0, 0.0, 0.006348769865933468, 0.03781535233997735, 0.057426659247645784, 0.03631109359669438, -0.06013115693815763, 0.19820331748744613, 2.0, 6.0, 0.0, -0.0008264678561502592, 0.0014210967336203417, 0.5491039998478837, 0.004292353704055954], "scale": [0.030532383763292578, 0.05250183706640247, 1.0, 23.659343707551884, 0.3611136334179115, 0.3371320777808238, 0.09907544231378485, 0.03258191225224358, 0.5076092170685551, 0.08150978347493879, 0.010754595249087617, 0.02896505239032854, 0.003441186521698872, 0.6801172080026668, 0.568029545494338, 0.009191801012524259, 4.1399993896484375, 0.08516984290179297, 1.0, 1.0, 0.06273453540880536, 0.09371193271318945, 0.14121389115074856, 0.19817033765399827, 0.08243668031868258, 0.1711752341458106, 2.0, 7.0, 1.0, 0.03032734923019953, 0.01606629640198065, 0.3211289112707429, 0.0288259990029862], "features": ["SMA20_dist", "SMA50_dist", "sma_cross", "RSI14", "MACD", "MACD_sig", "MACD_hist", "BB_width", "BB_pos", "ATR14", "ret_1d", "ret_5d", "vol_10d", "vol_ratio", "obv_trend", "spy_ret_1d", "vix_level", "vix_change", "vix_regime", "asset_class", "ret_1m", "ret_3m", "ret_6m", "ret_12m", "high52w_dist", "low52w_dist", "day_of_week", "month", "is_options_expiry", "btc_ret_1d", "gold_ret_1d", "corr_spy_20d", "vwap_dist"]}