{"center": [0.003798565429361116, 0.010421512137993362, 1.0, 52.39365068951962, 0.07355012501454539, 0.06805172812290355, 0.007095767311259021, 0.1196409824347265, 0.5420216884557437, 0.5378282689258429, 0.0028744663792752423, 0.0039028136273659975, 0.01606998071433922, 0.885512022458196, 1.029939936702905, 0.0004857686989643284, 17.479999542236328, -0.005298008058610915, 1.0, 0.0, 0.005885281677667997, 0.023387826909008202, 0.0, 0.0, -0.10521065738231798, 0.20318889059969134, 2.0, 6.0, 0.0, -0.00151319093281288, 0.0011289903434381632, 0.21543021602823972, 0.004317016616090367], "scale": [0.05997090050115238, 0.06591507780951869, 1.0, 24.294980820318926, 0.433161688592822, 0.34882213291161557, 0.20964968094959724, 0.05479226073134158, 0.5436424863952867, 0.19283531223467898, 0.019149762639191104, 0.05235848105353169, 0.0055872694737435, 0.5990765878435458, 0.39567787723646985, 0.008698242831777336, 4.079999923706055, 0.07373702406297777, 1.0, 1.0, 0.10888629271066641, 0.1223522437935376, 0.12665442066165034, 0.02844778958722416, 0.06556322880737911, 0.16791861326731328, 2.0, 7.0, 1.0, 0.027716109591747196, 0.015652089322960805, 0.6760172580759796, 0.06055809173451241], "features": ["SMA20_dist", "SMA50_dist", "sma_cross", "RSI14", "MACD", "MACD_sig", "MACD_hist", "BB_width", "BB_pos", "ATR14", "ret_1d", "ret_5d", "vol_10d", "vol_ratio", "obv_trend", "spy_ret_1d", "vix_level", "vix_change", "vix_regime", "asset_class", "ret_1m", "ret_3m", "ret_6m", "ret_12m", "high52w_dist", "low52w_dist", "day_of_week", "month", "is_options_expiry", "btc_ret_1d", "gold_ret_1d", "corr_spy_20d", "vwap_dist"]}