{"center": [0.006931770150024435, 0.023245677944363826, 1.0, 55.18671276407325, 0.20320621306196784, 0.21315926978120597, -0.012537704435408692, 0.07356559096446422, 0.6033417843842712, 0.49911603776974645, -0.00031499577208549123, 0.0017108235107019532, 0.01086722532053043, 0.9428085552501173, 1.0079256849784557, 0.001093923806363195, 17.510000228881836, -0.0067322198012426115, 1.0, 0.0, 0.019339327889513758, 0.04461702829959413, 0.037264718306854405, 0.0, -0.04673944030151767, 0.2702966770752602, 2.0, 6.0, 0.0, -1.9742508661990676e-05, 0.0020813110966888537, 0.7119741944328212, 0.008244827766467223], "scale": [0.03299184809009155, 0.056870598263278546, 1.0, 22.348845889919048, 0.5101622053271608, 0.460231279594597, 0.14227650032937558, 0.04815098556028793, 0.44605486267678013, 0.1110207757765519, 0.01352549868841224, 0.027645820849280967, 0.003907443531592638, 0.4128418131411552, 0.2093644096916656, 0.009230086440516372, 3.939999580383301, 0.08143620778600491, 1.0, 1.0, 0.0662968965800701, 0.10298090168227003, 0.1543261368854607, 0.12322297422526207, 0.07413847659771744, 0.24326709511631858, 2.0, 7.0, 1.0, 0.02726508075237577, 0.01592797983475419, 0.1905677927584959, 0.030768587176326835], "features": ["SMA20_dist", "SMA50_dist", "sma_cross", "RSI14", "MACD", "MACD_sig", "MACD_hist", "BB_width", "BB_pos", "ATR14", "ret_1d", "ret_5d", "vol_10d", "vol_ratio", "obv_trend", "spy_ret_1d", "vix_level", "vix_change", "vix_regime", "asset_class", "ret_1m", "ret_3m", "ret_6m", "ret_12m", "high52w_dist", "low52w_dist", "day_of_week", "month", "is_options_expiry", "btc_ret_1d", "gold_ret_1d", "corr_spy_20d", "vwap_dist"]}