{"center": [0.007355965167725388, -0.01199082823823575, 0.0, 53.31452748440601, -0.4756312090735264, -0.46699134257271346, 0.35175541706944324, 0.12426063839336407, 0.5802970835912338, 9.752011605599066, 6.0075785850211005e-05, 0.0024817666147609607, 0.017410368415130363, 0.8799553078149108, 0.988968275966471, 0.0013669197998895655, 17.22499942779541, -0.005438782390179864, 1.0, 0.0, 0.014498752417998362, -0.027817258728289718, -0.05622882518313682, -0.32037477220251304, -0.41883605462940043, 0.2313751241173902, 2.0, 7.0, 0.0, -0.0005486263326970331, 0.001712988281543426, 0.1843414555165624, 0.007638447639517245], "scale": [0.07579316667307524, 0.1430673016513071, 1.0, 32.31236640053237, 15.623219694901408, 13.499310920225373, 4.1145246935808135, 0.14644201514417526, 0.5394482549877662, 3.3772354530063353, 0.021577866006162766, 0.059188714774676104, 0.011817120129522332, 0.4620681135489262, 0.36214763053793075, 0.008822099007093048, 3.7450008392333984, 0.07792289299461425, 1.0, 1.0, 0.1446607865392664, 0.24945365195674132, 0.3357308591251967, 0.42701933106350276, 0.37815577991929245, 0.2943878177561319, 2.0, 7.0, 1.0, 0.02596901885878808, 0.014106902634887536, 0.3355436408216477, 0.07094899036884945], "features": ["SMA20_dist", "SMA50_dist", "sma_cross", "RSI14", "MACD", "MACD_sig", "MACD_hist", "BB_width", "BB_pos", "ATR14", "ret_1d", "ret_5d", "vol_10d", "vol_ratio", "obv_trend", "spy_ret_1d", "vix_level", "vix_change", "vix_regime", "asset_class", "ret_1m", "ret_3m", "ret_6m", "ret_12m", "high52w_dist", "low52w_dist", "day_of_week", "month", "is_options_expiry", "btc_ret_1d", "gold_ret_1d", "corr_spy_20d", "vwap_dist"]}