{"center": [-0.002354194973753387, -0.002076163134280165, 0.0, 48.78595186241412, -0.7185844645288171, -0.48382321944002243, -0.1970884017618202, 0.08389729813185223, 0.4679642611488322, 8.413047127484694, 0.00036039774459539764, 0.0017373920690815225, 0.01250862357755558, 0.9477928431359744, 0.9803495328871581, 0.0003968300935219826, 17.510000228881836, -0.002873519434293592, 1.0, 0.0, -0.004731577390397423, 0.0, 0.0, 0.0, -0.10436424146195128, 0.15657647638013802, 2.0, 6.0, 0.0, -0.002374738351372918, 0.0015263333689308212, 0.5758743149712794, -0.0010338127436638233], "scale": [0.049615315374848236, 0.08669952635267589, 1.0, 27.559385304698296, 9.916046474024512, 9.428615504101723, 2.6957067251253837, 0.058589735769590964, 0.5663279219798758, 3.2897619142351413, 0.014585616341921515, 0.04751622827723889, 0.008035165834311759, 0.32387396425824977, 0.7282379878437333, 0.009184604974553201, 3.77500057220459, 0.08702791338147586, 1.0, 1.0, 0.0855917305034129, 0.13631552204942732, 0.19687709371322837, 0.12943442292200313, 0.14894984008934867, 0.29193624084004255, 2.0, 7.0, 1.0, 0.027518751602388314, 0.014279800414704114, 0.3498455065283135, 0.05086727539820234], "features": ["SMA20_dist", "SMA50_dist", "sma_cross", "RSI14", "MACD", "MACD_sig", "MACD_hist", "BB_width", "BB_pos", "ATR14", "ret_1d", "ret_5d", "vol_10d", "vol_ratio", "obv_trend", "spy_ret_1d", "vix_level", "vix_change", "vix_regime", "asset_class", "ret_1m", "ret_3m", "ret_6m", "ret_12m", "high52w_dist", "low52w_dist", "day_of_week", "month", "is_options_expiry", "btc_ret_1d", "gold_ret_1d", "corr_spy_20d", "vwap_dist"]}