{"center": [0.00435241357408849, 0.03343220993831397, 1.0, 52.67620063141609, 4.143034660093235, 3.2752270363069442, -0.0953207329731871, 0.2010030535867174, 0.5380540155133531, 16.56928471156529, -0.00032952397832164415, -0.005257114955357189, 0.03072421306203809, 0.975591341461447, 1.0167560064978098, 0.0007310498015529188, 17.389999389648438, -0.006586862594382348, 1.0, 0.0, 0.02057128247771689, 0.05913818742077637, 0.060708806151276606, 0.06021165487168356, -0.1739609707913863, 0.7184667347358995, 2.0, 6.0, 0.0, -0.00032588834829794244, 0.0005694792310315666, 0.6148210479792531, 0.005870126660446294], "scale": [0.11102974216967747, 0.18789645075547212, 1.0, 23.558945565607715, 17.921004937082216, 16.569465700548456, 5.201807267021686, 0.16496962012389405, 0.5174155172394697, 5.281072344098773, 0.04686852625682736, 0.09011800943470827, 0.012625158161440362, 0.32229450452030717, 0.1284108685798382, 0.00879818321898157, 4.255000114440918, 0.08253495821958678, 1.0, 1.0, 0.22033932549354662, 0.3819264304626074, 0.41201472551085067, 0.42702880872513516, 0.21133307571363774, 0.4718291350226851, 2.0, 7.0, 1.0, 0.02735553466466839, 0.014758895594494892, 0.24926807770921272, 0.10679659662999692], "features": ["SMA20_dist", "SMA50_dist", "sma_cross", "RSI14", "MACD", "MACD_sig", "MACD_hist", "BB_width", "BB_pos", "ATR14", "ret_1d", "ret_5d", "vol_10d", "vol_ratio", "obv_trend", "spy_ret_1d", "vix_level", "vix_change", "vix_regime", "asset_class", "ret_1m", "ret_3m", "ret_6m", "ret_12m", "high52w_dist", "low52w_dist", "day_of_week", "month", "is_options_expiry", "btc_ret_1d", "gold_ret_1d", "corr_spy_20d", "vwap_dist"]}