{"center": [-0.0009360953580638497, 0.012333867942779887, 1.0, 50.121123074171905, 1.0223593350664828, 2.4398913250430176, -0.8139911210489359, 0.13371899469619414, 0.4868486855040857, 17.40182417065897, 0.00011899016335925605, 0.002292482767226489, 0.017477609334713103, 0.925964170083633, 0.9778840105665425, 0.0014980029551198148, 17.369999885559082, -0.008035713733259009, 1.0, 0.0, -0.005694646359568012, 0.024404679162084775, 0.0, 0.0, -0.10807159758795767, 0.3383408354359909, 2.0, 6.0, 0.0, -0.00020332970930003746, 0.0006160067523005575, 0.5822152420124813, -0.0015022512392692342], "scale": [0.07092336359047219, 0.09705819179521506, 1.0, 25.795837732066346, 18.17654255799468, 17.361698574884176, 5.883492742121872, 0.10714177790823644, 0.5780798176081475, 6.209904558368454, 0.023419223639944253, 0.05637403151222145, 0.01404829334587823, 0.4400552746953471, 0.32215905104002895, 0.00884153772263696, 4.272500276565552, 0.07557843928229996, 1.0, 1.0, 0.11935546752835194, 0.21896160732367628, 0.22162768280165315, 0.08724649677624774, 0.16708932553265166, 0.23618041600822515, 2.0, 7.0, 1.0, 0.02769559580803213, 0.015134469521349392, 0.33823345635614355, 0.0709254403234595], "features": ["SMA20_dist", "SMA50_dist", "sma_cross", "RSI14", "MACD", "MACD_sig", "MACD_hist", "BB_width", "BB_pos", "ATR14", "ret_1d", "ret_5d", "vol_10d", "vol_ratio", "obv_trend", "spy_ret_1d", "vix_level", "vix_change", "vix_regime", "asset_class", "ret_1m", "ret_3m", "ret_6m", "ret_12m", "high52w_dist", "low52w_dist", "day_of_week", "month", "is_options_expiry", "btc_ret_1d", "gold_ret_1d", "corr_spy_20d", "vwap_dist"]}