{"center": [0.021588604033953955, 0.056418885366121635, 1.0, 59.27559452779526, 1.1152726425253192, 1.0471588389446884, 0.020920415098221623, 0.10382233571396748, 0.7304101550556654, 1.0391605217793993, 0.001560176539467495, 0.010293496321920781, 0.014881137183112347, 0.904275361156985, 0.9780128424804374, 0.0009270568413189961, 17.460000038146973, -0.005630684757875204, 1.0, 0.0, 0.04447331800621257, 0.14541382135089376, 0.2658342722931448, 0.3920879025801538, -0.02499601510032448, 0.5071872376689175, 2.0, 6.0, 0.0, 0.00024003985338927336, 0.002054320244525898, 0.7117246023610571, 0.01663477869091265], "scale": [0.04990171972666756, 0.07104169717583206, 1.0, 23.824213881698668, 1.3801725411226524, 1.2946698749098866, 0.44582678497281375, 0.06948745111054051, 0.4460135635158366, 1.2179139706285733, 0.01948462958661165, 0.047717151336946956, 0.009298904747107702, 0.7173106720594269, 0.3111421828782801, 0.008902696507845309, 4.1474995613098145, 0.07793827912058227, 1.0, 1.0, 0.09488152412619896, 0.1279656400779537, 0.35441243314742055, 0.5845771901578589, 0.05629980285916644, 0.543421788201302, 2.0, 6.0, 1.0, 0.02648966679599868, 0.014318058935503974, 0.2620612127883698, 0.04873573735007025], "features": ["SMA20_dist", "SMA50_dist", "sma_cross", "RSI14", "MACD", "MACD_sig", "MACD_hist", "BB_width", "BB_pos", "ATR14", "ret_1d", "ret_5d", "vol_10d", "vol_ratio", "obv_trend", "spy_ret_1d", "vix_level", "vix_change", "vix_regime", "asset_class", "ret_1m", "ret_3m", "ret_6m", "ret_12m", "high52w_dist", "low52w_dist", "day_of_week", "month", "is_options_expiry", "btc_ret_1d", "gold_ret_1d", "corr_spy_20d", "vwap_dist"]}