{"center": [0.0026417184987752285, 0.010183803456649017, 1.0, 52.112636819246774, 0.06953885890820288, 0.07808267191882617, -0.0032756379665571655, 0.056408380730779424, 0.5561519119714037, 0.23143450353385905, 0.0, 0.0008322492938515058, 0.00831906960390463, 0.8302653991977581, 0.944836383201243, 0.0013579397972762752, 17.510000228881836, -0.006670313141271755, 1.0, 0.0, 0.006794023510316993, 0.033213429734417765, 0.045353693895684, 0.018848820670141375, -0.07036174065449623, 0.1784777295077968, 2.0, 6.0, 0.0, -0.0008264678561502592, 0.0014210967336203417, 0.5442925247713071, 0.004167888494491623], "scale": [0.029135356965928862, 0.0497551285095801, 1.0, 22.980553346856524, 0.3583760618628915, 0.31427776313201516, 0.10313527053628913, 0.03324250916453644, 0.5129690352341787, 0.07914456900448957, 0.012698639822932123, 0.026906938991114127, 0.0032952374760450865, 0.6162775306051068, 0.5045704394221668, 0.009180936213390278, 4.164999961853027, 0.0810019172612555, 1.0, 1.0, 0.05803695823863164, 0.0883434448555021, 0.13151954057913418, 0.17328877786961838, 0.07814845724458577, 0.1756580463920901, 2.0, 6.0, 1.0, 0.028183795586575855, 0.014910210641342958, 0.3220877301621359, 0.028980896176136816], "features": ["SMA20_dist", "SMA50_dist", "sma_cross", "RSI14", "MACD", "MACD_sig", "MACD_hist", "BB_width", "BB_pos", "ATR14", "ret_1d", "ret_5d", "vol_10d", "vol_ratio", "obv_trend", "spy_ret_1d", "vix_level", "vix_change", "vix_regime", "asset_class", "ret_1m", "ret_3m", "ret_6m", "ret_12m", "high52w_dist", "low52w_dist", "day_of_week", "month", "is_options_expiry", "btc_ret_1d", "gold_ret_1d", "corr_spy_20d", "vwap_dist"]}