{"center": [0.001547043919455706, 0.002911269605822473, 1.0, 55.708202553424876, 0.11799037887722363, 0.11512586062296928, -0.005799201601512399, 0.014262116329996471, 0.6371268139833322, 0.27072816332523175, 9.352386556726877e-05, 0.0012074031520270534, 0.0017453235239853634, 0.9445294139590406, 1.0364836147348246, 0.001375843498309326, 17.280000686645508, -0.005579556721748813, 1.0, 0.0, 0.004588187863520332, 0.005515521222228648, 0.00508636166804588, 0.0, -0.01082371926042206, 0.028301713713493337, 2.0, 6.0, 0.0, 0.0003224981011604733, 0.0019763991077348386, 0.24697995210327817, 0.002088905216623544], "scale": [0.006819982113598244, 0.009945606481302018, 0.5, 28.756843036038426, 0.28881647198917193, 0.2586710716124539, 0.10564878573939401, 0.008648767791049491, 0.5250995945584724, 0.14243577911588592, 0.0024292098774572612, 0.00574760132721025, 0.0011596581351425907, 0.4807027975917746, 0.14448710641017803, 0.00924657367331283, 4.184999942779541, 0.08242033512512192, 1.0, 1.0, 0.013089727428951148, 0.019099481517546923, 0.042770289342364265, 0.0413897242381972, 0.017928564230472243, 0.051317757493576054, 2.0, 7.0, 1.0, 0.026252275649049306, 0.015044319021656871, 0.6032461728799484, 0.006603646702211855], "features": ["SMA20_dist", "SMA50_dist", "sma_cross", "RSI14", "MACD", "MACD_sig", "MACD_hist", "BB_width", "BB_pos", "ATR14", "ret_1d", "ret_5d", "vol_10d", "vol_ratio", "obv_trend", "spy_ret_1d", "vix_level", "vix_change", "vix_regime", "asset_class", "ret_1m", "ret_3m", "ret_6m", "ret_12m", "high52w_dist", "low52w_dist", "day_of_week", "month", "is_options_expiry", "btc_ret_1d", "gold_ret_1d", "corr_spy_20d", "vwap_dist"]}