{"center": [0.005783870538866266, 0.01604844820834751, 1.0, 55.01707419035827, 0.26587707155539775, 0.25563422883950904, 0.0037666533383445278, 0.057805150257817337, 0.6106583657380181, 0.5218205180288744, 0.00019778502741041315, 0.0011966408190161593, 0.008586706485472391, 0.8907183963725172, 0.9896323531965977, 0.0004927334034415809, 17.494999885559082, -0.0029360086450138656, 1.0, 0.0, 0.011067992878041166, 0.032336211936648596, 0.06300860214695969, 0.07791732463013978, -0.029740328946920278, 0.19678327279363844, 2.0, 6.0, 0.0, -0.0018336589963325878, 0.0012750435385292525, 0.5004920505725146, 0.006889935853138662], "scale": [0.029719027211948877, 0.04307056574098187, 1.0, 23.028940130763274, 0.6449686379909743, 0.571930100514881, 0.1959301018875177, 0.027794365251428983, 0.5088703753680281, 0.1665662285977389, 0.011340753592314262, 0.026214968120717858, 0.004020484488479144, 0.6150743271681641, 0.3675044101285896, 0.009555628525702298, 4.125000238418579, 0.08438211832038578, 1.0, 1.0, 0.058730977998130124, 0.07169520017376851, 0.10343098356713115, 0.16515015761998308, 0.04786125548579936, 0.16702903545561676, 2.0, 7.0, 1.0, 0.025977669611443488, 0.01505468473687599, 0.2985211921629388, 0.029477852648345414], "features": ["SMA20_dist", "SMA50_dist", "sma_cross", "RSI14", "MACD", "MACD_sig", "MACD_hist", "BB_width", "BB_pos", "ATR14", "ret_1d", "ret_5d", "vol_10d", "vol_ratio", "obv_trend", "spy_ret_1d", "vix_level", "vix_change", "vix_regime", "asset_class", "ret_1m", "ret_3m", "ret_6m", "ret_12m", "high52w_dist", "low52w_dist", "day_of_week", "month", "is_options_expiry", "btc_ret_1d", "gold_ret_1d", "corr_spy_20d", "vwap_dist"]}