{"center": [0.001860515006108488, 0.031243001280425453, 1.0, 50.47390774739574, 0.6850574065403379, 0.609547931869247, 0.055834014599702275, 0.17340418067400473, 0.5141741129980155, 4.899747576032366, 0.0003247372685588612, 0.006219439590031239, 0.022735847215888887, 0.9121387407490917, 1.0125288407649606, 0.001515722258371044, 17.355000495910645, -0.005630684757875204, 1.0, 0.0, 0.008174425519032469, 0.11099322858151728, 0.0, 0.0, -0.0948368116394307, 0.7732490696709459, 2.0, 6.0, 0.0, 0.001003704977531772, 0.001865606425999089, 0.394590618253022, 0.002368187844861926], "scale": [0.09117073688088423, 0.1758532891306439, 1.0, 26.550416226100594, 5.737357395655454, 5.592667813368259, 1.4863265609990517, 0.1011556055396905, 0.513257230517195, 1.6432858875819614, 0.03234731757300008, 0.07729054806594463, 0.013528698263187127, 0.5084847647551514, 0.2155528432831123, 0.009410024840255798, 4.177499771118164, 0.08402857175247092, 1.0, 1.0, 0.14977805571687205, 0.4405645542281932, 0.660776424324004, 0.1740082315523498, 0.35478934010625734, 1.0456552677506785, 2.0, 7.0, 1.0, 0.027098631427848352, 0.014802939752642491, 0.330133593753284, 0.09340270972003364], "features": ["SMA20_dist", "SMA50_dist", "sma_cross", "RSI14", "MACD", "MACD_sig", "MACD_hist", "BB_width", "BB_pos", "ATR14", "ret_1d", "ret_5d", "vol_10d", "vol_ratio", "obv_trend", "spy_ret_1d", "vix_level", "vix_change", "vix_regime", "asset_class", "ret_1m", "ret_3m", "ret_6m", "ret_12m", "high52w_dist", "low52w_dist", "day_of_week", "month", "is_options_expiry", "btc_ret_1d", "gold_ret_1d", "corr_spy_20d", "vwap_dist"]}