{"center": [0.015670191929883615, 0.044449156061849404, 1.0, 60.98169897782794, 0.3639134819469394, 0.3999663726351753, 0.004522620189339105, 0.07564344923533148, 0.7337337830731366, 0.39253405144463127, 0.002342530192450454, 0.006335702901578588, 0.010107071850474256, 0.6566933407606581, 1.0000285967568812, 0.0004185270085553805, 17.494999885559082, -0.004577499019404185, 1.0, 0.0, 0.039910913469301534, 0.09084206462345734, 0.2095429355836722, 0.40659316936821743, -0.024933927752491737, 0.48766026412470787, 2.0, 6.0, 0.0, -0.0008240985185906102, 0.000519394242702087, 0.5633080583456187, 0.01579396415767567], "scale": [0.04003637994811564, 0.06797700350934285, 1.0, 23.139804727906956, 0.60314949728554, 0.5938618836623356, 0.13580169466895647, 0.07062254913702733, 0.46181064998228816, 0.25744632424120206, 0.014500660015473427, 0.033014891797067264, 0.006182623139003441, 0.7629317489998195, 0.19539080157500666, 0.008976478375981062, 4.004999160766602, 0.08456180148445727, 1.0, 1.0, 0.07738606087864039, 0.16908911472501098, 0.16983874571340618, 0.513423624250589, 0.046866954678319514, 0.3676157514337121, 2.0, 7.0, 1.0, 0.02567650857330364, 0.015771512305657875, 0.32155870699550854, 0.037646412271672494], "features": ["SMA20_dist", "SMA50_dist", "sma_cross", "RSI14", "MACD", "MACD_sig", "MACD_hist", "BB_width", "BB_pos", "ATR14", "ret_1d", "ret_5d", "vol_10d", "vol_ratio", "obv_trend", "spy_ret_1d", "vix_level", "vix_change", "vix_regime", "asset_class", "ret_1m", "ret_3m", "ret_6m", "ret_12m", "high52w_dist", "low52w_dist", "day_of_week", "month", "is_options_expiry", "btc_ret_1d", "gold_ret_1d", "corr_spy_20d", "vwap_dist"]}