{"center": [0.011590519785030775, 0.013439002000973747, 1.0, 54.61258996113596, 0.6566180645413198, 0.5341887818836055, 0.0637484264544751, 0.12475414592375356, 0.6124592124403606, 3.0721675382907, 0.0031419999574093804, 0.008118444669723113, 0.01597772615309299, 0.944610257994815, 1.0658490333047999, 0.0005625013995373962, 17.420000076293945, -0.005630684757875204, 1.0, 0.0, 0.018480708119738676, 0.029468973407341892, 0.002322093088745647, 0.0, -0.09720363476271046, 0.26015262290086116, 2.0, 6.0, 0.0, -0.0017024351995931775, 0.001788531730296361, 0.2820508780330333, 0.011075404946643868], "scale": [0.057780109971170265, 0.0679877095073457, 1.0, 25.28154237842144, 2.5752954323583808, 2.1783925493022243, 1.2261869131213534, 0.06075830055683948, 0.5290408870669873, 0.9188281078849831, 0.021112987165759683, 0.052958208862831396, 0.004798043511330124, 0.41423901779457695, 0.7179881584662247, 0.009361284550974042, 4.024999618530273, 0.076862881746453, 1.0, 1.0, 0.11835955229842074, 0.11712866316144807, 0.1808427943095887, 0.04626129242324528, 0.06665102171617418, 0.2456608392608756, 2.0, 7.0, 1.0, 0.027576867959466594, 0.014614887026328932, 0.6738530658105518, 0.056823967757340665], "features": ["SMA20_dist", "SMA50_dist", "sma_cross", "RSI14", "MACD", "MACD_sig", "MACD_hist", "BB_width", "BB_pos", "ATR14", "ret_1d", "ret_5d", "vol_10d", "vol_ratio", "obv_trend", "spy_ret_1d", "vix_level", "vix_change", "vix_regime", "asset_class", "ret_1m", "ret_3m", "ret_6m", "ret_12m", "high52w_dist", "low52w_dist", "day_of_week", "month", "is_options_expiry", "btc_ret_1d", "gold_ret_1d", "corr_spy_20d", "vwap_dist"]}