{"center": [0.008358839702104085, 0.021647123919117144, 1.0, 58.032515257859274, 2.0723192428554285, 2.0306729653179616, -0.09778180409256265, 0.05046711654124991, 0.6766418696118575, 3.3335723876953125, 0.000264765158885627, 0.003311725889008077, 0.007743934534695667, 0.9752958128622483, 1.0534234429157492, 0.0005046930920669102, 17.610000610351562, -0.004632673488730754, 1.0, 0.0, 0.017668166049369605, 0.04774601481160601, 0.06537729763770206, 0.13456664640699167, -0.010503760221321417, 0.2748115773838008, 2.0, 6.0, 0.0, -0.0008217291810309613, 0.0014259144001700363, 0.9959268620984704, 0.008936413215556918], "scale": [0.021490301323721952, 0.03622298794771992, 1.0, 22.69143577292529, 2.8647663380303925, 2.8060035241542907, 0.8806437011564013, 0.03223094738033204, 0.4190537017930711, 1.646697842707745, 0.009575435026878243, 0.022800661655876853, 0.0043856815874683715, 0.30503470336714655, 0.8519585600177875, 0.00900398306096728, 4.109999656677246, 0.0856520567180486, 1.0, 1.0, 0.04025766401773684, 0.0688306688361695, 0.11751285478892726, 0.17917146370293535, 0.024889470713080158, 0.1964141091953696, 2.0, 7.0, 1.0, 0.028812836311969736, 0.013808351960965082, 0.003459808265784292, 0.02002957388118426], "features": ["SMA20_dist", "SMA50_dist", "sma_cross", "RSI14", "MACD", "MACD_sig", "MACD_hist", "BB_width", "BB_pos", "ATR14", "ret_1d", "ret_5d", "vol_10d", "vol_ratio", "obv_trend", "spy_ret_1d", "vix_level", "vix_change", "vix_regime", "asset_class", "ret_1m", "ret_3m", "ret_6m", "ret_12m", "high52w_dist", "low52w_dist", "day_of_week", "month", "is_options_expiry", "btc_ret_1d", "gold_ret_1d", "corr_spy_20d", "vwap_dist"]}