{"center": [-0.01486625850363983, -0.06595160133882702, 0.0, 46.28452833897272, -1.0588551042681758, -1.0304228839805085, 0.1550105809601081, 0.18233511397763366, 0.39553078195669844, 2.114357564076025, -0.0015835601202097704, -0.010717930132054243, 0.02464423027296426, 0.9103814005268832, 1.0285210290470657, 0.0007458404516206274, 17.5600004196167, -0.0067012664712571834, 1.0, 0.0, -0.03598694788905865, -0.16973034868876014, -0.2648619874872533, -0.2656106485945606, -0.4777618896773729, 0.11249994217006704, 2.0, 6.0, 0.0, -0.0005528134329213508, 0.002029036170702825, 0.3672596018399201, -0.012999847425035897], "scale": [0.10033752986682258, 0.14797985749504652, 1.0, 29.731139017370936, 3.1849752333303893, 3.290183908628719, 0.9709659924814882, 0.1419128685685319, 0.5594551259011421, 1.0863777852479126, 0.03147356188696626, 0.08283769227243887, 0.014041047393310743, 0.46098921955820626, 0.2546020751119842, 0.008823592631474558, 4.305000305175781, 0.08121585129359371, 1.0, 1.0, 0.2043530473476804, 0.19549705625196004, 0.30281962961418574, 0.5040434546990094, 0.14618723119679994, 0.1865054544834487, 2.0, 7.0, 1.0, 0.02943382072210282, 0.01615241677697743, 0.3509380109499845, 0.09301952169179385], "features": ["SMA20_dist", "SMA50_dist", "sma_cross", "RSI14", "MACD", "MACD_sig", "MACD_hist", "BB_width", "BB_pos", "ATR14", "ret_1d", "ret_5d", "vol_10d", "vol_ratio", "obv_trend", "spy_ret_1d", "vix_level", "vix_change", "vix_regime", "asset_class", "ret_1m", "ret_3m", "ret_6m", "ret_12m", "high52w_dist", "low52w_dist", "day_of_week", "month", "is_options_expiry", "btc_ret_1d", "gold_ret_1d", "corr_spy_20d", "vwap_dist"]}