{"center": [0.0012654290586970604, 0.0034369409681478565, 1.0, 60.313375095097044, 0.08094647976955116, 0.08735414365774644, -0.002165249834271535, 0.005839725814941848, 0.7336889591299673, 0.08518918602502623, 0.00012056351085432127, 0.0006030299727355359, 0.0008305432584237944, 0.9192866165987349, 1.0354008798116927, 0.0010938140906693317, 17.389999389648438, -0.008114863341212808, 1.0, 0.0, 0.0032396244869068447, 0.009903125165158011, 0.02111553792835763, 0.034598372331698934, -0.0012034011198203654, 0.042954012929224544, 2.0, 6.0, 0.0, -0.00032588834829794244, 0.0014259144001700363, -0.0002970414354972447, 0.0012710327423889483], "scale": [0.00258146855379834, 0.004270411707195337, 1.0, 22.42516013143907, 0.09088965469715049, 0.08694228792729536, 0.02663448625257802, 0.0038378538602788313, 0.3927787779180946, 0.027702988847279036, 0.001087945855015482, 0.002189967298844797, 0.0003147484409779048, 0.47611838974313403, 0.09365117496286546, 0.008795249524320536, 4.220000267028809, 0.07829972317604283, 1.0, 1.0, 0.004544476505425665, 0.00922844918889898, 0.013626048416226055, 0.04678149887764782, 0.0033988836807126504, 0.0158335485711871, 2.0, 7.0, 1.0, 0.026334437854410364, 0.014310535749416986, 0.5785361942034539, 0.002580335197309197], "features": ["SMA20_dist", "SMA50_dist", "sma_cross", "RSI14", "MACD", "MACD_sig", "MACD_hist", "BB_width", "BB_pos", "ATR14", "ret_1d", "ret_5d", "vol_10d", "vol_ratio", "obv_trend", "spy_ret_1d", "vix_level", "vix_change", "vix_regime", "asset_class", "ret_1m", "ret_3m", "ret_6m", "ret_12m", "high52w_dist", "low52w_dist", "day_of_week", "month", "is_options_expiry", "btc_ret_1d", "gold_ret_1d", "corr_spy_20d", "vwap_dist"]}