{"center": [0.0008693129772613658, 0.010931484412695336, 1.0, 49.655581198750106, 0.07227384451518759, 0.07419712424177713, -0.01009102036224209, 0.0789414338739286, 0.5136159313624878, 0.48929781275548834, 0.0009011314953280003, 0.0035290456557925953, 0.011578907769524914, 0.6645510546947918, 1.0113023678949018, 0.000984565078659072, 17.510000228881836, -0.005579556721748813, 1.0, 0.0, 0.009102221164288826, 0.04681218284108679, 0.058828738306892614, 0.0, -0.04795029404820392, 0.29099880260753636, 2.0, 6.0, 0.0, -0.00032588834829794244, 0.002012776164397767, 0.574844462128179, -0.0007612864697149383], "scale": [0.0453213949292602, 0.07787886173960905, 1.0, 25.81894767477972, 0.6051159675180671, 0.5722902647518863, 0.14060045931139833, 0.04004721496023854, 0.5548615348745473, 0.14235790737943887, 0.015480964536898179, 0.04029464134870886, 0.004592807037108862, 0.6969131060640485, 0.2230740484506064, 0.009148329779628206, 4.14000129699707, 0.07755023288468565, 1.0, 1.0, 0.08724700153793896, 0.16574978368490223, 0.26031875091048673, 0.32977589925562056, 0.1013327302141985, 0.27711740954746444, 2.0, 7.0, 1.0, 0.02521169077532681, 0.015374234667154818, 0.2685098816455766, 0.04465419774919671], "features": ["SMA20_dist", "SMA50_dist", "sma_cross", "RSI14", "MACD", "MACD_sig", "MACD_hist", "BB_width", "BB_pos", "ATR14", "ret_1d", "ret_5d", "vol_10d", "vol_ratio", "obv_trend", "spy_ret_1d", "vix_level", "vix_change", "vix_regime", "asset_class", "ret_1m", "ret_3m", "ret_6m", "ret_12m", "high52w_dist", "low52w_dist", "day_of_week", "month", "is_options_expiry", "btc_ret_1d", "gold_ret_1d", "corr_spy_20d", "vwap_dist"]}