{"center": [0.007514777526008827, 0.026367662227761407, 1.0, 55.83334412997428, 0.1751832632688135, 0.1613119490072959, 0.0012733156495968456, 0.05898582874331238, 0.6537135707666724, 0.22152816076481965, 0.00046290468958898323, 0.0030337529170771926, 0.007716017913256496, 0.46615867324069926, 1.0208715686482008, 0.0009530940882862549, 17.8700008392334, -0.006658632403358511, 1.0, 0.0, 0.01936929468426829, 0.054860011028180056, 0.10388134946110661, 0.14718471940989453, -0.0225205159170557, 0.24609834251596394, 2.0, 6.0, 0.0, -0.00032588834829794244, 0.0017929035935666526, 0.48775262550089366, 0.00538149373773546], "scale": [0.03149462721830473, 0.04690735828335075, 1.0, 22.9914851801096, 0.2703680291365629, 0.2310761104552057, 0.0903846983968604, 0.04388983358852183, 0.5105346730573703, 0.11136897251080868, 0.010656341835853456, 0.028404698989812405, 0.004611367157350225, 0.6998488706203694, 0.21500825188274364, 0.009052862647835114, 4.545000076293945, 0.08405563447732645, 1.0, 1.0, 0.061526029783014524, 0.08035661556231166, 0.16504498101301057, 0.2524227362488729, 0.05033576576247245, 0.23212826507325196, 2.0, 7.0, 1.0, 0.028512123980245663, 0.016016865920176926, 0.31993199603593914, 0.03177878002115861], "features": ["SMA20_dist", "SMA50_dist", "sma_cross", "RSI14", "MACD", "MACD_sig", "MACD_hist", "BB_width", "BB_pos", "ATR14", "ret_1d", "ret_5d", "vol_10d", "vol_ratio", "obv_trend", "spy_ret_1d", "vix_level", "vix_change", "vix_regime", "asset_class", "ret_1m", "ret_3m", "ret_6m", "ret_12m", "high52w_dist", "low52w_dist", "day_of_week", "month", "is_options_expiry", "btc_ret_1d", "gold_ret_1d", "corr_spy_20d", "vwap_dist"]}