{"center": [-0.0008720030235503679, -0.001405896501067099, 0.0, 50.24155233739837, 0.006187240397196092, -0.003069662531746578, 0.015528729693524434, 0.06915613936758977, 0.48523274541380723, 1.2433533074175749, 0.0008341422156490363, 0.001462521460266375, 0.012136729881563831, 0.9277145650422427, 0.830049324249237, 0.0021628025973028375, 17.479999542236328, -0.0067322198012426115, 1.0, 0.0, -0.004328268850502193, -0.015058936780857013, -0.01072295196393469, 0.0, -0.09809798947634572, 0.0710586614702325, 2.0, 6.0, 0.0, 0.0011828564931994912, 0.0020064107533963593, 0.253688017282177, 0.0005520176885283236], "scale": [0.03764886377463928, 0.04482701982444294, 1.0, 21.847237776758632, 0.8442003379969307, 0.7381444353589999, 0.3728878410473358, 0.036946995770797686, 0.5131871292494188, 0.3011369700984827, 0.018182644239598922, 0.03607961802774323, 0.00633786657819644, 0.3863340693261419, 1.6004876053988566, 0.009459102829899979, 4.310000419616699, 0.08445680229435404, 1.0, 1.0, 0.05979678696796564, 0.07488636699407164, 0.06818003085965624, 0.08088755908833728, 0.0801490973824315, 0.0629125232356136, 2.0, 7.0, 1.0, 0.027211247571300057, 0.01495553978351366, 0.37256376110161027, 0.03807653535765103], "features": ["SMA20_dist", "SMA50_dist", "sma_cross", "RSI14", "MACD", "MACD_sig", "MACD_hist", "BB_width", "BB_pos", "ATR14", "ret_1d", "ret_5d", "vol_10d", "vol_ratio", "obv_trend", "spy_ret_1d", "vix_level", "vix_change", "vix_regime", "asset_class", "ret_1m", "ret_3m", "ret_6m", "ret_12m", "high52w_dist", "low52w_dist", "day_of_week", "month", "is_options_expiry", "btc_ret_1d", "gold_ret_1d", "corr_spy_20d", "vwap_dist"]}