{"center": [0.007374210303828942, 0.013386475969403447, 1.0, 53.69275616596448, 0.2815619626265935, 0.27429487588069457, 0.028584625351260287, 0.07088007180365455, 0.5944138602022699, 1.0826811940507783, 0.002462031653134633, 0.0069271547596750915, 0.011674025585971418, 0.9650503872242617, 1.038134534775617, 0.0013512048508048657, 17.260000228881836, -0.006664472772315133, 1.0, 0.0, 0.016830300528249742, 0.02504106051213484, 0.08490547633610646, 0.10050530171628136, -0.04216951107559902, 0.22396656539944487, 2.0, 6.0, 0.0, 0.00024003985338927336, 0.0012750435385292525, 0.11833601066011959, 0.007858583457020413], "scale": [0.03405022284862673, 0.056811248077339206, 1.0, 19.762781481898408, 1.0717143601141412, 0.9629509823855735, 0.3519753147681126, 0.04790473274104706, 0.49254342810238105, 0.5730526966389606, 0.015786960791228766, 0.03696105850229103, 0.005948020753028452, 0.38040154684162997, 0.3687994438646598, 0.009264402704325825, 3.5524988174438477, 0.08408581956792585, 1.0, 1.0, 0.07276856082095123, 0.08795679339443005, 0.1584986641309042, 0.2052739638841224, 0.06986794600152571, 0.1632157367633415, 2.0, 7.0, 1.0, 0.027060271272793007, 0.01616500002790147, 0.5303529893167517, 0.03454241696193165], "features": ["SMA20_dist", "SMA50_dist", "sma_cross", "RSI14", "MACD", "MACD_sig", "MACD_hist", "BB_width", "BB_pos", "ATR14", "ret_1d", "ret_5d", "vol_10d", "vol_ratio", "obv_trend", "spy_ret_1d", "vix_level", "vix_change", "vix_regime", "asset_class", "ret_1m", "ret_3m", "ret_6m", "ret_12m", "high52w_dist", "low52w_dist", "day_of_week", "month", "is_options_expiry", "btc_ret_1d", "gold_ret_1d", "corr_spy_20d", "vwap_dist"]}