{"center": [0.003300804942708157, 0.0025500927147170116, 1.0, 49.87231617691904, 0.05361338001963745, 0.06751791924692013, -0.008938903856707689, 0.0779526786152522, 0.5522790717670354, 0.685578593291791, 0.0007284981822031078, 0.004622334601423805, 0.011107793744321958, 0.936629331725805, 0.9945874787654789, 0.0006365557679147704, 17.80500030517578, -0.005118433089179364, 1.0, 0.0, 0.004162969407468409, 0.024867185125414082, 0.04115995709238718, 0.004855348829873485, -0.05889381964757867, 0.15797486640105046, 2.0, 6.0, 0.0, -0.00020332970930003746, 0.001788531730296361, -0.06967627655574801, 0.0036060432275478284], "scale": [0.03560600336442796, 0.057671194377021597, 1.0, 19.737796739516583, 0.6432160798447679, 0.6063192614361035, 0.20125006695777342, 0.04377592653763301, 0.46972171208137353, 0.3675819741493561, 0.01367947198210756, 0.03545458660842152, 0.006569012610737146, 0.38717834226098824, 0.3091343897342682, 0.009653812857410293, 4.269999027252197, 0.0782602580005668, 1.0, 1.0, 0.07054425298673583, 0.12501578535455868, 0.12367328067232536, 0.1378804232094899, 0.05510086875381516, 0.0895212037196816, 2.0, 7.0, 1.0, 0.027224508847547152, 0.016302014649828445, 0.3654904296163147, 0.03426131510583448], "features": ["SMA20_dist", "SMA50_dist", "sma_cross", "RSI14", "MACD", "MACD_sig", "MACD_hist", "BB_width", "BB_pos", "ATR14", "ret_1d", "ret_5d", "vol_10d", "vol_ratio", "obv_trend", "spy_ret_1d", "vix_level", "vix_change", "vix_regime", "asset_class", "ret_1m", "ret_3m", "ret_6m", "ret_12m", "high52w_dist", "low52w_dist", "day_of_week", "month", "is_options_expiry", "btc_ret_1d", "gold_ret_1d", "corr_spy_20d", "vwap_dist"]}