{"center": [-0.010527670579190268, -0.02545703946882771, 0.0, 44.827583162886526, -0.40953209669078205, -0.3028591317021503, -0.05926105694632122, 0.1266122022160136, 0.4204385968772284, 1.7817233051362424, -0.001936319997294933, -0.007643561267628107, 0.0191106538488822, 0.9330415620262031, 0.9790931439555821, 0.0005563903663643455, 17.299999237060547, -0.005025144893802347, 1.0, 0.0, -0.016474650802121404, -0.07973778128192577, -0.03463912819268178, -0.04814131319850157, -0.1922975814931651, 0.149507342062252, 2.0, 6.0, 0.0, -0.0018977187896134229, 0.0020516615880092903, 0.3185730059101012, -0.010882881870824894], "scale": [0.06262767133294248, 0.0925529056872956, 1.0, 25.985016759306006, 1.7959540847474713, 1.560691623012172, 0.6544315824684697, 0.07306284902705079, 0.4921782280114887, 0.47288031069770353, 0.02185950822799143, 0.06228309925216319, 0.00947530546433029, 0.44303057763657994, 0.3892856457478189, 0.008623713067717254, 3.734999656677246, 0.0774910200172777, 1.0, 1.0, 0.10090033679081861, 0.16897256622909268, 0.214590569099174, 0.1720471626695379, 0.14642490431690464, 0.1754844251475971, 2.0, 7.0, 1.0, 0.02797548759912266, 0.013794794734587057, 0.3101067964972615, 0.0641428133705283], "features": ["SMA20_dist", "SMA50_dist", "sma_cross", "RSI14", "MACD", "MACD_sig", "MACD_hist", "BB_width", "BB_pos", "ATR14", "ret_1d", "ret_5d", "vol_10d", "vol_ratio", "obv_trend", "spy_ret_1d", "vix_level", "vix_change", "vix_regime", "asset_class", "ret_1m", "ret_3m", "ret_6m", "ret_12m", "high52w_dist", "low52w_dist", "day_of_week", "month", "is_options_expiry", "btc_ret_1d", "gold_ret_1d", "corr_spy_20d", "vwap_dist"]}