{"center": [0.00635168980269632, 0.007811416733619151, 1.0, 54.0904287607706, 0.04681921699229008, 0.005465420718461914, 0.035665002027415016, 0.22301792837431994, 0.5344196045717144, 0.7893213544573103, -0.0008223734690654405, 0.009935237043960155, 0.035743085316286546, 0.896035329527541, 1.0069843785393084, 0.0013180112206383487, 17.38499927520752, -0.0067012664712571834, 1.0, 0.0, 0.007665070730617063, 0.015400562704208864, 0.12448412473872295, 0.0, -0.24167655484230555, 0.9763399571911775, 2.0, 6.0, 0.0, -0.0008240985185906102, 0.0017309682584434327, 0.23143091241470487, 0.0013540165868992419], "scale": [0.11584631129759035, 0.17169723596730865, 1.0, 22.331610796642927, 0.7595232469304776, 0.6956134350836292, 0.2664317535266835, 0.16901795657831165, 0.49905987657131645, 0.3029286350522723, 0.04892884406670925, 0.11550806378735082, 0.0195209746286649, 0.5889504975619512, 0.10886096849263516, 0.008975778129496792, 3.9099998474121094, 0.07787110169258912, 1.0, 1.0, 0.21568290169958382, 0.4065921291280098, 0.5295718287719522, 0.6474140594310899, 0.18269896415629416, 1.3909535632248156, 2.0, 6.0, 1.0, 0.027354447504059715, 0.014155873834420296, 0.3580723894943035, 0.11373608003503069], "features": ["SMA20_dist", "SMA50_dist", "sma_cross", "RSI14", "MACD", "MACD_sig", "MACD_hist", "BB_width", "BB_pos", "ATR14", "ret_1d", "ret_5d", "vol_10d", "vol_ratio", "obv_trend", "spy_ret_1d", "vix_level", "vix_change", "vix_regime", "asset_class", "ret_1m", "ret_3m", "ret_6m", "ret_12m", "high52w_dist", "low52w_dist", "day_of_week", "month", "is_options_expiry", "btc_ret_1d", "gold_ret_1d", "corr_spy_20d", "vwap_dist"]}