{"center": [0.003204330947604636, 0.009916066020633791, 1.0, 52.75865254314052, 0.2900267634380356, 0.3265424617658586, -0.004125174550405841, 0.054759670589350454, 0.5670954464391023, 1.3035171014604248, 0.0007409082861384864, 0.0019118104342097375, 0.008413429041403452, 0.5858529039516243, 1.0068173054770038, 0.0014609058966514876, 17.600000381469727, -0.0067322198012426115, 1.0, 0.0, 0.0068895640636008615, 0.04109986875555394, 0.055135637276627625, 0.10712627084976978, -0.02895873354112029, 0.1793844654030314, 2.0, 6.0, 0.0, -0.0003109860024155253, 0.0003705687954560499, 0.26972914880677146, 0.003445247116122841], "scale": [0.027965552443869064, 0.04083352232369579, 1.0, 22.872394946605077, 1.1517181564250905, 0.9994990622634796, 0.40594596978314, 0.027084262926491708, 0.527561123792318, 0.3430651310615076, 0.011222520609895481, 0.026163403230809457, 0.0034406712175795526, 0.575524658393741, 0.09481359334860873, 0.008711325916184398, 3.9200000762939453, 0.08376411131978789, 1.0, 1.0, 0.054495703607021384, 0.07078037769171597, 0.0873757241149864, 0.1565151274634009, 0.039483325540023866, 0.05978562822352981, 2.0, 7.0, 1.0, 0.027017992433280957, 0.015396048362563364, 0.3328002417712389, 0.027324065395495173], "features": ["SMA20_dist", "SMA50_dist", "sma_cross", "RSI14", "MACD", "MACD_sig", "MACD_hist", "BB_width", "BB_pos", "ATR14", "ret_1d", "ret_5d", "vol_10d", "vol_ratio", "obv_trend", "spy_ret_1d", "vix_level", "vix_change", "vix_regime", "asset_class", "ret_1m", "ret_3m", "ret_6m", "ret_12m", "high52w_dist", "low52w_dist", "day_of_week", "month", "is_options_expiry", "btc_ret_1d", "gold_ret_1d", "corr_spy_20d", "vwap_dist"]}