{"center": [-0.01113655049993085, -0.026612069733027727, 0.0, 46.35618650530386, -2.119064655342015, -2.090153822538114, 0.13378133904568545, 0.13484992705031673, 0.4099761797795977, 6.722145080566406, -0.0006218878495246605, -0.006772303817295766, 0.020722355648403235, 0.8892627531094154, 1.000415272592667, 0.0009529899591387281, 17.3799991607666, -0.005720161498773413, 1.0, 0.0, -0.029175478754907558, -0.046746924446970595, -0.084376955605448, -0.00674899347725455, -0.1808081167097012, 0.12533331976996528, 2.0, 6.0, 0.0, -0.0014864790528285043, 0.0019763991077348386, 0.3620490334053186, -0.007348805590310067], "scale": [0.0638861245111694, 0.0917710726623523, 1.0, 18.557322751646538, 5.1719179023343, 4.531516223368359, 1.936490634241078, 0.10283881417292422, 0.483063575421503, 1.8985731942313064, 0.028926459382799752, 0.07542862345145102, 0.014152143147627052, 0.5099174145370439, 0.2322535347626805, 0.009288559257818685, 4.195000171661377, 0.08362225381865013, 1.0, 1.0, 0.10228073690651113, 0.17275741776300202, 0.26749935563632965, 0.3615777317551721, 0.29509384358975904, 0.14645305482369553, 2.0, 6.0, 1.0, 0.027277310061915028, 0.016427079482024376, 0.4398384809573547, 0.06674885983304174], "features": ["SMA20_dist", "SMA50_dist", "sma_cross", "RSI14", "MACD", "MACD_sig", "MACD_hist", "BB_width", "BB_pos", "ATR14", "ret_1d", "ret_5d", "vol_10d", "vol_ratio", "obv_trend", "spy_ret_1d", "vix_level", "vix_change", "vix_regime", "asset_class", "ret_1m", "ret_3m", "ret_6m", "ret_12m", "high52w_dist", "low52w_dist", "day_of_week", "month", "is_options_expiry", "btc_ret_1d", "gold_ret_1d", "corr_spy_20d", "vwap_dist"]}