{"center": [0.002573510983427128, 0.006991028056436177, 1.0, 53.302440315022245, 0.198855533555637, 0.19449211399886474, -0.004064100431263082, 0.03184198703588101, 0.5946784447551974, 0.7536054313855003, -0.00010509948046205642, 0.0010623878468416503, 0.005723516441313831, 0.9250174898008832, 1.0159910655110431, 0.0014013392615941367, 17.479999542236328, -0.008142008332229278, 1.0, 0.0, 0.006983842339924329, 0.008519263774008912, 0.019238855678562317, 0.018646263698798737, -0.012756114303107823, 0.10802630782650557, 2.0, 6.0, 0.0, -0.0005528134329213508, 0.002005371484685714, 0.6320329266418268, 0.002896993879089177], "scale": [0.013428486850103737, 0.01623957367055365, 1.0, 16.243468440096763, 0.3973213526312023, 0.3262503711849081, 0.18427294926271445, 0.021144644161938637, 0.41956121760292947, 0.2021028737000462, 0.00798404387884788, 0.01735602281132939, 0.0019683570344758627, 0.42901473459895434, 0.3954636345895095, 0.009348300392684, 4.012500286102295, 0.07559181344824886, 1.0, 1.0, 0.023216842461912773, 0.025489985989964492, 0.036553919828994974, 0.05242390016089671, 0.01793575040286503, 0.030950823487926812, 2.0, 7.0, 1.0, 0.02629941370323277, 0.015232527807284985, 0.26180424531931856, 0.013946928240578584], "features": ["SMA20_dist", "SMA50_dist", "sma_cross", "RSI14", "MACD", "MACD_sig", "MACD_hist", "BB_width", "BB_pos", "ATR14", "ret_1d", "ret_5d", "vol_10d", "vol_ratio", "obv_trend", "spy_ret_1d", "vix_level", "vix_change", "vix_regime", "asset_class", "ret_1m", "ret_3m", "ret_6m", "ret_12m", "high52w_dist", "low52w_dist", "day_of_week", "month", "is_options_expiry", "btc_ret_1d", "gold_ret_1d", "corr_spy_20d", "vwap_dist"]}