{"center": [-0.0013824574481300965, -0.004286090985107238, 0.5, 49.852648725578696, -0.07365463562933527, -0.057678938876626076, -0.0164520707510884, 0.09262874457538368, 0.47734745785858657, 0.5613346173360746, -0.0002699463153348347, 0.0, 0.013085192993254637, 0.9476557309637308, 1.0206976779330632, 0.0009008441539046785, 17.74000072479248, -0.005438782390179864, 1.0, 0.0, 6.116183924326224e-05, -0.009346556563215425, 0.0, 0.0, -0.07959065787266303, 0.14221323226759292, 2.0, 6.0, 0.0, 0.0005619890716248577, 0.0017705517533963544, 0.354601965904446, -0.0006265451448038427], "scale": [0.04777304550198447, 0.0818099756015402, 1.0, 27.266106551309854, 0.7598959683510653, 0.7918725875385655, 0.20356912977582087, 0.06624036970586697, 0.5460654215726097, 0.15798812092606174, 0.015252425180720786, 0.038100581291441615, 0.0077103825916112236, 0.4293938013168299, 0.25354482059746153, 0.009071781036268933, 4.362498760223389, 0.08678000218152523, 1.0, 1.0, 0.08145771868786669, 0.13694852764298032, 0.18404354071368487, 0.11228011359396156, 0.1003470763950292, 0.19087971121692107, 2.0, 7.0, 1.0, 0.027657934344590435, 0.013094021451240834, 0.394898681073537, 0.04775304688463695], "features": ["SMA20_dist", "SMA50_dist", "sma_cross", "RSI14", "MACD", "MACD_sig", "MACD_hist", "BB_width", "BB_pos", "ATR14", "ret_1d", "ret_5d", "vol_10d", "vol_ratio", "obv_trend", "spy_ret_1d", "vix_level", "vix_change", "vix_regime", "asset_class", "ret_1m", "ret_3m", "ret_6m", "ret_12m", "high52w_dist", "low52w_dist", "day_of_week", "month", "is_options_expiry", "btc_ret_1d", "gold_ret_1d", "corr_spy_20d", "vwap_dist"]}