{"center": [0.00614754648182507, 0.010937798700344434, 1.0, 53.0713568349762, 0.7650772205861358, 0.570224909275086, -0.0012860212670373627, 0.06976361878090662, 0.6062057878243591, 2.5809800079804535, -0.00014967404310189947, 0.0003720998318584856, 0.01009729999183589, 0.8551225497846676, 0.9774534701390762, 0.001039192360821617, 17.38499927520752, -0.0067012664712571834, 1.0, 0.0, 0.014700397109144947, 0.025278675364205583, 0.032608634356179556, 0.0, -0.05027708737517783, 0.20108690558230202, 2.0, 6.0, 0.0, -0.0016587106652958816, 0.0009256230818284195, 0.6867586642855265, 0.0055281808768937995], "scale": [0.03487182582589129, 0.04742048805749062, 1.0, 20.48222135836741, 2.823563216007493, 2.327220523679103, 0.9293462542237536, 0.03989833018355202, 0.502123453240059, 0.998195469028146, 0.013927444794078064, 0.03393789022775842, 0.0038078129588344552, 0.47086322771018096, 0.25681919043766555, 0.008598775309232531, 3.8775010108947754, 0.0721100698759451, 1.0, 1.0, 0.07164928171315191, 0.09716907695300042, 0.10256653999879461, 0.1413828607287123, 0.056022311493791596, 0.16822199742423158, 2.0, 6.0, 1.0, 0.0278217123798086, 0.01491099298467008, 0.2259187826171819, 0.03395243958543685], "features": ["SMA20_dist", "SMA50_dist", "sma_cross", "RSI14", "MACD", "MACD_sig", "MACD_hist", "BB_width", "BB_pos", "ATR14", "ret_1d", "ret_5d", "vol_10d", "vol_ratio", "obv_trend", "spy_ret_1d", "vix_level", "vix_change", "vix_regime", "asset_class", "ret_1m", "ret_3m", "ret_6m", "ret_12m", "high52w_dist", "low52w_dist", "day_of_week", "month", "is_options_expiry", "btc_ret_1d", "gold_ret_1d", "corr_spy_20d", "vwap_dist"]}