{"center": [0.011041306113912162, 0.023482140398544078, 1.0, 54.644238091888056, 1.3358865134062512, 1.1632117042214043, -0.0029888592169338146, 0.09113374479878755, 0.6424697398842087, 4.024582979400749, 0.001828544331016424, 0.007037362256184454, 0.014622880038233515, 0.9189275791663043, 1.0381009398132552, 0.0006584144222449018, 17.420000076293945, -0.005649859110261113, 1.0, 0.0, 0.02268285589707708, 0.04723713104721272, 0.0555108649338546, 0.12220905299484364, -0.04239333898659886, 0.43159932109904897, 2.0, 6.0, 0.0, -0.0007989160866231915, 0.0015276831806073643, 0.8758251990740784, 0.013505184193551336], "scale": [0.04674519550422798, 0.07743677213909986, 1.0, 24.305696700158038, 4.386963517023311, 4.170799276033347, 1.2027220167430916, 0.06797442062846387, 0.4910108992203269, 2.203458777262068, 0.01891602652671634, 0.045266908962548535, 0.005868895140189944, 0.524107894471279, 0.15854509161196118, 0.008831119599162995, 3.8949999809265137, 0.07941859824155875, 1.0, 1.0, 0.0865426674987636, 0.1098664921246992, 0.14592694196953387, 0.22985694094152254, 0.06462315830087098, 0.3766210892952965, 2.0, 7.0, 1.0, 0.026580737062775306, 0.014916180254161554, 0.10631542186311471, 0.045532097377768345], "features": ["SMA20_dist", "SMA50_dist", "sma_cross", "RSI14", "MACD", "MACD_sig", "MACD_hist", "BB_width", "BB_pos", "ATR14", "ret_1d", "ret_5d", "vol_10d", "vol_ratio", "obv_trend", "spy_ret_1d", "vix_level", "vix_change", "vix_regime", "asset_class", "ret_1m", "ret_3m", "ret_6m", "ret_12m", "high52w_dist", "low52w_dist", "day_of_week", "month", "is_options_expiry", "btc_ret_1d", "gold_ret_1d", "corr_spy_20d", "vwap_dist"]}