{"center": [0.016407032318882575, 0.04609016249647094, 1.0, 54.874310296477496, 0.6265764127612883, 0.6358744748433781, 0.06625566809817418, 0.19513551415974956, 0.6208958660598691, 1.9721437181745256, 0.001403779977481312, 0.010019945567500743, 0.02694172008869417, 0.93538302581459, 1.0497613351554438, 0.0014269529379875578, 17.360000610351562, -0.005720161498773413, 1.0, 0.0, 0.05269277948440698, 0.016789510488582016, -0.0015932686280840658, 0.0, -0.31409919109492274, 0.4237546032459692, 2.0, 6.0, 0.0, -0.00204861414171964, 0.0017481999132260562, 0.48785743655920616, 0.017501562962876638], "scale": [0.11316895540372357, 0.19824134799206114, 1.0, 28.967793045604665, 2.3623016995109793, 2.2703915598593127, 0.6327065449320246, 0.12382894118953752, 0.5654355899721867, 0.7735712868826732, 0.0334102411739301, 0.08381896762430963, 0.012933812682608996, 0.4252503377612883, 1.0204744945947517, 0.008741817508573835, 3.8900012969970703, 0.07984140203483225, 1.0, 1.0, 0.23281683280672072, 0.44366079207947584, 0.1799263495067962, 0.16937914863653125, 0.22532640313382862, 0.3414338488350803, 2.0, 7.0, 1.0, 0.02874211176968189, 0.015923795896912618, 0.393891070629927, 0.11478876009597562], "features": ["SMA20_dist", "SMA50_dist", "sma_cross", "RSI14", "MACD", "MACD_sig", "MACD_hist", "BB_width", "BB_pos", "ATR14", "ret_1d", "ret_5d", "vol_10d", "vol_ratio", "obv_trend", "spy_ret_1d", "vix_level", "vix_change", "vix_regime", "asset_class", "ret_1m", "ret_3m", "ret_6m", "ret_12m", "high52w_dist", "low52w_dist", "day_of_week", "month", "is_options_expiry", "btc_ret_1d", "gold_ret_1d", "corr_spy_20d", "vwap_dist"]}