{"center": [0.002570828579892605, 0.007102112948370433, 1.0, 51.820132616718595, 0.22416187789460906, 0.27164639313710204, -0.02697677324495129, 0.048726322377578964, 0.5539272839445611, 1.1549184708108555, 0.0007337247079334253, 0.0005154228086583501, 0.008512974367263806, 0.9543895130798312, 1.0244598321029295, 0.001453376180490129, 17.324999809265137, -0.009655623818465353, 1.0, 0.0, 0.00677987879050701, 0.016826553609161077, 0.014042963255676999, 0.0, -0.04151296912540921, 0.14442673193215927, 2.0, 6.0, 0.0, -0.0007989160866231915, 0.0019975639955481794, 0.4050098907639108, 0.002831941847278245], "scale": [0.022887771230228296, 0.02772094900474613, 1.0, 17.61453344107867, 0.6584121103797003, 0.58471820660929, 0.25624461943979787, 0.021766728596213328, 0.4858977345777121, 0.26985754695789477, 0.010788621832856893, 0.02440750507837028, 0.003800856648523446, 0.3599552665998791, 0.2350129558368964, 0.008999984703157854, 4.0625, 0.07729158933196711, 1.0, 1.0, 0.03730766505188185, 0.05412796838678746, 0.04886384369789043, 0.047056083692031014, 0.03917676967022597, 0.036335188597621554, 2.0, 6.0, 1.0, 0.028297482052378503, 0.01478453932243104, 0.329237499783829, 0.024097040340996252], "features": ["SMA20_dist", "SMA50_dist", "sma_cross", "RSI14", "MACD", "MACD_sig", "MACD_hist", "BB_width", "BB_pos", "ATR14", "ret_1d", "ret_5d", "vol_10d", "vol_ratio", "obv_trend", "spy_ret_1d", "vix_level", "vix_change", "vix_regime", "asset_class", "ret_1m", "ret_3m", "ret_6m", "ret_12m", "high52w_dist", "low52w_dist", "day_of_week", "month", "is_options_expiry", "btc_ret_1d", "gold_ret_1d", "corr_spy_20d", "vwap_dist"]}