{"center": [0.004938450427235112, 0.019821198026213488, 1.0, 53.19359484620385, 0.6534736555404521, 0.7663109884551349, -0.06552709569508938, 0.057454142473445866, 0.6076831429288163, 1.5731404373871376, 0.0003455448180004206, 0.0009630959315960474, 0.008782880923754538, 0.888091038344035, 1.0311080158474324, 0.0013179584183605764, 17.605000495910645, -0.006606896521132111, 1.0, 0.0, 0.0089788452493762, 0.029862811780207443, 0.03165410774122246, 0.03742922941286575, -0.029093869452574386, 0.23718558370702167, 2.0, 6.0, 0.0, 0.00013874977403555144, 0.0026551980445689294, 0.6874213508066805, 0.005849284490233917], "scale": [0.031602171528011716, 0.04277973293106504, 1.0, 24.53404036199551, 1.7849118986079162, 1.7000648309565822, 0.51033694710491, 0.04184586693185265, 0.5078946210108843, 0.48162924404576457, 0.010535051529788758, 0.02740275666860334, 0.003730110030662109, 0.5689069658086031, 0.2834029465776505, 0.00948169075597799, 4.087498664855957, 0.08629216984315194, 1.0, 1.0, 0.06643348453706216, 0.08827916446283862, 0.08912557398214666, 0.12986720839236254, 0.04987398921066457, 0.09924983412000082, 2.0, 7.0, 1.0, 0.027141318293337602, 0.015362735477684714, 0.24912170820261048, 0.031102127201681203], "features": ["SMA20_dist", "SMA50_dist", "sma_cross", "RSI14", "MACD", "MACD_sig", "MACD_hist", "BB_width", "BB_pos", "ATR14", "ret_1d", "ret_5d", "vol_10d", "vol_ratio", "obv_trend", "spy_ret_1d", "vix_level", "vix_change", "vix_regime", "asset_class", "ret_1m", "ret_3m", "ret_6m", "ret_12m", "high52w_dist", "low52w_dist", "day_of_week", "month", "is_options_expiry", "btc_ret_1d", "gold_ret_1d", "corr_spy_20d", "vwap_dist"]}