{"center": [0.0037587143683284656, 0.02213818947944951, 1.0, 51.89128841590128, 0.5710112683653676, 0.6515235479814615, -0.05626397301611419, 0.069485307389164, 0.5710023231071855, 1.5370728024821738, 4.0340712939734846e-05, -6.220524902333935e-05, 0.01156854330353485, 0.8549063140012443, 1.0006113772886696, 0.0004951786343114772, 17.515000343322754, -0.0038564790423540884, 1.0, 0.0, 0.00787392870779613, 0.0427024846126538, 0.0, 0.029802297932835398, -0.04972234975905397, 0.26814412453739545, 2.0, 6.0, 0.0, -0.0017258746687544568, 0.001650071760848859, 0.8294198541774354, 0.004406538039674094], "scale": [0.036793588076319474, 0.05620988897441944, 1.0, 22.017751166940407, 1.4345533281694571, 1.267711933951113, 0.446090724602805, 0.05243022788660688, 0.505978615252485, 0.6102576607784616, 0.015046513301144399, 0.03116722805711228, 0.005423171292030663, 0.4239841025558122, 0.20177316038255666, 0.008619231800292254, 3.977499485015869, 0.07609802068602672, 1.0, 1.0, 0.08152467812647629, 0.11327301723742181, 0.12102458341324435, 0.14049598974282662, 0.07313343694550684, 0.1704585456716621, 2.0, 7.0, 1.0, 0.02737311858987332, 0.015155795600950706, 0.1556946136309938, 0.03965499722692443], "features": ["SMA20_dist", "SMA50_dist", "sma_cross", "RSI14", "MACD", "MACD_sig", "MACD_hist", "BB_width", "BB_pos", "ATR14", "ret_1d", "ret_5d", "vol_10d", "vol_ratio", "obv_trend", "spy_ret_1d", "vix_level", "vix_change", "vix_regime", "asset_class", "ret_1m", "ret_3m", "ret_6m", "ret_12m", "high52w_dist", "low52w_dist", "day_of_week", "month", "is_options_expiry", "btc_ret_1d", "gold_ret_1d", "corr_spy_20d", "vwap_dist"]}