{"center": [0.012522720745988106, 0.02197179362979415, 1.0, 52.219641266407606, 0.23027620779616953, 0.25382685258771304, 0.004899693460748866, 0.13568409851795582, 0.597598491983238, 1.1691918094981602, 4.587803377253952e-05, 0.002870648603813586, 0.019872972169893047, 0.8740119858677682, 0.9953786745119837, 0.0011153382889073082, 17.610000610351562, -0.00615351204657788, 1.0, 0.0, 0.02238923099764978, 0.03291749149874601, 0.08216774034731855, 0.0, -0.08320745632321497, 0.5688595415862441, 2.0, 6.0, 0.0, -0.0005528134329213508, 0.0016536143054527441, 0.8150794751905428, 0.011493328297877754], "scale": [0.07084279289139359, 0.12811826178523072, 1.0, 25.59456130908805, 1.4933088826962369, 1.3846746166578643, 0.3806630837056981, 0.09952826625130601, 0.5436120270379872, 0.3674744414637592, 0.02509225233563378, 0.05976945770473488, 0.009562032201620468, 0.5201690152420555, 0.28453044943433403, 0.00866465109305653, 4.202500820159912, 0.080996320214061, 1.0, 1.0, 0.14209780490301194, 0.3825051875803072, 0.36796230819001635, 0.3094385398775503, 0.21424701583069095, 0.43572938976810394, 2.0, 7.0, 1.0, 0.028936757422819176, 0.014804678412490474, 0.20260714196494956, 0.07016357306749432], "features": ["SMA20_dist", "SMA50_dist", "sma_cross", "RSI14", "MACD", "MACD_sig", "MACD_hist", "BB_width", "BB_pos", "ATR14", "ret_1d", "ret_5d", "vol_10d", "vol_ratio", "obv_trend", "spy_ret_1d", "vix_level", "vix_change", "vix_regime", "asset_class", "ret_1m", "ret_3m", "ret_6m", "ret_12m", "high52w_dist", "low52w_dist", "day_of_week", "month", "is_options_expiry", "btc_ret_1d", "gold_ret_1d", "corr_spy_20d", "vwap_dist"]}