{"center": [0.005281430749244011, 0.02624070110018617, 1.0, 49.66688419651143, 0.8344163574701895, 0.7804397163689432, 0.048161222322774755, 0.18519988296532072, 0.5355799382910443, 7.271428789411273, 0.002715458564854556, 0.0054738877525950524, 0.024173146499800187, 0.9004023709600658, 1.0222363840499071, 0.0010938196429841618, 17.260000228881836, -0.005298008058610915, 1.0, 0.0, 0.006308053483031761, 0.0, 0.12667899757133294, 0.0, -0.1379292276494515, 0.5882461500230232, 2.0, 6.0, 0.0, -0.00032588834829794244, 0.000748780548875283, 0.4344260573065374, 0.006090376976236441], "scale": [0.08834738905305, 0.1875370225178813, 1.0, 27.89444812654589, 9.80388506105254, 9.399938310831484, 2.4883784216708413, 0.12612361313023712, 0.5349216948360156, 3.533643450055804, 0.02918962535392533, 0.08110732115769537, 0.015592884092243471, 0.588716814003046, 0.10155064932360969, 0.008776360640185277, 3.9599990844726562, 0.07614738461284087, 1.0, 1.0, 0.19090781896529307, 0.46912129023620264, 0.3875294870889334, 0.4712751155767756, 0.1686378772252401, 0.6376197750312458, 2.0, 7.0, 1.0, 0.02589563634301484, 0.014825296765042961, 0.3581010671356434, 0.08810818196378199], "features": ["SMA20_dist", "SMA50_dist", "sma_cross", "RSI14", "MACD", "MACD_sig", "MACD_hist", "BB_width", "BB_pos", "ATR14", "ret_1d", "ret_5d", "vol_10d", "vol_ratio", "obv_trend", "spy_ret_1d", "vix_level", "vix_change", "vix_regime", "asset_class", "ret_1m", "ret_3m", "ret_6m", "ret_12m", "high52w_dist", "low52w_dist", "day_of_week", "month", "is_options_expiry", "btc_ret_1d", "gold_ret_1d", "corr_spy_20d", "vwap_dist"]}