{"center": [0.016267096232039247, 0.029017430732305744, 1.0, 57.93010968622063, 1.0882646486434737, 0.8441486896301842, 0.16496207272287766, 0.11262944335655595, 0.6837506587126713, 3.472142900739397, 0.0013906106857675127, 0.01070281117753158, 0.0164529657848525, 0.9162262763659759, 1.0395044147054584, 0.00155047779484363, 17.3799991607666, -0.008114863341212808, 1.0, 0.0, 0.026429943385409826, 0.039093561902539875, 0.0, 0.0, -0.1312438240011446, 0.3924162036496628, 2.0, 6.0, 0.0, -0.0008264678561502592, 0.0014259144001700363, 0.3831527978218483, 0.016196173414055107], "scale": [0.05443060921500374, 0.12069437248453, 1.0, 22.81553551165222, 4.200801347120915, 4.161392074957997, 0.9423188565236511, 0.0601083984494753, 0.5032650385060031, 1.2514283316476007, 0.019811024339567385, 0.0508828305019382, 0.009857333318112876, 0.38582541835392203, 0.20341402621219706, 0.008598004496450873, 4.220001220703125, 0.08432271262887181, 1.0, 1.0, 0.12140672368818506, 0.22294725681825545, 0.1600200445157901, 0.19416986610235143, 0.11500454720720453, 0.337953121660417, 2.0, 7.0, 1.0, 0.029489326395943594, 0.015096468497171056, 0.3348191671365049, 0.05299063509139307], "features": ["SMA20_dist", "SMA50_dist", "sma_cross", "RSI14", "MACD", "MACD_sig", "MACD_hist", "BB_width", "BB_pos", "ATR14", "ret_1d", "ret_5d", "vol_10d", "vol_ratio", "obv_trend", "spy_ret_1d", "vix_level", "vix_change", "vix_regime", "asset_class", "ret_1m", "ret_3m", "ret_6m", "ret_12m", "high52w_dist", "low52w_dist", "day_of_week", "month", "is_options_expiry", "btc_ret_1d", "gold_ret_1d", "corr_spy_20d", "vwap_dist"]}