{"center": [0.00845134653011294, 0.02234963083375373, 1.0, 56.89907565791658, 0.17596902435354878, 0.1922106588586606, -0.0011353645284709335, 0.08253235491235239, 0.6264878977713798, 0.4384378360924132, 0.0007646960079474852, 0.004243604280597779, 0.010399923054465717, 0.7958921694480102, 1.0873146622734762, 0.0009011253788435702, 17.389999389648438, -0.0046113733261696765, 1.0, 0.0, 0.01822436382024395, 0.07439571881083995, 0.1802808908023512, 0.038435767990116165, -0.05187467247547638, 0.3955100246759791, 2.0, 6.0, 0.0, 0.00018283765004545316, 0.0020516615880092903, 0.39088011771560305, 0.00949417103066391], "scale": [0.04583352635511051, 0.07351253190513461, 1.0, 32.774980603452235, 0.7867755550695943, 0.6956202223588681, 0.21842892862200075, 0.05445823563116901, 0.5489039593339924, 0.32503576786250055, 0.013169069963031133, 0.03698933715387637, 0.0037975426412725395, 0.8339313372382824, 0.7220046744294778, 0.008985146831229973, 3.77500057220459, 0.07866987345609378, 1.0, 1.0, 0.09059149811675854, 0.18042288067847956, 0.27741623086869605, 0.4213644804999964, 0.12434433540988382, 0.5612422932957503, 2.0, 6.5, 1.0, 0.02610690687112288, 0.015288511979933306, 0.3923334606303507, 0.04394023649010674], "features": ["SMA20_dist", "SMA50_dist", "sma_cross", "RSI14", "MACD", "MACD_sig", "MACD_hist", "BB_width", "BB_pos", "ATR14", "ret_1d", "ret_5d", "vol_10d", "vol_ratio", "obv_trend", "spy_ret_1d", "vix_level", "vix_change", "vix_regime", "asset_class", "ret_1m", "ret_3m", "ret_6m", "ret_12m", "high52w_dist", "low52w_dist", "day_of_week", "month", "is_options_expiry", "btc_ret_1d", "gold_ret_1d", "corr_spy_20d", "vwap_dist"]}