{"center": [0.00635841467685307, 0.01995940295590053, 1.0, 53.88578631647637, 1.249181918899012, 1.6852865752529431, -0.08662474428709643, 0.07714142416787206, 0.5959934973308711, 4.307856968470982, 0.0008549958951802328, 0.002753154459940177, 0.01156722924861865, 0.7991232476368784, 1.024472296709917, 0.0007604385561745808, 17.510000228881836, -0.005211721284556381, 1.0, 0.0, 0.015389704151980599, 0.05069344112439933, 0.02031065556722278, 0.009292614950378253, -0.04768151345600184, 0.314623316905988, 2.0, 6.0, 0.0, -0.0008264678561502592, 0.0017929035935666526, 0.814349946934872, 0.007310838507108467], "scale": [0.03917824495149589, 0.08219110140159129, 1.0, 21.704089599645187, 5.249160452748384, 5.531838482337022, 1.1484876429482647, 0.056188488091322666, 0.5056270026059727, 1.8560725620814735, 0.01688543246024793, 0.03166940966504034, 0.006111076847298709, 0.6973616728994998, 0.19342508571884554, 0.009130643065821564, 4.034999847412109, 0.08285575484497065, 1.0, 1.0, 0.07817565335845411, 0.1744743704794427, 0.11664452925882313, 0.13627230030975057, 0.07758736737432229, 0.18318456800305832, 2.0, 7.0, 1.0, 0.026542374047945738, 0.015102815090520694, 0.1570379858042137, 0.03910443100318809], "features": ["SMA20_dist", "SMA50_dist", "sma_cross", "RSI14", "MACD", "MACD_sig", "MACD_hist", "BB_width", "BB_pos", "ATR14", "ret_1d", "ret_5d", "vol_10d", "vol_ratio", "obv_trend", "spy_ret_1d", "vix_level", "vix_change", "vix_regime", "asset_class", "ret_1m", "ret_3m", "ret_6m", "ret_12m", "high52w_dist", "low52w_dist", "day_of_week", "month", "is_options_expiry", "btc_ret_1d", "gold_ret_1d", "corr_spy_20d", "vwap_dist"]}