{"center": [0.008044637002136682, 0.023424887975982835, 1.0, 54.138405428920876, 0.6086636976532418, 0.5423513511906131, -0.004581563823282037, 0.09012229909326182, 0.6019310026489981, 2.2825205901277172, 0.0003860658052863286, 0.003857363464679464, 0.015484967396001238, 0.9436768710820297, 1.0359423178423703, 0.0010938196429841618, 17.299999237060547, -0.006658632403358511, 1.0, 0.0, 0.021152516256867315, 0.04829209056318651, 0.00542113288059376, 0.0, -0.05829599926446312, 0.2883614120268107, 2.0, 6.0, 0.0, -0.0016352711961346023, 0.0005694792310315666, 0.5983543944476031, 0.010682572901857066], "scale": [0.045478378627991964, 0.0849164360063719, 1.0, 20.498736832869405, 2.073765500721919, 1.9785980126357736, 0.5504554063884808, 0.050439410117139094, 0.49450216035961647, 1.2321154049756486, 0.02056249370787966, 0.046947249636217214, 0.005896186712567347, 0.35433907485085336, 0.256883781597924, 0.008449537654387274, 3.4099998474121094, 0.08040977850173181, 1.0, 1.0, 0.08330016905846083, 0.1969317147962898, 0.38004935919521865, 0.37066636630977134, 0.12145160177695036, 0.6393077996588266, 2.0, 6.0, 1.0, 0.026939426852476633, 0.014779551104580735, 0.20685846568773736, 0.04600249236452058], "features": ["SMA20_dist", "SMA50_dist", "sma_cross", "RSI14", "MACD", "MACD_sig", "MACD_hist", "BB_width", "BB_pos", "ATR14", "ret_1d", "ret_5d", "vol_10d", "vol_ratio", "obv_trend", "spy_ret_1d", "vix_level", "vix_change", "vix_regime", "asset_class", "ret_1m", "ret_3m", "ret_6m", "ret_12m", "high52w_dist", "low52w_dist", "day_of_week", "month", "is_options_expiry", "btc_ret_1d", "gold_ret_1d", "corr_spy_20d", "vwap_dist"]}