{"center": [0.013972157233740137, 0.045034845715556826, 1.0, 56.40787781059192, 1.4338763302696265, 1.6043650673470975, 0.10009350565248276, 0.14023517907682484, 0.6368615015946034, 3.6334689174379826, 0.0006958867204784891, 0.008936503380526872, 0.020426809168095604, 0.8927399238545359, 1.0196035003117316, 0.00042196417751982906, 17.610000610351562, -0.004048598315015806, 1.0, 0.0, 0.03456438673141626, 0.09621751307686033, 0.11534256648971142, 0.07952339370068717, -0.08622392699835928, 0.6516310471820009, 2.0, 6.0, 0.0, -0.0024415545387781457, 0.0014259144001700363, 0.8059687468575135, 0.015914449158596793], "scale": [0.07269687775316609, 0.1422703975173259, 1.0, 25.504689242607796, 5.030410738463814, 5.003651309484299, 1.097127686262085, 0.11272797455689136, 0.4987528703854553, 1.1147979827854795, 0.026131488245921708, 0.062065552538021596, 0.009865173361844686, 0.48869177755828497, 0.1998290524088011, 0.00924302160635282, 3.730001449584961, 0.08379830725330184, 1.0, 1.0, 0.16120929972377063, 0.3943775154740091, 0.35048955204003385, 0.4224623795178568, 0.19479938879438938, 0.4627814234627174, 2.0, 7.0, 1.0, 0.02835141238662997, 0.014160598723072737, 0.1908573046133999, 0.07193988555862678], "features": ["SMA20_dist", "SMA50_dist", "sma_cross", "RSI14", "MACD", "MACD_sig", "MACD_hist", "BB_width", "BB_pos", "ATR14", "ret_1d", "ret_5d", "vol_10d", "vol_ratio", "obv_trend", "spy_ret_1d", "vix_level", "vix_change", "vix_regime", "asset_class", "ret_1m", "ret_3m", "ret_6m", "ret_12m", "high52w_dist", "low52w_dist", "day_of_week", "month", "is_options_expiry", "btc_ret_1d", "gold_ret_1d", "corr_spy_20d", "vwap_dist"]}