{"center": [0.0031051053841782855, 0.00478558103449186, 0.0, 51.4142166635239, 0.050808020897495254, 0.06694247326187466, 0.0023639032951004446, 0.12852596197916555, 0.5347250784585491, 1.4291487173842319, 0.00013774982505077027, 0.003586969700581477, 0.018464807832731907, 0.9321603788101342, 1.035101027785154, 0.0017053018077386461, 17.355000495910645, -0.008008568742242539, 1.0, 0.0, -0.00032147561272188874, 0.02946060914669446, 0.1410607539695351, 0.0, -0.09687391731657133, 0.3849567807834122, 2.0, 6.0, 0.0, 0.001001153013906797, 0.002054320244525898, 0.30823686353249846, 0.00047874990447582095], "scale": [0.06363769709730235, 0.10640614681937163, 1.0, 26.37638133871595, 2.045383146355123, 1.9114065181240076, 0.48439242126277615, 0.08796318509242235, 0.5331483901552869, 0.5208855105866115, 0.021734928721180963, 0.053989926088082896, 0.010696262584519264, 0.48045745987377475, 0.6595551490284468, 0.009055298320659017, 4.37000036239624, 0.08014353019271167, 1.0, 1.0, 0.12100914655037126, 0.2634008989094945, 0.267689991672837, 0.4991364570687449, 0.15016641818198304, 0.4541512712293805, 2.0, 7.0, 1.0, 0.026481674635671387, 0.015738593690816455, 0.3942299089512341, 0.06391055465509973], "features": ["SMA20_dist", "SMA50_dist", "sma_cross", "RSI14", "MACD", "MACD_sig", "MACD_hist", "BB_width", "BB_pos", "ATR14", "ret_1d", "ret_5d", "vol_10d", "vol_ratio", "obv_trend", "spy_ret_1d", "vix_level", "vix_change", "vix_regime", "asset_class", "ret_1m", "ret_3m", "ret_6m", "ret_12m", "high52w_dist", "low52w_dist", "day_of_week", "month", "is_options_expiry", "btc_ret_1d", "gold_ret_1d", "corr_spy_20d", "vwap_dist"]}