{"center": [0.03511110314617516, 0.06057324614998437, 1.0, 55.74576768120524, 0.8204140860352567, 0.7162291547668154, 0.07313598289093615, 0.24941470689843853, 0.6602667396525368, 2.2198276298330395, 0.004131029852288082, 0.014123498551261271, 0.035911737867062296, 0.8936996617168151, 1.0333155488595573, 0.0013179056160940172, 17.664999961853027, -0.006606896521132111, 1.0, 0.0, 0.05236131085672768, 0.14457001949647397, 0.2835310110523569, 0.8492232571418132, -0.09254649880542441, 1.2212348148249221, 2.0, 6.0, 0.0, -0.0003184371753567339, 0.0015006433011212073, 0.6334288335153719, 0.03589722684783679], "scale": [0.1264347368425844, 0.18713518966840617, 1.0, 25.000780979912484, 2.5298752966634384, 2.436579128303658, 0.8063856990935724, 0.14609842794153616, 0.5396321748775805, 2.375688479853685, 0.04422749213615862, 0.12102754138988062, 0.018273613373503077, 0.5377833728760293, 0.16742140687006057, 0.008824205773662719, 4.0849995613098145, 0.07790207265021765, 1.0, 1.0, 0.24983035880610238, 0.3760792623675203, 0.6719405094869126, 1.2563225439174033, 0.17675767620984428, 1.8004609313918023, 2.0, 7.0, 1.0, 0.02703183949494825, 0.015271136710732519, 0.2885515194127968, 0.12349895091383051], "features": ["SMA20_dist", "SMA50_dist", "sma_cross", "RSI14", "MACD", "MACD_sig", "MACD_hist", "BB_width", "BB_pos", "ATR14", "ret_1d", "ret_5d", "vol_10d", "vol_ratio", "obv_trend", "spy_ret_1d", "vix_level", "vix_change", "vix_regime", "asset_class", "ret_1m", "ret_3m", "ret_6m", "ret_12m", "high52w_dist", "low52w_dist", "day_of_week", "month", "is_options_expiry", "btc_ret_1d", "gold_ret_1d", "corr_spy_20d", "vwap_dist"]}