{"center": [0.04964177658135648, 0.11299872514129275, 1.0, 58.20457045377055, 1.6345365807793257, 1.5319531076838904, 0.10569099507694091, 0.30259613437386595, 0.6867512738664564, 4.609856741768973, 0.003199996948242134, 0.01271132432825306, 0.041534582997005985, 0.9386412375665967, 1.0364075523870113, 0.0014267172797870487, 17.510000228881836, -0.008500003814697288, 1.0, 0.0, 0.10359403153113411, 0.2809493070887108, 0.5249668405362928, 0.15586236468338277, -0.13750005408569524, 1.7965894004617828, 2.0, 6.0, 0.0, -0.0003342625487465778, 0.001992014086009908, 0.5528025287667195, 0.047556527366383335], "scale": [0.146457401553368, 0.30700850423899934, 1.0, 23.258934599817373, 5.381664632589661, 5.351996827848583, 1.0815028587749969, 0.17489415943170386, 0.5170363545784438, 2.5530722481863837, 0.04893165308015357, 0.11881386831145846, 0.02092243429763673, 0.45197186271272694, 0.15267896197746678, 0.009551779101796276, 4.220001220703125, 0.08897807239618905, 1.0, 1.0, 0.30540670839851203, 0.6772212526082543, 1.138611927398033, 1.9999998096458538, 0.3201124361104103, 2.03940008490662, 2.0, 7.0, 1.0, 0.027978058130078476, 0.015958029851957156, 0.4049091785221835, 0.1399550762418681], "features": ["SMA20_dist", "SMA50_dist", "sma_cross", "RSI14", "MACD", "MACD_sig", "MACD_hist", "BB_width", "BB_pos", "ATR14", "ret_1d", "ret_5d", "vol_10d", "vol_ratio", "obv_trend", "spy_ret_1d", "vix_level", "vix_change", "vix_regime", "asset_class", "ret_1m", "ret_3m", "ret_6m", "ret_12m", "high52w_dist", "low52w_dist", "day_of_week", "month", "is_options_expiry", "btc_ret_1d", "gold_ret_1d", "corr_spy_20d", "vwap_dist"]}