{"center": [0.00998386391432087, 0.03632859479193865, 1.0, 52.81186916032817, 1.5299330302837006, 1.6194205517662423, -0.05504317832055472, 0.16629471294257356, 0.5797162699080481, 5.55434112576322, 0.0003375432768086828, 0.004877747184970138, 0.02603648773891794, 0.9249183895538629, 1.0260036411599696, 0.0013759502770052112, 17.3799991607666, -0.006658632403358511, 1.0, 0.0, 0.02666038875760135, 0.03961176010857215, 0.0, 0.0, -0.11325036488133067, 0.5891347991080379, 2.0, 6.0, 0.0, 0.000879679657679322, 0.0020813110966888537, 0.6920599911438362, 0.013127949419105578], "scale": [0.09187500649521213, 0.12204340335778556, 1.0, 24.59465514642838, 5.6549204404724875, 5.404310647329192, 1.7953665060803807, 0.12524114142649384, 0.5372078931949393, 1.4258662979055545, 0.033029727171340784, 0.07600698761149244, 0.01069896934014022, 0.49345659434277644, 0.21754244868039074, 0.00870498662544894, 4.375, 0.08258196365487003, 1.0, 1.0, 0.20260580736853812, 0.23515811506454753, 0.20543357501975218, 0.13221748624600094, 0.14408726948501827, 0.26466970891948444, 2.0, 7.0, 1.0, 0.025951768879950043, 0.01572162057656734, 0.26008347417087063, 0.09052962589294872], "features": ["SMA20_dist", "SMA50_dist", "sma_cross", "RSI14", "MACD", "MACD_sig", "MACD_hist", "BB_width", "BB_pos", "ATR14", "ret_1d", "ret_5d", "vol_10d", "vol_ratio", "obv_trend", "spy_ret_1d", "vix_level", "vix_change", "vix_regime", "asset_class", "ret_1m", "ret_3m", "ret_6m", "ret_12m", "high52w_dist", "low52w_dist", "day_of_week", "month", "is_options_expiry", "btc_ret_1d", "gold_ret_1d", "corr_spy_20d", "vwap_dist"]}