{"center": [-0.001209584780425273, 0.004093267920675562, 0.0, 48.95488532624683, 0.041728628883234364, -0.016889891847856678, -0.08049850374069933, 0.08520949129991173, 0.47848543075580874, 2.0869246109897626, 0.0004044583420144132, 0.0009647459418291593, 0.011856537926424653, 0.9376109100217522, 0.9830927142543595, 0.001375736572713837, 17.510000228881836, -0.00900898630432001, 1.0, 0.0, -0.0047579990347929035, 0.0, 0.0, 0.0, -0.08593354312623737, 0.3030616450656613, 2.0, 6.0, 0.0, -0.00022924323774897726, 0.0005168326664386491, 0.4701006484425176, -0.0012596552799986362], "scale": [0.044514128404459015, 0.07574206484855586, 1.0, 23.178513535957883, 2.3108607359496105, 1.9477839077081855, 0.6505772449298939, 0.05820141422032181, 0.5080416607484528, 0.46249437175909014, 0.017180529007022716, 0.03771278035076492, 0.005476976776625703, 0.38129306569777, 0.4936776718326009, 0.008965803716158072, 3.705000877380371, 0.07569159727956021, 1.0, 1.0, 0.10103411447346627, 0.17545303834440534, 0.1656809869483885, 0.15328850977618758, 0.1152089449409866, 0.2329838195715649, 2.0, 7.0, 1.0, 0.027679293550333772, 0.015159370438778186, 0.31911827888321165, 0.04402713103912244], "features": ["SMA20_dist", "SMA50_dist", "sma_cross", "RSI14", "MACD", "MACD_sig", "MACD_hist", "BB_width", "BB_pos", "ATR14", "ret_1d", "ret_5d", "vol_10d", "vol_ratio", "obv_trend", "spy_ret_1d", "vix_level", "vix_change", "vix_regime", "asset_class", "ret_1m", "ret_3m", "ret_6m", "ret_12m", "high52w_dist", "low52w_dist", "day_of_week", "month", "is_options_expiry", "btc_ret_1d", "gold_ret_1d", "corr_spy_20d", "vwap_dist"]}