{"center": [0.015310898344591563, 0.02494240471816006, 1.0, 57.624734305787676, 0.5542988884068549, 0.46658970259462773, -0.02810390202596169, 0.13468568823218593, 0.6652216227955399, 1.877234481987008, 0.002665317225394981, 0.007662899993577499, 0.016840133873069044, 0.908246685036613, 1.0351168892738345, 0.001722787837563633, 17.360000610351562, -0.00790227414327227, 1.0, 0.0, 0.03561939273843806, 0.03696532844877165, 0.151282078004354, 0.15021828078679733, -0.04899931155759741, 0.5192947816585493, 2.0, 6.0, 0.0, 0.0011828564931994912, 0.0019383092584315254, 0.09575619860853807, 0.015837357417612705], "scale": [0.06611177092493038, 0.1166493137794399, 1.0, 25.676919581720753, 2.3554799063895047, 2.1692883318464276, 0.6069779267681157, 0.09013414533431616, 0.5158058501316651, 0.587928316619424, 0.02112291672135813, 0.05393406525552391, 0.008714876261213304, 0.42908573895701596, 0.12898825435950445, 0.009135105288264223, 4.15000057220459, 0.08682764921754738, 1.0, 1.0, 0.13909553028215593, 0.2155757614767666, 0.23206991077639016, 0.4088861702459974, 0.09841195025063872, 0.4133414587231993, 2.0, 7.0, 1.0, 0.025780685523054236, 0.016047412600013744, 0.3812818487128881, 0.06337555174942058], "features": ["SMA20_dist", "SMA50_dist", "sma_cross", "RSI14", "MACD", "MACD_sig", "MACD_hist", "BB_width", "BB_pos", "ATR14", "ret_1d", "ret_5d", "vol_10d", "vol_ratio", "obv_trend", "spy_ret_1d", "vix_level", "vix_change", "vix_regime", "asset_class", "ret_1m", "ret_3m", "ret_6m", "ret_12m", "high52w_dist", "low52w_dist", "day_of_week", "month", "is_options_expiry", "btc_ret_1d", "gold_ret_1d", "corr_spy_20d", "vwap_dist"]}