{"center": [0.028380380054700036, 0.07531291065505638, 1.0, 59.27876186584835, 8.309045614786442, 7.927873065320444, 0.25257834072433605, 0.13790749257491136, 0.7135093949766296, 10.014280225223498, 0.0030265717778474865, 0.014299245296703011, 0.017128995029612355, 0.9595036984013362, 1.0688945611235203, 0.0014608004313110268, 17.209999084472656, -0.005211721284556381, 1.0, 0.0, 0.06253171320645845, 0.1995958955112913, 0.1778152302340572, 0.25457385930930587, -0.042354881248682655, 0.5483799427572796, 2.0, 6.0, 0.0, 0.0008420581944230676, 0.0015263333689308212, 0.6674194898949677, 0.027171814717338805], "scale": [0.07305719892325309, 0.1075968963125598, 1.0, 26.166546784796118, 14.568018570947743, 13.292297912158272, 3.9119037248202098, 0.08381387968990127, 0.5254082018095723, 10.308664986746347, 0.02209355233199428, 0.05731470187917298, 0.00946618287355275, 0.38869662161521434, 0.29197286068298944, 0.008699909999180577, 4.220001220703125, 0.0816686101498506, 1.0, 1.0, 0.13416404010087035, 0.2309981674407886, 0.5822278775926322, 0.6949846154030135, 0.08748335769041801, 1.1015466925186201, 2.0, 6.0, 1.0, 0.025512581276507684, 0.015036342668525604, 0.2252541356357145, 0.07065865604303326], "features": ["SMA20_dist", "SMA50_dist", "sma_cross", "RSI14", "MACD", "MACD_sig", "MACD_hist", "BB_width", "BB_pos", "ATR14", "ret_1d", "ret_5d", "vol_10d", "vol_ratio", "obv_trend", "spy_ret_1d", "vix_level", "vix_change", "vix_regime", "asset_class", "ret_1m", "ret_3m", "ret_6m", "ret_12m", "high52w_dist", "low52w_dist", "day_of_week", "month", "is_options_expiry", "btc_ret_1d", "gold_ret_1d", "corr_spy_20d", "vwap_dist"]}