{"center": [-8.428701541427557e-06, 0.009975606593776977, 1.0, 50.65845095302572, 0.07460945492741544, 0.07688393367130775, -0.011784399463932796, 0.0978894974166366, 0.49983447693219674, 1.2116552972787433, 0.0001689582501224196, 0.0022621127417563613, 0.01595117276531756, 0.9060833437642606, 1.0124332076417746, 0.0014981635373213509, 17.364999771118164, -0.006622747498870429, 1.0, 0.0, 0.006487365608381923, 0.028976315831902633, 0.035613633980676074, 0.0, -0.07855804369483901, 0.34322611013550564, 2.0, 6.0, 0.0, -0.0005528134329213508, 0.0015276831806073643, 0.14310399980566557, 0.0026614675908032564], "scale": [0.04713205230809378, 0.07238407058724944, 1.0, 22.363360500721456, 1.0820573024170042, 1.024636643828744, 0.30706307558490153, 0.053196517808991386, 0.4848117884080132, 0.3439194675189978, 0.020338624195501115, 0.04387503557664729, 0.008175575597123792, 0.41776898916888316, 0.10134992869024395, 0.009061215427280722, 3.914999485015869, 0.08123051171250856, 1.0, 1.0, 0.08624397376551468, 0.16994180974417428, 0.3126697022751568, 0.03983521343759072, 0.18585992984797145, 0.22823375471628077, 2.0, 7.0, 1.0, 0.02853890145746077, 0.015363845464009596, 0.4849929903108958, 0.04728080477533084], "features": ["SMA20_dist", "SMA50_dist", "sma_cross", "RSI14", "MACD", "MACD_sig", "MACD_hist", "BB_width", "BB_pos", "ATR14", "ret_1d", "ret_5d", "vol_10d", "vol_ratio", "obv_trend", "spy_ret_1d", "vix_level", "vix_change", "vix_regime", "asset_class", "ret_1m", "ret_3m", "ret_6m", "ret_12m", "high52w_dist", "low52w_dist", "day_of_week", "month", "is_options_expiry", "btc_ret_1d", "gold_ret_1d", "corr_spy_20d", "vwap_dist"]}