{"center": [0.008666994439803323, 0.02270218807311742, 1.0, 56.23236896980314, 0.5381012485880774, 0.5383654074065106, -0.007221726226070813, 0.05340512524254787, 0.6845797040170876, 0.7601586504654325, 0.0005017848648710688, 0.00384479045144992, 0.007948987454075272, 0.9693109451579371, 1.015064571557832, 0.0009687254543250257, 17.369999885559082, -0.006642781425620192, 1.0, 0.0, 0.016873194750710696, 0.04894703419036428, 0.1014259862086031, 0.16705729462681296, -0.015866849796768116, 0.24264809569134105, 2.0, 6.0, 0.0, -5.770796242327014e-05, 0.0021678794958618353, 0.7582875401400533, 0.009944800873594766], "scale": [0.022691271590560096, 0.03589351286627891, 1.0, 21.114076034345494, 0.7077828929188499, 0.592005233276249, 0.25394137889439405, 0.020053431965839114, 0.4286719513854555, 0.3745282480793791, 0.009967899701224053, 0.022952610090884118, 0.0038702843942991644, 0.4165624376749366, 0.699880725840277, 0.008968080473770984, 3.717499256134033, 0.08385466528360785, 1.0, 1.0, 0.044716008483041636, 0.06421786355789905, 0.13239445163550373, 0.23563008271183805, 0.03847327567433727, 0.22188904745149265, 2.0, 7.0, 1.0, 0.027906247657572908, 0.015170897250560034, 0.17465763342377816, 0.023609115285550902], "features": ["SMA20_dist", "SMA50_dist", "sma_cross", "RSI14", "MACD", "MACD_sig", "MACD_hist", "BB_width", "BB_pos", "ATR14", "ret_1d", "ret_5d", "vol_10d", "vol_ratio", "obv_trend", "spy_ret_1d", "vix_level", "vix_change", "vix_regime", "asset_class", "ret_1m", "ret_3m", "ret_6m", "ret_12m", "high52w_dist", "low52w_dist", "day_of_week", "month", "is_options_expiry", "btc_ret_1d", "gold_ret_1d", "corr_spy_20d", "vwap_dist"]}