{"center": [0.006520680570313991, 0.016907777051781488, 1.0, 56.56887263070059, 0.17568852969192505, 0.17195033323505857, 0.0022591690774035425, 0.04306975207603558, 0.6729881044342487, 0.3182142802647182, 0.0004515818092134527, 0.003223382491838067, 0.006785693715509689, 0.9108597114894166, 1.0294116810253104, 0.0007325201091860079, 17.479999542236328, -0.005438782390179864, 1.0, 1.0, 0.015178411908317813, 0.03598529940854156, 0.06272164219481302, 0.09265994443893866, -0.012960121632651552, 0.19095098885544853, 2.0, 6.0, 0.0, -0.0014998349928206922, 0.0020351952356854053, 0.5227886935952313, 0.006678217003302629], "scale": [0.017914826732224973, 0.027115892783143334, 1.0, 19.350352618122272, 0.2537135648730109, 0.21742763900582068, 0.08097010172656416, 0.023175091595097126, 0.4250358822211129, 0.11446411269051687, 0.00932947012629401, 0.019583853410455987, 0.003220599209613798, 0.7700555545115344, 0.45843864523586175, 0.00993941733221751, 3.929999351501465, 0.0865665948230151, 1.0, 1.0, 0.03966902922814605, 0.04691939297662312, 0.09055852013996069, 0.16179320565053923, 0.02070598984861073, 0.1365792829365848, 2.0, 7.0, 1.0, 0.027012762616266867, 0.015109981750946272, 0.2984930178984195, 0.018317218391661078], "features": ["SMA20_dist", "SMA50_dist", "sma_cross", "RSI14", "MACD", "MACD_sig", "MACD_hist", "BB_width", "BB_pos", "ATR14", "ret_1d", "ret_5d", "vol_10d", "vol_ratio", "obv_trend", "spy_ret_1d", "vix_level", "vix_change", "vix_regime", "asset_class", "ret_1m", "ret_3m", "ret_6m", "ret_12m", "high52w_dist", "low52w_dist", "day_of_week", "month", "is_options_expiry", "btc_ret_1d", "gold_ret_1d", "corr_spy_20d", "vwap_dist"]}