{"center": [0.0028218753136966404, 0.01826008874751829, 1.0, 52.54941033101647, 0.34429771449043756, 0.34476371514503534, -0.0002881254608344541, 0.0782009917715141, 0.5476138084042278, 1.4331185921413254, 0.0009891939397019822, 0.0017584547764277758, 0.011650879641910299, 0.8605255558764078, 1.0464584223049234, 0.0007607465456698215, 17.3799991607666, -0.005211721284556381, 1.0, 0.0, 0.005456546181709099, 0.06465724314394072, 0.044811689401420995, 0.0, -0.05466487959438144, 0.3654016836921866, 2.0, 6.0, 0.0, -0.0014864790528285043, 0.0016294519610446923, 0.6447793264593804, 0.003739421064557043], "scale": [0.04690592337513906, 0.08663426088903656, 1.0, 25.90877772597004, 2.4463794085974087, 2.3777757084497337, 0.5660687633037129, 0.05160012091688611, 0.5598637497437564, 0.35799247016005387, 0.015836827368778228, 0.037373646004963956, 0.005017639698179347, 0.6300383536925922, 0.24422825444472784, 0.008983922186164617, 3.759998321533203, 0.08088463071732033, 1.0, 1.0, 0.09168205971877674, 0.20195132712818842, 0.29339198925271714, 0.261953934687303, 0.1331859975580326, 0.393391119453359, 2.0, 7.0, 1.0, 0.02661081026177836, 0.014269317598534337, 0.21676740947137707, 0.046812235855427854], "features": ["SMA20_dist", "SMA50_dist", "sma_cross", "RSI14", "MACD", "MACD_sig", "MACD_hist", "BB_width", "BB_pos", "ATR14", "ret_1d", "ret_5d", "vol_10d", "vol_ratio", "obv_trend", "spy_ret_1d", "vix_level", "vix_change", "vix_regime", "asset_class", "ret_1m", "ret_3m", "ret_6m", "ret_12m", "high52w_dist", "low52w_dist", "day_of_week", "month", "is_options_expiry", "btc_ret_1d", "gold_ret_1d", "corr_spy_20d", "vwap_dist"]}