{"center": [0.0032183105175168365, 0.00959256769860821, 1.0, 52.19208422209717, 0.1483780696262258, 0.141430164859096, 0.007092273112557668, 0.05683944909997887, 0.5577571827400863, 0.7279903054026237, 0.0008712699496817855, 0.0012484614892900314, 0.009134293865533853, 0.9295163875184614, 1.0415805712392043, 0.0014456352254532678, 17.479999542236328, -0.006670313141271755, 1.0, 0.0, 0.006151055614034506, 0.0438812090257672, 0.05295167245052346, 0.12287980698484069, -0.0316843076567185, 0.17368168685211544, 2.0, 6.0, 0.0, -0.0003109860024155253, 0.00020358719772617384, 0.28737695889614173, 0.004105778725192231], "scale": [0.028160773505590587, 0.03998879733807257, 1.0, 21.953885245465088, 0.5698784161658388, 0.4898898780923342, 0.22668614673804713, 0.02967633243840123, 0.4967284819408481, 0.18582992449334257, 0.012416415930479485, 0.028359240244725303, 0.003530869336720404, 0.47904228577561037, 0.45141258782870375, 0.008697690508375155, 4.104999542236328, 0.08247286151222655, 1.0, 1.0, 0.05000134078023938, 0.0798930091758826, 0.09590392966795191, 0.16574157447248883, 0.04045501106504888, 0.07790846074240937, 2.0, 7.0, 1.0, 0.02679699367652777, 0.015537343670231962, 0.35857324436525606, 0.028360426906869393], "features": ["SMA20_dist", "SMA50_dist", "sma_cross", "RSI14", "MACD", "MACD_sig", "MACD_hist", "BB_width", "BB_pos", "ATR14", "ret_1d", "ret_5d", "vol_10d", "vol_ratio", "obv_trend", "spy_ret_1d", "vix_level", "vix_change", "vix_regime", "asset_class", "ret_1m", "ret_3m", "ret_6m", "ret_12m", "high52w_dist", "low52w_dist", "day_of_week", "month", "is_options_expiry", "btc_ret_1d", "gold_ret_1d", "corr_spy_20d", "vwap_dist"]}