{"center": [0.010882037320530131, 0.023848019711132498, 1.0, 54.609709744695444, 1.3280149630998892, 1.171800282054585, -0.009557065558693179, 0.09137290214296806, 0.6378495850491477, 4.039224513539907, 0.0017605006382170885, 0.007037362256184454, 0.01469686990563803, 0.9189275791663043, 1.038830595558128, 0.0008306030385043517, 17.420000076293945, -0.005649859110261113, 1.0, 0.0, 0.02309845174263514, 0.047835695185559524, 0.05806983657134146, 0.1247866378603959, -0.04239333898659886, 0.4323013738214177, 2.0, 6.0, 0.0, -0.0007989160866231915, 0.0015276831806073643, 0.8753387589746948, 0.013388975225359308], "scale": [0.04674519550422798, 0.07743677213909986, 1.0, 24.57498771374432, 4.392621447435907, 4.074557490719011, 1.2137165850786638, 0.06797441818330255, 0.49101091222555815, 2.2427388726505053, 0.01891602652671634, 0.045266908962548535, 0.00590660148502269, 0.524107894471279, 0.15644741996690525, 0.008894318606204099, 3.939999580383301, 0.08026629819443126, 1.0, 1.0, 0.0865426674987636, 0.1092311955120513, 0.14682532144843502, 0.23182375863786703, 0.06447658771720813, 0.3761206171879095, 2.0, 7.0, 1.0, 0.026997262383739007, 0.014916180254161554, 0.10596574513769785, 0.045532097377768345], "features": ["SMA20_dist", "SMA50_dist", "sma_cross", "RSI14", "MACD", "MACD_sig", "MACD_hist", "BB_width", "BB_pos", "ATR14", "ret_1d", "ret_5d", "vol_10d", "vol_ratio", "obv_trend", "spy_ret_1d", "vix_level", "vix_change", "vix_regime", "asset_class", "ret_1m", "ret_3m", "ret_6m", "ret_12m", "high52w_dist", "low52w_dist", "day_of_week", "month", "is_options_expiry", "btc_ret_1d", "gold_ret_1d", "corr_spy_20d", "vwap_dist"]}