{"center": [0.022227391824739023, 0.04869337746034861, 1.0, 56.73900951768766, 1.8020004248238024, 1.250298886705297, 0.20116438012680948, 0.21450181632124082, 0.6170651500614457, 5.873570033482143, 0.0013453884560459262, 0.009987236024959323, 0.028211860867641485, 0.9303647912720798, 1.024387616161434, 0.0014768156945352828, 17.6200008392334, -0.005298008058610915, 1.0, 0.0, 0.031894188541125024, 0.10196227941006497, 0.2090487808634245, 0.04356180709702606, -0.1898005729911396, 1.0620126091329736, 2.0, 6.0, 0.0, 0.0009202877056453396, 0.0014259144001700363, 0.595047899791844, 0.02139904646404103], "scale": [0.12419557614533096, 0.2773694538982776, 1.0, 29.02809253499639, 11.898775512367422, 11.89610779205252, 2.2945864093968615, 0.16539070818451396, 0.5463275911791367, 6.249285016741071, 0.040263455846964114, 0.0971006572241227, 0.017033810115402205, 0.38188412626482493, 0.3094559147259298, 0.009374618423803216, 3.7400007247924805, 0.07896435890291975, 1.0, 1.0, 0.2825304642200173, 0.5339052705450251, 0.597522560240994, 0.9050778013644359, 0.25570458687216846, 1.7394864746869954, 2.0, 7.0, 1.0, 0.029374431763882602, 0.014869075376967467, 0.2704730008411347, 0.12106396564435015], "features": ["SMA20_dist", "SMA50_dist", "sma_cross", "RSI14", "MACD", "MACD_sig", "MACD_hist", "BB_width", "BB_pos", "ATR14", "ret_1d", "ret_5d", "vol_10d", "vol_ratio", "obv_trend", "spy_ret_1d", "vix_level", "vix_change", "vix_regime", "asset_class", "ret_1m", "ret_3m", "ret_6m", "ret_12m", "high52w_dist", "low52w_dist", "day_of_week", "month", "is_options_expiry", "btc_ret_1d", "gold_ret_1d", "corr_spy_20d", "vwap_dist"]}