{"center": [0.014026893972252163, 0.03964795485429113, 1.0, 57.03048227944042, 0.07115931664477682, 0.07217073879624483, -0.00019952906418266303, 0.12429886633244228, 0.648163447019669, 0.13802083541608198, 0.0015175276726473452, 0.007662234327421746, 0.016641446065267428, 0.9272498601673587, 1.0433738419354113, 0.0009012286833693928, 17.260000228881836, -0.004048598315015806, 1.0, 0.0, 0.02975403604290716, 0.10096616432753791, 0.18761678040662844, 0.24877017140317936, -0.05490432970609668, 0.5672439215960334, 2.0, 6.0, 0.0, 0.00029724205673309356, 0.0017929035935666526, 0.424384395870268, 0.013892268554005174], "scale": [0.06778970466444406, 0.10298839745823621, 1.0, 26.31195822116161, 0.1690639367800153, 0.15588418288824402, 0.049373519283507826, 0.09094925477569832, 0.5608102265840933, 0.06683919930420112, 0.020296596750853213, 0.05179750220967849, 0.008551999896421882, 0.4711952936868151, 0.15380477800614478, 0.009097109546343907, 4.0, 0.08468342404548324, 1.0, 1.0, 0.12990147052834983, 0.21005590588117595, 0.35447967666148184, 0.5293356887298374, 0.10211435950169115, 0.5361514442464079, 2.0, 7.0, 1.0, 0.030696660662475617, 0.016289718021209043, 0.33720020007696166, 0.06902799522485839], "features": ["SMA20_dist", "SMA50_dist", "sma_cross", "RSI14", "MACD", "MACD_sig", "MACD_hist", "BB_width", "BB_pos", "ATR14", "ret_1d", "ret_5d", "vol_10d", "vol_ratio", "obv_trend", "spy_ret_1d", "vix_level", "vix_change", "vix_regime", "asset_class", "ret_1m", "ret_3m", "ret_6m", "ret_12m", "high52w_dist", "low52w_dist", "day_of_week", "month", "is_options_expiry", "btc_ret_1d", "gold_ret_1d", "corr_spy_20d", "vwap_dist"]}