{"center": [0.001080087132220314, -0.025649611023476297, 0.0, 51.27372572443314, -0.33987072587007816, -0.3500280361259454, 0.0708666844807162, 0.17431802473857605, 0.5069319892215268, 2.468749727521624, -0.0006612040408890962, -0.002917265429609517, 0.024416669716645537, 0.8933354648076268, 0.9817363086140733, 0.0010392444425111336, 17.239999771118164, -0.00615351204657788, 1.0, 0.0, -0.005543747324769366, -0.05597363457304838, -0.09922335112810277, 0.0, -0.2977381080313445, 0.35843639882057904, 2.0, 6.0, 0.0, 0.00024003985338927336, 0.0009256230818284195, 0.3931924507032112, 0.0030350263265871455], "scale": [0.09956424137212377, 0.1376954392109002, 1.0, 28.049200385040017, 2.839063959532746, 2.5362116136463086, 0.9359691332893709, 0.1309930975435658, 0.5462436964606142, 0.6913936478751048, 0.028262080199473405, 0.07847425509953435, 0.01146065087178065, 0.5034725061263488, 1.3116674832878592, 0.008781591312343184, 3.8324999809265137, 0.08008563364230925, 1.0, 1.0, 0.17907389062476242, 0.22441731535543946, 0.2553679007342676, 0.3367635920358504, 0.21875801011418677, 0.5034873663592732, 2.0, 6.0, 1.0, 0.027952062872517447, 0.015059924080006254, 0.4291890904176828, 0.09780468895617464], "features": ["SMA20_dist", "SMA50_dist", "sma_cross", "RSI14", "MACD", "MACD_sig", "MACD_hist", "BB_width", "BB_pos", "ATR14", "ret_1d", "ret_5d", "vol_10d", "vol_ratio", "obv_trend", "spy_ret_1d", "vix_level", "vix_change", "vix_regime", "asset_class", "ret_1m", "ret_3m", "ret_6m", "ret_12m", "high52w_dist", "low52w_dist", "day_of_week", "month", "is_options_expiry", "btc_ret_1d", "gold_ret_1d", "corr_spy_20d", "vwap_dist"]}