{"center": [0.001412308077826619, 0.003597216272385754, 1.0, 55.94124942734463, 0.019416693304263433, 0.021311142662495855, -0.0004972958380313301, 0.011595876962338908, 0.6315528545862434, 0.04439372123169452, 0.0, 0.0006841523139308192, 0.0016908385383312386, 0.7142292063083693, 1.0149057161989528, 0.0008303976471489838, 17.7450008392334, -0.006642781425620192, 1.0, 0.0, 0.003681510380046271, 0.010054517516926764, 0.018202485909139754, 0.03743360885145053, -0.004704467972597105, 0.05249015057440762, 2.0, 6.0, 0.0, -0.0008240985185906102, 0.0014761238845504288, 0.12797818403880828, 0.0012007612912971694], "scale": [0.005683708525817861, 0.008143609789850993, 1.0, 21.211900214794035, 0.046931622638797243, 0.042433548890551336, 0.012803908257361992, 0.007156491638398786, 0.4665826003539564, 0.013197284539072145, 0.002608321758601262, 0.004822447195463014, 0.0007740885708154008, 0.5700962636659255, 0.08467574922797738, 0.009533528973346694, 4.374999523162842, 0.08570741637928514, 1.0, 1.0, 0.010444004268835128, 0.014984173788513966, 0.020790240427146445, 0.06054591786373231, 0.0064655114581952345, 0.030388120968755802, 2.0, 7.0, 1.0, 0.0290562664730373, 0.016477654520479473, 0.4939695355078403, 0.005451161002826931], "features": ["SMA20_dist", "SMA50_dist", "sma_cross", "RSI14", "MACD", "MACD_sig", "MACD_hist", "BB_width", "BB_pos", "ATR14", "ret_1d", "ret_5d", "vol_10d", "vol_ratio", "obv_trend", "spy_ret_1d", "vix_level", "vix_change", "vix_regime", "asset_class", "ret_1m", "ret_3m", "ret_6m", "ret_12m", "high52w_dist", "low52w_dist", "day_of_week", "month", "is_options_expiry", "btc_ret_1d", "gold_ret_1d", "corr_spy_20d", "vwap_dist"]}