{"center": [0.00321993888239264, 0.01879745027213294, 1.0, 52.89607439831684, 0.3905025765940522, 0.50706663914706, -0.029631789151256596, 0.07426665019396655, 0.566380086769171, 1.6234388570500968, 0.0005974066441151171, 0.002935228923579003, 0.011609776954310137, 0.9300732074039745, 1.03202900225215, 0.0014013692620687968, 17.38499927520752, -0.007856395917702375, 1.0, 0.0, 0.009937965826845696, 0.06685700538103445, 0.019082171004289217, 0.0, -0.06426927851001202, 0.24380315216019943, 2.0, 6.0, 0.0, -0.00016245832696676343, 0.000978748110388561, 0.2702459102996713, 0.004285888781126335], "scale": [0.038944264032748525, 0.06755269894092998, 1.0, 20.165581191864547, 1.5085897183501373, 1.501595179443615, 0.5226502841226159, 0.04647143330199313, 0.5404489870313638, 0.5220704189023413, 0.016560920884380187, 0.03915283410704554, 0.005353262403096925, 0.34992597478914766, 0.23384428392463086, 0.008477622358562559, 3.8324999809265137, 0.07799746328561513, 1.0, 1.0, 0.06576408921230645, 0.10857580442360115, 0.17152570395165573, 0.10645498220797178, 0.10412145804805295, 0.26833746899416216, 2.0, 7.0, 1.0, 0.025744182862639298, 0.01426268676935985, 0.363306053698795, 0.03902288991766228], "features": ["SMA20_dist", "SMA50_dist", "sma_cross", "RSI14", "MACD", "MACD_sig", "MACD_hist", "BB_width", "BB_pos", "ATR14", "ret_1d", "ret_5d", "vol_10d", "vol_ratio", "obv_trend", "spy_ret_1d", "vix_level", "vix_change", "vix_regime", "asset_class", "ret_1m", "ret_3m", "ret_6m", "ret_12m", "high52w_dist", "low52w_dist", "day_of_week", "month", "is_options_expiry", "btc_ret_1d", "gold_ret_1d", "corr_spy_20d", "vwap_dist"]}