{"center": [0.009535561062109524, 0.02510189310375041, 1.0, 57.70241768610087, 0.3573337142496591, 0.3665800823693596, -0.015561002620906594, 0.051042291789310315, 0.7089695702900853, 0.5114111938105921, 0.0009758208317315331, 0.00520524454174176, 0.007764084523708775, 0.886779789317138, 1.0935082345497276, 0.0014517664871611657, 17.5600004196167, -0.007300940979659498, 1.0, 0.0, 0.024025706325208063, 0.06922899816347894, 0.12014681925804016, 0.22670517237571985, -0.011199443610109702, 0.298069841446012, 2.0, 6.0, 0.0, -0.0014998349928206922, 0.0016536143054527441, 0.7093598102170917, 0.010276860601524416], "scale": [0.02409972741463352, 0.035827979922117996, 1.0, 16.530813420448986, 0.4877160823195563, 0.4741991731270383, 0.15203753027779354, 0.03175163494112877, 0.406675987075308, 0.24586270118895548, 0.010561572009469278, 0.02417885340921405, 0.004256271672595011, 0.5922513543275143, 0.35996645209209754, 0.009303901403643455, 4.152500152587891, 0.07907526788084357, 1.0, 1.0, 0.044133111038198336, 0.07051298528711686, 0.15206460031042662, 0.3140818467460928, 0.025872498679320906, 0.24451164597914804, 2.0, 7.0, 1.0, 0.02643579313078026, 0.015018691666481426, 0.22507653393690652, 0.02433870850035086], "features": ["SMA20_dist", "SMA50_dist", "sma_cross", "RSI14", "MACD", "MACD_sig", "MACD_hist", "BB_width", "BB_pos", "ATR14", "ret_1d", "ret_5d", "vol_10d", "vol_ratio", "obv_trend", "spy_ret_1d", "vix_level", "vix_change", "vix_regime", "asset_class", "ret_1m", "ret_3m", "ret_6m", "ret_12m", "high52w_dist", "low52w_dist", "day_of_week", "month", "is_options_expiry", "btc_ret_1d", "gold_ret_1d", "corr_spy_20d", "vwap_dist"]}