{"center": [0.009386298062506649, 0.023306849742707372, 1.0, 56.72516805042545, 0.2409926206540547, 0.23846744794604946, 0.005442215290116348, 0.05960919466931229, 0.6604389869393852, 0.38428497314453125, 0.0009727849058713822, 0.006436548236946837, 0.009435623655008891, 0.7509881422924901, 1.0279148750235851, 0.0014769019367719682, 17.479999542236328, -0.006626930447881874, 1.0, 0.0, 0.021479749727639552, 0.0528251398116526, 0.0819360994172118, 0.08889611278486331, -0.028931335976618407, 0.16706116596861706, 2.0, 6.0, 0.0, -0.0003342625487465778, 0.0010471549570203464, 0.06636242553149929, 0.008960673993074892], "scale": [0.02619981736641558, 0.048328203779995395, 1.0, 20.592727079411496, 0.46940394331964086, 0.45199812499481523, 0.13919330725192192, 0.04178466291094179, 0.4193910578328975, 0.2550001144409179, 0.011497382899923525, 0.031495942180839065, 0.004222652263414792, 0.7423535611438475, 0.10609608186415032, 0.008866801834035765, 4.069999694824219, 0.07834336629818417, 1.0, 1.0, 0.05393143998779526, 0.10306349889499944, 0.15364331574292112, 0.19547003805583718, 0.037738346631832544, 0.10587566760815895, 2.0, 7.0, 1.0, 0.026363641477453514, 0.015661473175776153, 0.5849152718648541, 0.025110721713053338], "features": ["SMA20_dist", "SMA50_dist", "sma_cross", "RSI14", "MACD", "MACD_sig", "MACD_hist", "BB_width", "BB_pos", "ATR14", "ret_1d", "ret_5d", "vol_10d", "vol_ratio", "obv_trend", "spy_ret_1d", "vix_level", "vix_change", "vix_regime", "asset_class", "ret_1m", "ret_3m", "ret_6m", "ret_12m", "high52w_dist", "low52w_dist", "day_of_week", "month", "is_options_expiry", "btc_ret_1d", "gold_ret_1d", "corr_spy_20d", "vwap_dist"]}