{"center": [0.0161494216467569, 0.02516608715039138, 1.0, 55.82489371343082, 1.0105941597050219, 0.8988660371851919, 0.2348859894285127, 0.12048514280502848, 0.6466980874576328, 3.326555578073514, 0.0015835086961000222, 0.01112143277358002, 0.017923188919160418, 0.9382610539036901, 1.0543897374970808, 0.0005047507949251795, 17.520000457763672, -0.004522324550077617, 1.0, 0.0, 0.032092586383649646, 0.02556406308229886, 0.03805031419059324, 0.0, -0.09908900431603668, 0.34447848347743854, 2.0, 6.0, 0.0, -0.0003342625487465778, 0.0007275678386380324, 0.21281963954492425, 0.01514232213138261], "scale": [0.05731278453361709, 0.07809738262476676, 1.0, 24.298564428539265, 2.7724232430552362, 2.512729881566313, 1.2142607958445688, 0.07315105839784378, 0.49368740000277733, 1.2353976514426726, 0.021669211382504494, 0.054977639546981816, 0.006021350892254876, 0.44333891019103056, 0.4797190994967847, 0.008826393196967541, 4.309999465942383, 0.07886335095000485, 1.0, 1.0, 0.10059036283157774, 0.17991038392187342, 0.23956474547443202, 0.20764774761075155, 0.09895233013959565, 0.4598950027211348, 2.0, 7.0, 1.0, 0.027986239258119994, 0.01565653309834175, 0.5651072694560191, 0.05923114219683402], "features": ["SMA20_dist", "SMA50_dist", "sma_cross", "RSI14", "MACD", "MACD_sig", "MACD_hist", "BB_width", "BB_pos", "ATR14", "ret_1d", "ret_5d", "vol_10d", "vol_ratio", "obv_trend", "spy_ret_1d", "vix_level", "vix_change", "vix_regime", "asset_class", "ret_1m", "ret_3m", "ret_6m", "ret_12m", "high52w_dist", "low52w_dist", "day_of_week", "month", "is_options_expiry", "btc_ret_1d", "gold_ret_1d", "corr_spy_20d", "vwap_dist"]}