{"center": [0.00950965157989048, 0.020139679127866277, 1.0, 54.993758870263726, 0.31418738353642084, 0.3578072043581152, 0.007429996161271379, 0.07981800427064162, 0.619463998280432, 1.1025751203673835, 0.0003229228642447346, 0.003624510699155925, 0.012473089493084495, 0.9504727219873385, 1.0097845956267941, 0.0012149537203431926, 17.479999542236328, -0.005395639003152597, 1.0, 0.0, 0.019264271696266655, 0.07018375215471218, 0.15801122794123146, 0.13171067843941164, -0.041775714391497035, 0.3195924983989227, 2.0, 6.0, 0.0, -0.0016587106652958816, 0.001423505566895189, 0.4319444306633366, 0.010188750042078025], "scale": [0.037902657483377816, 0.05788881435752438, 1.0, 19.971784210462253, 0.8457448224133906, 0.8490402795996959, 0.27449718710592497, 0.03830003783632561, 0.47685040573783216, 0.33420150705574825, 0.01885646192080731, 0.03564331423244313, 0.0051401299158940796, 0.4646210438251951, 0.142841876864798, 0.009601168782921221, 4.227499961853027, 0.08878581572866498, 1.0, 1.0, 0.06394597956662795, 0.11851688350978451, 0.2349031539611946, 0.38685466122741485, 0.12269239658844416, 0.38060369540261774, 2.0, 7.0, 1.0, 0.027025488964978223, 0.013951181754865039, 0.2962582775919165, 0.036819011652700406], "features": ["SMA20_dist", "SMA50_dist", "sma_cross", "RSI14", "MACD", "MACD_sig", "MACD_hist", "BB_width", "BB_pos", "ATR14", "ret_1d", "ret_5d", "vol_10d", "vol_ratio", "obv_trend", "spy_ret_1d", "vix_level", "vix_change", "vix_regime", "asset_class", "ret_1m", "ret_3m", "ret_6m", "ret_12m", "high52w_dist", "low52w_dist", "day_of_week", "month", "is_options_expiry", "btc_ret_1d", "gold_ret_1d", "corr_spy_20d", "vwap_dist"]}