{"center": [0.008077094261190703, 0.02503293165885942, 1.0, 54.97283312146494, 1.8075068458625765, 1.994834785978668, -0.09244107288142378, 0.06615269269940056, 0.6251915267060755, 3.597514141877316, 0.00014378083532373687, 0.0027543767154663, 0.009712282670031385, 0.9020134800784916, 0.9871570994181365, 0.001550691849189434, 17.479999542236328, -0.009244158887228515, 1.0, 0.0, 0.021381370783849052, 0.040511438883319206, 0.04897793845300913, 0.010457090142817593, -0.028975361682381885, 0.25376095808928073, 2.0, 6.0, 0.0, -0.0003109860024155253, 0.001670691560653026, 0.8435549859435264, 0.008972245154319937], "scale": [0.02814153777196552, 0.04655830448106693, 1.0, 18.530761305986132, 2.8132418214061374, 2.9747202995882818, 0.9688247111214139, 0.04694192617723032, 0.4384613837350367, 1.177260230164236, 0.012665432556396294, 0.027864764865324076, 0.004435861454499515, 0.46093020427944587, 0.6656362243639614, 0.008625321708440548, 3.9200000762939453, 0.07477311531277653, 1.0, 1.0, 0.05477323245179633, 0.06995547495575938, 0.12669910022950703, 0.1284989100354721, 0.06137486219352764, 0.19139161277885616, 2.0, 7.0, 1.0, 0.0271412685574427, 0.01457222494217325, 0.13505668398023063, 0.027353145870353108], "features": ["SMA20_dist", "SMA50_dist", "sma_cross", "RSI14", "MACD", "MACD_sig", "MACD_hist", "BB_width", "BB_pos", "ATR14", "ret_1d", "ret_5d", "vol_10d", "vol_ratio", "obv_trend", "spy_ret_1d", "vix_level", "vix_change", "vix_regime", "asset_class", "ret_1m", "ret_3m", "ret_6m", "ret_12m", "high52w_dist", "low52w_dist", "day_of_week", "month", "is_options_expiry", "btc_ret_1d", "gold_ret_1d", "corr_spy_20d", "vwap_dist"]}