{"center": [-0.012505082791268524, -0.024283593632395455, 0.0, 46.52595873027184, -1.154869952000297, -0.954045665963619, -0.08201513830554985, 0.1638403999620383, 0.401158699443677, 5.21521268572126, -0.0008799171315273524, -0.004717430602984296, 0.01988211186809622, 0.9374622358833975, 1.0104449945000034, 0.001705353501431306, 17.545000076293945, -0.00615351204657788, 1.0, 0.0, -0.029825906329424334, -0.06107037225979045, -0.06819072692859651, 0.0, -0.22133649697768057, 0.25174945349896516, 2.0, 6.0, 0.0, 0.0005619890716248577, 0.001981793341929161, 0.4839070271056095, -0.00960549953730895], "scale": [0.0873641270601047, 0.15199200066781085, 1.0, 26.383479202755836, 7.1828070440808425, 7.079909034893539, 1.9659532603853087, 0.1192701533125089, 0.5619080391908675, 1.1146072660173685, 0.028626839583307584, 0.06766773604463772, 0.01454199927890041, 0.4445616834324848, 0.7388863069909123, 0.009207552945923958, 4.347500801086426, 0.09158620095213907, 1.0, 1.0, 0.1722203152063045, 0.32486124167521535, 0.2752125693187456, 0.32089101508014073, 0.2786663405241793, 0.2319252714917533, 2.0, 7.0, 1.0, 0.029213973403800914, 0.016041563001642445, 0.4994455069883189, 0.08506409541210362], "features": ["SMA20_dist", "SMA50_dist", "sma_cross", "RSI14", "MACD", "MACD_sig", "MACD_hist", "BB_width", "BB_pos", "ATR14", "ret_1d", "ret_5d", "vol_10d", "vol_ratio", "obv_trend", "spy_ret_1d", "vix_level", "vix_change", "vix_regime", "asset_class", "ret_1m", "ret_3m", "ret_6m", "ret_12m", "high52w_dist", "low52w_dist", "day_of_week", "month", "is_options_expiry", "btc_ret_1d", "gold_ret_1d", "corr_spy_20d", "vwap_dist"]}