{"center": [0.0033137239304393004, 0.0074001027396312395, 1.0, 50.38691495349542, 0.19083879201349419, 0.12953111110097415, -0.011469964529974508, 0.11299294528508763, 0.5471052086874318, 3.6905010768345425, 0.0015697915666275097, 0.002882052679128444, 0.018030018753839232, 0.932528880502957, 1.023534067850407, 0.0005563903663643455, 17.479999542236328, -0.002998497855734139, 1.0, 0.0, 0.005505211807572463, 0.0, 0.0, 0.0, -0.16515479356738316, 0.19635425530974052, 2.0, 6.0, 0.0, -9.567341618454961e-05, 0.001992014086009908, 0.5332406536945181, 0.003589367344435154], "scale": [0.052602102679243666, 0.08240451175194428, 1.0, 23.42459712333182, 2.932587999755455, 2.7266450189076084, 1.076300418311507, 0.08266747980105346, 0.49569166904714124, 1.2613555363246376, 0.022157784849441586, 0.056701712946258864, 0.008630755425842698, 0.3916781165791281, 0.31321903307720833, 0.008937355223063326, 4.189999580383301, 0.08460028609960857, 1.0, 1.0, 0.10211458176220795, 0.13889225500025548, 0.08683874231327049, 0.04030666596383886, 0.09707014047744589, 0.09497298560086348, 2.0, 7.0, 1.0, 0.029479803772080537, 0.015018310942225, 0.28112494210206573, 0.05482716250817837], "features": ["SMA20_dist", "SMA50_dist", "sma_cross", "RSI14", "MACD", "MACD_sig", "MACD_hist", "BB_width", "BB_pos", "ATR14", "ret_1d", "ret_5d", "vol_10d", "vol_ratio", "obv_trend", "spy_ret_1d", "vix_level", "vix_change", "vix_regime", "asset_class", "ret_1m", "ret_3m", "ret_6m", "ret_12m", "high52w_dist", "low52w_dist", "day_of_week", "month", "is_options_expiry", "btc_ret_1d", "gold_ret_1d", "corr_spy_20d", "vwap_dist"]}