{"center": [0.013933786569546735, 0.04737024637964939, 1.0, 54.711094672925825, 0.7730659298521942, 0.7697475599768, -0.0330447693421454, 0.15505185256328446, 0.6224979996633184, 2.1114123640770286, -0.0020567603028594506, 0.004460243960592192, 0.0250095774343858, 0.9283077319158927, 0.9893210150832507, 0.0007325714667849592, 17.375, -0.005395639003152597, 1.0, 0.0, 0.034930042800189076, 0.12129818562092964, 0.1600475324209043, 0.01372714574352496, -0.09084118250876055, 0.6512748725770541, 2.0, 6.0, 0.0, 0.0005386804107375687, 0.0016024120815585352, 0.5629347968780868, 0.01622647061050681], "scale": [0.08358762805504225, 0.1207470294689465, 1.0, 24.406860005950108, 1.835167852669585, 1.6941604434636583, 0.7585762553600603, 0.10982326555862647, 0.5491113374174972, 0.7577659532223802, 0.028809507576260274, 0.06928033314068222, 0.013869475178177632, 0.4483281015688644, 0.20921922464464793, 0.00912431588419571, 4.019999980926514, 0.08412131193138311, 1.0, 1.0, 0.17542878798123027, 0.24489423291859388, 0.317777906961612, 0.2631958645835573, 0.14443197750763828, 0.3093499884217895, 2.0, 7.0, 1.0, 0.027324655017437666, 0.015585495130674865, 0.21531920053832337, 0.08170390212636382], "features": ["SMA20_dist", "SMA50_dist", "sma_cross", "RSI14", "MACD", "MACD_sig", "MACD_hist", "BB_width", "BB_pos", "ATR14", "ret_1d", "ret_5d", "vol_10d", "vol_ratio", "obv_trend", "spy_ret_1d", "vix_level", "vix_change", "vix_regime", "asset_class", "ret_1m", "ret_3m", "ret_6m", "ret_12m", "high52w_dist", "low52w_dist", "day_of_week", "month", "is_options_expiry", "btc_ret_1d", "gold_ret_1d", "corr_spy_20d", "vwap_dist"]}