{"center": [0.007796973378170222, 0.018360207221441858, 1.0, 55.860629480650076, 0.43575083929910363, 0.4428537889461621, -0.013383866885015694, 0.054395948578016, 0.6636340340878137, 0.7434642046917972, 0.0010508835674925, 0.003003071639833932, 0.008071310595339727, 0.8998616995144341, 1.0259243904854294, 0.0005685229860479257, 17.479999542236328, -0.007843129677328364, 1.0, 0.0, 0.018079309435292457, 0.042759745966827634, 0.09260165497671569, 0.15863838020385335, -0.01856172219947716, 0.2321457659339021, 2.0, 6.0, 0.0, -0.0014864790528285043, 0.0014259144001700363, 0.7113588827321483, 0.009218372958973996], "scale": [0.025524161824125008, 0.039800040757311785, 1.0, 20.331399477917117, 0.8294144982439491, 0.7360341710625028, 0.23692394823702811, 0.027735160111659246, 0.48447405563820484, 0.3744498560266841, 0.011088439394108196, 0.025892983333273167, 0.0036695387685212752, 0.4860363899450223, 0.23075574625671103, 0.00974163204215206, 4.049999237060547, 0.08583492510699109, 1.0, 1.0, 0.04836127579810745, 0.07372391254203126, 0.11737609683962691, 0.21772105814463671, 0.035381000524730054, 0.18600162683517724, 2.0, 7.0, 1.0, 0.027737730803308103, 0.016147803661609172, 0.1649000269905787, 0.025792699068766606], "features": ["SMA20_dist", "SMA50_dist", "sma_cross", "RSI14", "MACD", "MACD_sig", "MACD_hist", "BB_width", "BB_pos", "ATR14", "ret_1d", "ret_5d", "vol_10d", "vol_ratio", "obv_trend", "spy_ret_1d", "vix_level", "vix_change", "vix_regime", "asset_class", "ret_1m", "ret_3m", "ret_6m", "ret_12m", "high52w_dist", "low52w_dist", "day_of_week", "month", "is_options_expiry", "btc_ret_1d", "gold_ret_1d", "corr_spy_20d", "vwap_dist"]}