{"center": [-0.001968652366768577, -0.008417757893292402, 0.0, 48.98265797028357, -0.5162221792884338, -0.4758125171691161, 0.05187949181353457, 0.07306578937501297, 0.47024678376911155, 2.4153854317576458, 0.0005512288659150766, -0.0015080951616123217, 0.010760811883603992, 0.9407323930214835, 1.026114548947036, 0.0011517326256851312, 17.440000534057617, -0.006626930447881874, 1.0, 0.0, -0.007367547122829166, -0.015033281324583259, -0.021278208633336626, -0.026935904084875006, -0.09794089768993476, 0.0525570176188728, 2.0, 6.0, 0.0, 0.00018283765004545316, 0.0010471549570203464, -0.06183651250420254, -0.001862771201594524], "scale": [0.03643851500651665, 0.03955454690054126, 1.0, 22.440553298353585, 1.918285195624435, 1.7009164956026717, 0.8054763449157291, 0.031729554785934394, 0.5168351103468569, 0.6900833916630527, 0.013259816110537781, 0.034687570888287056, 0.004532894359871, 0.3071628920496887, 0.2552164281085856, 0.00856966698333117, 3.8450002670288086, 0.07641408383980564, 1.0, 1.0, 0.05967220658471001, 0.05771431617677353, 0.05412154974556316, 0.085564581963466, 0.07499436418128952, 0.04369295489765826, 2.0, 7.0, 1.0, 0.02887253920219407, 0.014018466029854626, 0.58624031502287, 0.037426282449871125], "features": ["SMA20_dist", "SMA50_dist", "sma_cross", "RSI14", "MACD", "MACD_sig", "MACD_hist", "BB_width", "BB_pos", "ATR14", "ret_1d", "ret_5d", "vol_10d", "vol_ratio", "obv_trend", "spy_ret_1d", "vix_level", "vix_change", "vix_regime", "asset_class", "ret_1m", "ret_3m", "ret_6m", "ret_12m", "high52w_dist", "low52w_dist", "day_of_week", "month", "is_options_expiry", "btc_ret_1d", "gold_ret_1d", "corr_spy_20d", "vwap_dist"]}