{"center": [0.010512556089048348, 0.028592935973921808, 1.0, 56.321117115203016, 0.15511871050920867, 0.158213219553445, 0.006081955812405726, 0.07839697732785789, 0.6681342277012832, 0.23933551413787935, 0.001009100265443763, 0.0051748188913040005, 0.011188066291255839, 0.7900926675591415, 1.0518717401553244, 0.0004981954654957876, 17.605000495910645, -0.004773734721939982, 1.0, 0.0, 0.025843767447316313, 0.07162940699446974, 0.1657283914750135, 0.10437430377821277, -0.03905896620482176, 0.3748651567249919, 2.0, 6.0, 0.0, -0.0008240985185906102, 0.001423505566895189, 0.6097591737306653, 0.011409498864283624], "scale": [0.044542896283518506, 0.07479476696176304, 1.0, 26.221895726847855, 0.4646948584205006, 0.38692427535201596, 0.09363844826993242, 0.04047444998105185, 0.5480062522803637, 0.11400839283679245, 0.015319348604635519, 0.03174282540284787, 0.0047246533105488545, 0.7220160709406298, 0.20645448021374246, 0.00968212155251963, 3.747499942779541, 0.07968764706422649, 1.0, 1.0, 0.09369103156195635, 0.12994365316089385, 0.26537509456989716, 0.39324304413185085, 0.10527050285274694, 0.44227446701468287, 2.0, 7.0, 1.0, 0.029418726349936142, 0.014999848610193045, 0.2638018000095941, 0.046061041628790364], "features": ["SMA20_dist", "SMA50_dist", "sma_cross", "RSI14", "MACD", "MACD_sig", "MACD_hist", "BB_width", "BB_pos", "ATR14", "ret_1d", "ret_5d", "vol_10d", "vol_ratio", "obv_trend", "spy_ret_1d", "vix_level", "vix_change", "vix_regime", "asset_class", "ret_1m", "ret_3m", "ret_6m", "ret_12m", "high52w_dist", "low52w_dist", "day_of_week", "month", "is_options_expiry", "btc_ret_1d", "gold_ret_1d", "corr_spy_20d", "vwap_dist"]}