{"center": [0.005616456328410993, 0.011270797808621419, 1.0, 53.598632562036755, 0.2068342940814638, 0.21653886096438774, 0.0018312427983711854, 0.0597494014706855, 0.6011483168556186, 0.8587291583589349, 0.00036518020814413354, 0.002069443403289739, 0.00952512887540967, 0.9302480369740576, 1.0142697504441291, 0.0004952080284443827, 17.61500072479248, -0.006642781425620192, 1.0, 0.0], "scale": [0.032548688880592966, 0.04715811388900582, 1.0, 20.2902918730708, 0.6754656607997891, 0.6132107762342385, 0.22925285408359775, 0.04546578830354331, 0.4878125674337014, 0.20792319189880148, 0.013887809819368241, 0.030251591280207935, 0.0037909922682246413, 0.29797577222382765, 0.33761686042266703, 0.009105682667100434, 4.272500514984131, 0.08351407227710045, 1.0, 1.0], "features": ["SMA20_dist", "SMA50_dist", "sma_cross", "RSI14", "MACD", "MACD_sig", "MACD_hist", "BB_width", "BB_pos", "ATR14", "ret_1d", "ret_5d", "vol_10d", "vol_ratio", "obv_trend", "spy_ret_1d", "vix_level", "vix_change", "vix_regime", "asset_class"]}