{"center": [0.0037128201627185144, 0.013069804311216307, 1.0, 50.64823564244271, 0.23306008110481713, 0.18043765966351927, -0.026767974562905916, 0.1594630568092995, 0.5334373416555225, 1.7085715702601842, -0.0005472081581712196, 0.0038382365578657485, 0.025794501668935634, 0.9343755230777719, 0.9954426623250293, 0.0013579397972762752, 17.510000228881836, -0.007869662158076385, 1.0, 0.0, 0.013651827514063797, 0.0, 0.0, 0.0, -0.12278445265414933, 0.5751398147394333, 2.0, 6.0, 0.0, 0.0008420581944230676, 0.001677776649860796, 0.471588158522956, 0.003486244554670447], "scale": [0.09116775529652807, 0.17241688052494902, 1.0, 22.605140479009357, 2.108534475103845, 2.1106173425051233, 0.6494023620053142, 0.09069622119720189, 0.564804304442525, 0.8599281992231096, 0.040759310696641016, 0.07810370039605152, 0.01172710834376782, 0.47540632627911017, 0.4502992291884971, 0.00866158695162228, 4.029999732971191, 0.07883297554410601, 1.0, 1.0, 0.15585059710143856, 0.3637126756467563, 0.47580154877096786, 0.12054114718408321, 0.3036449101855576, 0.7336686864774109, 2.0, 7.0, 1.0, 0.027934907463289582, 0.015524367077439316, 0.27748082727260515, 0.08871782017243382], "features": ["SMA20_dist", "SMA50_dist", "sma_cross", "RSI14", "MACD", "MACD_sig", "MACD_hist", "BB_width", "BB_pos", "ATR14", "ret_1d", "ret_5d", "vol_10d", "vol_ratio", "obv_trend", "spy_ret_1d", "vix_level", "vix_change", "vix_regime", "asset_class", "ret_1m", "ret_3m", "ret_6m", "ret_12m", "high52w_dist", "low52w_dist", "day_of_week", "month", "is_options_expiry", "btc_ret_1d", "gold_ret_1d", "corr_spy_20d", "vwap_dist"]}