{"center": [-0.0020419576072902746, -0.016211443288383837, 0.0, 50.24616602070702, -0.24638288003452757, -0.31551915653279317, 0.04231475457065777, 0.1267276539965347, 0.475807457506225, 1.2775001525878906, -0.0009089980485568194, -0.006460717602123689, 0.01872280490364072, 0.8940681709820797, 1.0173005152178458, 0.0015604470822829786, 17.5600004196167, -0.008662493394246573, 1.0, 0.0, -0.009687197274987791, -0.06867849210794619, -0.12268482043279044, -0.10935335876522517, -0.300375749221063, 0.13183496731242034, 2.0, 6.0, 0.0, 0.0008217691182561548, 0.0012365346785951914, 0.3960917510860553, -0.0005441565404940791], "scale": [0.07377978554114527, 0.10928985312775287, 1.0, 25.122401522168907, 1.4278238523266351, 1.3974240230191775, 0.4239292065608995, 0.07196050544954904, 0.5407982236094316, 0.3703564916338238, 0.023040581946181082, 0.05923479278356952, 0.008011209813828336, 0.41402144895832227, 0.10253926774346733, 0.008903847737013082, 4.2900004386901855, 0.08139533824786327, 1.0, 1.0, 0.13102414977639812, 0.1824319071569926, 0.1982374975846487, 0.3152394650986593, 0.21675104756265143, 0.12620683572416144, 2.0, 7.0, 1.0, 0.027156007049529057, 0.015052712220316039, 0.3327660182619683, 0.07171130445209406], "features": ["SMA20_dist", "SMA50_dist", "sma_cross", "RSI14", "MACD", "MACD_sig", "MACD_hist", "BB_width", "BB_pos", "ATR14", "ret_1d", "ret_5d", "vol_10d", "vol_ratio", "obv_trend", "spy_ret_1d", "vix_level", "vix_change", "vix_regime", "asset_class", "ret_1m", "ret_3m", "ret_6m", "ret_12m", "high52w_dist", "low52w_dist", "day_of_week", "month", "is_options_expiry", "btc_ret_1d", "gold_ret_1d", "corr_spy_20d", "vwap_dist"]}