{"center": [0.010019327761386532, 0.027904182257729476, 1.0, 58.35993997387787, 0.4087154669275499, 0.37095905407064234, 0.019210359991597703, 0.09785837797725769, 0.6312398710151295, 0.9570930693168257, 0.0010754172668389073, 0.008722835971518572, 0.012477239155421236, 0.9131138028930368, 1.0267850647092156, 0.0007344912586934038, 17.479999542236328, -0.0049221973866435675, 1.0, 0.0, 0.016736224128850008, 0.0718734233090631, 0.037865576799049894, 0.14794297180292904, -0.04419819203296507, 0.33039835934432515, 2.0, 6.0, 0.0, -0.0015843145936428327, 0.002040198898185297, 0.5270835143151711, 0.0118728659698959], "scale": [0.04780405898057928, 0.0691860729551767, 1.0, 28.5537803667641, 0.9977182291386519, 0.9181605804264463, 0.33454827952957455, 0.06217118366054597, 0.46957741869147207, 0.30929485735160234, 0.014880621933838212, 0.04166704624665962, 0.005663365257279772, 0.36495350774752877, 0.20270649081949466, 0.008973041718443209, 4.279998302459717, 0.08064501832375029, 1.0, 1.0, 0.10533516439070459, 0.16003088316955022, 0.15831882340391568, 0.24571245255526708, 0.07397185144609894, 0.250770102435019, 2.0, 7.0, 1.0, 0.027331395292279348, 0.016795464123660453, 0.3265414538618614, 0.047489103591828695], "features": ["SMA20_dist", "SMA50_dist", "sma_cross", "RSI14", "MACD", "MACD_sig", "MACD_hist", "BB_width", "BB_pos", "ATR14", "ret_1d", "ret_5d", "vol_10d", "vol_ratio", "obv_trend", "spy_ret_1d", "vix_level", "vix_change", "vix_regime", "asset_class", "ret_1m", "ret_3m", "ret_6m", "ret_12m", "high52w_dist", "low52w_dist", "day_of_week", "month", "is_options_expiry", "btc_ret_1d", "gold_ret_1d", "corr_spy_20d", "vwap_dist"]}