{"center": [0.005640299745529998, 0.015280707303151867, 1.0, 52.969402031863545, 0.11428391780933822, 0.10270559043392959, -0.005561212123728121, 0.06799417807082019, 0.598636645856193, 0.41403130335686, 0.001866781799234385, 0.002846304461371796, 0.009411357700264123, 0.7616433656402779, 1.0171192443919717, 0.0015704538117717881, 17.610000610351562, -0.008500003814697288, 1.0, 0.0, 0.008962342506489085, 0.016023710461472218, 0.0015799166099215167, 0.0, -0.047249375324944255, 0.18547747374168072, 2.0, 6.0, 0.0, 0.00029724205673309356, 0.0014259144001700363, 0.5454850158846887, 0.007130717393244395], "scale": [0.03721566342613778, 0.06233033051949183, 1.0, 25.728914571038104, 0.540102351659101, 0.5108898914570941, 0.14660433235350928, 0.047338675545447566, 0.5514675991254427, 0.16486283637805194, 0.013043346822613433, 0.031120190707154993, 0.0045355663753747204, 0.5589020696635008, 0.09206787989804344, 0.008743246950013162, 4.280000686645508, 0.0767454147941452, 1.0, 1.0, 0.072859663347011, 0.11389138601936566, 0.09246527782762326, 0.0818849443499099, 0.055678507063662674, 0.06731251834455754, 2.0, 7.0, 1.0, 0.027726794561129475, 0.015108926483249463, 0.37084297756816154, 0.036694525387998556], "features": ["SMA20_dist", "SMA50_dist", "sma_cross", "RSI14", "MACD", "MACD_sig", "MACD_hist", "BB_width", "BB_pos", "ATR14", "ret_1d", "ret_5d", "vol_10d", "vol_ratio", "obv_trend", "spy_ret_1d", "vix_level", "vix_change", "vix_regime", "asset_class", "ret_1m", "ret_3m", "ret_6m", "ret_12m", "high52w_dist", "low52w_dist", "day_of_week", "month", "is_options_expiry", "btc_ret_1d", "gold_ret_1d", "corr_spy_20d", "vwap_dist"]}