{"center": [0.01728598812037053, 0.03547039784517768, 1.0, 55.648751267937385, 0.4077368307683109, 0.3715488060736136, 0.0486938136315373, 0.11340314549152775, 0.6432894581876283, 1.1471429552350725, 0.00041769728792862004, 0.013103528721214674, 0.018811730008737954, 0.9066446312449832, 1.035195945755039, 0.001584482266375531, 17.280000686645508, -0.008142008332229278, 1.0, 0.0, 0.033808322495377796, 0.09460887983496702, 0.09221972794060518, 0.1630126615228853, -0.05492382390945165, 0.4995390331758828, 2.0, 7.0, 0.0, -2.320279385176205e-05, 0.001423505566895189, 0.23764569715847744, 0.019686012694705615], "scale": [0.05684755356065859, 0.08581912921661877, 1.0, 20.915684957655586, 0.9153459384875351, 0.8665274979387234, 0.367375849115082, 0.0773441725416266, 0.45146475300166844, 0.5030358859470914, 0.02322741264782177, 0.052529243593645414, 0.01135041229416257, 0.3709838860537624, 0.3067789695160026, 0.008514070254197537, 3.922499418258667, 0.07993816904114298, 1.0, 1.0, 0.1033250564360362, 0.22661588973352903, 0.21095825648675148, 0.28451249405995643, 0.08265691572845915, 0.2829282191931315, 2.0, 6.0, 1.0, 0.028543475201522006, 0.01601319164041326, 0.42417727760178214, 0.05688268617920177], "features": ["SMA20_dist", "SMA50_dist", "sma_cross", "RSI14", "MACD", "MACD_sig", "MACD_hist", "BB_width", "BB_pos", "ATR14", "ret_1d", "ret_5d", "vol_10d", "vol_ratio", "obv_trend", "spy_ret_1d", "vix_level", "vix_change", "vix_regime", "asset_class", "ret_1m", "ret_3m", "ret_6m", "ret_12m", "high52w_dist", "low52w_dist", "day_of_week", "month", "is_options_expiry", "btc_ret_1d", "gold_ret_1d", "corr_spy_20d", "vwap_dist"]}