{"center": [-0.021220342373341295, -0.05645225107412847, 0.0, 43.80161177336587, -0.7525344539877423, -0.8270384574012469, 0.07569360171047568, 0.14593640419403953, 0.33417933262136745, 1.4981249258632334, 0.0, -0.009304933714736507, 0.023230508828544886, 1.0048053859585728, 0.9484076372960202, 0.0007044991031190939, 17.510000228881836, -0.006658632403358511, 1.0, 0.0, -0.043902327470535574, -0.10348264636170768, -0.1664838792773905, -0.35256842327378013, -0.5140094301183769, 0.02771369803602591, 2.0, 6.0, 0.0, -0.00032588834829794244, 0.0011289903434381632, -0.9992049881226351, -0.02647154409247603], "scale": [0.06186345596708035, 0.10803714443719947, 1.0, 20.72115710542721, 1.4770129176514093, 1.4487945034459317, 0.3610474043414937, 0.10311156107796254, 0.4296430948431967, 1.028416215876886, 0.027916598016889727, 0.06989371713820935, 0.012107713627313034, 0.5535393242459493, 1.2179603123663294, 0.00866134925768336, 4.179999351501465, 0.0793812210994872, 1.0, 1.0, 0.11445052958416341, 0.18343397586724863, 0.2590898300423918, 0.42384423046977016, 0.27683927280899545, 0.07746643206581616, 2.0, 7.0, 1.0, 0.027682644681115143, 0.01364711727596396, 0.0019284533562256012, 0.06347708633252794], "features": ["SMA20_dist", "SMA50_dist", "sma_cross", "RSI14", "MACD", "MACD_sig", "MACD_hist", "BB_width", "BB_pos", "ATR14", "ret_1d", "ret_5d", "vol_10d", "vol_ratio", "obv_trend", "spy_ret_1d", "vix_level", "vix_change", "vix_regime", "asset_class", "ret_1m", "ret_3m", "ret_6m", "ret_12m", "high52w_dist", "low52w_dist", "day_of_week", "month", "is_options_expiry", "btc_ret_1d", "gold_ret_1d", "corr_spy_20d", "vwap_dist"]}