{"center": [0.008307215989338944, 0.022345600005510596, 1.0, 58.567087479577474, 0.8859768489841713, 0.8504014589488968, 0.013639138581927224, 0.04702701097169145, 0.7026377824538921, 1.332167678806358, 0.0007202627952408447, 0.003942899534906341, 0.00671554038420177, 0.0011227628468546413, 17.53499984741211, -0.007288538293765301], "scale": [0.020081218311677692, 0.02750108188242807, 1.0, 19.078336017817065, 1.010112269070003, 0.9170461866668944, 0.35078774623245357, 0.03133109736765553, 0.4035399943090934, 0.47039814636961386, 0.009073707112137147, 0.020747391948718663, 0.003080537760063622, 0.009187597426113803, 4.362500190734863, 0.08228684297034922], "features": ["SMA20_dist", "SMA50_dist", "sma_cross", "RSI14", "MACD", "MACD_sig", "MACD_hist", "BB_width", "BB_pos", "ATR14", "ret_1d", "ret_5d", "vol_10d", "spy_ret_1d", "vix_level", "vix_change"]}