{"center": [0.014921630939529192, 0.03263963346290219, 1.0, 58.32395404168679, 0.6603357702569355, 0.7076672757953416, 0.0619431632120051, 0.12171837469308507, 0.656341262968887, 2.213822867974284, 0.0009267898041325218, 0.01135181900409421, 0.01710150025628751, 0.8990977415976038, 1.045457236882146, 0.0009012287764704752, 17.440000534057617, -0.00790227414327227, 1.0, 0.0, 0.0337798720554261, 0.08667759998603008, 0.15969462333579543, 0.3343985408988095, -0.06098794616910417, 0.462649477319219, 2.0, 6.0, 0.0, -0.0008217291810309613, 0.001992014086009908, 0.2618968029979397, 0.01493095169085423], "scale": [0.05730545970165844, 0.0876434989998718, 1.0, 24.142413828934394, 1.896614111260945, 1.734247441734579, 0.6855734976512367, 0.07139356099660887, 0.4958375756150537, 1.3328548395171265, 0.020023119530466094, 0.05366221799672877, 0.009917292543171492, 0.4482842325345566, 0.17062936261314998, 0.008393509089964835, 3.8799991607666016, 0.07443852069896117, 1.0, 1.0, 0.11521280190264993, 0.1760244489283751, 0.2708343028462592, 0.48269449617019755, 0.07032029835076256, 0.2875791105827035, 2.0, 7.0, 1.0, 0.026851137588548735, 0.015676586982172003, 0.3979382300892177, 0.060353721818295195], "features": ["SMA20_dist", "SMA50_dist", "sma_cross", "RSI14", "MACD", "MACD_sig", "MACD_hist", "BB_width", "BB_pos", "ATR14", "ret_1d", "ret_5d", "vol_10d", "vol_ratio", "obv_trend", "spy_ret_1d", "vix_level", "vix_change", "vix_regime", "asset_class", "ret_1m", "ret_3m", "ret_6m", "ret_12m", "high52w_dist", "low52w_dist", "day_of_week", "month", "is_options_expiry", "btc_ret_1d", "gold_ret_1d", "corr_spy_20d", "vwap_dist"]}