{"center": [0.0009165393915883431, -0.00017345841291927086, 1.0, 51.31666985707117, 0.05262457978166424, 0.04639920717721381, -0.01939416559390414, 0.05621616969571424, 0.5231778715393371, 0.9168473716139129, -0.0008972077911715837, -0.0007774391020465288, 0.00941782132673338, 0.8450546588733998, 1.034501613446349, 0.0009975758619955588, 17.440000534057617, -0.005438782390179864, 1.0, 0.0, 0.0026755222673333634, 0.0, 0.0, 0.0, -0.041708470696711214, 0.13905308293633523, 2.0, 6.0, 0.0, -0.00027756579302345985, 0.0019992124197031336, 0.640261368725136, 0.0015453760227236114], "scale": [0.0266204899328824, 0.03511586818272357, 1.0, 20.710852904920877, 0.6605918876954391, 0.634389257583927, 0.27481213496291457, 0.02563444220792542, 0.5065390587371648, 0.23035211836361436, 0.013129986887266687, 0.024229944301604578, 0.003573050010724137, 0.4499872858134738, 0.29611501475079693, 0.009062660833637326, 4.195000171661377, 0.08292515407076967, 1.0, 1.0, 0.05277014157486595, 0.0838603720176285, 0.08217747282457369, 0.05183874254387616, 0.06270649622638794, 0.18536605265884087, 2.0, 7.0, 1.0, 0.027560740470970596, 0.015849737055001395, 0.21002508102827788, 0.02740708715705975], "features": ["SMA20_dist", "SMA50_dist", "sma_cross", "RSI14", "MACD", "MACD_sig", "MACD_hist", "BB_width", "BB_pos", "ATR14", "ret_1d", "ret_5d", "vol_10d", "vol_ratio", "obv_trend", "spy_ret_1d", "vix_level", "vix_change", "vix_regime", "asset_class", "ret_1m", "ret_3m", "ret_6m", "ret_12m", "high52w_dist", "low52w_dist", "day_of_week", "month", "is_options_expiry", "btc_ret_1d", "gold_ret_1d", "corr_spy_20d", "vwap_dist"]}