{"center": [0.023022856698913376, 0.06571821653177017, 1.0, 58.17660753631289, 1.5018788525763256, 1.4230658003552255, -0.01961749865074225, 0.13305364548983195, 0.698497529664101, 2.422707462348513, 0.0022154479115574777, 0.00819127799743491, 0.019644214561907163, 0.9445776060265128, 1.0445638123884462, 0.0009012828881442836, 17.440000534057617, -0.005211721284556381, 1.0, 0.0, 0.06345390529439965, 0.1279391025528991, 0.2012577982614585, 0.49147249273441096, -0.04554701371752968, 0.7405792672312078, 2.0, 6.0, 0.0, -0.0008217291810309613, 0.001670691560653026, 0.8031105478922036, 0.020752552682011573], "scale": [0.06657957746667209, 0.1186126223574751, 1.0, 23.6829258000825, 2.687880329240997, 2.6895479654276047, 0.7703094409823119, 0.08902362290571585, 0.47289279280146596, 1.5971551289352288, 0.028061509131483864, 0.061152978763301724, 0.008070083576305231, 0.5328914436129063, 0.2229693861002171, 0.008622898616733266, 3.9099998474121094, 0.07454636363982037, 1.0, 1.0, 0.13050729324608223, 0.24886840915926256, 0.31652841603315385, 0.73571070593006, 0.08324994582438888, 0.5050525322137773, 2.0, 7.0, 1.0, 0.027797523783760436, 0.01512440894679501, 0.21314090759028748, 0.06387736095347847], "features": ["SMA20_dist", "SMA50_dist", "sma_cross", "RSI14", "MACD", "MACD_sig", "MACD_hist", "BB_width", "BB_pos", "ATR14", "ret_1d", "ret_5d", "vol_10d", "vol_ratio", "obv_trend", "spy_ret_1d", "vix_level", "vix_change", "vix_regime", "asset_class", "ret_1m", "ret_3m", "ret_6m", "ret_12m", "high52w_dist", "low52w_dist", "day_of_week", "month", "is_options_expiry", "btc_ret_1d", "gold_ret_1d", "corr_spy_20d", "vwap_dist"]}