{"center": [0.007410183723841375, 0.030396896539595146, 1.0, 53.45634979785004, 2.717535624095831, 2.870923532266629, -0.06426679453746909, 0.10546987177810155, 0.5803251773418842, 6.816840326872647, 0.0012904221235127133, 0.001410573301992235, 0.014623351572926196, 0.9163033261474516, 1.061473647892385, 0.0015056382907189247, 17.414999961853027, -0.008142008332229278, 1.0, 0.0, 0.023645245884139632, 0.08207091024435609, 0.005263927335502738, 0.07562324305752177, -0.061835260131907405, 0.33590793935878505, 2.0, 6.0, 0.0, 0.0003098700789467834, 0.0018924588397882802, 0.616266418352352, 0.008759192412532275], "scale": [0.0567404811238225, 0.07420763277829863, 1.0, 25.72530887177804, 6.998223836724478, 6.162815589544336, 2.2301385235708793, 0.06307943075562261, 0.5227561903174711, 2.3046069775349673, 0.018267101489581855, 0.04284975806109678, 0.00671564803181017, 0.3723801517603734, 0.6187374681375344, 0.008960793088048813, 3.822500705718994, 0.08467041648607415, 1.0, 1.0, 0.10178482461898164, 0.18161173160812716, 0.21107731434899485, 0.22157916313121828, 0.11956372138178419, 0.21622915877610893, 2.0, 7.0, 1.0, 0.027410388997248902, 0.015243052896344533, 0.2928819485909586, 0.05458968134379897], "features": ["SMA20_dist", "SMA50_dist", "sma_cross", "RSI14", "MACD", "MACD_sig", "MACD_hist", "BB_width", "BB_pos", "ATR14", "ret_1d", "ret_5d", "vol_10d", "vol_ratio", "obv_trend", "spy_ret_1d", "vix_level", "vix_change", "vix_regime", "asset_class", "ret_1m", "ret_3m", "ret_6m", "ret_12m", "high52w_dist", "low52w_dist", "day_of_week", "month", "is_options_expiry", "btc_ret_1d", "gold_ret_1d", "corr_spy_20d", "vwap_dist"]}