{"center": [0.004862021346111141, 0.011097825948336876, 1.0, 54.82120969698501, 0.20318037476719297, 0.21107971512038956, -0.006901344332178427, 0.03686673705433315, 0.6387099938812583, 0.46402314716724796, 0.0005172909700785766, 0.0009924577932487466, 0.006109943991257508, 0.7245569055846617, 1.009500405475143, 0.0010938196429841618, 17.690000534057617, -0.005579556721748813, 1.0, 0.0, 0.01124225029721071, 0.03364081284980447, 0.05976676134300707, 0.10770495318677442, -0.01807287387779392, 0.17250599238251518, 2.0, 6.0, 0.0, -0.0008264678561502592, 0.0019715725978484144, 0.5360646424143239, 0.004883499811638488], "scale": [0.019173315663657615, 0.02635153928782562, 1.0, 19.96848675974657, 0.36826257165455445, 0.32797125724171444, 0.1683730688481721, 0.02659937346327696, 0.5438859593549761, 0.15170877373200453, 0.008132190161311614, 0.020854304404300528, 0.002034495179095668, 0.6684485384131365, 0.0719006551894198, 0.009211273885299853, 4.279999732971191, 0.08334817453748328, 1.0, 1.0, 0.03172196532555788, 0.06690208749991822, 0.10000930368431626, 0.161323445355821, 0.02517534323976777, 0.08938375430557347, 2.0, 7.0, 1.0, 0.02884929809792186, 0.016210881702469537, 0.21596464805150295, 0.01993523638726194], "features": ["SMA20_dist", "SMA50_dist", "sma_cross", "RSI14", "MACD", "MACD_sig", "MACD_hist", "BB_width", "BB_pos", "ATR14", "ret_1d", "ret_5d", "vol_10d", "vol_ratio", "obv_trend", "spy_ret_1d", "vix_level", "vix_change", "vix_regime", "asset_class", "ret_1m", "ret_3m", "ret_6m", "ret_12m", "high52w_dist", "low52w_dist", "day_of_week", "month", "is_options_expiry", "btc_ret_1d", "gold_ret_1d", "corr_spy_20d", "vwap_dist"]}