{"center": [-0.008173985947601138, -0.025439616917369862, 0.0, 48.412026110849965, -1.2487948479241595, -0.5292090465715914, 0.14499576195894237, 0.2910205334454316, 0.4578302409234805, 13.992861066545759, -5.607554606978926e-05, -0.006676033182952623, 0.04075207104196817, 0.9144663547837255, 0.9685481745053448, 0.001375843498309326, 17.440000534057617, -0.005211721284556381, 1.0, 0.0, -0.020721055483238437, -0.07716545865230195, 0.0, 0.0, -0.3214029914478269, 0.6213771331529048, 2.0, 6.0, 0.0, 0.0023743581586117557, 0.0015753722020723782, 0.5999724644175427, -0.011740527147245876], "scale": [0.16142149986824317, 0.2448494588487694, 1.0, 27.641071516793822, 14.28991986020469, 14.849286797753908, 5.4206034124369395, 0.1718723903488209, 0.5641797482308479, 6.917142595563616, 0.05355999811809686, 0.12380491525935755, 0.019202496108219703, 0.44593216708529393, 0.4475293382265061, 0.008698243127011396, 3.529998779296875, 0.07803149138903509, 1.0, 1.0, 0.32393669241361556, 0.5514140751413833, 0.5246251708165767, 0.12259617002976508, 0.290699030350612, 0.7285374034481652, 2.0, 7.0, 1.0, 0.028819774933802056, 0.014040532537633932, 0.29943353221655966, 0.15624508853317523], "features": ["SMA20_dist", "SMA50_dist", "sma_cross", "RSI14", "MACD", "MACD_sig", "MACD_hist", "BB_width", "BB_pos", "ATR14", "ret_1d", "ret_5d", "vol_10d", "vol_ratio", "obv_trend", "spy_ret_1d", "vix_level", "vix_change", "vix_regime", "asset_class", "ret_1m", "ret_3m", "ret_6m", "ret_12m", "high52w_dist", "low52w_dist", "day_of_week", "month", "is_options_expiry", "btc_ret_1d", "gold_ret_1d", "corr_spy_20d", "vwap_dist"]}