{"center": [0.0021704129381360264, -0.0005899763168913704, 0.5, 53.19712025381004, 0.015386688356841205, -0.010811002631829617, 0.02311378279470443, 0.22301792837432027, 0.5090606588391002, 0.7893213544573103, -0.0008223734690654405, 0.00808471391953669, 0.03501914582927217, 0.9011623190165774, 1.0024164465536245, 0.0010522570640519868, 17.38499927520752, -0.006664472772315133, 1.0, 0.0, 0.00026525805515809076, 0.0009610705880320758, 0.055079341356770395, 0.0, -0.24886105798035676, 0.9763399571911775, 2.0, 6.0, 0.0, -0.0011564734544893818, 0.001650071760848859, 0.24648811974093468, -0.0026626833998316043], "scale": [0.11058887736922532, 0.16759774592823376, 1.0, 21.67371197540144, 0.8083997196412276, 0.7349110280798034, 0.2707874281135158, 0.1675900134632502, 0.49953207747554873, 0.3029286350522723, 0.04890442495247535, 0.11954724938329192, 0.01938672710961787, 0.5896907287731556, 0.11057348552623714, 0.009075101664530016, 3.9000000953674316, 0.07939458296568472, 1.0, 1.0, 0.2152807078332985, 0.4114903344102051, 0.5191253319663756, 0.5495353940722687, 0.17283112170812848, 1.5071052514095937, 2.0, 6.0, 1.0, 0.027495629593600995, 0.014683420898247784, 0.37834133471556475, 0.11338267984575595], "features": ["SMA20_dist", "SMA50_dist", "sma_cross", "RSI14", "MACD", "MACD_sig", "MACD_hist", "BB_width", "BB_pos", "ATR14", "ret_1d", "ret_5d", "vol_10d", "vol_ratio", "obv_trend", "spy_ret_1d", "vix_level", "vix_change", "vix_regime", "asset_class", "ret_1m", "ret_3m", "ret_6m", "ret_12m", "high52w_dist", "low52w_dist", "day_of_week", "month", "is_options_expiry", "btc_ret_1d", "gold_ret_1d", "corr_spy_20d", "vwap_dist"]}