{"center": [0.009972249368516387, 0.02330935368292777, 1.0, 57.24531899703709, 0.4135230682229789, 0.4274078766076678, -0.007201596335529359, 0.05364656670916226, 0.687869625389278, 0.5308253508289928, 0.0009939991133085524, 0.002839799547219579, 0.008066569462474246, 0.976572186430618, 1.016300446467653, 0.0009528857307679051, 17.440000534057617, -0.006658632403358511, 1.0, 0.0, 0.02057465598340147, 0.058616694265474, 0.1348813354669749, 0.19309693867273436, -0.017246578940812364, 0.29429379050226817, 2.0, 6.0, 0.0, -9.567341618454961e-05, 0.002254447895034817, 0.7700583172120792, 0.011205283408182967], "scale": [0.024605550798174787, 0.04122596492422121, 1.0, 20.058112845057543, 0.6147379267890969, 0.5219411049083346, 0.18341938849500594, 0.026756650244252923, 0.4409452471580305, 0.36428504419384466, 0.01087282808593959, 0.023564340178218512, 0.004203603998743186, 0.3807979246503531, 0.3699058065214196, 0.009233475109480027, 3.5700016021728516, 0.08441974633635863, 1.0, 1.0, 0.052416008644900924, 0.05760667699832922, 0.13648173803415053, 0.2899917784241095, 0.03776082544602212, 0.2568398479227932, 2.0, 7.0, 1.0, 0.027144283229712518, 0.015004495968101383, 0.14514226134154184, 0.024297145757519404], "features": ["SMA20_dist", "SMA50_dist", "sma_cross", "RSI14", "MACD", "MACD_sig", "MACD_hist", "BB_width", "BB_pos", "ATR14", "ret_1d", "ret_5d", "vol_10d", "vol_ratio", "obv_trend", "spy_ret_1d", "vix_level", "vix_change", "vix_regime", "asset_class", "ret_1m", "ret_3m", "ret_6m", "ret_12m", "high52w_dist", "low52w_dist", "day_of_week", "month", "is_options_expiry", "btc_ret_1d", "gold_ret_1d", "corr_spy_20d", "vwap_dist"]}