{"center": [0.0014423367179495416, 0.005187153443322682, 1.0, 50.59514858150496, 0.1703674492503353, 0.28032392550113255, 0.03830171748526229, 0.07945432662616814, 0.526840377073883, 4.221308786143877, 0.0021618410804056243, 0.002804066902708402, 0.01114514597686088, 0.9280008347214967, 1.0437922211491473, 0.0012349370416842032, 17.440000534057617, -0.006606896521132111, 1.0, 0.0, -0.0008242615283171606, 0.01215230678793966, 0.0, 0.0, -0.07540332244963735, 0.0977411963055243, 2.0, 6.0, 0.0, 8.154757069173124e-05, 0.002240118713510819, 0.33748803142247363, 0.002516263818929239], "scale": [0.03878096078233079, 0.05640483648879697, 1.0, 23.155780459858526, 3.674454846143263, 3.6228482970408025, 1.4001112195631265, 0.04519048672786656, 0.48069767527930973, 1.4690423529944323, 0.013558785413928048, 0.032853887401046555, 0.0061504866619391425, 0.40874363911260625, 0.8695960465226433, 0.008579591265605258, 4.059999942779541, 0.08140314144659608, 1.0, 1.0, 0.08144696101781054, 0.07710099626499747, 0.09098040847424316, 0.037406450440913785, 0.06352153293416576, 0.09169915751850637, 2.0, 7.0, 1.0, 0.027368612097936812, 0.015307522653986355, 0.46050483762674366, 0.03789651028901919], "features": ["SMA20_dist", "SMA50_dist", "sma_cross", "RSI14", "MACD", "MACD_sig", "MACD_hist", "BB_width", "BB_pos", "ATR14", "ret_1d", "ret_5d", "vol_10d", "vol_ratio", "obv_trend", "spy_ret_1d", "vix_level", "vix_change", "vix_regime", "asset_class", "ret_1m", "ret_3m", "ret_6m", "ret_12m", "high52w_dist", "low52w_dist", "day_of_week", "month", "is_options_expiry", "btc_ret_1d", "gold_ret_1d", "corr_spy_20d", "vwap_dist"]}