{"center": [0.005905355205331695, 0.01143006185713456, 1.0, 55.96530536073626, 0.1444569041004371, 0.1351017108549713, 0.0027524984391156943, 0.04562746319612726, 0.6455991940714604, 0.4735221196048557, 0.00045360496008517437, 0.0022101094640591956, 0.0069537179928816, 0.9307671932395964, 1.037022002415665, 0.001366866547732437, 17.329999923706055, -0.008334578568971518, 1.0, 0.0, 0.012453554582770088, 0.019222457673896742, 0.026169956157491736, 0.0, -0.034726537042560006, 0.14653175571636604, 2.0, 7.0, 0.0, -0.0005486263326970331, 0.0014761238845504288, 0.44849730832127765, 0.006125941968692734], "scale": [0.020784068642034647, 0.03111419388497367, 1.0, 20.948653814618282, 0.32224908212598, 0.30453397504832846, 0.11680951612254253, 0.019578808484469058, 0.47802933334410436, 0.0756618503845286, 0.010703266590388949, 0.020481709484829497, 0.002661805585667968, 0.4475801108930427, 0.6863513433670287, 0.008601212458129337, 3.9600000381469727, 0.08090759389603203, 1.0, 1.0, 0.036680561280284935, 0.0761475597777399, 0.06248636547230885, 0.07546181038345229, 0.04655292915080075, 0.047999324731687096, 2.0, 6.0, 1.0, 0.027715816632557178, 0.014577949745088414, 0.29439501547098224, 0.020101373119585562], "features": ["SMA20_dist", "SMA50_dist", "sma_cross", "RSI14", "MACD", "MACD_sig", "MACD_hist", "BB_width", "BB_pos", "ATR14", "ret_1d", "ret_5d", "vol_10d", "vol_ratio", "obv_trend", "spy_ret_1d", "vix_level", "vix_change", "vix_regime", "asset_class", "ret_1m", "ret_3m", "ret_6m", "ret_12m", "high52w_dist", "low52w_dist", "day_of_week", "month", "is_options_expiry", "btc_ret_1d", "gold_ret_1d", "corr_spy_20d", "vwap_dist"]}