{"center": [0.009587892241135394, 0.012350233601971008, 1.0, 56.16406054629577, 0.22803868471449462, 0.18076112684259255, 0.006776323343920424, 0.10097353735956274, 0.611253152922099, 1.125, 0.0005067076686848804, 0.0018073084798513328, 0.01804564757398454, 0.8870187511367504, 0.9968016375263842, 0.0006645767739816844, 17.61500072479248, -0.0049221973866435675, 1.0, 0.0, 0.018807189622449427, 0.026420946916667187, 0.0, 0.0, -0.17366047296761544, 0.33299748602611423, 2.0, 6.0, 0.0, -0.0003184371753567339, 0.0014761238845504288, 0.8747992976365093, 0.01514148595783636], "scale": [0.047498557988992454, 0.09410161214776344, 1.0, 23.083818471309613, 1.2797199006980833, 1.2112471955134259, 0.2698870958312051, 0.06664465302350901, 0.45793470891688426, 0.5908927917480469, 0.019236382968228882, 0.04164096493240335, 0.013527827765668044, 0.6767188445909721, 0.18442373452426852, 0.008588149923036248, 4.257501125335693, 0.08258839609222685, 1.0, 1.0, 0.10742958757798421, 0.2013560765796094, 0.1908142169018332, 0.04491681485836435, 0.17144001212467766, 0.18054686754313792, 2.0, 7.0, 1.0, 0.026013356969738305, 0.013762588250670588, 0.09827528025873289, 0.04771436279022622], "features": ["SMA20_dist", "SMA50_dist", "sma_cross", "RSI14", "MACD", "MACD_sig", "MACD_hist", "BB_width", "BB_pos", "ATR14", "ret_1d", "ret_5d", "vol_10d", "vol_ratio", "obv_trend", "spy_ret_1d", "vix_level", "vix_change", "vix_regime", "asset_class", "ret_1m", "ret_3m", "ret_6m", "ret_12m", "high52w_dist", "low52w_dist", "day_of_week", "month", "is_options_expiry", "btc_ret_1d", "gold_ret_1d", "corr_spy_20d", "vwap_dist"]}