{"center": [0.00336346708468209, 0.012390048354504739, 1.0, 52.0496111611661, 0.13418182312379834, 0.08662753324349873, -0.00852678875518785, 0.08228493233054063, 0.5471298268415947, 0.5799417282297183, -0.00027078121533924415, 0.0057908808174705895, 0.012858224896988147, 0.8908576686859024, 0.998707838930377, 0.0007458452359163648, 17.414999961853027, -0.005438782390179864, 1.0, 0.0, 0.01922192799806921, 0.028631949451995986, 0.09084791868203568, 0.020071651404463875, -0.06248087894818215, 0.37175762463466605, 2.0, 6.0, 0.0, -0.00012449287320548397, 0.000978748110388561, 0.4879029234216143, 0.0025720382118303775], "scale": [0.04198325746753866, 0.06563442909608419, 1.0, 20.770911217009562, 0.5954476888524454, 0.5644608734110698, 0.18651697416423665, 0.04781086022700971, 0.5026981931107414, 0.18935162455421256, 0.016572400709667923, 0.04220537655953935, 0.006132342604447321, 0.42458527402543234, 0.2599942847065506, 0.008928326030931855, 4.114999771118164, 0.0825843752926253, 1.0, 1.0, 0.07322710011699543, 0.1534653811280215, 0.1959277236537813, 0.3132338024525001, 0.08898148205199946, 0.22196954111110317, 2.0, 6.0, 1.0, 0.028369646053741926, 0.015133313279314609, 0.44288119115613656, 0.0411532814535603], "features": ["SMA20_dist", "SMA50_dist", "sma_cross", "RSI14", "MACD", "MACD_sig", "MACD_hist", "BB_width", "BB_pos", "ATR14", "ret_1d", "ret_5d", "vol_10d", "vol_ratio", "obv_trend", "spy_ret_1d", "vix_level", "vix_change", "vix_regime", "asset_class", "ret_1m", "ret_3m", "ret_6m", "ret_12m", "high52w_dist", "low52w_dist", "day_of_week", "month", "is_options_expiry", "btc_ret_1d", "gold_ret_1d", "corr_spy_20d", "vwap_dist"]}