{"center": [0.004631908216634557, 0.006544221877457244, 1.0, 54.06296250359078, 0.1508497458832636, 0.14150005721393777, 0.011851963326795945, 0.05395770715099198, 0.615424308306191, 0.6384527413789287, 0.00029359334733825015, 0.0021793528755236213, 0.007888033617127858, 0.8630093038177735, 1.0086465164843414, 0.0005685229860479257, 17.440000534057617, -0.006658632403358511, 1.0, 0.0, 0.012545607846460305, 0.01345136875115549, 0.028118082078550932, 0.061177204195535184, -0.03302259024117316, 0.1898364391667752, 2.0, 6.0, 0.0, -0.0014864790528285043, 0.0020187288833615202, 0.5641152467381282, 0.004975598097022432], "scale": [0.023692072477679953, 0.039129191688231944, 1.0, 21.606039469088316, 0.6745404235325339, 0.586103137985831, 0.22784528089075295, 0.033758405453082126, 0.5003481032125984, 0.1828472059827868, 0.011235439747599552, 0.024432058648752863, 0.0033346476769331237, 0.5115631578408906, 0.344677127416418, 0.009088194990378051, 4.049999237060547, 0.08379830725330184, 1.0, 1.0, 0.04747009654821788, 0.0666101760058897, 0.07563233452804319, 0.1261364860684291, 0.05202823474394154, 0.18591604225672556, 2.0, 7.0, 1.0, 0.027316513295093547, 0.015391774777367084, 0.25851479448065356, 0.025195657136859746], "features": ["SMA20_dist", "SMA50_dist", "sma_cross", "RSI14", "MACD", "MACD_sig", "MACD_hist", "BB_width", "BB_pos", "ATR14", "ret_1d", "ret_5d", "vol_10d", "vol_ratio", "obv_trend", "spy_ret_1d", "vix_level", "vix_change", "vix_regime", "asset_class", "ret_1m", "ret_3m", "ret_6m", "ret_12m", "high52w_dist", "low52w_dist", "day_of_week", "month", "is_options_expiry", "btc_ret_1d", "gold_ret_1d", "corr_spy_20d", "vwap_dist"]}