{"center": [0.006729798413016279, 0.03347164688102026, 1.0, 52.65305854118976, 1.004291826114354, 1.1786747322123068, 0.1750128226867016, 0.18583893808263904, 0.5472857227771234, 7.344069344656808, 0.0028326582582935966, 0.0054738877525950524, 0.02537938849564855, 0.9161857372508104, 1.0266483955020331, 0.0004085115150294083, 17.260000228881836, -0.002998497855734139, 1.0, 0.0, 0.011763613099209591, 0.0373268030868974, 0.10635785167160039, 0.0, -0.12842665089954197, 0.6206706558412096, 2.0, 6.0, 0.0, 0.00029724205673309356, 0.0007275678386380324, 0.42367265242915514, 0.006462354437827088], "scale": [0.093552492864903, 0.1956127013238781, 1.0, 26.633085500340087, 10.354972767498538, 10.193578212829312, 2.3342826251811015, 0.13253055418225215, 0.5501295463302862, 3.519216264997209, 0.031075667224498282, 0.07970011331712779, 0.017467337892516924, 0.5675491868870134, 0.10583362107817396, 0.009579896236079688, 3.5400009155273438, 0.08649718721593913, 1.0, 1.0, 0.21857314394667104, 0.4624843064574018, 0.37443988482270574, 0.38480553132807205, 0.1755093898745263, 0.5945872044232464, 2.0, 7.0, 1.0, 0.02771942953375328, 0.016138638796409976, 0.3781586818362089, 0.08978771792947868], "features": ["SMA20_dist", "SMA50_dist", "sma_cross", "RSI14", "MACD", "MACD_sig", "MACD_hist", "BB_width", "BB_pos", "ATR14", "ret_1d", "ret_5d", "vol_10d", "vol_ratio", "obv_trend", "spy_ret_1d", "vix_level", "vix_change", "vix_regime", "asset_class", "ret_1m", "ret_3m", "ret_6m", "ret_12m", "high52w_dist", "low52w_dist", "day_of_week", "month", "is_options_expiry", "btc_ret_1d", "gold_ret_1d", "corr_spy_20d", "vwap_dist"]}