{"center": [0.009517108257520288, 0.026915509991489006, 1.0, 55.18382885304538, 1.5657668426032245, 1.5578639608775078, -0.09580455152903533, 0.06831627610484738, 0.6372498805219676, 3.0710563793033887, 0.0001492323127235684, 0.00275806536894152, 0.010270659097926524, 0.8747368371518559, 1.0357956493429283, 0.0009008441539046785, 17.460000038146973, -0.006606896521132111, 1.0, 0.0, 0.022956132175482313, 0.046536780039033054, 0.03359127755821545, 0.04997880615678385, -0.028719999813536762, 0.2817425550702444, 2.0, 6.0, 0.0, -0.0003184371753567339, 0.0015778926649877567, 0.8745511179624379, 0.008879295999134259], "scale": [0.028918287810582192, 0.05188479990480484, 1.0, 18.73684810303986, 2.9027554918994696, 2.8471700471386643, 0.7681646638835207, 0.04602376394733556, 0.40987891222894945, 1.179560211201995, 0.01318284555055782, 0.031295170206115, 0.004979981142463171, 0.49122090537149043, 0.205471174051313, 0.008385201720315094, 3.8824996948242188, 0.07422873209655806, 1.0, 1.0, 0.0594480786039191, 0.0902016345620133, 0.12343559292880468, 0.18759557098533947, 0.057279638178567766, 0.20119342112505406, 2.0, 7.0, 1.0, 0.027248551756808292, 0.015204998556803434, 0.09827848859439736, 0.029399522884958913], "features": ["SMA20_dist", "SMA50_dist", "sma_cross", "RSI14", "MACD", "MACD_sig", "MACD_hist", "BB_width", "BB_pos", "ATR14", "ret_1d", "ret_5d", "vol_10d", "vol_ratio", "obv_trend", "spy_ret_1d", "vix_level", "vix_change", "vix_regime", "asset_class", "ret_1m", "ret_3m", "ret_6m", "ret_12m", "high52w_dist", "low52w_dist", "day_of_week", "month", "is_options_expiry", "btc_ret_1d", "gold_ret_1d", "corr_spy_20d", "vwap_dist"]}