{"center": [0.003941932688681353, 0.014659817647517242, 1.0, 51.505012623477214, 0.11141088850276049, 0.09675810930623993, -0.008202221852845692, 0.07845150542654437, 0.5582773184728824, 0.48798355603081617, 0.0005313674763722798, 0.0037594039732300466, 0.011957914829775996, 0.6512056519735832, 1.0165550146995035, 0.0005603646306042709, 17.389999389648438, -0.005579556721748813, 1.0, 0.0, 0.018803382821371173, 0.052607517094221956, 0.06952626332283485, 0.0, -0.04360231308236656, 0.29050789067196264, 2.0, 6.0, 0.0, -0.0003342625487465778, 0.0017929035935666526, 0.5772713107834135, 0.0028049955982541925], "scale": [0.043686685622225996, 0.06782506051370053, 1.0, 25.354857408438527, 0.5414812390348551, 0.5415888669302032, 0.14423532708166664, 0.042744610604276645, 0.5299959399755365, 0.1417767361036706, 0.0161541066988532, 0.03905177380319502, 0.00461295869887556, 0.7055056001062421, 0.25735123253223724, 0.008973830209210498, 3.589998245239258, 0.07804705753301067, 1.0, 1.0, 0.0808173903088717, 0.16266157243002444, 0.2582645250737059, 0.33846436565916216, 0.09371118421844371, 0.2850577551626525, 2.0, 7.0, 1.0, 0.02602935531592787, 0.014870509800483322, 0.2687348355437986, 0.04373866333801178], "features": ["SMA20_dist", "SMA50_dist", "sma_cross", "RSI14", "MACD", "MACD_sig", "MACD_hist", "BB_width", "BB_pos", "ATR14", "ret_1d", "ret_5d", "vol_10d", "vol_ratio", "obv_trend", "spy_ret_1d", "vix_level", "vix_change", "vix_regime", "asset_class", "ret_1m", "ret_3m", "ret_6m", "ret_12m", "high52w_dist", "low52w_dist", "day_of_week", "month", "is_options_expiry", "btc_ret_1d", "gold_ret_1d", "corr_spy_20d", "vwap_dist"]}