{"center": [0.0018186607972353402, 0.004952054498633028, 1.0, 63.27443085156404, 0.03534684111630071, 0.0361389675231837, 0.00043620650166359756, 0.008054688594044276, 0.7557554727936402, 0.03657278942530568, 0.00019162467395505978, 0.0009598862259543317, 0.0009722747070499458, 0.6243032329988851, 1.0428042572882925, 0.0015505471876331445, 17.479999542236328, -0.009244158887228515, 1.0, 0.0, 0.004131550551341068, 0.012806297258793675, 0.02278116333013558, 0.04278828206179286, -0.0011666388656699559, 0.05166929350550394, 2.0, 6.0, 0.0, -0.00022924323774897726, 0.0010471549570203464, -0.026521645826771745, 0.0019418940989989087], "scale": [0.0033858685109722404, 0.005617853797497905, 1.0, 20.01581761480889, 0.04140000306646563, 0.041066577737842114, 0.010331407108575734, 0.004972219219224203, 0.3551034198257704, 0.009948684602263266, 0.001342413798802955, 0.0029701521360799843, 0.00041783238728995784, 0.7245463889199532, 0.19414498330463426, 0.009340584854840406, 4.319999694824219, 0.08545054301488214, 1.0, 1.0, 0.006669303059497977, 0.010241125208320656, 0.01591390891591593, 0.05891451391717095, 0.0030536119309552, 0.024581098670310192, 2.0, 7.0, 1.0, 0.02601762300327326, 0.014628204030004421, 0.423751983396973, 0.0036988887931540633], "features": ["SMA20_dist", "SMA50_dist", "sma_cross", "RSI14", "MACD", "MACD_sig", "MACD_hist", "BB_width", "BB_pos", "ATR14", "ret_1d", "ret_5d", "vol_10d", "vol_ratio", "obv_trend", "spy_ret_1d", "vix_level", "vix_change", "vix_regime", "asset_class", "ret_1m", "ret_3m", "ret_6m", "ret_12m", "high52w_dist", "low52w_dist", "day_of_week", "month", "is_options_expiry", "btc_ret_1d", "gold_ret_1d", "corr_spy_20d", "vwap_dist"]}