{"center": [-0.0023911970253260835, 0.0020185287936790694, 0.5, 48.74971782451291, 0.052457199227646356, 0.16406333199611883, -0.1600353594503301, 0.1450795712802397, 0.48071215589499416, 3.735677991594587, 0.0010573718917222807, -0.00014352109216192455, 0.02221508446388382, 0.8903820115038021, 0.9174826242035725, 0.0017232380605277653, 17.239999771118164, -0.007318110526737254, 1.0, 0.0, -0.004137770616162162, -0.006932318427217754, -0.015297767692671715, 0.0, -0.1571957765335381, 0.2681476790131957, 2.0, 6.0, 0.0, -0.0015742310644737412, 0.001865606425999089, 0.3368203121317922, -0.0021168116854524055], "scale": [0.07409742746971955, 0.09819735078388805, 1.0, 19.923507185373445, 2.8752336559809386, 2.628019918355192, 1.1781725036516755, 0.09569709018879496, 0.5108311669374832, 2.124785559517997, 0.03062664583115282, 0.06873704091134239, 0.01845850123528239, 0.5747410608065513, 0.42663580304706583, 0.009104429141699344, 4.337499618530273, 0.08522938948666156, 1.0, 1.0, 0.13211352251888264, 0.16262362457158341, 0.0946713484660561, 0.07384965954433151, 0.11432744329507807, 0.25524884921226754, 2.0, 7.0, 1.0, 0.02810502527527134, 0.015879943906845245, 0.32647343870153334, 0.07444033378477832], "features": ["SMA20_dist", "SMA50_dist", "sma_cross", "RSI14", "MACD", "MACD_sig", "MACD_hist", "BB_width", "BB_pos", "ATR14", "ret_1d", "ret_5d", "vol_10d", "vol_ratio", "obv_trend", "spy_ret_1d", "vix_level", "vix_change", "vix_regime", "asset_class", "ret_1m", "ret_3m", "ret_6m", "ret_12m", "high52w_dist", "low52w_dist", "day_of_week", "month", "is_options_expiry", "btc_ret_1d", "gold_ret_1d", "corr_spy_20d", "vwap_dist"]}