{"center": [0.004046591288573121, 0.009895055061569954, 1.0, 53.819003519756805, 0.16307501462282303, 0.19185421953898404, -0.004601810755431007, 0.05934676871488565, 0.5757653253073833, 0.5908121591430666, -0.0003515898100085457, 0.0007733396267910475, 0.010086683025285193, 0.43400206013636144, 1.0002439752142527, 0.0016681354283077932, 17.460000038146973, -0.008142008332229278, 1.0, 0.0, 0.008802949959698991, 0.02178489496975211, 0.006515210737341404, 0.0, -0.09736682314756358, 0.16769302925830903, 2.0, 6.0, 0.0, 0.0012432397581769727, 0.0019739858527916265, 0.6405314242796356, 0.005713769983623844], "scale": [0.02618383295910698, 0.04143183362733719, 1.0, 19.270275093743344, 0.5565306088839908, 0.5265491360206251, 0.22730482975014427, 0.03218563048198813, 0.4557061945428583, 0.16401633930172743, 0.013721465799626742, 0.030097369179988204, 0.003290966559007477, 0.8213706487625559, 0.0812082307296016, 0.008838149178831328, 4.217499732971191, 0.07941618535801698, 1.0, 1.0, 0.0488186447718936, 0.09883988496902227, 0.08716031019439452, 0.019733508623935192, 0.11383564837477272, 0.0839550171684583, 2.0, 7.0, 1.0, 0.024980023928504125, 0.015320527843720788, 0.18559736465884613, 0.027205049987869215], "features": ["SMA20_dist", "SMA50_dist", "sma_cross", "RSI14", "MACD", "MACD_sig", "MACD_hist", "BB_width", "BB_pos", "ATR14", "ret_1d", "ret_5d", "vol_10d", "vol_ratio", "obv_trend", "spy_ret_1d", "vix_level", "vix_change", "vix_regime", "asset_class", "ret_1m", "ret_3m", "ret_6m", "ret_12m", "high52w_dist", "low52w_dist", "day_of_week", "month", "is_options_expiry", "btc_ret_1d", "gold_ret_1d", "corr_spy_20d", "vwap_dist"]}