{"center": [0.005324328319590114, 0.011864378447316963, 1.0, 52.099123975130595, 0.2133580562027042, 0.1963199362771279, -0.000724939646302443, 0.06892704313104539, 0.5713851692451675, 1.0869930763373534, 0.0018001835290819557, -0.0005843530732720925, 0.011973540204169152, 0.9435447125799943, 1.021609543509967, 0.001901937496470718, 17.329999923706055, -0.009249190726344059, 1.0, 0.0, 0.01068387497539558, 0.03585062551548024, 0.05307140806996424, 0.07200314702440447, -0.042983352421576124, 0.2237934484397412, 2.0, 6.0, 0.0, -0.00016245832696676343, 0.001788531730296361, -0.002471114338682934, 0.005338226951171033], "scale": [0.03229461340659777, 0.039209493897176116, 1.0, 19.012844258304284, 0.5599272360577672, 0.5327912495858502, 0.25038662263535866, 0.023077196114622126, 0.4707930651300867, 0.2654984465488236, 0.015539520130281537, 0.03455998391735679, 0.005022431204199082, 0.49070984687224206, 0.13699879701461692, 0.00892224648574208, 3.9725003242492676, 0.08227625043667189, 1.0, 1.0, 0.051771201432530806, 0.08406521603465772, 0.09679020413925321, 0.16212593367888972, 0.05139681299532459, 0.0619621671132089, 2.0, 7.0, 1.0, 0.024925812813178377, 0.014534794833399561, 0.4306061525767362, 0.033893217471493944], "features": ["SMA20_dist", "SMA50_dist", "sma_cross", "RSI14", "MACD", "MACD_sig", "MACD_hist", "BB_width", "BB_pos", "ATR14", "ret_1d", "ret_5d", "vol_10d", "vol_ratio", "obv_trend", "spy_ret_1d", "vix_level", "vix_change", "vix_regime", "asset_class", "ret_1m", "ret_3m", "ret_6m", "ret_12m", "high52w_dist", "low52w_dist", "day_of_week", "month", "is_options_expiry", "btc_ret_1d", "gold_ret_1d", "corr_spy_20d", "vwap_dist"]}