{"center": [0.021588565447229785, 0.056837757134228284, 1.0, 59.37870812978731, 1.1152719886705569, 1.032430560574703, 0.025463217207284394, 0.1058405044216279, 0.7072590421727571, 1.0704885599905847, 0.000611058051511626, 0.009160367262990077, 0.015573426653739602, 0.8911288893090531, 0.9858231542180111, 0.0009270572536191901, 17.239999771118164, -0.0067330833557224246, 1.0, 0.0, 0.0470032879550486, 0.1455110804576738, 0.2090229553054701, 0.37976449366500575, -0.029393984267476445, 0.5123484525323583, 2.0, 6.0, 0.0, -5.770796242327014e-05, 0.001650071760848859, 0.6975629372491138, 0.017448220409062104], "scale": [0.05292598452963109, 0.08236733087539404, 1.0, 24.191466293870924, 1.4050343761761823, 1.3265038774048818, 0.49817969396311035, 0.07310257579865442, 0.460473739775879, 1.746593835880555, 0.019484809906013534, 0.05103951683174471, 0.008994943936697891, 0.7135056403006422, 0.3740516671770485, 0.008898100420280552, 3.7574987411499023, 0.07249725791207273, 1.0, 1.0, 0.10218520570507009, 0.13610705887863456, 0.3557964241025446, 0.6651666434907424, 0.06366491772634607, 0.5728674648431766, 2.0, 6.75, 1.0, 0.026564243140894284, 0.01591124396118837, 0.22822621242711594, 0.051915858395218034], "features": ["SMA20_dist", "SMA50_dist", "sma_cross", "RSI14", "MACD", "MACD_sig", "MACD_hist", "BB_width", "BB_pos", "ATR14", "ret_1d", "ret_5d", "vol_10d", "vol_ratio", "obv_trend", "spy_ret_1d", "vix_level", "vix_change", "vix_regime", "asset_class", "ret_1m", "ret_3m", "ret_6m", "ret_12m", "high52w_dist", "low52w_dist", "day_of_week", "month", "is_options_expiry", "btc_ret_1d", "gold_ret_1d", "corr_spy_20d", "vwap_dist"]}