{"center": [0.019886474018031522, 0.036346071629825144, 1.0, 56.55126393680451, 0.560880866995916, 0.554478449326805, 0.08308715303876102, 0.15872469601560166, 0.6541527580377381, 1.2354877727206959, 0.003999859570272601, 0.012804948373507541, 0.02081421627587596, 0.8769486280927301, 1.051588526569139, 0.0007310561539983773, 17.399999618530273, -0.0036643597696923713, 1.0, 0.0, 0.04022454785644425, 0.0670374893463459, 0.15598512770631556, 0.07371102931536888, -0.09963343673137648, 0.46224382932233943, 2.0, 6.0, 0.0, -0.0014864790528285043, 0.0015263333689308212, 0.5289619182776428, 0.019715263746290585], "scale": [0.07622228230267855, 0.1228492214333647, 1.0, 24.14650161271352, 1.7938536125207065, 1.4484949394793238, 0.5654043315982809, 0.10361515695466769, 0.4982013547406121, 1.2820838683016227, 0.02742368743133544, 0.06948013753051818, 0.014284637936063181, 0.6424219124070141, 0.4468415988260377, 0.00901547538854669, 4.340000152587891, 0.07791878103828087, 1.0, 1.0, 0.14396330335132584, 0.29243427542421385, 0.5059458603669295, 0.8291382677799514, 0.13111159114090876, 1.0432409189242287, 2.0, 7.0, 1.0, 0.029021918063713625, 0.014709236250653512, 0.45766346570342464, 0.07210308413149971], "features": ["SMA20_dist", "SMA50_dist", "sma_cross", "RSI14", "MACD", "MACD_sig", "MACD_hist", "BB_width", "BB_pos", "ATR14", "ret_1d", "ret_5d", "vol_10d", "vol_ratio", "obv_trend", "spy_ret_1d", "vix_level", "vix_change", "vix_regime", "asset_class", "ret_1m", "ret_3m", "ret_6m", "ret_12m", "high52w_dist", "low52w_dist", "day_of_week", "month", "is_options_expiry", "btc_ret_1d", "gold_ret_1d", "corr_spy_20d", "vwap_dist"]}