{"center": [0.018390759542248284, 0.045030989373084876, 1.0, 54.54879032076938, 1.1043541184529886, 1.0931197934569343, 0.02112722335842615, 0.15823910854084042, 0.6400008765837637, 2.784594004504889, 0.002432636974732727, 0.010985438526816216, 0.020974387146963907, 0.9484121895969568, 1.0388954392788106, 0.001460939128868688, 17.239999771118164, -0.007843129677328364, 1.0, 0.0, 0.0462556948385251, 0.12643926808765404, 0.27700910857078664, 0.5120011009451584, -0.04863432545887374, 0.7122259543918809, 2.0, 7.0, 0.0, 0.0008420581944230676, 0.002415209844427002, 0.3672726316682633, 0.019185791723737446], "scale": [0.06512087020054128, 0.10717566532428503, 1.0, 22.638642561774688, 2.535937798393171, 2.49974787014606, 0.8794348319013658, 0.10156970579174782, 0.47459750372276793, 2.542989568751861, 0.029073105835280888, 0.07579680416032075, 0.010550734154000162, 0.4371220479374095, 0.1341672873261207, 0.00873955687520378, 3.8800010681152344, 0.07454348608114392, 1.0, 1.0, 0.12515269218150993, 0.1946695037812325, 0.35986822791859807, 0.7665702083990702, 0.1041957954708056, 0.636023934005918, 2.0, 7.0, 1.0, 0.028240394362673893, 0.014358697154225109, 0.5213487695996566, 0.06859656105468402], "features": ["SMA20_dist", "SMA50_dist", "sma_cross", "RSI14", "MACD", "MACD_sig", "MACD_hist", "BB_width", "BB_pos", "ATR14", "ret_1d", "ret_5d", "vol_10d", "vol_ratio", "obv_trend", "spy_ret_1d", "vix_level", "vix_change", "vix_regime", "asset_class", "ret_1m", "ret_3m", "ret_6m", "ret_12m", "high52w_dist", "low52w_dist", "day_of_week", "month", "is_options_expiry", "btc_ret_1d", "gold_ret_1d", "corr_spy_20d", "vwap_dist"]}