{"center": [0.006045608231503302, 0.024389373418578105, 1.0, 55.57025422383818, 0.5370029107630714, 0.5674513384866239, -0.027950002894409742, 0.0671932116762421, 0.6215551372282279, 1.0848748511683712, 0.0011146115346396535, 0.0034838110060162464, 0.010246767522237275, 0.9658950301196061, 1.0426234041129592, 0.0004803706386860007, 17.829999923706055, -0.002873519434293592, 1.0, 0.0, 0.018688060621231406, 0.06254490265384405, 0.04849210908021684, 0.1466475347194336, -0.0233879444524839, 0.3069233362144725, 2.0, 6.0, 0.0, -0.0031460239332733453, 0.0005858183101099534, 0.9514196094063899, 0.009031131753730916], "scale": [0.0346715175406683, 0.06020232054405329, 1.0, 24.83953562981506, 1.1792788946124162, 0.9431926776136044, 0.2904334786287987, 0.03975337911153152, 0.498245716722565, 0.49505349484095706, 0.011966218652507521, 0.031185427897602647, 0.0056951821930184, 0.3842171437140408, 0.1509466198782975, 0.009088264276723712, 4.364998817443848, 0.08242740170163565, 1.0, 1.0, 0.06416580404721867, 0.12473323813874865, 0.12741995017251728, 0.23659448980900766, 0.050245127427856175, 0.2215961918103646, 2.0, 7.0, 1.0, 0.027684841059664567, 0.01412226761037566, 0.05141066704456754, 0.03310781018430785], "features": ["SMA20_dist", "SMA50_dist", "sma_cross", "RSI14", "MACD", "MACD_sig", "MACD_hist", "BB_width", "BB_pos", "ATR14", "ret_1d", "ret_5d", "vol_10d", "vol_ratio", "obv_trend", "spy_ret_1d", "vix_level", "vix_change", "vix_regime", "asset_class", "ret_1m", "ret_3m", "ret_6m", "ret_12m", "high52w_dist", "low52w_dist", "day_of_week", "month", "is_options_expiry", "btc_ret_1d", "gold_ret_1d", "corr_spy_20d", "vwap_dist"]}