{"center": [0.0015839564224059955, 0.005252720276377682, 1.0, 52.196069105900165, 0.03302331923359425, 0.03686372428716975, -0.0011981904559014572, 0.05480630504950522, 0.5364053924615443, 0.2692854745047433, -0.0004234349983461838, 0.0008123101379589048, 0.007623198198518842, 0.8312289562289563, 1.0213702839890133, 0.0010234568827509616, 17.260000228881836, -0.004285461432546711, 1.0, 0.0, 0.005875714058420245, 0.009685108762907846, 0.016913639953417103, 0.0, -0.06244630977143741, 0.08407521368295355, 2.0, 6.0, 0.0, 0.00035304210520692436, 0.002054320244525898, 0.11006245471012915, 0.0011090873824408784], "scale": [0.02617239650349453, 0.04499789495068311, 1.0, 21.358666271249014, 0.2819756314305977, 0.26064250637468345, 0.08952643328165104, 0.031574724767186146, 0.4903771025742334, 0.07767830576215473, 0.010918870328938152, 0.023976675014983323, 0.003926461649129894, 0.6916058692528222, 0.2808064337281262, 0.009357106232421142, 3.627500534057617, 0.08082016436722367, 1.0, 1.0, 0.048809501453163734, 0.051200347177675104, 0.06178614902338503, 0.07657476476374653, 0.05194495562741228, 0.07770448441509414, 2.0, 7.0, 1.0, 0.02841355123782968, 0.014053369507313895, 0.4996797169473022, 0.02783423088951407], "features": ["SMA20_dist", "SMA50_dist", "sma_cross", "RSI14", "MACD", "MACD_sig", "MACD_hist", "BB_width", "BB_pos", "ATR14", "ret_1d", "ret_5d", "vol_10d", "vol_ratio", "obv_trend", "spy_ret_1d", "vix_level", "vix_change", "vix_regime", "asset_class", "ret_1m", "ret_3m", "ret_6m", "ret_12m", "high52w_dist", "low52w_dist", "day_of_week", "month", "is_options_expiry", "btc_ret_1d", "gold_ret_1d", "corr_spy_20d", "vwap_dist"]}