{"center": [0.0031731158708097566, 0.009340179572369805, 1.0, 52.76047976415751, 0.29134255338015436, 0.2743056724904788, -0.01426217728556678, 0.051776341632942285, 0.5987775179096753, 1.0307394952541726, 0.0007277181699772983, 0.0034635257085348092, 0.008619090414242105, 0.4489689636765035, 1.0413361658311044, 0.0012148790010613197, 17.364999771118164, -0.008142008332229278, 1.0, 0.0, 0.008156360908751381, 0.0208188733189566, 0.016862505768768687, 0.0, -0.046531461235024746, 0.15797854409592266, 2.0, 7.0, 0.0, 0.0008217691182561548, 0.0019559897357898093, 0.41409543435104185, 0.004244366755363073], "scale": [0.02591115322985761, 0.03597165921345452, 1.0, 19.750901855273504, 0.8133317759786465, 0.6860987299700055, 0.3293552521113621, 0.030387071773574317, 0.49425190196715996, 0.2569784943351111, 0.010507986477807485, 0.024328759084623147, 0.003935523204649065, 0.529868927914227, 0.2598956746660569, 0.008825243740400668, 3.945000171661377, 0.0811503919824137, 1.0, 1.0, 0.04439094637997809, 0.06480062276027995, 0.06165335461468069, 0.0397884810316273, 0.05369325042656935, 0.046836194158736244, 2.0, 7.0, 1.0, 0.02768265572803774, 0.014828922958767726, 0.3646132440057289, 0.028149512758867505], "features": ["SMA20_dist", "SMA50_dist", "sma_cross", "RSI14", "MACD", "MACD_sig", "MACD_hist", "BB_width", "BB_pos", "ATR14", "ret_1d", "ret_5d", "vol_10d", "vol_ratio", "obv_trend", "spy_ret_1d", "vix_level", "vix_change", "vix_regime", "asset_class", "ret_1m", "ret_3m", "ret_6m", "ret_12m", "high52w_dist", "low52w_dist", "day_of_week", "month", "is_options_expiry", "btc_ret_1d", "gold_ret_1d", "corr_spy_20d", "vwap_dist"]}