{"center": [-0.04079546773138464, -0.09166418502700815, 0.0, 44.142265842064376, -0.440316622836626, -0.4371936217448002, 0.043494197655109534, 0.27399633901302545, 0.34033190436803673, 1.242856843130929, -0.006872878361431578, -0.01374569117823743, 0.04111071987162721, 0.9122817069603476, 1.0371546396523994, 0.001852367504067809, 17.260000228881836, -0.006626930447881874, 1.0, 0.0, -0.07988974578877905, -0.1980718894921304, -0.255299572384757, -0.2599388318557312, -0.4899425175533627, 0.1194029638299332, 2.0, 6.0, 0.0, 0.00038358610925337544, 0.0014259144001700363, 0.38993744786633827, -0.04394793471333208], "scale": [0.12985452377273793, 0.21016090360272968, 1.0, 23.505513552572296, 1.0194042880235834, 1.004807754862689, 0.4020526915088709, 0.2035380395882899, 0.44886050942376665, 0.9656430653163365, 0.05234804811909599, 0.11398372150461866, 0.016092376796885903, 0.464435218991451, 0.3436184033476475, 0.009131171375402425, 3.979999542236328, 0.08045867484844738, 1.0, 1.0, 0.25677452525683697, 0.2676012194993014, 0.48690010173515785, 0.5686046339701758, 0.287658437872224, 0.2580235307772651, 2.0, 7.0, 1.0, 0.02632903001287401, 0.01568817985919224, 0.32412507641292376, 0.1349413718934121], "features": ["SMA20_dist", "SMA50_dist", "sma_cross", "RSI14", "MACD", "MACD_sig", "MACD_hist", "BB_width", "BB_pos", "ATR14", "ret_1d", "ret_5d", "vol_10d", "vol_ratio", "obv_trend", "spy_ret_1d", "vix_level", "vix_change", "vix_regime", "asset_class", "ret_1m", "ret_3m", "ret_6m", "ret_12m", "high52w_dist", "low52w_dist", "day_of_week", "month", "is_options_expiry", "btc_ret_1d", "gold_ret_1d", "corr_spy_20d", "vwap_dist"]}