{"center": [0.009112762099195041, 0.03508513458316971, 1.0, 53.56396958141324, 2.6900891086133925, 2.9141540226522773, -0.06186800201992404, 0.102694604051879, 0.6076342066933401, 6.899668788227444, 0.001790309780645316, 0.005050259625316245, 0.014836892333562581, 0.9181642820481144, 1.0503100098260576, 0.0009975242097273185, 17.479999542236328, -0.006664472772315133, 1.0, 0.0, 0.021031335481298874, 0.08180348771957391, 0.013696522280814527, 0.06735937935382119, -0.06374876920610016, 0.33730156539557743, 2.0, 6.0, 0.0, -0.0002701146200822513, 0.001650071760848859, 0.6306803689229057, 0.010843195103619908], "scale": [0.05451350874012041, 0.07883653359904788, 1.0, 23.41896057088664, 7.198112674678214, 6.520426543571919, 2.1100564538556514, 0.06565634998801365, 0.502675241306618, 2.2940621241676, 0.017114363866913285, 0.04075786849646465, 0.006617577519246399, 0.35063540747896194, 0.4628241488726099, 0.008793518934013034, 4.512499809265137, 0.08449145560302801, 1.0, 1.0, 0.09955619521763504, 0.17426852313595817, 0.20240601829498298, 0.2353778647974184, 0.1129420599648884, 0.20987279967639513, 2.0, 7.0, 1.0, 0.028298809668115044, 0.01567193464550873, 0.3334190239549032, 0.052287035091872144], "features": ["SMA20_dist", "SMA50_dist", "sma_cross", "RSI14", "MACD", "MACD_sig", "MACD_hist", "BB_width", "BB_pos", "ATR14", "ret_1d", "ret_5d", "vol_10d", "vol_ratio", "obv_trend", "spy_ret_1d", "vix_level", "vix_change", "vix_regime", "asset_class", "ret_1m", "ret_3m", "ret_6m", "ret_12m", "high52w_dist", "low52w_dist", "day_of_week", "month", "is_options_expiry", "btc_ret_1d", "gold_ret_1d", "corr_spy_20d", "vwap_dist"]}