{"center": [0.007332498337391616, 0.021071136157380634, 1.0, 52.65175588685793, 0.6295993795014141, 0.5492333620719777, 0.0664089967028419, 0.1087500657801588, 0.5782956248989788, 2.7708305249789764, 0.0009250831148156502, 0.0063763991084385685, 0.01834209468699234, 0.8708854817748947, 0.9273538448155485, 0.001131271126445954, 17.25, -0.0048289091912665505, 1.0, 0.0, 0.020221114251135264, 0.0672454937634922, 0.10436271300770428, 0.0, -0.09282076361006565, 0.3617959796866747, 2.0, 6.0, 0.0, 0.0007781713812019531, 0.00195494092813997, 0.25997257310117394, 0.008902389623021187], "scale": [0.0647538970782546, 0.1016275399839104, 1.0, 19.427434455187253, 3.123136274154355, 3.053922725164029, 0.977011633046755, 0.09079502666961659, 0.5116227735723331, 1.0565552944023722, 0.021190988807542194, 0.058745546735932824, 0.007359962682000785, 0.5785371579762016, 0.5025618589216541, 0.008918288134805191, 3.7099990844726562, 0.0790630644524628, 1.0, 1.0, 0.11183352666048366, 0.24820744262712308, 0.3383203489229676, 0.48775622152989595, 0.16463106738918737, 0.5261583861207835, 2.0, 7.0, 1.0, 0.02773769529386666, 0.01480995878612823, 0.4315749847185779, 0.06513238243958436], "features": ["SMA20_dist", "SMA50_dist", "sma_cross", "RSI14", "MACD", "MACD_sig", "MACD_hist", "BB_width", "BB_pos", "ATR14", "ret_1d", "ret_5d", "vol_10d", "vol_ratio", "obv_trend", "spy_ret_1d", "vix_level", "vix_change", "vix_regime", "asset_class", "ret_1m", "ret_3m", "ret_6m", "ret_12m", "high52w_dist", "low52w_dist", "day_of_week", "month", "is_options_expiry", "btc_ret_1d", "gold_ret_1d", "corr_spy_20d", "vwap_dist"]}