{"center": [0.002677387586938638, 0.007508908924506286, 1.0, 53.0864139388816, 0.044643679884071474, 0.04746407910173071, 0.004871100355958287, 0.051572526202683426, 0.5742113224908144, 0.26964282989501953, -0.0004692528214668701, 0.0012793065357450395, 0.007958348754297934, 0.80565703120579, 1.0088787176530043, 0.0011228282729975891, 17.479999542236328, -0.006606896521132111, 1.0, 0.0, 0.006232096030363121, 0.009659779737150709, 0.01692542491734028, 0.0, -0.07448557706873943, 0.08331856105656932, 2.0, 6.0, 0.0, 0.00024003985338927336, 0.0005699573444167827, 0.11157846066819022, 0.0023005846831355235], "scale": [0.026746701801940102, 0.04061362658175529, 1.0, 21.166468545026866, 0.2633420735346137, 0.25088779056563437, 0.09021327547446359, 0.03147103473175576, 0.4966750361444261, 0.07767881665910992, 0.011207295647375354, 0.024466558586092757, 0.0038626375995309565, 0.7698137044649089, 0.33527078917573416, 0.008966545289572275, 3.9499988555908203, 0.08046716905576223, 1.0, 1.0, 0.045468016332715855, 0.05433871642763885, 0.05520195223513663, 0.06099549203097093, 0.07300046072052477, 0.06367462423485558, 2.0, 7.0, 1.0, 0.027515941865586424, 0.015008732588563278, 0.5221831296376687, 0.027264334232283402], "features": ["SMA20_dist", "SMA50_dist", "sma_cross", "RSI14", "MACD", "MACD_sig", "MACD_hist", "BB_width", "BB_pos", "ATR14", "ret_1d", "ret_5d", "vol_10d", "vol_ratio", "obv_trend", "spy_ret_1d", "vix_level", "vix_change", "vix_regime", "asset_class", "ret_1m", "ret_3m", "ret_6m", "ret_12m", "high52w_dist", "low52w_dist", "day_of_week", "month", "is_options_expiry", "btc_ret_1d", "gold_ret_1d", "corr_spy_20d", "vwap_dist"]}