{"center": [0.014558567990756709, 0.05852827432652842, 1.0, 56.052406004168525, 3.273329124357616, 3.2006190182677727, 0.009416239671950266, 0.12229354699398187, 0.6339154111455264, 5.671013275728492, 0.0005104029611051608, 0.006484141107224728, 0.01656167967146402, 0.9000450902868155, 1.036100584320924, 0.0004092864664144713, 17.605000495910645, -0.005118433089179364, 1.0, 0.0, 0.04535383511901425, 0.17471916164995716, 0.12650860482438475, 0.25726401224169526, -0.05692945872859087, 0.40273275375294515, 2.0, 6.0, 0.0, -0.0017258746687544568, 0.001423505566895189, 0.5566602247226167, 0.01599581901475236], "scale": [0.058684597215761025, 0.10201310973028879, 0.75, 26.197550660259807, 6.288689193109846, 6.085211897158162, 1.7484737009312248, 0.07028438258373212, 0.4744604768266948, 3.5381386128009957, 0.020091685594365555, 0.05072202634028633, 0.00751267123890181, 0.4106149966059607, 0.22532207576362007, 0.009293900109939357, 3.72499942779541, 0.07871728277322831, 1.0, 1.0, 0.12321523550185526, 0.24198628658142468, 0.43634323093289235, 0.7145396756187438, 0.1053627535990463, 0.9113941035615805, 2.0, 7.0, 1.0, 0.02869123673399826, 0.014642300007015552, 0.26583298252452026, 0.05819437335073657], "features": ["SMA20_dist", "SMA50_dist", "sma_cross", "RSI14", "MACD", "MACD_sig", "MACD_hist", "BB_width", "BB_pos", "ATR14", "ret_1d", "ret_5d", "vol_10d", "vol_ratio", "obv_trend", "spy_ret_1d", "vix_level", "vix_change", "vix_regime", "asset_class", "ret_1m", "ret_3m", "ret_6m", "ret_12m", "high52w_dist", "low52w_dist", "day_of_week", "month", "is_options_expiry", "btc_ret_1d", "gold_ret_1d", "corr_spy_20d", "vwap_dist"]}