{"center": [0.02026502594179866, 0.05589252306898337, 1.0, 59.46863132773578, 2.196820036018522, 2.1687288993268843, 0.03104615898110996, 0.10978212966648031, 0.7059139291313624, 3.3011058022195834, 0.0014338191463381111, 0.008985942059560603, 0.01529554673225124, 0.9392636245170547, 1.0321140136646323, 0.0011517326256851312, 17.690000534057617, -0.007869662158076385, 1.0, 0.0, 0.05082659983923721, 0.13308414483309172, 0.1932623371073534, 0.31922097828863816, -0.02664143356960525, 0.580526676039502, 2.0, 6.0, 0.0, -1.9742508661990676e-05, 0.0014259144001700363, 0.6827739568808098, 0.021719686661636473], "scale": [0.056112827317956734, 0.08481066276268448, 1.0, 26.041829251294757, 3.2848359005060104, 3.1781540402243316, 1.0231893341718592, 0.09168851140408961, 0.44749298629902745, 1.981646759374533, 0.019785491680857525, 0.050571768502198355, 0.009263370587781835, 0.4054312058260293, 0.09127704689497118, 0.009033113323529185, 4.329999923706055, 0.0821324848211239, 1.0, 1.0, 0.11510174843121068, 0.15717427237399995, 0.28220131735513054, 0.5023107104210527, 0.07074227846914635, 0.27427062713074996, 2.0, 7.0, 1.0, 0.027488885270666397, 0.015782236530808902, 0.1949878823667791, 0.04822063567047966], "features": ["SMA20_dist", "SMA50_dist", "sma_cross", "RSI14", "MACD", "MACD_sig", "MACD_hist", "BB_width", "BB_pos", "ATR14", "ret_1d", "ret_5d", "vol_10d", "vol_ratio", "obv_trend", "spy_ret_1d", "vix_level", "vix_change", "vix_regime", "asset_class", "ret_1m", "ret_3m", "ret_6m", "ret_12m", "high52w_dist", "low52w_dist", "day_of_week", "month", "is_options_expiry", "btc_ret_1d", "gold_ret_1d", "corr_spy_20d", "vwap_dist"]}