{"center": [0.0001724738598500568, -0.009433935281851852, 0.0, 50.0, -0.006573992069375034, -0.008820385916536708, 0.0016931305063350981, 0.10296788997949533, 0.5020761992043413, 0.06285561732360612, 0.0, 0.0, 0.015644551799377193, 0.9763540360938113, 0.9891270565271765, 0.0005602631887811071, 17.350000381469727, -0.005579556721748813, 1.0, 0.0], "scale": [0.05935465118304219, 0.08934528356881034, 1.0, 24.01834212899434, 0.0761377984743068, 0.07721920517986826, 0.019325153748210703, 0.06292244647823562, 0.5205298822253109, 0.022058517787492758, 0.01999047072586735, 0.04407741243448782, 0.009314946885079063, 0.6149038021653519, 0.49021445691561205, 0.008488672696090216, 4.0199995040893555, 0.07981674521513937, 1.0, 1.0], "features": ["SMA20_dist", "SMA50_dist", "sma_cross", "RSI14", "MACD", "MACD_sig", "MACD_hist", "BB_width", "BB_pos", "ATR14", "ret_1d", "ret_5d", "vol_10d", "vol_ratio", "obv_trend", "spy_ret_1d", "vix_level", "vix_change", "vix_regime", "asset_class"]}