{"center": [0.008840190525559559, 0.02359784711496369, 1.0, 58.127663579006914, 0.3035621041523022, 0.2886303180236178, 0.001977985167229107, 0.05172146790559713, 0.7029029824171764, 0.46863301306129884, 0.0, 0.0024690029092259147, 0.007724858352536657, 0.9622125377703591, 1.0139335510992975, 0.0009270573032307272, 17.479999542236328, -0.007288538293765301, 1.0, 0.0, 0.02286927656577764, 0.04673769108465686, 0.05189331095349203, 0.04894680753720693, -0.018667644296160864, 0.18335798071161535, 2.0, 6.0, 0.0, -0.0011698293944815696, 0.001423505566895189, 0.8009769139800268, 0.009321689858426956], "scale": [0.023303687610891546, 0.03985776773448335, 1.0, 20.641379028937415, 0.4665832177254803, 0.37369116239465044, 0.13532133942723862, 0.028745208808666323, 0.43418780270774354, 0.1610388520613497, 0.01025648791985273, 0.022362611144344624, 0.002746918131220648, 0.4237828506863939, 0.4412621584083237, 0.008849311450473851, 4.092499732971191, 0.08147573765685662, 1.0, 1.0, 0.0500873879059226, 0.07025133304823517, 0.13380543255439648, 0.160818264140708, 0.04345038169396624, 0.2155715938878391, 2.0, 7.0, 1.0, 0.027670787228853105, 0.014725000127634696, 0.14209402008874905, 0.02314958600613988], "features": ["SMA20_dist", "SMA50_dist", "sma_cross", "RSI14", "MACD", "MACD_sig", "MACD_hist", "BB_width", "BB_pos", "ATR14", "ret_1d", "ret_5d", "vol_10d", "vol_ratio", "obv_trend", "spy_ret_1d", "vix_level", "vix_change", "vix_regime", "asset_class", "ret_1m", "ret_3m", "ret_6m", "ret_12m", "high52w_dist", "low52w_dist", "day_of_week", "month", "is_options_expiry", "btc_ret_1d", "gold_ret_1d", "corr_spy_20d", "vwap_dist"]}