{"center": [0.007190676254208953, 0.023857709629402507, 1.0, 51.81076390115207, 2.0828167601826806, 2.433185788957864, -0.2900305444582868, 0.10538072488406126, 0.5961205241184229, 10.107706792320979, 0.0017574537656976918, 0.004166008296805135, 0.015466159424800934, 0.9279738962700724, 1.0348099499651768, 0.0012625066665670204, 17.479999542236328, -0.005438782390179864, 1.0, 0.0, 0.013529793456054318, 0.06485604170329784, 0.0238111997579612, 0.003495127735076875, -0.09695164839923649, 0.26723326886488974, 2.0, 6.0, 0.0, -0.0003300754485222601, 0.0019765915190644856, 0.18110766611444518, 0.007819948454089329], "scale": [0.06186622143083327, 0.10625137121270688, 1.0, 25.17540968133973, 11.688645404252426, 11.470538353251824, 2.797119084624148, 0.0652236240381474, 0.5563394690478467, 3.33598233016944, 0.017175617351611216, 0.04758204891305737, 0.008843002074772469, 0.42763064462213096, 0.1503148940151865, 0.00975355348517934, 4.454998970031738, 0.08370402037507191, 1.0, 1.0, 0.1200385624157097, 0.1453812461655602, 0.31867610438082544, 0.30942115229162487, 0.1747289363416952, 0.3689319588739422, 2.0, 7.0, 1.0, 0.027821146275601505, 0.01426997351755696, 0.37878973871519755, 0.06254061730190891], "features": ["SMA20_dist", "SMA50_dist", "sma_cross", "RSI14", "MACD", "MACD_sig", "MACD_hist", "BB_width", "BB_pos", "ATR14", "ret_1d", "ret_5d", "vol_10d", "vol_ratio", "obv_trend", "spy_ret_1d", "vix_level", "vix_change", "vix_regime", "asset_class", "ret_1m", "ret_3m", "ret_6m", "ret_12m", "high52w_dist", "low52w_dist", "day_of_week", "month", "is_options_expiry", "btc_ret_1d", "gold_ret_1d", "corr_spy_20d", "vwap_dist"]}