{"center": [0.00263783046240726, 0.014537273947139967, 1.0, 52.72435693047419, 0.3022289241611844, 0.38178140948152806, -0.027735422352613115, 0.0727615309422858, 0.5499405603972333, 1.6311724279506365, 0.0010242491542759025, 0.00277340591821873, 0.011842880558279029, 0.9300732074039745, 1.0301323607098245, 0.0014532705610523777, 17.38499927520752, -0.0067330833557224246, 1.0, 0.0, 0.008580864364379659, 0.06372320540434195, 0.03487835016088203, 0.008904223000230305, -0.06863937498543762, 0.2554357979653772, 2.0, 6.0, 0.0, -0.0005803652024484185, 0.000607837212761364, 0.2546732449713969, 0.003488570829322475], "scale": [0.03826378342830996, 0.06725086852698645, 1.0, 19.47422650185314, 1.4282023679984377, 1.4926812459140906, 0.5341196698868939, 0.046471414441230256, 0.542810130932652, 0.5021006968421513, 0.0163473630303414, 0.03928274618549529, 0.005226337209151893, 0.34937620091257093, 0.26464585495562887, 0.00858617043725779, 3.6399998664855957, 0.07897723125662631, 1.0, 1.0, 0.0626361394155778, 0.11385973796969476, 0.17152571524984928, 0.12617602684897067, 0.09787273318697437, 0.2673315920044902, 2.0, 7.0, 1.0, 0.026060836912107782, 0.014825836344661225, 0.36974630768845496, 0.03824391017727365], "features": ["SMA20_dist", "SMA50_dist", "sma_cross", "RSI14", "MACD", "MACD_sig", "MACD_hist", "BB_width", "BB_pos", "ATR14", "ret_1d", "ret_5d", "vol_10d", "vol_ratio", "obv_trend", "spy_ret_1d", "vix_level", "vix_change", "vix_regime", "asset_class", "ret_1m", "ret_3m", "ret_6m", "ret_12m", "high52w_dist", "low52w_dist", "day_of_week", "month", "is_options_expiry", "btc_ret_1d", "gold_ret_1d", "corr_spy_20d", "vwap_dist"]}