{"center": [-0.025876303937158222, -0.06377150108303697, 0.0, 44.10519889581382, -0.7478527542343727, -0.7907057097333536, -0.0250369778079349, 0.24058831871980552, 0.37281154660929133, 1.9785710743495397, 0.0015531334028271448, -0.004221631687873595, 0.03297473324388209, 0.8583628862994861, 0.9910111164299771, 0.0009013860201088075, 17.790000915527344, -0.006670313141271755, 1.0, 0.0, -0.06359754019916086, -0.09460316007099456, -0.2067646635027922, -0.5741720544376674, -0.6885566257040135, 0.31949494196836187, 2.0, 6.0, 0.0, -0.00032588834829794244, 0.0020064107533963593, 0.34265172835740065, -0.023662945367700198], "scale": [0.10400573558156678, 0.19452411765862182, 1.0, 22.77878897866313, 3.4722457788636447, 3.351129964011049, 0.6655159385456392, 0.2897700202737912, 0.4849698762485756, 2.4921434947422574, 0.03887440504004197, 0.08729958037367597, 0.026121996676088107, 0.507464126651862, 0.27180959084948675, 0.009426175781552304, 4.074999809265137, 0.08265948877460233, 1.0, 1.0, 0.21132811835180787, 0.26790856255781414, 0.6041389585256454, 0.8280968596006044, 0.4949379224859133, 0.6016944584809398, 2.0, 7.0, 1.0, 0.030615488737558094, 0.015484685498972361, 0.24838355643114252, 0.10611919912605147], "features": ["SMA20_dist", "SMA50_dist", "sma_cross", "RSI14", "MACD", "MACD_sig", "MACD_hist", "BB_width", "BB_pos", "ATR14", "ret_1d", "ret_5d", "vol_10d", "vol_ratio", "obv_trend", "spy_ret_1d", "vix_level", "vix_change", "vix_regime", "asset_class", "ret_1m", "ret_3m", "ret_6m", "ret_12m", "high52w_dist", "low52w_dist", "day_of_week", "month", "is_options_expiry", "btc_ret_1d", "gold_ret_1d", "corr_spy_20d", "vwap_dist"]}