{"center": [0.0020212607688915255, 0.003395675332969101, 1.0, 51.145926421981564, 0.09912717128567294, 0.13916473360730747, 0.003169101261155438, 0.05469546037541123, 0.5426364445390557, 1.8482158277943401, -0.0008177052487363112, 0.0012702783960576447, 0.008882833419668197, 0.9884553225270909, 0.9192015964976682, 0.0015056382907189247, 17.38499927520752, -0.007856395917702375, 1.0, 0.0, 0.00037257391980527466, 0.0, 0.0, 0.0, -0.06724863743642756, 0.07967565589675102, 2.0, 6.0, 0.0, 0.0005260523885238788, 0.0020023951252038374, 0.4202937977452821, 0.0020894893558403324], "scale": [0.02967512482686405, 0.05277455858832003, 1.0, 20.14797130951878, 2.0710183753805538, 2.121938630363148, 0.5896868613527604, 0.03430726206426901, 0.5171427022252776, 0.5045095716419601, 0.011827699735783542, 0.02912131902023779, 0.0037849598398925583, 0.40403301301127514, 0.7930981777668792, 0.009338609895027494, 3.7900004386901855, 0.08458652242014195, 1.0, 1.0, 0.052688768376985606, 0.10622721429815246, 0.10005609237823818, 0.08125959582196485, 0.07538260049679804, 0.1448634691071038, 2.0, 7.0, 1.0, 0.026073758058858004, 0.016503222661249567, 0.38473721513982856, 0.028714571107730444], "features": ["SMA20_dist", "SMA50_dist", "sma_cross", "RSI14", "MACD", "MACD_sig", "MACD_hist", "BB_width", "BB_pos", "ATR14", "ret_1d", "ret_5d", "vol_10d", "vol_ratio", "obv_trend", "spy_ret_1d", "vix_level", "vix_change", "vix_regime", "asset_class", "ret_1m", "ret_3m", "ret_6m", "ret_12m", "high52w_dist", "low52w_dist", "day_of_week", "month", "is_options_expiry", "btc_ret_1d", "gold_ret_1d", "corr_spy_20d", "vwap_dist"]}