{"center": [0.004664379053769272, 0.0019598323811972755, 1.0, 52.57258259355275, 0.01581766559040254, 0.02795937122216944, 0.002469941774527175, 0.056243109420105755, 0.5885456072943027, 0.1992279975703175, -0.0003062085416528082, 0.0016567597907949372, 0.008710862657288956, 0.7169920889540473, 1.0026329796770859, 0.0007458918092195788, 17.6850004196167, -0.005254864671583648, 1.0, 0.0, 0.005116888351820226, 0.009417830392531523, 0.003475768209268537, 0.015220310529625136, -0.03472370567949972, 0.14825836096744188, 2.0, 6.0, 0.0, 0.0005692244147840197, 0.0020691449988656796, 0.6111117358427463, 0.0040505592274501755], "scale": [0.025569660153273978, 0.04067831690579432, 1.0, 20.6361697947612, 0.20756795519901772, 0.17845395971193667, 0.06839823712306015, 0.0329599554857462, 0.5042493276582376, 0.07042613384234064, 0.011981992371442513, 0.026914469717341072, 0.0032446671060120842, 0.83865516952603, 0.5714931850333684, 0.009372211753792298, 4.182498931884766, 0.0828862579790578, 1.0, 1.0, 0.04730758129441551, 0.07422029753837608, 0.0614939255592693, 0.11708106590919604, 0.05794624501215585, 0.16718481846406152, 2.0, 7.0, 1.0, 0.0281424654108193, 0.01527346660899287, 0.2506735509522982, 0.02571995218477055], "features": ["SMA20_dist", "SMA50_dist", "sma_cross", "RSI14", "MACD", "MACD_sig", "MACD_hist", "BB_width", "BB_pos", "ATR14", "ret_1d", "ret_5d", "vol_10d", "vol_ratio", "obv_trend", "spy_ret_1d", "vix_level", "vix_change", "vix_regime", "asset_class", "ret_1m", "ret_3m", "ret_6m", "ret_12m", "high52w_dist", "low52w_dist", "day_of_week", "month", "is_options_expiry", "btc_ret_1d", "gold_ret_1d", "corr_spy_20d", "vwap_dist"]}