{"center": [-0.00026666206778863454, 0.005990364615131652, 1.0, 50.677740666879615, 0.1216757301702529, 0.20326931778388155, -0.10710787281379441, 0.09962147789826294, 0.49685274189752376, 3.4532127380371094, 5.2617899011897507e-05, -0.0006713796857221732, 0.015598621583932161, 0.9483404421090034, 1.1103369350621408, 0.0013179056160940172, 17.479999542236328, -0.0067012664712571834, 1.0, 0.0, -0.0033226019763644143, 0.023542902573502333, 0.04784332273714165, 0.0, -0.08822277772037275, 0.16771729753897086, 2.0, 6.0, 0.0, -0.0017024351995931775, 0.001712988281543426, 0.5017620585365928, 0.0005270777298381347], "scale": [0.05229676837372407, 0.08622024750769058, 1.0, 21.47858103682581, 4.613588305779345, 4.0467069348897, 1.2079861679608765, 0.07515371864662071, 0.5077323836828656, 0.9988687999620778, 0.0195695774054033, 0.046987998741678416, 0.007094069042030585, 0.4424094020467426, 0.8369938557941223, 0.008975647824042338, 3.9700002670288086, 0.08159728215576023, 1.0, 1.0, 0.09471253005839553, 0.1294206225523142, 0.10425747503428046, 0.16175248807769715, 0.11178831136550908, 0.18295030414131153, 2.0, 7.0, 1.0, 0.02779784662969695, 0.016154750982381033, 0.256990085768052, 0.051480212467613286], "features": ["SMA20_dist", "SMA50_dist", "sma_cross", "RSI14", "MACD", "MACD_sig", "MACD_hist", "BB_width", "BB_pos", "ATR14", "ret_1d", "ret_5d", "vol_10d", "vol_ratio", "obv_trend", "spy_ret_1d", "vix_level", "vix_change", "vix_regime", "asset_class", "ret_1m", "ret_3m", "ret_6m", "ret_12m", "high52w_dist", "low52w_dist", "day_of_week", "month", "is_options_expiry", "btc_ret_1d", "gold_ret_1d", "corr_spy_20d", "vwap_dist"]}