{"center": [0.015274753924670646, 0.04780474752532576, 1.0, 55.69147257555869, 1.4791470649192604, 1.6043650673470975, 0.03965583662678984, 0.13638881320100454, 0.6486562659613178, 3.57768627435718, 0.0007551874748454868, 0.00769406845363152, 0.019998390979681813, 0.9220492073199417, 1.0269318384732224, 0.0005686124327104469, 17.610000610351562, -0.002998497855734139, 1.0, 0.0, 0.03728073181739244, 0.10779621281266527, 0.09467254848043538, 0.14816335915048073, -0.07541156841833038, 0.6523166422867387, 2.0, 6.0, 0.0, -0.002374738351372918, 0.000748780548875283, 0.7993853401257908, 0.015914449158596793], "scale": [0.07243393634477352, 0.13781788498166325, 1.0, 24.140952226256978, 4.910088832877612, 4.949809260587078, 1.1388282783388874, 0.10405339209716158, 0.5073117621214585, 1.147795870496985, 0.026006382567312136, 0.05872581555502593, 0.010386040005407254, 0.5455588979129204, 0.20920458669717612, 0.008850008512885477, 3.9900007247924805, 0.08155821773409189, 1.0, 1.0, 0.14720546425332215, 0.38333897314053533, 0.3281227521604517, 0.4482620463548336, 0.18341883664358744, 0.46684470862308436, 2.0, 7.0, 1.0, 0.028744404261994427, 0.014489095242341543, 0.18093853834957307, 0.06845821519251143], "features": ["SMA20_dist", "SMA50_dist", "sma_cross", "RSI14", "MACD", "MACD_sig", "MACD_hist", "BB_width", "BB_pos", "ATR14", "ret_1d", "ret_5d", "vol_10d", "vol_ratio", "obv_trend", "spy_ret_1d", "vix_level", "vix_change", "vix_regime", "asset_class", "ret_1m", "ret_3m", "ret_6m", "ret_12m", "high52w_dist", "low52w_dist", "day_of_week", "month", "is_options_expiry", "btc_ret_1d", "gold_ret_1d", "corr_spy_20d", "vwap_dist"]}