{"center": [0.011759067641849724, 0.03380811933793528, 1.0, 53.92824458383264, 0.5277758801912356, 0.48435705611274293, 0.004828772252445601, 0.12272259425619747, 0.6159726302482896, 1.5911567651249274, 0.0017096452861184996, 0.002052770803811388, 0.019480126335014215, 0.9040284395554976, 1.0204195582315014, 0.000984473178775147, 17.600000381469727, -0.006626930447881874, 1.0, 0.0, 0.036590967626117354, 0.08363722348247404, 0.10638144563760199, 0.17275954346859135, -0.08385110829972221, 0.35585566856316786, 2.0, 6.0, 0.0, -0.0003109860024155253, 0.0014210967336203417, 0.48302972141864503, 0.01240369579868213], "scale": [0.06085951521946994, 0.09701970824193415, 1.0, 23.822904879162742, 1.5593900411892498, 1.4449571648665969, 0.4889291931498577, 0.07781889046822739, 0.46208939462568593, 0.8232139442000612, 0.021212959093872163, 0.06610445245892521, 0.008799647531961264, 0.3969402444137129, 0.12305690059542229, 0.009083970111444795, 3.8249998092651367, 0.08094391966657455, 1.0, 1.0, 0.12098116045783686, 0.2192011968234211, 0.33044509759286034, 0.5363348202471996, 0.12421123240047577, 0.49392310362124286, 2.0, 7.0, 1.0, 0.0258731340793657, 0.01641007070187661, 0.29891852010510195, 0.061064244282077754], "features": ["SMA20_dist", "SMA50_dist", "sma_cross", "RSI14", "MACD", "MACD_sig", "MACD_hist", "BB_width", "BB_pos", "ATR14", "ret_1d", "ret_5d", "vol_10d", "vol_ratio", "obv_trend", "spy_ret_1d", "vix_level", "vix_change", "vix_regime", "asset_class", "ret_1m", "ret_3m", "ret_6m", "ret_12m", "high52w_dist", "low52w_dist", "day_of_week", "month", "is_options_expiry", "btc_ret_1d", "gold_ret_1d", "corr_spy_20d", "vwap_dist"]}