{"center": [0.01371103873609006, 0.03576939916207708, 1.0, 57.860798200471336, 0.42714100475408046, 0.43097239992994446, -0.008652016844344024, 0.06896176448805771, 0.7127326439190925, 0.5148565651647823, 0.0014483928352969633, 0.006600663414499053, 0.0102816261875632, 0.7545891897899595, 1.0322285137024605, 0.00055842655460836, 17.479999542236328, -0.007885968150674327, 1.0, 0.0, 0.031531074977765416, 0.10113446041419927, 0.16073365207540946, 0.3763805903353501, -0.017096302005443882, 0.4422280343493713, 2.0, 6.0, 0.0, -0.0002817528932477775, 0.0016024120815585352, 0.5787190909290852, 0.014487076669575393], "scale": [0.03299023700862577, 0.04759919671328333, 1.0, 19.077752963683125, 0.5788246143432492, 0.47475770107848614, 0.17576584495003306, 0.04747638906575054, 0.4090131511080959, 0.2535907226235862, 0.014661985940721128, 0.03099373000160005, 0.00479444695248183, 0.7085482401540519, 0.14005457537984123, 0.00919889911617941, 4.257500171661377, 0.08119133136477821, 1.0, 1.0, 0.06064622099692235, 0.12725957754381423, 0.22345368367638213, 0.4982197472482423, 0.03889661386026509, 0.4696331906059349, 2.0, 7.0, 1.0, 0.02536139131415366, 0.01475950858744493, 0.269029261739305, 0.03283095699328464], "features": ["SMA20_dist", "SMA50_dist", "sma_cross", "RSI14", "MACD", "MACD_sig", "MACD_hist", "BB_width", "BB_pos", "ATR14", "ret_1d", "ret_5d", "vol_10d", "vol_ratio", "obv_trend", "spy_ret_1d", "vix_level", "vix_change", "vix_regime", "asset_class", "ret_1m", "ret_3m", "ret_6m", "ret_12m", "high52w_dist", "low52w_dist", "day_of_week", "month", "is_options_expiry", "btc_ret_1d", "gold_ret_1d", "corr_spy_20d", "vwap_dist"]}