{"center": [0.0016324438564018502, 0.004015010602224233, 1.0, 57.06914299480935, 0.01979521155463715, 0.02141193381020746, 4.358168355210121e-05, 0.011159705042105736, 0.6602459416923081, 0.04337950549870178, 0.0, 0.0008810061526680624, 0.001623605006429827, 0.7245374373162718, 1.017349015465435, 0.00157043300066384, 17.600000381469727, -0.006586862594382348, 1.0, 0.0, 0.00361217128021063, 0.01068882001712157, 0.019174340051737904, 0.046942928404899664, -0.004085077852706053, 0.05577674819921926, 2.0, 6.0, 0.0, -0.0003109860024155253, 0.0017481999132260562, 0.1133355647573689, 0.0012659932398017804], "scale": [0.005429832919976852, 0.007952714467397582, 1.0, 21.52759828171255, 0.046142813667181315, 0.043059425646847574, 0.011934477030879447, 0.007803949607082555, 0.4595986183264888, 0.013188528869790925, 0.0025913648694585456, 0.004684256838426992, 0.0007660579196133225, 0.6021857066973788, 0.08069489013111453, 0.00970416996766199, 4.129999160766602, 0.08659772235133412, 1.0, 1.0, 0.010221250586591402, 0.01634543000371158, 0.021172767400738257, 0.06163354013532518, 0.00619368392974214, 0.030417071632691223, 2.0, 7.0, 1.0, 0.02863089223820159, 0.015596588086930763, 0.5013150297781693, 0.004993318303148411], "features": ["SMA20_dist", "SMA50_dist", "sma_cross", "RSI14", "MACD", "MACD_sig", "MACD_hist", "BB_width", "BB_pos", "ATR14", "ret_1d", "ret_5d", "vol_10d", "vol_ratio", "obv_trend", "spy_ret_1d", "vix_level", "vix_change", "vix_regime", "asset_class", "ret_1m", "ret_3m", "ret_6m", "ret_12m", "high52w_dist", "low52w_dist", "day_of_week", "month", "is_options_expiry", "btc_ret_1d", "gold_ret_1d", "corr_spy_20d", "vwap_dist"]}