{"center": [0.01844256141697352, 0.03478955866002846, 1.0, 54.67090133474101, 2.529700647312069, 2.544061451913882, 0.08917397064706645, 0.1821384634423211, 0.5930053285253418, 9.346172405798356, 0.0011262624314872793, 0.0052877561505139115, 0.022483142431854446, 0.9106967496649325, 1.0282246332745046, 0.001366866547732437, 17.479999542236328, -0.006134337694191971, 1.0, 0.0, 0.0449049844890258, 0.039268162600186174, 0.07535789703819917, 0.05534728915654208, -0.11808853672514573, 0.6570251522698591, 2.0, 6.0, 0.0, -0.0002701146200822513, 0.0005354645225811305, 0.5911752502145267, 0.01976532301222115], "scale": [0.103068276658869, 0.1694118719146142, 1.0, 26.776441804389712, 12.158935777228479, 11.50887161797895, 3.1254937166878034, 0.09505900769431472, 0.5545034787280958, 4.40888081351641, 0.02729857901498342, 0.08321727576067961, 0.013248047769248775, 0.44086552325147843, 0.26904329421849593, 0.008900559532271785, 4.132500171661377, 0.08118847180446354, 1.0, 1.0, 0.21258902384351425, 0.37916044957593664, 0.3566023566749507, 0.33006620017161414, 0.18084668173831248, 0.3856289242683655, 2.0, 7.0, 1.0, 0.02812101965242067, 0.014881349677089095, 0.3205134287839794, 0.10552262317797567], "features": ["SMA20_dist", "SMA50_dist", "sma_cross", "RSI14", "MACD", "MACD_sig", "MACD_hist", "BB_width", "BB_pos", "ATR14", "ret_1d", "ret_5d", "vol_10d", "vol_ratio", "obv_trend", "spy_ret_1d", "vix_level", "vix_change", "vix_regime", "asset_class", "ret_1m", "ret_3m", "ret_6m", "ret_12m", "high52w_dist", "low52w_dist", "day_of_week", "month", "is_options_expiry", "btc_ret_1d", "gold_ret_1d", "corr_spy_20d", "vwap_dist"]}