{"center": [0.007542423556921606, 0.011262772154004185, 1.0, 53.32620953459166, 0.5300893078883746, 0.4772946928444975, 0.01679973083195807, 0.1198240630749896, 0.570090864996, 3.019109147657583, 0.0015387861398210578, 0.00450616795012837, 0.015883112239403245, 0.9237262034578342, 1.0562367341147167, 0.0004086797783009466, 17.479999542236328, -0.0046113733261696765, 1.0, 0.0, 0.01040887619044284, 0.025422207379916184, 0.0, 0.0, -0.09937292845186127, 0.25111543583197754, 2.0, 6.0, 0.0, -0.0008217291810309613, 0.0016294519610446923, 0.276864567310727, 0.006422513425615406], "scale": [0.060409683942854134, 0.0701093272172103, 1.0, 26.159580965762274, 2.5733453151205197, 2.321990269067297, 1.2115293017279025, 0.060045734433599854, 0.5157302059008512, 0.9125048177240176, 0.02080780581707098, 0.05677068198681279, 0.004625630125690743, 0.43000220829782665, 0.6012871553612, 0.008579588322070952, 4.359999656677246, 0.07831396415795266, 1.0, 1.0, 0.11620818491933482, 0.12333739640359553, 0.14784599648717622, 0.029691879639514696, 0.06038337686036015, 0.22860881108769288, 2.0, 7.0, 1.0, 0.02818814873613651, 0.016031928331943, 0.6590133470972088, 0.06141462207634934], "features": ["SMA20_dist", "SMA50_dist", "sma_cross", "RSI14", "MACD", "MACD_sig", "MACD_hist", "BB_width", "BB_pos", "ATR14", "ret_1d", "ret_5d", "vol_10d", "vol_ratio", "obv_trend", "spy_ret_1d", "vix_level", "vix_change", "vix_regime", "asset_class", "ret_1m", "ret_3m", "ret_6m", "ret_12m", "high52w_dist", "low52w_dist", "day_of_week", "month", "is_options_expiry", "btc_ret_1d", "gold_ret_1d", "corr_spy_20d", "vwap_dist"]}