{"center": [0.01196734689253491, 0.03382745371276571, 1.0, 53.56058378858485, 0.38784714926631025, 0.34881457219061135, 0.005701864078648644, 0.12095676874602883, 0.5914470640269125, 1.0041090909908728, 0.0014731079732608343, 0.0037365074896230643, 0.01992731800463292, 0.8516160077756612, 1.0523754169348212, 0.0005305488871487629, 17.55500030517578, -0.0048289091912665505, 1.0, 0.0, 0.02692721199115433, 0.07034559958832187, 0.0571891438612252, 0.014001166902222972, -0.09292613010025051, 0.4731779639588136, 2.0, 6.0, 0.0, -0.0011698293944815696, 0.0009256230818284195, 0.7029697622845, 0.012694597220604844], "scale": [0.06239175808718807, 0.10665754545586767, 1.0, 20.28149375439982, 1.1471852869632428, 1.097279958822774, 0.2943083831520329, 0.06891228338167427, 0.4907274790890869, 0.7650020135933261, 0.029767153765982157, 0.057582307741925715, 0.007490977865229103, 0.5154468697573754, 0.22688098739284313, 0.009009416066042941, 4.3550004959106445, 0.08252956119118215, 1.0, 1.0, 0.12121165785675236, 0.21266023606882412, 0.36747459029350593, 0.404828332974833, 0.11924338649120941, 0.8025434854836992, 2.0, 7.0, 1.0, 0.02559463639195822, 0.014582197144559772, 0.26995311558090096, 0.061191443530353], "features": ["SMA20_dist", "SMA50_dist", "sma_cross", "RSI14", "MACD", "MACD_sig", "MACD_hist", "BB_width", "BB_pos", "ATR14", "ret_1d", "ret_5d", "vol_10d", "vol_ratio", "obv_trend", "spy_ret_1d", "vix_level", "vix_change", "vix_regime", "asset_class", "ret_1m", "ret_3m", "ret_6m", "ret_12m", "high52w_dist", "low52w_dist", "day_of_week", "month", "is_options_expiry", "btc_ret_1d", "gold_ret_1d", "corr_spy_20d", "vwap_dist"]}