{"center": [0.002848630112371353, 0.012206514752555705, 1.0, 50.777989417863935, 0.24666311557205844, 0.25838596684416715, -0.009054251645350968, 0.076041621667825, 0.5522139599889259, 0.7709549823106401, 0.0, 0.002023569786822499, 0.012256009302820642, 0.7232349633040854, 1.0741928566950896, 0.0013668916477928006, 17.3799991607666, -0.00615351204657788, 1.0, 0.0, 0.010405596531698369, 0.03850596831803543, 0.08281749470668098, 0.0, -0.09250859577290227, 0.3100500453664115, 2.0, 6.0, 0.0, -0.0011541041169297328, 0.0019739858527916265, 0.3634061553960335, 0.00139531308820951], "scale": [0.04346086662548635, 0.07790449963088622, 1.0, 26.786687995236925, 1.2654381110047943, 1.1562430495797964, 0.33343529187630827, 0.05535101409731019, 0.5419577220386633, 0.3621589357745505, 0.015653213013794437, 0.039329227259786076, 0.0061162653589872246, 0.8801023370612293, 0.49038874890492523, 0.009370346494913112, 3.897500514984131, 0.07974658996801753, 1.0, 1.0, 0.0835289612199625, 0.13031243437684778, 0.17075807135985316, 0.11158677074137252, 0.12692166259290427, 0.27456919795564805, 2.0, 7.0, 1.0, 0.026601290182797582, 0.015632559844525273, 0.3814525334622595, 0.040393928853129535], "features": ["SMA20_dist", "SMA50_dist", "sma_cross", "RSI14", "MACD", "MACD_sig", "MACD_hist", "BB_width", "BB_pos", "ATR14", "ret_1d", "ret_5d", "vol_10d", "vol_ratio", "obv_trend", "spy_ret_1d", "vix_level", "vix_change", "vix_regime", "asset_class", "ret_1m", "ret_3m", "ret_6m", "ret_12m", "high52w_dist", "low52w_dist", "day_of_week", "month", "is_options_expiry", "btc_ret_1d", "gold_ret_1d", "corr_spy_20d", "vwap_dist"]}