{"center": [0.00719059871451635, 0.013869267755286544, 1.0, 54.811558999780054, 0.7256888533244279, 0.6916490736922842, -0.003616139779513916, 0.07224572420423567, 0.60887176646866, 1.8613511668317377, -0.0003035849418183134, 0.0013242889589231144, 0.010108192875634294, 0.6594635140339167, 1.0075808889298274, 0.0007458404906505178, 17.3799991607666, -0.006173545973327643, 1.0, 0.0, 0.013920566695900582, 0.0334370217228781, 0.07746605258152839, 0.0, -0.046046546889256454, 0.24950219924265954, 2.0, 6.0, 0.0, -0.0008240985185906102, 0.001865606425999089, 0.6434049976153842, 0.007053343681238752], "scale": [0.03785151521847639, 0.051784095009180665, 1.0, 21.399897169962806, 2.176103486381841, 2.0131675516940377, 0.6803991373111842, 0.041644878450254455, 0.5209284940807644, 1.1296562213050827, 0.014196585988317523, 0.035873460754186626, 0.004784014606951784, 0.7486271199240647, 0.5955103601873477, 0.009240831779939035, 3.4149999618530273, 0.08003396598417167, 1.0, 1.0, 0.07426526588359439, 0.09577296265515159, 0.16486666184458482, 0.26527334391693297, 0.07028229677730866, 0.25745410884759545, 2.0, 7.0, 1.0, 0.02745398182029085, 0.015430448940047359, 0.23325672261644015, 0.037906094652467255], "features": ["SMA20_dist", "SMA50_dist", "sma_cross", "RSI14", "MACD", "MACD_sig", "MACD_hist", "BB_width", "BB_pos", "ATR14", "ret_1d", "ret_5d", "vol_10d", "vol_ratio", "obv_trend", "spy_ret_1d", "vix_level", "vix_change", "vix_regime", "asset_class", "ret_1m", "ret_3m", "ret_6m", "ret_12m", "high52w_dist", "low52w_dist", "day_of_week", "month", "is_options_expiry", "btc_ret_1d", "gold_ret_1d", "corr_spy_20d", "vwap_dist"]}