{"center": [0.021324142476477174, 0.05756104587200179, 1.0, 57.79725431021299, 0.6838739964176526, 0.6605132001426259, -0.0014690848312568505, 0.1161401581454942, 0.7074955600753805, 1.1160910488378946, 0.0025550194109513757, 0.009393992019339992, 0.017332578982119422, 0.9823362402423765, 1.063931863452758, 0.0011517326256851312, 17.440000534057617, -0.007869662158076385, 1.0, 0.0, 0.045353181535805254, 0.13996919778445194, 0.1962957410192172, 0.4732855300955112, -0.03340380682346165, 0.7961741370609585, 2.0, 6.0, 0.0, -0.0016352711961346023, 0.0010471549570203464, 0.8039224205005141, 0.02097705606508933], "scale": [0.0600336526127508, 0.10628695438443461, 1.0, 22.45143070951987, 1.3530867015342594, 1.29294890630909, 0.33935031195703913, 0.10060199613510713, 0.42056624523000946, 1.0182147662592902, 0.022293034483020557, 0.053592462430437804, 0.010724952747488274, 0.5939077366323743, 0.27333584981404724, 0.008732541649710601, 3.489999771118164, 0.07360143874052583, 1.0, 1.0, 0.10502355707680322, 0.2750861657174972, 0.34445156154007295, 0.6975070452502072, 0.07120864392951826, 0.799149848951973, 2.0, 7.0, 1.0, 0.02741178850439585, 0.015056219637496149, 0.0925169712837387, 0.05448421436065621], "features": ["SMA20_dist", "SMA50_dist", "sma_cross", "RSI14", "MACD", "MACD_sig", "MACD_hist", "BB_width", "BB_pos", "ATR14", "ret_1d", "ret_5d", "vol_10d", "vol_ratio", "obv_trend", "spy_ret_1d", "vix_level", "vix_change", "vix_regime", "asset_class", "ret_1m", "ret_3m", "ret_6m", "ret_12m", "high52w_dist", "low52w_dist", "day_of_week", "month", "is_options_expiry", "btc_ret_1d", "gold_ret_1d", "corr_spy_20d", "vwap_dist"]}