{"center": [0.004033917731780827, 0.009983365630365539, 1.0, 53.29956163669011, 0.05764705247836943, 0.05520792303790782, 0.008626507272690764, 0.04986193252221816, 0.6192959405112916, 0.25646521230879643, 0.0007730381997743674, 0.0015784892966153041, 0.007088584733401734, 0.8952726258541347, 1.006406744214438, 0.0007310498015529188, 17.389999389648438, -0.007869662158076385, 1.0, 0.0, 0.008573628786544107, 0.019786308277250253, 0.01764927936326699, 0.0, -0.048587610802663106, 0.13109774369512645, 2.0, 6.0, 0.0, 0.0007548627203146641, 0.0019404068737312041, 0.16305339621946757, 0.00410961268228897], "scale": [0.022368585333415382, 0.043864645488652786, 1.0, 23.423787451302267, 0.3138308297357639, 0.31926632581495284, 0.0849465219875149, 0.03330204069066493, 0.506899432033695, 0.06413844209570208, 0.00992012188229352, 0.02061215670379768, 0.0029626269949050484, 0.5234755523228347, 0.35300589082984746, 0.008782531180754116, 3.8299989700317383, 0.07855099679107058, 1.0, 1.0, 0.04870044424717046, 0.07299203885296235, 0.0610809641842176, 0.06631466437415612, 0.0521752348479502, 0.09007429506885195, 2.0, 7.0, 1.0, 0.027068621761727973, 0.015064723700103144, 0.36208436119650417, 0.02052481344644789], "features": ["SMA20_dist", "SMA50_dist", "sma_cross", "RSI14", "MACD", "MACD_sig", "MACD_hist", "BB_width", "BB_pos", "ATR14", "ret_1d", "ret_5d", "vol_10d", "vol_ratio", "obv_trend", "spy_ret_1d", "vix_level", "vix_change", "vix_regime", "asset_class", "ret_1m", "ret_3m", "ret_6m", "ret_12m", "high52w_dist", "low52w_dist", "day_of_week", "month", "is_options_expiry", "btc_ret_1d", "gold_ret_1d", "corr_spy_20d", "vwap_dist"]}