{"center": [0.009133415257997914, 0.021970521057529398, 1.0, 56.80143388930833, 0.21375819579776234, 0.22808354220615476, 0.009496398879851063, 0.06093259830249238, 0.6545535074374578, 0.39035647256033756, 0.0010854095474165382, 0.00784439519276936, 0.00945593860265053, 0.7488013794183574, 1.0178608432107974, 0.0009686212755767309, 17.270000457763672, -0.005438782390179864, 1.0, 0.0, 0.022579912166715954, 0.05189560655178915, 0.08984819531524324, 0.10583820685576872, -0.029847749235445156, 0.17348661527597278, 2.0, 6.0, 0.0, -0.0008240985185906102, 0.001674234105256911, 0.08547195018962277, 0.008891369953260968], "scale": [0.02651808548961331, 0.04765468329618242, 0.25, 20.81832988856403, 0.48536293686102994, 0.4745999935620715, 0.14181710883339496, 0.04939052022695042, 0.4337467155944066, 0.2717864172799247, 0.012345389701613946, 0.03254180104165261, 0.004458025830185465, 0.7823034212958968, 0.17601997535979896, 0.00854875734573024, 3.7124998569488525, 0.0770295272342637, 1.0, 1.0, 0.05424099511127903, 0.10298324701576916, 0.16324080745716657, 0.20918297994715762, 0.03783902634591378, 0.1491973632702691, 2.0, 7.0, 1.0, 0.026002819870607846, 0.01606069266517174, 0.5427420925725123, 0.026245414743004382], "features": ["SMA20_dist", "SMA50_dist", "sma_cross", "RSI14", "MACD", "MACD_sig", "MACD_hist", "BB_width", "BB_pos", "ATR14", "ret_1d", "ret_5d", "vol_10d", "vol_ratio", "obv_trend", "spy_ret_1d", "vix_level", "vix_change", "vix_regime", "asset_class", "ret_1m", "ret_3m", "ret_6m", "ret_12m", "high52w_dist", "low52w_dist", "day_of_week", "month", "is_options_expiry", "btc_ret_1d", "gold_ret_1d", "corr_spy_20d", "vwap_dist"]}