{"center": [0.01991449006970703, 0.04093500501390246, 1.0, 55.260213704086766, 1.5377402252613308, 1.323962640238852, 0.0567815222132948, 0.20169172901647148, 0.6181186621997057, 5.557428632463727, 0.00037762812657260447, 0.007726729810641819, 0.030748537455591023, 0.9034319752489576, 1.0163509502177224, 0.0007044991031190939, 17.3799991607666, -0.006586862594382348, 1.0, 0.0, 0.03214829880948944, 0.07844039365997202, 0.0499157322718391, 0.012030063542673552, -0.12183675899593908, 0.9821824017679477, 2.0, 6.0, 0.0, -0.0003109860024155253, 0.0007275678386380324, 0.6638975371701841, 0.020495489030353885], "scale": [0.08722248377757516, 0.15042110539478387, 1.0, 24.291994122207797, 4.471831935984341, 4.739537149178668, 1.652986250487035, 0.13989203453515298, 0.44625338135816783, 2.2492858341761988, 0.03430074380173359, 0.08247080427118114, 0.01405578333810216, 0.49996473982035505, 0.126322074079947, 0.008631796586126395, 3.5450000762939453, 0.0776942216085913, 1.0, 1.0, 0.1762740701460584, 0.43736232871535125, 0.48306020121130056, 0.5228644938477308, 0.2300369292327641, 0.5592941697114805, 2.0, 7.0, 1.0, 0.02756562616453767, 0.014859981147038737, 0.3066962209514099, 0.08904298123695188], "features": ["SMA20_dist", "SMA50_dist", "sma_cross", "RSI14", "MACD", "MACD_sig", "MACD_hist", "BB_width", "BB_pos", "ATR14", "ret_1d", "ret_5d", "vol_10d", "vol_ratio", "obv_trend", "spy_ret_1d", "vix_level", "vix_change", "vix_regime", "asset_class", "ret_1m", "ret_3m", "ret_6m", "ret_12m", "high52w_dist", "low52w_dist", "day_of_week", "month", "is_options_expiry", "btc_ret_1d", "gold_ret_1d", "corr_spy_20d", "vwap_dist"]}