{"center": [0.004769709728227449, 0.016024622910098495, 1.0, 50.717671532993876, 1.7911598943803142, 1.7553841450153747, -0.33004676637818187, 0.09159860460777361, 0.5573696118057847, 11.228590686127582, 0.000504887212557481, 0.0035912625359101336, 0.01550083196259758, 0.9468541090386078, 0.8626881355319104, 0.0008308329058444031, 17.3799991607666, -0.0029360086450138656, 1.0, 0.0, 0.010372245216106246, 0.07750253876046886, 0.12761074092923852, 0.07279610191311359, -0.06468959994943906, 0.32400647732656224, 2.0, 6.0, 0.0, -0.0002701146200822513, 0.001788531730296361, 0.3016263173596677, 0.005756558840173697], "scale": [0.0457871784566938, 0.07467896860585414, 1.0, 20.295305620685994, 9.22992879028618, 8.300621486533853, 3.1178103139385596, 0.08333294030549449, 0.4615031785061304, 5.411989701363671, 0.020801844834722305, 0.04622468393383439, 0.010093768435539297, 0.3716844690617447, 0.8992297004367371, 0.008846427619276287, 3.8649988174438477, 0.08165876668249372, 1.0, 1.0, 0.09500807075248499, 0.14644163789828651, 0.22267754418723573, 0.22508452062900886, 0.08048364100806213, 0.189648928512194, 2.0, 7.0, 1.0, 0.030514774532980016, 0.013842585648397937, 0.29153311178043084, 0.04635028196613469], "features": ["SMA20_dist", "SMA50_dist", "sma_cross", "RSI14", "MACD", "MACD_sig", "MACD_hist", "BB_width", "BB_pos", "ATR14", "ret_1d", "ret_5d", "vol_10d", "vol_ratio", "obv_trend", "spy_ret_1d", "vix_level", "vix_change", "vix_regime", "asset_class", "ret_1m", "ret_3m", "ret_6m", "ret_12m", "high52w_dist", "low52w_dist", "day_of_week", "month", "is_options_expiry", "btc_ret_1d", "gold_ret_1d", "corr_spy_20d", "vwap_dist"]}