{"center": [0.00907966015344758, 0.029339661878982647, 1.0, 55.8389366272327, 0.5810290084023322, 0.5735951060512628, 0.01461448618857153, 0.09142656831549383, 0.6175026476817748, 1.2080721173967635, 0.0009065206602409948, 0.007608842720535192, 0.013190786164054826, 0.7194244604316546, 1.028641671788568, 0.0014610113619921705, 17.399999618530273, -0.006733946910202238, 1.0, 0.0, 0.022273856737597075, 0.040378195384580096, 0.07724024523096529, 0.10252547148230184, -0.05384191602461781, 0.29971422604386594, 2.0, 6.0, 0.0, -0.00022924323774897726, 0.0011289903434381632, 0.7562998289112877, 0.008562590839028513], "scale": [0.05059083183317003, 0.08758015069165904, 1.0, 27.254029071099936, 2.0661365927256554, 1.9782627790210836, 0.457668246167356, 0.050926815106630954, 0.5470552471444069, 0.45290328779729694, 0.016165173192098703, 0.03969939209791595, 0.0067546925395352096, 0.7312887278024099, 0.09709504689466097, 0.008994920850650623, 3.760000228881836, 0.07645542490055279, 1.0, 1.0, 0.09347723561545462, 0.16139958959053974, 0.19999681038736938, 0.36996394498547047, 0.1106059844280938, 0.36380249463598485, 2.0, 7.0, 1.0, 0.027786020991754035, 0.014908650821769731, 0.1800257466371058, 0.05153661786783822], "features": ["SMA20_dist", "SMA50_dist", "sma_cross", "RSI14", "MACD", "MACD_sig", "MACD_hist", "BB_width", "BB_pos", "ATR14", "ret_1d", "ret_5d", "vol_10d", "vol_ratio", "obv_trend", "spy_ret_1d", "vix_level", "vix_change", "vix_regime", "asset_class", "ret_1m", "ret_3m", "ret_6m", "ret_12m", "high52w_dist", "low52w_dist", "day_of_week", "month", "is_options_expiry", "btc_ret_1d", "gold_ret_1d", "corr_spy_20d", "vwap_dist"]}