{"center": [-0.003026849699055107, -0.013086352087025405, 0.0, 48.5714327234785, -0.0961452842292303, -0.113440818456902, 0.01447572711442835, 0.07570919700653381, 0.4531956702155781, 0.4214288166591099, -0.0009662056534548435, 0.0, 0.012315998604463764, 0.9364683744883138, 1.0252845336833663, 0.0005050065539069504, 17.360000610351562, -0.006733946910202238, 1.0, 0.0, -0.009596929263795628, -0.01624122907249037, -0.020920502425963994, 0.0, -0.1384335533257836, 0.04228329877927266, 2.0, 6.0, 0.0, -0.0003342625487465778, 0.0011289903434381632, -0.024411116548860932, -0.004140471770600123], "scale": [0.0370258469020099, 0.06018976916204521, 1.0, 20.58272015614783, 0.416993019832649, 0.3799612579774545, 0.10407147000329775, 0.03839214988086655, 0.4701939779741042, 0.17857183728899273, 0.017478502930073025, 0.03619172291357009, 0.005713828869172412, 0.4994022450617225, 0.35538052796564534, 0.009379092657046395, 3.789999008178711, 0.081678057338478, 1.0, 1.0, 0.07300810376507305, 0.08222602833239534, 0.13194081331049623, 0.14042549944938498, 0.11657561653913719, 0.09473472511905147, 2.0, 7.0, 1.0, 0.029840854538442874, 0.015793514540509812, 0.48666698315515977, 0.034711376644416314], "features": ["SMA20_dist", "SMA50_dist", "sma_cross", "RSI14", "MACD", "MACD_sig", "MACD_hist", "BB_width", "BB_pos", "ATR14", "ret_1d", "ret_5d", "vol_10d", "vol_ratio", "obv_trend", "spy_ret_1d", "vix_level", "vix_change", "vix_regime", "asset_class", "ret_1m", "ret_3m", "ret_6m", "ret_12m", "high52w_dist", "low52w_dist", "day_of_week", "month", "is_options_expiry", "btc_ret_1d", "gold_ret_1d", "corr_spy_20d", "vwap_dist"]}