{"center": [0.0017498992756608603, 0.004126883583087293, 1.0, 57.143407715728216, 0.02389949315637452, 0.025632844813051954, -0.00022127974438311722, 0.011926636384109469, 0.6666701097728738, 0.04444515948993783, 0.0, 0.0008401358061307374, 0.0016574961429264724, 0.7245374373162718, 1.0162657423784924, 0.0007606438304508245, 17.790000915527344, -0.006658632403358511, 1.0, 0.0, 0.004470326085939336, 0.0108432086297503, 0.01820252575229997, 0.04470143316570874, -0.004170954952505086, 0.05712095961097287, 2.0, 6.0, 0.0, -0.00022924323774897726, 0.0016294519610446923, 0.09787032288392722, 0.0014098385246291555], "scale": [0.0057161020595346, 0.008445250772616429, 1.0, 22.261382665075317, 0.04496424973840618, 0.043401899547699976, 0.012851030368798906, 0.007219495690038194, 0.4699162091775234, 0.012679922333498288, 0.002605657286137597, 0.004793023075650715, 0.0007365179307429208, 0.5580684858546989, 0.09148218741301917, 0.00930542668269796, 4.545000076293945, 0.08477686641844384, 1.0, 1.0, 0.010450305672156657, 0.016389319139208713, 0.02091125826527407, 0.06117870703750061, 0.006712059194206742, 0.02940045123485302, 2.0, 7.0, 1.0, 0.028783134495065532, 0.016071341501794678, 0.4811994909992625, 0.005283336890287236], "features": ["SMA20_dist", "SMA50_dist", "sma_cross", "RSI14", "MACD", "MACD_sig", "MACD_hist", "BB_width", "BB_pos", "ATR14", "ret_1d", "ret_5d", "vol_10d", "vol_ratio", "obv_trend", "spy_ret_1d", "vix_level", "vix_change", "vix_regime", "asset_class", "ret_1m", "ret_3m", "ret_6m", "ret_12m", "high52w_dist", "low52w_dist", "day_of_week", "month", "is_options_expiry", "btc_ret_1d", "gold_ret_1d", "corr_spy_20d", "vwap_dist"]}