{"center": [0.007704894967729815, 0.01931557333303508, 1.0, 57.765522089486055, 0.7697865965452877, 0.74462398314536, 0.02511862438501264, 0.04449177885730062, 0.6920773972640726, 1.3042875017438615, 0.00045244171868963345, 0.003820643910790844, 0.007008757938743902, 0.9108208044513171, 1.046199941343275, 0.0015605004997024663, 17.479999542236328, -0.008334578568971518, 1.0, 1.0], "scale": [0.020680140234469742, 0.027096211718246596, 1.0, 24.823026805562904, 0.9717755425992003, 0.8771331526363901, 0.38374123434777774, 0.035709927373750346, 0.4011946907397073, 0.5328561237880163, 0.00799005965329641, 0.020136282944891865, 0.004223488597401253, 0.4834748749084278, 0.15302247534606295, 0.009216096308034383, 4.032500267028809, 0.08793143534432121, 1.0, 1.0], "features": ["SMA20_dist", "SMA50_dist", "sma_cross", "RSI14", "MACD", "MACD_sig", "MACD_hist", "BB_width", "BB_pos", "ATR14", "ret_1d", "ret_5d", "vol_10d", "vol_ratio", "obv_trend", "spy_ret_1d", "vix_level", "vix_change", "vix_regime", "asset_class"]}