{"center": [-0.007951750263094816, -0.015160594435275078, 0.0, 46.508965941457284, -2.005449629567579, -3.18243298909416, 0.3702273512163856, 0.11608725942419165, 0.4178781959911534, 20.417790733847717, -0.0013979891447261084, -0.0021371432927467238, 0.018386694825092448, 0.9587049884373967, 1.0155500465199279, 0.000560282661534961, 17.360000610351562, -0.005025144893802347, 1.0, 0.0, -0.01908460475999696, -0.053549168391986424, -0.07380255927661428, 0.0, -0.3762729960662299, 0.1564164493262293, 2.0, 6.0, 0.0, -0.0008264678561502592, 0.0008040912066364925, 0.3011134351510296, -0.0054601117209311665], "scale": [0.05768388914190513, 0.10720237548666509, 1.0, 23.45116938514493, 21.850411838153605, 21.960970016936603, 6.032057737970099, 0.08718889343714854, 0.5072369128870698, 5.360083714786725, 0.022932881586699927, 0.05708462666204894, 0.010463567603410696, 0.36591154959686123, 0.1990164417058109, 0.009123343329572153, 3.744999885559082, 0.08003885081899575, 1.0, 1.0, 0.11213722022959544, 0.25461408206800384, 0.48595502004510993, 0.06681087370820948, 0.3886873838678707, 0.43048574987546484, 2.0, 7.0, 1.0, 0.026557856831429583, 0.015124037778534216, 0.3723391305463382, 0.05829784264537499], "features": ["SMA20_dist", "SMA50_dist", "sma_cross", "RSI14", "MACD", "MACD_sig", "MACD_hist", "BB_width", "BB_pos", "ATR14", "ret_1d", "ret_5d", "vol_10d", "vol_ratio", "obv_trend", "spy_ret_1d", "vix_level", "vix_change", "vix_regime", "asset_class", "ret_1m", "ret_3m", "ret_6m", "ret_12m", "high52w_dist", "low52w_dist", "day_of_week", "month", "is_options_expiry", "btc_ret_1d", "gold_ret_1d", "corr_spy_20d", "vwap_dist"]}