{"center": [0.017341747402519554, 0.06742193326365652, 1.0, 53.917829360672066, 1.094629508509982, 1.254171456516652, 0.13073863933677377, 0.24403349243636133, 0.579418540731426, 3.6616428920200894, 0.0002251719190178303, 0.010876840993677472, 0.0378515641282761, 0.8645047551249148, 1.0106826556767505, 0.00155047779484363, 17.479999542236328, -0.006586862594382348, 1.0, 0.0, 0.04398599824148541, 0.10457624129637755, 0.05308038140176441, 0.0, -0.20986115379321527, 1.0469930155293925, 2.0, 6.0, 0.0, 0.001045771070669721, 0.0019404068737312041, 0.5593902551393848, 0.014951427675160079], "scale": [0.14388884351314207, 0.2604560331859729, 1.0, 22.426872206281573, 4.267663701185413, 4.098752482869127, 1.1828961855066105, 0.18180984105644346, 0.5362390595744934, 1.1634289877755304, 0.052689526822555344, 0.12160379954371026, 0.015259269286293668, 0.4646730130822918, 0.16102751343469746, 0.009125832176363091, 3.9200000762939453, 0.08400180771184906, 1.0, 1.0, 0.2595775564405426, 0.6441703200650615, 0.32613651634031526, 0.3701521206448055, 0.19821564534909727, 0.77731596783007, 2.0, 7.0, 1.0, 0.03021318196127909, 0.014890366435195368, 0.35977909615693837, 0.138652994097119], "features": ["SMA20_dist", "SMA50_dist", "sma_cross", "RSI14", "MACD", "MACD_sig", "MACD_hist", "BB_width", "BB_pos", "ATR14", "ret_1d", "ret_5d", "vol_10d", "vol_ratio", "obv_trend", "spy_ret_1d", "vix_level", "vix_change", "vix_regime", "asset_class", "ret_1m", "ret_3m", "ret_6m", "ret_12m", "high52w_dist", "low52w_dist", "day_of_week", "month", "is_options_expiry", "btc_ret_1d", "gold_ret_1d", "corr_spy_20d", "vwap_dist"]}