{"center": [0.0013889267571899583, 0.0026440066027452855, 1.0, 54.20983405082388, 0.04113251336406165, 0.04156905389361137, -0.0012047172382302074, 0.013012527052412898, 0.6212176117757741, 0.12516011986781703, 0.00020298075740798893, 0.0004009723500244533, 0.001985630454089752, 0.9182430211603632, 1.0414995801639595, 0.0013759502770052112, 17.440000534057617, -0.010143202504316884, 1.0, 0.0, 0.0027974632169160962, 0.006390372139934319, 0.012551728736174272, 0.02030921141141917, -0.005639858293155263, 0.04285608292379367, 2.0, 6.0, 0.0, -9.567341618454961e-05, 0.0014210967336203417, 0.1596608163277957, 0.0015071098214090078], "scale": [0.006324379405161687, 0.007398290512155892, 1.0, 22.51525064974046, 0.09890843920952364, 0.08988549265463731, 0.043030380428442226, 0.008859024014250849, 0.5030043452210838, 0.05609629933990386, 0.0026371264113400628, 0.0059451024911002515, 0.001055366250981757, 0.2895357690257613, 0.21436028799109963, 0.00942411240353802, 4.010000228881836, 0.08333672550665094, 1.0, 1.0, 0.011045704046868443, 0.013379545916766489, 0.02055020711825839, 0.034641573320154606, 0.009365259345733545, 0.012689384490941744, 2.0, 7.0, 1.0, 0.027034397056911574, 0.01546550890721421, 0.5827266665000281, 0.006341528051998486], "features": ["SMA20_dist", "SMA50_dist", "sma_cross", "RSI14", "MACD", "MACD_sig", "MACD_hist", "BB_width", "BB_pos", "ATR14", "ret_1d", "ret_5d", "vol_10d", "vol_ratio", "obv_trend", "spy_ret_1d", "vix_level", "vix_change", "vix_regime", "asset_class", "ret_1m", "ret_3m", "ret_6m", "ret_12m", "high52w_dist", "low52w_dist", "day_of_week", "month", "is_options_expiry", "btc_ret_1d", "gold_ret_1d", "corr_spy_20d", "vwap_dist"]}