{"center": [0.004241842471794507, 0.005449459097017113, 1.0, 50.80938480179259, 0.4717747575939484, 0.5704100614879661, 0.1026097729188864, 0.14690327520873286, 0.5429444227109383, 5.006770415497824, 0.00017100247060519713, 0.003572265651368811, 0.019292511637214772, 0.9269382356037834, 1.10365613290989, 0.0010233526543910187, 17.55500030517578, -0.00615351204657788, 1.0, 0.0, 0.010127525070622423, 0.011103417457366649, 0.0, 0.0, -0.12172590674613495, 0.2555271893113066, 2.0, 6.0, 0.0, 0.0003098700789467834, 0.001975542711414646, 0.5523220021464588, 0.004957500315861795], "scale": [0.08026939235663248, 0.1356430920321668, 1.0, 30.461705391466218, 7.40681638772994, 7.191662878806444, 1.729922445738098, 0.09467567297588728, 0.5753014511953038, 1.4571996556456748, 0.023560363133160706, 0.05892159837463312, 0.010879063215970618, 0.38324313937943, 0.9886539855026729, 0.008446067018561376, 3.9750003814697266, 0.0771398895091876, 1.0, 1.0, 0.1601593571595153, 0.20634529553499156, 0.1498563058563366, 0.08317163903414049, 0.11491822898512662, 0.28604422520794454, 2.0, 7.0, 1.0, 0.026994650102484863, 0.015390875407988946, 0.3999660242234324, 0.08073236335662531], "features": ["SMA20_dist", "SMA50_dist", "sma_cross", "RSI14", "MACD", "MACD_sig", "MACD_hist", "BB_width", "BB_pos", "ATR14", "ret_1d", "ret_5d", "vol_10d", "vol_ratio", "obv_trend", "spy_ret_1d", "vix_level", "vix_change", "vix_regime", "asset_class", "ret_1m", "ret_3m", "ret_6m", "ret_12m", "high52w_dist", "low52w_dist", "day_of_week", "month", "is_options_expiry", "btc_ret_1d", "gold_ret_1d", "corr_spy_20d", "vwap_dist"]}