{"center": [0.011855126630020935, 0.015522496556948444, 1.0, 55.28126570803646, 0.6961209920553131, 0.754672113343256, 0.16496207272287766, 0.11278373357361822, 0.6208344767708657, 3.502142769949777, 0.0011087662465838477, 0.009523200407428156, 0.01658184173074083, 0.9042086929893395, 1.0201895370293692, 0.001093923806363195, 17.479999542236328, -0.005681812794001595, 1.0, 0.0, 0.019426151453808105, 0.03280978409459778, 0.0, 0.0, -0.14258177565511904, 0.36552584141208183, 2.0, 6.0, 0.0, -0.001682150134457161, 0.0014259144001700363, 0.39531940636068075, 0.012243695436287545], "scale": [0.056468669674013316, 0.11287050730663531, 1.0, 23.794483388594763, 3.974275347970554, 4.067217437946784, 1.0051668798912963, 0.06128058181040466, 0.5135183146862599, 1.293927601405552, 0.02079507968878319, 0.054540331869547265, 0.009796729668010807, 0.35801565428335813, 0.24128979787328086, 0.008992733002619047, 4.34999942779541, 0.08456106842863387, 1.0, 1.0, 0.10779660675463149, 0.23640744469099245, 0.20792478910580864, 0.1904332712537894, 0.13976604914112106, 0.4282771689452913, 2.0, 7.0, 1.0, 0.03010758223205795, 0.016515546712982332, 0.35373950703976065, 0.05711742577801676], "features": ["SMA20_dist", "SMA50_dist", "sma_cross", "RSI14", "MACD", "MACD_sig", "MACD_hist", "BB_width", "BB_pos", "ATR14", "ret_1d", "ret_5d", "vol_10d", "vol_ratio", "obv_trend", "spy_ret_1d", "vix_level", "vix_change", "vix_regime", "asset_class", "ret_1m", "ret_3m", "ret_6m", "ret_12m", "high52w_dist", "low52w_dist", "day_of_week", "month", "is_options_expiry", "btc_ret_1d", "gold_ret_1d", "corr_spy_20d", "vwap_dist"]}