{"center": [0.013345265385212263, 0.03302223831999143, 1.0, 56.92379114740102, 0.625718613167983, 0.6112842015708663, 0.05423289068718273, 0.10302345678174371, 0.6429673959168016, 1.2312297280453495, 0.0009107359959783512, 0.006945043791988237, 0.015295739858928403, 0.9264057846354796, 1.0272503648077274, 0.0009428969275647736, 17.22499942779541, -0.006642781425620192, 1.0, 0.0, 0.03523378466813509, 0.07074586372761882, 0.061065364212438134, 0.04689075766881845, -0.0779078104965727, 0.21536403354934813, 2.0, 6.0, 0.0, -0.0003300754485222601, 0.0015778926649877567, 0.4255816524651451, 0.014182974143174532], "scale": [0.04925916589466383, 0.07021390449464865, 1.0, 21.741383824224044, 1.5864006117443576, 1.4929554789005088, 0.479347676174017, 0.05973072372529646, 0.47797454844917076, 0.9032166488311308, 0.018378548806454148, 0.046375992387452325, 0.008434535108658143, 0.38899729162157637, 0.631030257779106, 0.00875214881041217, 3.9800004959106445, 0.07865444893861318, 1.0, 1.0, 0.09791201866622895, 0.1597759085815812, 0.39235998849323117, 0.5002646438173375, 0.10295193055113461, 0.5587563295815082, 2.0, 7.0, 1.0, 0.026643650545630948, 0.015351886982839902, 0.39507994608771935, 0.049641135829813145], "features": ["SMA20_dist", "SMA50_dist", "sma_cross", "RSI14", "MACD", "MACD_sig", "MACD_hist", "BB_width", "BB_pos", "ATR14", "ret_1d", "ret_5d", "vol_10d", "vol_ratio", "obv_trend", "spy_ret_1d", "vix_level", "vix_change", "vix_regime", "asset_class", "ret_1m", "ret_3m", "ret_6m", "ret_12m", "high52w_dist", "low52w_dist", "day_of_week", "month", "is_options_expiry", "btc_ret_1d", "gold_ret_1d", "corr_spy_20d", "vwap_dist"]}