{"center": [0.011410538852644926, 0.01711595190489039, 1.0, 54.44912499469417, 0.10214874784830119, 0.08036298434677695, 0.03508491811032086, 0.2332075865599481, 0.5607074967852921, 0.7935356753213065, 0.0002790242421668587, 0.019540923065660798, 0.03702846940423807, 0.8960646127722531, 1.011924648657263, 0.00047201005525643325, 17.460000038146973, -0.0067021300257369965, 1.0, 0.0, 0.014453657400609554, 0.03567589434091245, 0.10250315278773636, 0.0, -0.23310551837810775, 0.9960491593557917, 2.0, 6.0, 0.0, -0.0005528134329213508, 0.001623031881362702, 0.21479784351310316, 0.004871163548229886], "scale": [0.12618160858509778, 0.1812728113620536, 1.0, 22.6069118671262, 0.7250283004772191, 0.66744177139244, 0.2807575110725971, 0.16790786744240274, 0.5271988395219234, 0.2724106141499111, 0.05055301632198397, 0.11937928508692403, 0.021382210911699867, 0.5697051192286265, 0.11731842267909653, 0.009230209627125924, 4.072500228881836, 0.08343593078430633, 1.0, 1.0, 0.21198752331378076, 0.4258779809428951, 0.515746858953663, 0.6936893154335139, 0.20225891555137948, 1.292574949504547, 2.0, 7.0, 1.0, 0.02732802555254832, 0.013679461541545673, 0.3634056860684676, 0.12061943565770125], "features": ["SMA20_dist", "SMA50_dist", "sma_cross", "RSI14", "MACD", "MACD_sig", "MACD_hist", "BB_width", "BB_pos", "ATR14", "ret_1d", "ret_5d", "vol_10d", "vol_ratio", "obv_trend", "spy_ret_1d", "vix_level", "vix_change", "vix_regime", "asset_class", "ret_1m", "ret_3m", "ret_6m", "ret_12m", "high52w_dist", "low52w_dist", "day_of_week", "month", "is_options_expiry", "btc_ret_1d", "gold_ret_1d", "corr_spy_20d", "vwap_dist"]}