{"center": [-0.004872996103717134, -0.0028820252741300675, 0.0, 49.4072944276446, -0.18217684577855664, -0.07119143976762443, -0.09541973496971745, 0.10865062417053262, 0.44063460863084103, 4.303565665292012, -0.0003052474437929553, -0.0009570906774449273, 0.015089947327906961, 0.9569520836504337, 1.0106206510391504, 0.0015919580098578967, 17.3799991607666, -0.006622747498870429, 1.0, 0.0, -0.009645267453769535, -0.00258116424108501, 0.02717123523361875, 0.0, -0.11723282557948012, 0.23227715013085215, 2.0, 6.0, 0.0, -0.0011698293944815696, 0.00195494092813997, 0.005376387169312675, -0.00564516724707145], "scale": [0.06142287926698891, 0.08763934158575898, 1.0, 26.259510675716314, 4.646648775093972, 4.331513974132233, 1.3512703142559113, 0.07413897230528468, 0.5492872005295516, 1.4193443092295563, 0.018537601372711654, 0.05398656023563406, 0.007482041539135049, 0.47448853178666395, 0.3797037108975545, 0.009010502962232075, 3.767500400543213, 0.08001263300642428, 1.0, 1.0, 0.10921050295158061, 0.18411238306674643, 0.14057594043483743, 0.11999609576274939, 0.12024897700118634, 0.20415935303500107, 2.0, 7.0, 1.0, 0.027527959785587447, 0.016032442885949044, 0.2651455970054978, 0.059822320374337906], "features": ["SMA20_dist", "SMA50_dist", "sma_cross", "RSI14", "MACD", "MACD_sig", "MACD_hist", "BB_width", "BB_pos", "ATR14", "ret_1d", "ret_5d", "vol_10d", "vol_ratio", "obv_trend", "spy_ret_1d", "vix_level", "vix_change", "vix_regime", "asset_class", "ret_1m", "ret_3m", "ret_6m", "ret_12m", "high52w_dist", "low52w_dist", "day_of_week", "month", "is_options_expiry", "btc_ret_1d", "gold_ret_1d", "corr_spy_20d", "vwap_dist"]}