{"center": [0.0018568209034268259, 0.0030948356739375384, 1.0, 50.05485943637498, 0.16422668990478684, 0.3369546717791756, -0.017581029793984848, 0.09883101933401144, 0.5239342957533505, 1.7117184120296425, 0.0005380441033290273, 0.0021067218958082945, 0.013841619459606713, 0.9271914039145034, 1.0157359889215463, 0.00047480662984689115, 17.61500072479248, -0.008215431912692972, 1.0, 0.0, 0.004777414095569532, 0.009355932012286572, 0.016572690251953848, 0.0, -0.10456366966542303, 0.16511414543124653, 2.0, 6.0, 0.0, 0.00024003985338927336, 0.0006160067523005575, 0.09306307681281806, 0.0026232524352267257], "scale": [0.047689212101755696, 0.08120658210338985, 1.0, 21.349440356599494, 1.5233573434578922, 1.4462774733234813, 0.5238012409054322, 0.04696871421272046, 0.5116490134803438, 0.5345681240535043, 0.018701246526832, 0.04571105255577221, 0.00786462021268841, 0.43457726935330765, 0.2584390206965418, 0.008883578011858628, 3.852499485015869, 0.08132549988417115, 1.0, 1.0, 0.0763860084111049, 0.15475966041065736, 0.14595045605117427, 0.17770365111461583, 0.11984294768010782, 0.24397600277211873, 2.0, 7.0, 1.0, 0.026503147644240665, 0.01579971205234923, 0.3822450912088552, 0.04663508789601456], "features": ["SMA20_dist", "SMA50_dist", "sma_cross", "RSI14", "MACD", "MACD_sig", "MACD_hist", "BB_width", "BB_pos", "ATR14", "ret_1d", "ret_5d", "vol_10d", "vol_ratio", "obv_trend", "spy_ret_1d", "vix_level", "vix_change", "vix_regime", "asset_class", "ret_1m", "ret_3m", "ret_6m", "ret_12m", "high52w_dist", "low52w_dist", "day_of_week", "month", "is_options_expiry", "btc_ret_1d", "gold_ret_1d", "corr_spy_20d", "vwap_dist"]}