{"center": [0.007966850030149878, 0.02509013680916018, 1.0, 55.58211313770517, 0.5326451483506389, 0.5642762310189793, -0.02814262905657494, 0.06956961670456314, 0.6342779866470718, 1.1054346560896369, 0.0007099669795396224, 0.0028977111047752135, 0.010414840969610328, 0.9626659554559057, 1.03969303930266, 0.0009528858299909793, 17.610000610351562, -0.0046113733261696765, 1.0, 0.0, 0.02013977741590489, 0.05927955125882889, 0.060723553655930296, 0.1441795966668482, -0.023906522890852724, 0.3039043471679852, 2.0, 6.0, 0.0, -0.0003109860024155253, 0.0011289903434381632, 0.95044027979346, 0.00980064115450772], "scale": [0.03401495734182227, 0.06123540934598, 1.0, 23.995323517946773, 1.1726861670160886, 0.9795468426358132, 0.3018347476121163, 0.04162011554466298, 0.5122694941424765, 0.4781168117555695, 0.012782977259180817, 0.032415747352617486, 0.005477438497646384, 0.3944073628410789, 0.12730763966006853, 0.009813132028810068, 4.399999618530273, 0.08174063793584263, 1.0, 1.0, 0.05961184961252597, 0.12285567653325524, 0.12741995103816794, 0.24216000178769714, 0.05021292266304646, 0.22432306209420713, 2.0, 7.0, 1.0, 0.02948848768218354, 0.014170585270401714, 0.04945731665395947, 0.03310007086473787], "features": ["SMA20_dist", "SMA50_dist", "sma_cross", "RSI14", "MACD", "MACD_sig", "MACD_hist", "BB_width", "BB_pos", "ATR14", "ret_1d", "ret_5d", "vol_10d", "vol_ratio", "obv_trend", "spy_ret_1d", "vix_level", "vix_change", "vix_regime", "asset_class", "ret_1m", "ret_3m", "ret_6m", "ret_12m", "high52w_dist", "low52w_dist", "day_of_week", "month", "is_options_expiry", "btc_ret_1d", "gold_ret_1d", "corr_spy_20d", "vwap_dist"]}