{"center": [0.0020427963755028813, 0.007724926716890968, 1.0, 50.095861181597876, 0.19754105600949146, 0.13040446891518562, 0.007323204380521142, 0.15808289373180018, 0.5213775128327758, 2.3173561096191406, -0.0007165748139426054, 0.004596662161682419, 0.02534734123599755, 0.8799785109032746, 0.9966122431150863, 0.0011517326256851312, 17.520000457763672, -0.004048598315015806, 1.0, 0.0, 0.008663095467172255, 0.0, 0.0, 0.0, -0.1207649136831855, 0.5535211895695069, 2.0, 6.0, 0.0, 0.00018283765004545316, 0.0020187288833615202, 0.46393246467316446, 0.001913070925924469], "scale": [0.08853380384014777, 0.1760704638825489, 1.0, 21.917017774402957, 2.9541251143487486, 2.9413078108715522, 0.941717726967749, 0.08310154770880912, 0.5472219996218336, 1.2071416037423268, 0.03514568449902111, 0.08001481725003251, 0.011136833309314378, 0.5655491071738982, 0.5002976886088679, 0.0093292011549716, 4.219999313354492, 0.08271699675561395, 1.0, 1.0, 0.15652339541360433, 0.3239607036599763, 0.47431549619673846, 0.1283068350198618, 0.2799354067285339, 0.736975512391299, 2.0, 6.0, 1.0, 0.02685682028467845, 0.015398372268281335, 0.26457566919678277, 0.08415323304183975], "features": ["SMA20_dist", "SMA50_dist", "sma_cross", "RSI14", "MACD", "MACD_sig", "MACD_hist", "BB_width", "BB_pos", "ATR14", "ret_1d", "ret_5d", "vol_10d", "vol_ratio", "obv_trend", "spy_ret_1d", "vix_level", "vix_change", "vix_regime", "asset_class", "ret_1m", "ret_3m", "ret_6m", "ret_12m", "high52w_dist", "low52w_dist", "day_of_week", "month", "is_options_expiry", "btc_ret_1d", "gold_ret_1d", "corr_spy_20d", "vwap_dist"]}