{"center": [0.0008308748169843351, 0.0021729983819940733, 1.0, 49.924703240591136, 0.1668012805341874, 0.38291824415978387, -0.04305210243466839, 0.06936629261670557, 0.5125518509107803, 2.3874380031847227, 0.00028955622957382854, 0.0001453975842828359, 0.011176756759492519, 0.8338682071031237, 1.0166170048024066, 0.0014013282846774278, 17.61500072479248, -0.005700987146387504, 1.0, 0.0, -0.00032257592313983396, -0.002378192248873756, 0.0, 0.0, -0.07770538950616376, 0.13263109334995377, 2.0, 6.0, 0.0, -0.0007965467490635425, 0.0019842065968723732, 0.5614019570387294, 0.00274359841030372], "scale": [0.033194111646732034, 0.05604540899094647, 1.0, 19.677719182739487, 2.5744664961029784, 2.709155675374325, 0.7628912558221523, 0.03336828495761854, 0.46334999076879624, 0.7663506148090198, 0.015553170446838932, 0.03245173866934545, 0.00491080972342133, 0.5814097162186674, 0.14104547096967956, 0.008809922648754687, 4.279999732971191, 0.08976240551206724, 1.0, 1.0, 0.05697435885498392, 0.15028310890151078, 0.1877094065134864, 0.1787173848838458, 0.07811428407394183, 0.27779496119829467, 2.0, 7.0, 1.0, 0.029239714189978755, 0.0145976477997328, 0.28429582839074174, 0.0330494955364457], "features": ["SMA20_dist", "SMA50_dist", "sma_cross", "RSI14", "MACD", "MACD_sig", "MACD_hist", "BB_width", "BB_pos", "ATR14", "ret_1d", "ret_5d", "vol_10d", "vol_ratio", "obv_trend", "spy_ret_1d", "vix_level", "vix_change", "vix_regime", "asset_class", "ret_1m", "ret_3m", "ret_6m", "ret_12m", "high52w_dist", "low52w_dist", "day_of_week", "month", "is_options_expiry", "btc_ret_1d", "gold_ret_1d", "corr_spy_20d", "vwap_dist"]}