{"center": [0.004833722811592717, 0.007374754709716396, 1.0, 53.37389981220376, 0.19457142343893707, 0.17262991445262404, 0.02552136360926415, 0.05546362332649062, 0.6126155171554191, 1.1139006088180747, 0.0005075118610771145, 0.0026834955594735588, 0.008890912137289332, 0.8065269477282803, 0.9620793143303132, 0.0013668916477928006, 17.25, -0.006664472772315133, 1.0, 0.0, 0.0062514102218571566, 0.017924057026809992, 0.013769969376079216, 0.0, -0.04590529446909605, 0.12126636878745284, 2.0, 7.0, 0.0, -0.0015742310644737412, 0.001650071760848859, 0.23048394975485528, 0.004830988072292398], "scale": [0.025220284722442806, 0.030109368389907763, 1.0, 18.423807630545234, 0.683221915204836, 0.5216857886868628, 0.3117201341676715, 0.025808838677007263, 0.47073252086463635, 0.2975048124438029, 0.01225736859956053, 0.027892581082140044, 0.004611766180769423, 0.5754079902664082, 0.34309634664290645, 0.008549090220129202, 3.627500057220459, 0.07535025420890618, 1.0, 1.0, 0.047799341307796256, 0.047946514530015555, 0.048159529777935084, 0.06081743971155229, 0.04130864273294975, 0.04096448453831757, 2.0, 6.0, 1.0, 0.02910524899815875, 0.014216017567407008, 0.3050258163370355, 0.025402566086806144], "features": ["SMA20_dist", "SMA50_dist", "sma_cross", "RSI14", "MACD", "MACD_sig", "MACD_hist", "BB_width", "BB_pos", "ATR14", "ret_1d", "ret_5d", "vol_10d", "vol_ratio", "obv_trend", "spy_ret_1d", "vix_level", "vix_change", "vix_regime", "asset_class", "ret_1m", "ret_3m", "ret_6m", "ret_12m", "high52w_dist", "low52w_dist", "day_of_week", "month", "is_options_expiry", "btc_ret_1d", "gold_ret_1d", "corr_spy_20d", "vwap_dist"]}