{"center": [0.021662121521369884, 0.05926414342907446, 1.0, 58.30906754110177, 0.6814818069247757, 0.6492081385727616, -0.0008286344340878021, 0.11560990708689736, 0.7082150240150213, 1.1039014196535033, 0.002895025516270411, 0.010394569243222795, 0.01720577189140307, 0.9887526987538588, 1.0462587267151733, 0.0012148548999589837, 17.479999542236328, -0.007856395917702375, 1.0, 0.0, 0.045762670615494216, 0.13591714149768852, 0.19484340452891669, 0.46843346603976865, -0.03246699527660801, 0.7749010070304075, 2.0, 6.0, 0.0, -0.0017024351995931775, 0.000978748110388561, 0.8042626752855534, 0.021243866284347646], "scale": [0.056488238417879574, 0.10624736824981432, 1.0, 22.419595732336752, 1.3818024791231363, 1.2901058746981129, 0.3328179187021989, 0.10299628177163338, 0.415520693472405, 1.0105639943629225, 0.022246193891091698, 0.051893423857155174, 0.010477184091700422, 0.5927367371959695, 0.4290832638436137, 0.008747974931500452, 3.5375008583068848, 0.07430396821007351, 1.0, 1.0, 0.10184957925069293, 0.26935272764046325, 0.3326524188317888, 0.6944319323465856, 0.06890378848452737, 0.8080412095413521, 2.0, 7.0, 1.0, 0.02731858106055232, 0.015045442220866567, 0.09367317465295166, 0.05188205587345823], "features": ["SMA20_dist", "SMA50_dist", "sma_cross", "RSI14", "MACD", "MACD_sig", "MACD_hist", "BB_width", "BB_pos", "ATR14", "ret_1d", "ret_5d", "vol_10d", "vol_ratio", "obv_trend", "spy_ret_1d", "vix_level", "vix_change", "vix_regime", "asset_class", "ret_1m", "ret_3m", "ret_6m", "ret_12m", "high52w_dist", "low52w_dist", "day_of_week", "month", "is_options_expiry", "btc_ret_1d", "gold_ret_1d", "corr_spy_20d", "vwap_dist"]}