{"center": [0.0010101567890395977, 0.0025960637490865957, 1.0, 52.38110776517094, 0.06473403910391085, 0.05618797934497812, -0.0021811299592004677, 0.0168353635081345, 0.5728354968690358, 0.25903710616162506, 0.0001364800909262609, 0.0002721641026168786, 0.00250619479983943, 0.959481327156517, 1.0118332982955813, 0.0014456352254532678, 17.6200008392334, -0.010037631845926431, 1.0, 0.0, 0.002808566434236548, 0.008879007514187132, 0.010961340404014086, 0.029917103273673584, -0.011146418113808933, 0.04942410958330827, 2.0, 6.0, 0.0, -0.0003109860024155253, 0.0017841598670260694, 0.18238747230888466, 0.0011970420447787059], "scale": [0.00810564362053054, 0.011329171050777777, 1.0, 22.020850574686605, 0.2158588924107505, 0.21675185476884057, 0.08542435371726886, 0.010957406303898833, 0.496778928280743, 0.08875975073094766, 0.0034021865511938976, 0.0071547669002912095, 0.0011471381389253645, 0.3168403626818621, 0.1763393230438055, 0.009094927315078993, 4.0199995040893555, 0.08143974584344693, 1.0, 1.0, 0.013039106349410023, 0.01973591833180255, 0.03555764192268651, 0.052416380059000955, 0.015452971067561508, 0.03856860714456542, 2.0, 7.0, 1.0, 0.02792149035126884, 0.015056020976009443, 0.6048123216287568, 0.008211156122515374], "features": ["SMA20_dist", "SMA50_dist", "sma_cross", "RSI14", "MACD", "MACD_sig", "MACD_hist", "BB_width", "BB_pos", "ATR14", "ret_1d", "ret_5d", "vol_10d", "vol_ratio", "obv_trend", "spy_ret_1d", "vix_level", "vix_change", "vix_regime", "asset_class", "ret_1m", "ret_3m", "ret_6m", "ret_12m", "high52w_dist", "low52w_dist", "day_of_week", "month", "is_options_expiry", "btc_ret_1d", "gold_ret_1d", "corr_spy_20d", "vwap_dist"]}