{"center": [0.0001398862390876769, 0.003128694962157731, 1.0, 50.943399281973626, 0.019712554889563805, 0.017228119752001895, -0.005517518791771446, 0.12596146374255482, 0.5099549233745254, 0.30428576469421387, 0.0, 0.0006929504501764772, 0.019404230192806498, 0.8954645963343325, 0.9350818897740346, 0.0009529899591387281, 17.81999969482422, -0.011022676424785383, 1.0, 0.0, 0.004895083488850149, -0.027358485982697522, -0.030188651179395287, 0.0, -0.22580648978124968, 0.13425924120343985, 2.0, 7.0, 0.0, 0.0003224981011604733, 0.0030631724583116693, 0.29657303792437567, 0.0008882050846261385], "scale": [0.06533128634651299, 0.1476952782315782, 1.0, 26.68263397092062, 0.3943059259800963, 0.3828835259100187, 0.07902443658369947, 0.10969304807875084, 0.5403460574422475, 0.11357150759015766, 0.01830357588926479, 0.0547064631986251, 0.012596287292873013, 0.3961305631838197, 0.7105516232258361, 0.009165965546209964, 4.69999885559082, 0.09349760006765867, 1.0, 1.0, 0.14798019200117202, 0.4182887882267197, 0.2920960182710441, 0.20688155692248833, 0.3203113291500126, 0.42396512594061275, 2.0, 7.0, 1.0, 0.025466194559317923, 0.015802080091858628, 0.324710362656908, 0.06468210158066988], "features": ["SMA20_dist", "SMA50_dist", "sma_cross", "RSI14", "MACD", "MACD_sig", "MACD_hist", "BB_width", "BB_pos", "ATR14", "ret_1d", "ret_5d", "vol_10d", "vol_ratio", "obv_trend", "spy_ret_1d", "vix_level", "vix_change", "vix_regime", "asset_class", "ret_1m", "ret_3m", "ret_6m", "ret_12m", "high52w_dist", "low52w_dist", "day_of_week", "month", "is_options_expiry", "btc_ret_1d", "gold_ret_1d", "corr_spy_20d", "vwap_dist"]}