{"center": [0.000875355116761476, 0.002875192562550942, 1.0, 52.90850138394623, 0.11640066330589605, 0.10376761001097297, -0.006234665960287267, 0.013009886033125563, 0.5825200888307606, 0.30848671904845, 8.389854372015115e-05, 0.00016642221439355787, 0.0019531318251669325, 0.9093601994321907, 1.0131412600066962, 0.0014767046861887678, 17.479999542236328, -0.005579556721748813, 1.0, 0.0, 0.003165865821611158, 0.010347618141911319, 0.016248124364541816, 0.032098042390393156, -0.007349886788473967, 0.052295337332807626, 2.0, 6.0, 0.0, -1.9742508661990676e-05, 0.0019763991077348386, 0.014312024956265663, 0.0007854050137795745], "scale": [0.005987118292015521, 0.009640111374972934, 1.0, 21.214236327603828, 0.3203999246958418, 0.30578263634535346, 0.11042005307744696, 0.008675124610734879, 0.4737021271745185, 0.09896209200781009, 0.00265631695352625, 0.005556564927915342, 0.0007434428464824236, 0.5588737316336758, 0.2529878446765025, 0.009167831311573393, 3.7749996185302734, 0.08436892675998509, 1.0, 1.0, 0.010971147852051444, 0.01870189146122314, 0.032042819495585295, 0.05312785878784165, 0.014902599758959061, 0.030733562013487634, 2.0, 7.0, 1.0, 0.029492542447423054, 0.01638573879519456, 0.62532957054664, 0.006253232077662525], "features": ["SMA20_dist", "SMA50_dist", "sma_cross", "RSI14", "MACD", "MACD_sig", "MACD_hist", "BB_width", "BB_pos", "ATR14", "ret_1d", "ret_5d", "vol_10d", "vol_ratio", "obv_trend", "spy_ret_1d", "vix_level", "vix_change", "vix_regime", "asset_class", "ret_1m", "ret_3m", "ret_6m", "ret_12m", "high52w_dist", "low52w_dist", "day_of_week", "month", "is_options_expiry", "btc_ret_1d", "gold_ret_1d", "corr_spy_20d", "vwap_dist"]}