{"center": [0.0025888234182859255, 0.007285717772631157, 1.0, 52.400831747857126, 0.22517082100910102, 0.2593030969026015, -0.030862467048693387, 0.04999679138627534, 0.5618019532491917, 1.1700599631051531, 0.0007429388019244421, 0.0013053197117922632, 0.008590165771751373, 0.9744730431098401, 1.0243172107477558, 0.0010938140906693317, 17.6200008392334, -0.008500003814697288, 1.0, 0.0, 0.006839391271981299, 0.014911360194262313, 0.013665271385543631, 0.0, -0.04191110750379787, 0.14481085192813725, 2.0, 6.0, 0.0, -1.9742508661990676e-05, 0.001992014086009908, 0.42643581741799486, 0.002957754984451548], "scale": [0.026443598045061578, 0.033048922442920486, 1.0, 20.687214773803547, 0.7576298843645759, 0.605305300244382, 0.28922892103633646, 0.027378550410855892, 0.5199339906215512, 0.2572149882172554, 0.010740502218351378, 0.024526877475280595, 0.003954259981213952, 0.37098985704628207, 0.23913733059122322, 0.008627393486482338, 4.260000228881836, 0.08395543861867971, 1.0, 1.0, 0.03957681493211451, 0.0605597065291803, 0.04863820052685053, 0.04646965636047984, 0.04308834705349696, 0.03767855696013955, 2.0, 7.0, 1.0, 0.028654711841345104, 0.01480312787002841, 0.31918516260337426, 0.026749926175492208], "features": ["SMA20_dist", "SMA50_dist", "sma_cross", "RSI14", "MACD", "MACD_sig", "MACD_hist", "BB_width", "BB_pos", "ATR14", "ret_1d", "ret_5d", "vol_10d", "vol_ratio", "obv_trend", "spy_ret_1d", "vix_level", "vix_change", "vix_regime", "asset_class", "ret_1m", "ret_3m", "ret_6m", "ret_12m", "high52w_dist", "low52w_dist", "day_of_week", "month", "is_options_expiry", "btc_ret_1d", "gold_ret_1d", "corr_spy_20d", "vwap_dist"]}