{"center": [0.009784793632567422, 0.013469716695852044, 1.0, 56.249998463797105, 0.23864402728767686, 0.19729879223273045, 0.006511064657677999, 0.10015974261752925, 0.615093852755018, 1.1242855616978236, 0.00043718063691766673, 0.0018288997005140306, 0.017904787874993305, 0.8864088939056727, 0.996497430407668, 0.0007607465456698215, 17.6200008392334, -0.005298008058610915, 1.0, 0.0, 0.019536704455089815, 0.02767875304749845, 0.0, 0.0, -0.16626966837759602, 0.33401320923993183, 2.0, 6.0, 0.0, -0.0003109860024155253, 0.0016294519610446923, 0.875259093305407, 0.015721979521382056], "scale": [0.04689175046437101, 0.09266116527441498, 1.0, 22.313729520164102, 1.2791249137501737, 1.2015990296500563, 0.2715914199230407, 0.06547352387219743, 0.4623057925802784, 0.5882139205932619, 0.01922560319459643, 0.041920346738726855, 0.013557634823124828, 0.677346109900304, 0.20124947050282715, 0.00865106651770109, 4.310000419616699, 0.08384833248868873, 1.0, 1.0, 0.10706289748632292, 0.1981754747912008, 0.1891921300027387, 0.0494902223146072, 0.16397768205991184, 0.1809277403599537, 2.0, 7.0, 1.0, 0.025617175997384334, 0.013627072479575397, 0.09947233462970673, 0.04791163400693799], "features": ["SMA20_dist", "SMA50_dist", "sma_cross", "RSI14", "MACD", "MACD_sig", "MACD_hist", "BB_width", "BB_pos", "ATR14", "ret_1d", "ret_5d", "vol_10d", "vol_ratio", "obv_trend", "spy_ret_1d", "vix_level", "vix_change", "vix_regime", "asset_class", "ret_1m", "ret_3m", "ret_6m", "ret_12m", "high52w_dist", "low52w_dist", "day_of_week", "month", "is_options_expiry", "btc_ret_1d", "gold_ret_1d", "corr_spy_20d", "vwap_dist"]}