{"center": [0.012904467012541887, 0.035635541379494165, 1.0, 54.649655603649364, 0.5308047835865608, 0.547813184848452, 0.0021665642102209337, 0.10663305460901584, 0.6364826982216512, 0.8892140101073329, 8.252357709803704e-05, 0.007972191304106091, 0.014431585188600628, 0.8379791560214498, 0.9349282273532677, 0.001757660981969944, 17.289999961853027, -0.0067330833557224246, 1.0, 0.0, 0.03212931209051739, 0.1057987599635073, 0.1466731456322956, 0.29823739189943144, -0.043901720820676365, 0.38387458263341157, 2.0, 6.0, 0.0, -0.0005104479021817432, 0.0020157525238796437, 0.5505387995889872, 0.013203681412025228], "scale": [0.04816357326323495, 0.08837054690448687, 1.0, 22.7321491855933, 1.2615583724251618, 1.1807908557083255, 0.3129861102402942, 0.05938349057155062, 0.4831321692332762, 0.8446802183336425, 0.019513654563307392, 0.04430157001970855, 0.007987171523767062, 0.7505534759864899, 0.3599447754058037, 0.009063112346028884, 3.8000011444091797, 0.07778999514961332, 1.0, 1.0, 0.08514224656224828, 0.16722407113703644, 0.3045075173942663, 0.4779854642119632, 0.10574948514914262, 0.47697480102295453, 2.0, 7.0, 1.0, 0.027525151884596588, 0.01480778291455806, 0.40418608814761364, 0.04933907584986617], "features": ["SMA20_dist", "SMA50_dist", "sma_cross", "RSI14", "MACD", "MACD_sig", "MACD_hist", "BB_width", "BB_pos", "ATR14", "ret_1d", "ret_5d", "vol_10d", "vol_ratio", "obv_trend", "spy_ret_1d", "vix_level", "vix_change", "vix_regime", "asset_class", "ret_1m", "ret_3m", "ret_6m", "ret_12m", "high52w_dist", "low52w_dist", "day_of_week", "month", "is_options_expiry", "btc_ret_1d", "gold_ret_1d", "corr_spy_20d", "vwap_dist"]}