{"center": [0.029729966227107253, 0.06291732972914353, 1.0, 56.73280204212669, 0.4287754955179164, 0.33627249505067514, 0.027977851663291517, 0.24021606634240208, 0.641810127598361, 1.400714261191232, 0.0, 0.01444346965789478, 0.03218380164402753, 0.9181039999097188, 1.052854619633468, 0.0017575576062994758, 17.289999961853027, -0.008008568742242539, 1.0, 0.0, 0.07199652893335651, 0.1472447206930031, 0.1694726717684203, 0.0, -0.2465606137871938, 0.3165697005189927, 2.0, 6.0, 0.0, -5.770796242327014e-05, 0.0019393580660813647, 0.49780256888190233, 0.023891169226290296], "scale": [0.140851446614687, 0.21628456864987183, 1.0, 23.324522400213645, 1.830055441437156, 1.6166298773730137, 0.5753185054539316, 0.18632328509170737, 0.5395427997410096, 1.542142595563616, 0.043599679358794274, 0.12976852437696682, 0.023849821767301303, 0.5080454846465111, 0.4380014053158834, 0.008582198320478712, 3.919999599456787, 0.07582127142284487, 1.0, 1.0, 0.21469163813137557, 0.43919412267449653, 0.8519329114043359, 0.9489922754687131, 0.29086527413403557, 1.2483452461095292, 2.0, 7.0, 1.0, 0.02651966958974486, 0.0141309897156362, 0.35161908183190843, 0.1298178443294658], "features": ["SMA20_dist", "SMA50_dist", "sma_cross", "RSI14", "MACD", "MACD_sig", "MACD_hist", "BB_width", "BB_pos", "ATR14", "ret_1d", "ret_5d", "vol_10d", "vol_ratio", "obv_trend", "spy_ret_1d", "vix_level", "vix_change", "vix_regime", "asset_class", "ret_1m", "ret_3m", "ret_6m", "ret_12m", "high52w_dist", "low52w_dist", "day_of_week", "month", "is_options_expiry", "btc_ret_1d", "gold_ret_1d", "corr_spy_20d", "vwap_dist"]}