{"center": [0.013871030751594019, 0.03182208891148443, 1.0, 57.15635681128383, 0.2729237284083261, 0.25247615279934676, 0.027127393299499925, 0.09440997973713718, 0.6634289753306073, 0.614642892565046, 0.0007109604557085092, 0.010783008752625167, 0.014916965563966638, 0.8806548777786456, 0.9725854070145913, 0.0015056919286549064, 17.369999885559082, -0.006173545973327643, 1.0, 0.0, 0.034903641385983564, 0.05834753460110964, 0.09480748912287029, 0.07723464061922403, -0.07155722081804902, 0.24180500026398755, 2.0, 6.0, 0.0, -0.0011564734544893818, 0.0019739858527916265, 0.3699230563183461, 0.013243746749868623], "scale": [0.04232951032468219, 0.08092128233895987, 1.0, 19.79799942808843, 0.6873501129512167, 0.6150920954745981, 0.21531319257490356, 0.0679085022314023, 0.4488762915203254, 0.301607404436384, 0.01948922567229705, 0.04294648371892987, 0.009429912539901424, 0.7284852481901939, 0.3410484257447379, 0.00903074987299246, 3.809999942779541, 0.07709922119896662, 1.0, 1.0, 0.0946586692381125, 0.1529327948882559, 0.18134840254497597, 0.24897158342335202, 0.07731185432853607, 0.23363367695881246, 2.0, 7.0, 1.0, 0.02868768065802446, 0.015600047960353414, 0.5895894944049749, 0.040486907470871164], "features": ["SMA20_dist", "SMA50_dist", "sma_cross", "RSI14", "MACD", "MACD_sig", "MACD_hist", "BB_width", "BB_pos", "ATR14", "ret_1d", "ret_5d", "vol_10d", "vol_ratio", "obv_trend", "spy_ret_1d", "vix_level", "vix_change", "vix_regime", "asset_class", "ret_1m", "ret_3m", "ret_6m", "ret_12m", "high52w_dist", "low52w_dist", "day_of_week", "month", "is_options_expiry", "btc_ret_1d", "gold_ret_1d", "corr_spy_20d", "vwap_dist"]}