{"center": [-0.01110886070638612, -0.024308688900945532, 0.0, 44.47885574073453, -0.41275489726043446, -0.313858215834201, -0.06526294389594867, 0.12832064833037574, 0.41906899590237945, 1.7431219476938418, -0.001285190754942378, -0.009118474134468979, 0.018242723398305287, 0.9183087150105894, 0.999520685154965, 0.0005047975617609168, 17.440000534057617, -0.005211721284556381, 1.0, 0.0, -0.021257604625369297, -0.0851106257574532, -0.03467795901555193, 0.0, -0.19229771383219973, 0.13720615363297026, 2.0, 6.0, 0.0, -0.0008264678561502592, 0.0014259144001700363, 0.3221837679779729, -0.011862628476915108], "scale": [0.06284003935605718, 0.09322750752054024, 1.0, 27.742799672158917, 1.8269256676421364, 1.6866963497913792, 0.70823264495945, 0.07650661557396501, 0.4975446767850555, 0.4490953530106161, 0.02090652587411901, 0.06053287991676681, 0.009729485445340937, 0.4332732896543421, 0.5039626498866392, 0.009269216047366968, 3.8899993896484375, 0.08193002371547653, 1.0, 1.0, 0.10790734855406892, 0.17136047509154823, 0.22643734075137556, 0.17510340073663072, 0.1536824766912424, 0.1713357988833779, 2.0, 7.0, 1.0, 0.027968032617585903, 0.014262733748303613, 0.33598867423684753, 0.0668106532440324], "features": ["SMA20_dist", "SMA50_dist", "sma_cross", "RSI14", "MACD", "MACD_sig", "MACD_hist", "BB_width", "BB_pos", "ATR14", "ret_1d", "ret_5d", "vol_10d", "vol_ratio", "obv_trend", "spy_ret_1d", "vix_level", "vix_change", "vix_regime", "asset_class", "ret_1m", "ret_3m", "ret_6m", "ret_12m", "high52w_dist", "low52w_dist", "day_of_week", "month", "is_options_expiry", "btc_ret_1d", "gold_ret_1d", "corr_spy_20d", "vwap_dist"]}