{"center": [0.0030484070143604663, 0.020661738501991416, 1.0, 51.717171561485756, 0.10156538645158975, 0.11029039456507454, -0.004709619858057373, 0.134647834325047, 0.5198993903159015, 0.7664286749703544, 0.0, 0.0026583724746855886, 0.022346170193377868, 0.9466856510045879, 0.9820613118797661, 0.000984565078659072, 17.3799991607666, -0.0036643597696923713, 1.0, 0.0, 0.00570727214551825, 0.059847193521815, 0.053594812959224525, 0.016869756690601756, -0.12382439955387572, 0.48794318969014516, 2.0, 6.0, 0.0, -0.0024415545387781457, 0.0019763991077348386, 0.36513738145048397, 0.0008853247645062427], "scale": [0.06890827761786651, 0.1382387489552469, 1.0, 20.801451408459656, 0.7428353978759432, 0.7384745054179117, 0.19828961592952793, 0.08649041780559337, 0.5052794742152925, 0.1596425601414273, 0.029617444054663267, 0.06683529736511656, 0.01062269639767326, 0.45892845209910915, 0.30205270994076927, 0.009407396407043689, 4.580000400543213, 0.08294236001712696, 1.0, 1.0, 0.15311455375068528, 0.2515241123742764, 0.2527459716547109, 0.4150082004960194, 0.1625248522506223, 0.443160090102487, 2.0, 7.0, 1.0, 0.028769717703407083, 0.016173671694219294, 0.32831324274495954, 0.07105174534612038], "features": ["SMA20_dist", "SMA50_dist", "sma_cross", "RSI14", "MACD", "MACD_sig", "MACD_hist", "BB_width", "BB_pos", "ATR14", "ret_1d", "ret_5d", "vol_10d", "vol_ratio", "obv_trend", "spy_ret_1d", "vix_level", "vix_change", "vix_regime", "asset_class", "ret_1m", "ret_3m", "ret_6m", "ret_12m", "high52w_dist", "low52w_dist", "day_of_week", "month", "is_options_expiry", "btc_ret_1d", "gold_ret_1d", "corr_spy_20d", "vwap_dist"]}