{"center": [0.009346788341974641, 0.022564889485630898, 1.0, 54.395685646972154, 0.5519896157677593, 0.5352583336725438, 0.016429829530447804, 0.09276553427519652, 0.6017739554494976, 2.266890312350373, 0.0009022401884885012, 0.0036395399164675935, 0.015490615410441106, 0.947973264777555, 1.0484476455171299, 0.0010391464108796544, 17.369999885559082, -0.008008568742242539, 1.0, 0.0, 0.02385534211571927, 0.047850511384345595, 0.020127077974589014, 0.0, -0.061392105462879654, 0.29366303957153506, 2.0, 6.0, 0.0, -0.00032262427558105156, 0.00195494092813997, 0.5893803194142986, 0.011595502485879039], "scale": [0.04584597083143571, 0.08784903704855926, 1.0, 20.28747305724668, 2.2723714701306967, 2.094292934931769, 0.535352477807505, 0.056699146195267586, 0.4655207526625059, 1.32665210088581, 0.02034419574674115, 0.044989686420011055, 0.0059584980879424845, 0.3796080352103154, 0.40193586701854955, 0.008812187689102469, 3.544999599456787, 0.08497744955441947, 1.0, 1.0, 0.09419440172221, 0.21339508452327574, 0.3599567867834894, 0.38697855492824373, 0.12367998765098151, 0.6689851815646963, 2.0, 6.0, 1.0, 0.026695001879381453, 0.015038460743185406, 0.2211647792082665, 0.04494467998994452], "features": ["SMA20_dist", "SMA50_dist", "sma_cross", "RSI14", "MACD", "MACD_sig", "MACD_hist", "BB_width", "BB_pos", "ATR14", "ret_1d", "ret_5d", "vol_10d", "vol_ratio", "obv_trend", "spy_ret_1d", "vix_level", "vix_change", "vix_regime", "asset_class", "ret_1m", "ret_3m", "ret_6m", "ret_12m", "high52w_dist", "low52w_dist", "day_of_week", "month", "is_options_expiry", "btc_ret_1d", "gold_ret_1d", "corr_spy_20d", "vwap_dist"]}