{"center": [0.010717991190709111, 0.031342213458758116, 1.0, 57.539884231896934, 0.4227156503854381, 0.4525409568478086, -0.0018776310019492648, 0.06836391873223288, 0.67764752885314, 0.5282419901277553, 0.001121709785125824, 0.005498605676930057, 0.010129952969377213, 0.7720243273000078, 1.0475450948742089, 0.0009270572536191901, 17.635000228881836, -0.008334578568971518, 1.0, 0.0, 0.022974364354271803, 0.07838729244240106, 0.1364707997060841, 0.2682845115472351, -0.01705525296494742, 0.3876932525539346, 2.0, 6.0, 0.0, -0.0019731664656665315, 0.0012750435385292525, 0.6064086647038894, 0.012223013638192032], "scale": [0.03272738703145675, 0.044742203254440616, 1.0, 18.8762311657364, 0.5766395379757778, 0.5526086465758023, 0.18846521459451104, 0.04015684627316141, 0.41431489720325165, 0.3077890253004253, 0.013645575430558499, 0.029407658884089416, 0.004392085759481983, 0.7602348717871916, 0.24143537922911118, 0.009221646950210938, 4.21750020980835, 0.083356921733794, 1.0, 1.0, 0.05632642780995312, 0.09789099673584872, 0.13272256530147886, 0.4038554348028313, 0.030596786985816957, 0.2871785160379478, 2.0, 7.0, 1.0, 0.02840006555580371, 0.01635912528164471, 0.1909791349787311, 0.03325198310072644], "features": ["SMA20_dist", "SMA50_dist", "sma_cross", "RSI14", "MACD", "MACD_sig", "MACD_hist", "BB_width", "BB_pos", "ATR14", "ret_1d", "ret_5d", "vol_10d", "vol_ratio", "obv_trend", "spy_ret_1d", "vix_level", "vix_change", "vix_regime", "asset_class", "ret_1m", "ret_3m", "ret_6m", "ret_12m", "high52w_dist", "low52w_dist", "day_of_week", "month", "is_options_expiry", "btc_ret_1d", "gold_ret_1d", "corr_spy_20d", "vwap_dist"]}