{"center": [0.004874338858122109, 0.013412699973960367, 1.0, 51.82418261936012, 0.324460003488916, 0.31871765805721053, -0.04434638624497739, 0.08222525602308975, 0.5485042359482823, 1.501752171193178, -0.000465509341492254, -0.0011191681770182926, 0.012482806728845334, 0.9349609874356388, 1.021586462698648, 0.0014688081450138224, 17.440000534057617, -0.005700987146387504, 1.0, 0.0, 0.011014573535345629, 0.020423926938890058, 0.00984174767384327, 0.04072873068944283, -0.04995605753872614, 0.24885982934251877, 2.0, 6.0, 0.0, -0.0014998349928206922, 0.0017317975771098393, 0.6510363460749647, 0.005384997640472694], "scale": [0.04231722124274069, 0.0592446878578884, 1.0, 23.71449480136107, 1.4819278019160755, 1.3912217798808317, 0.41563673878534746, 0.0485452139886325, 0.4978113158136204, 0.4326703913221126, 0.01540798926895559, 0.03659542223774026, 0.004037976680621263, 0.41252409563649994, 0.4893214424534933, 0.008681658697091366, 3.7024993896484375, 0.07700496056042691, 1.0, 1.0, 0.07637753300699876, 0.12491841442470208, 0.10946729014965967, 0.1251516519853516, 0.06265919864723624, 0.23995535599661702, 2.0, 7.0, 1.0, 0.026600696375201655, 0.016265865190797146, 0.20111270287538308, 0.04181046658059139], "features": ["SMA20_dist", "SMA50_dist", "sma_cross", "RSI14", "MACD", "MACD_sig", "MACD_hist", "BB_width", "BB_pos", "ATR14", "ret_1d", "ret_5d", "vol_10d", "vol_ratio", "obv_trend", "spy_ret_1d", "vix_level", "vix_change", "vix_regime", "asset_class", "ret_1m", "ret_3m", "ret_6m", "ret_12m", "high52w_dist", "low52w_dist", "day_of_week", "month", "is_options_expiry", "btc_ret_1d", "gold_ret_1d", "corr_spy_20d", "vwap_dist"]}