{"center": [0.011053408715283583, 0.03264392818495396, 1.0, 55.65317519279379, 0.21088861955200144, 0.18865101210980134, 0.009004729465252326, 0.09616294574169304, 0.6348259833762258, 0.5182001495474419, 4.58231979807433e-05, 0.007183104016687425, 0.015825446033649205, 0.721339630742808, 0.9853711574577444, 0.0007044991031190939, 17.610000610351562, -0.005720161498773413, 1.0, 0.0, 0.026015456596904185, 0.07017545271149528, 0.13730933222494657, 0.2539491116971557, -0.07010907759262057, 0.3941626304300225, 2.0, 6.0, 0.0, -0.0003342625487465778, 0.0015263333689308212, 0.4681946120597445, 0.009799645118904668], "scale": [0.0462963268907879, 0.08719685472269682, 1.0, 22.763482462926206, 0.5450451693344149, 0.5883634455335021, 0.15285013267432168, 0.06337383827355253, 0.4603534501954204, 0.2876278042109825, 0.020723722377871456, 0.04860126157030453, 0.006405623818161711, 0.8385674240916585, 0.3197012157193527, 0.00911034456094062, 4.049999237060547, 0.07584800637868583, 1.0, 1.0, 0.0941593589329156, 0.18146117038247223, 0.24890448209235494, 0.4620895604363966, 0.10737457244598732, 0.5202677567679872, 2.0, 6.0, 1.0, 0.02833735654793257, 0.013968898849882505, 0.41379615925607033, 0.04556493809644024], "features": ["SMA20_dist", "SMA50_dist", "sma_cross", "RSI14", "MACD", "MACD_sig", "MACD_hist", "BB_width", "BB_pos", "ATR14", "ret_1d", "ret_5d", "vol_10d", "vol_ratio", "obv_trend", "spy_ret_1d", "vix_level", "vix_change", "vix_regime", "asset_class", "ret_1m", "ret_3m", "ret_6m", "ret_12m", "high52w_dist", "low52w_dist", "day_of_week", "month", "is_options_expiry", "btc_ret_1d", "gold_ret_1d", "corr_spy_20d", "vwap_dist"]}