{"center": [0.001319486007095117, 0.003245134509543315, 1.0, 55.18290596309622, 0.12381965160133745, 0.11536923154182432, -0.0009421450027747996, 0.015145379526366538, 0.6018895010433836, 0.3538142827514871, 9.120202989443271e-05, 0.0004501801019568541, 0.0022789783471866363, 0.9519972919026498, 1.0252426562187709, 0.0007457954974328107, 17.394999504089355, -0.0045668489381236466, 1.0, 0.0, 0.0031666237751247772, 0.00904943453234286, 0.013291830060066623, 0.034815489110954445, -0.008433495192864557, 0.04954461390304794, 2.0, 6.0, 0.0, -0.002245084340248893, 0.0008572162351966339, 0.1691624666541911, 0.0013276127485657852], "scale": [0.007487981876970087, 0.011693659935298077, 1.0, 21.243706872556025, 0.33885078215045183, 0.3062957911903296, 0.10025001213527493, 0.010934028409142465, 0.517579648899565, 0.1227901116809963, 0.003120094441195126, 0.006341898003741991, 0.0010441697815312626, 0.5704079835604331, 0.13556313753667182, 0.009280006436107824, 3.7774996757507324, 0.0821377612904729, 1.0, 1.0, 0.013120440750198442, 0.020563131736399787, 0.028827183902071507, 0.05124894513558503, 0.012468898627415768, 0.032350288789578824, 2.0, 7.0, 1.0, 0.029415408653080205, 0.014902687017671779, 0.48679804360726386, 0.0075078260012160485], "features": ["SMA20_dist", "SMA50_dist", "sma_cross", "RSI14", "MACD", "MACD_sig", "MACD_hist", "BB_width", "BB_pos", "ATR14", "ret_1d", "ret_5d", "vol_10d", "vol_ratio", "obv_trend", "spy_ret_1d", "vix_level", "vix_change", "vix_regime", "asset_class", "ret_1m", "ret_3m", "ret_6m", "ret_12m", "high52w_dist", "low52w_dist", "day_of_week", "month", "is_options_expiry", "btc_ret_1d", "gold_ret_1d", "corr_spy_20d", "vwap_dist"]}