{"center": [0.008877652934051235, 0.02397348103182996, 1.0, 53.403716684057905, 0.76205511706317, 0.6393605711096588, 0.09040216127847334, 0.10871257625429732, 0.5943292830310002, 2.782670130724586, 0.000975896553758071, 0.008849078395820609, 0.01844473015753823, 0.8786456080746604, 0.9911621624894449, 0.0012779770394448775, 17.239999771118164, -0.004632673488730754, 1.0, 0.0, 0.0239557610585579, 0.07011903824307053, 0.10429392034424412, 0.0, -0.09144414169772859, 0.3609499782164113, 2.0, 6.0, 0.0, 0.0003224981011604733, 0.0019383092584315254, 0.23534275038347, 0.011774514241860639], "scale": [0.06445327406076382, 0.10077504323047465, 1.0, 19.058976691155202, 3.059740915667902, 2.944962974077289, 1.0166958261564845, 0.0851844209957284, 0.49712960792737965, 1.0387552160151228, 0.021165507802754613, 0.05916288505434497, 0.008156146653579159, 0.5699377672428882, 0.5028702766352978, 0.008875354386759127, 3.640000343322754, 0.07907520796459344, 1.0, 1.0, 0.10962275128030785, 0.2520004502213773, 0.3379812589539206, 0.4877533233762432, 0.15717015542750945, 0.5193140485182026, 2.0, 7.0, 1.0, 0.0279019356759852, 0.015523160317993168, 0.42522738082502864, 0.06352472915379886], "features": ["SMA20_dist", "SMA50_dist", "sma_cross", "RSI14", "MACD", "MACD_sig", "MACD_hist", "BB_width", "BB_pos", "ATR14", "ret_1d", "ret_5d", "vol_10d", "vol_ratio", "obv_trend", "spy_ret_1d", "vix_level", "vix_change", "vix_regime", "asset_class", "ret_1m", "ret_3m", "ret_6m", "ret_12m", "high52w_dist", "low52w_dist", "day_of_week", "month", "is_options_expiry", "btc_ret_1d", "gold_ret_1d", "corr_spy_20d", "vwap_dist"]}