{"center": [0.005532352338847273, 0.009355917277533278, 1.0, 52.95737134977489, 0.05863395240958624, 0.06271148251482644, 0.0074439294271728546, 0.11986533709994104, 0.5501324008927363, 0.5413477894759756, 0.002955891888674511, 0.005149728781073559, 0.015941501888552954, 0.8669142075434825, 1.0490051139402397, 0.001375843351398398, 17.209999084472656, -0.005579556721748813, 1.0, 0.0, 0.01139347678517777, 0.028866375148806966, 0.007716472775524341, 0.0, -0.10352420211828713, 0.19955096171200062, 2.0, 6.0, 0.0, -0.0007713643170961237, 0.0015753722020723782, 0.2743568320896077, 0.007184326000224113], "scale": [0.05981440260225965, 0.06354957311919891, 1.0, 25.13131772785401, 0.44781320031129823, 0.3634436383073295, 0.20441536988215986, 0.0547405242512133, 0.5278388185509972, 0.18114477501258797, 0.020169117308668105, 0.05326163805455486, 0.005157774962393532, 0.49363253716782185, 0.3898743291323882, 0.008884221500273015, 3.789999008178711, 0.08053643846320191, 1.0, 1.0, 0.114077471874244, 0.11821942296378674, 0.1266197366290992, 0.028194512528837312, 0.06860695756532006, 0.182039519896123, 2.0, 7.0, 1.0, 0.02732452802580554, 0.014155457731975352, 0.6516548573560662, 0.06041292540012662], "features": ["SMA20_dist", "SMA50_dist", "sma_cross", "RSI14", "MACD", "MACD_sig", "MACD_hist", "BB_width", "BB_pos", "ATR14", "ret_1d", "ret_5d", "vol_10d", "vol_ratio", "obv_trend", "spy_ret_1d", "vix_level", "vix_change", "vix_regime", "asset_class", "ret_1m", "ret_3m", "ret_6m", "ret_12m", "high52w_dist", "low52w_dist", "day_of_week", "month", "is_options_expiry", "btc_ret_1d", "gold_ret_1d", "corr_spy_20d", "vwap_dist"]}