{"center": [0.006023362730420668, 0.020212564977907806, 1.0, 55.49888999359874, 1.2855456876826565, 1.1627654082216845, 0.015782958372722256, 0.10283307945839458, 0.5800827831382408, 5.293736183658273, -0.00024350711440246364, 0.003962517300906576, 0.013790227275229838, 0.9405080325447572, 1.033176409066817, 0.0014611171355269903, 17.600000381469727, -0.00790227414327227, 1.0, 0.0, 0.01902740880854714, 0.045322872678854154, 0.029456271836298065, 0.04260347254822516, -0.07102039524131984, 0.3355893179245262, 2.0, 6.0, 0.0, 0.00029724205673309356, 0.0019383092584315254, 0.5283795816664404, 0.006946049596779195], "scale": [0.05472516700826437, 0.08261568222492889, 1.0, 26.513534502099958, 5.6170594625113495, 5.472454580661465, 1.8023342571867034, 0.05491407470349101, 0.5294051024623003, 2.1060573841255454, 0.016815358365345645, 0.048920063768138344, 0.007850565443233183, 0.3500583436462905, 0.2459118135477265, 0.00910389648248977, 3.880000114440918, 0.08161225472332234, 1.0, 1.0, 0.11209780765663602, 0.19576163330565372, 0.14174008791308923, 0.16385979277839824, 0.10078378851449234, 0.3544675641882346, 2.0, 7.0, 1.0, 0.028560027887704453, 0.015333964521222099, 0.2809504309403794, 0.05606822630643766], "features": ["SMA20_dist", "SMA50_dist", "sma_cross", "RSI14", "MACD", "MACD_sig", "MACD_hist", "BB_width", "BB_pos", "ATR14", "ret_1d", "ret_5d", "vol_10d", "vol_ratio", "obv_trend", "spy_ret_1d", "vix_level", "vix_change", "vix_regime", "asset_class", "ret_1m", "ret_3m", "ret_6m", "ret_12m", "high52w_dist", "low52w_dist", "day_of_week", "month", "is_options_expiry", "btc_ret_1d", "gold_ret_1d", "corr_spy_20d", "vwap_dist"]}