{"center": [0.02343827335804372, 0.05652907733010645, 1.0, 54.16722609600826, 0.7423816290414891, 0.689103412676283, -0.006518563946218303, 0.20687042474522893, 0.6181896934629291, 2.1224912425541147, 0.00190062839037064, 0.006345460648104373, 0.03383175597409585, 0.921053874978647, 1.0153824760627252, 0.001375736572713837, 17.440000534057617, -0.007843129677328364, 1.0, 0.0, 0.05804336053141124, 0.06890674513972161, 0.0, 0.0, -0.18620819663925522, 0.882802066647095, 2.0, 6.0, 0.0, -1.9742508661990676e-05, 0.0020187288833615202, 0.8397989752000679, 0.023676385225133965], "scale": [0.09617808710761304, 0.18429093272772928, 1.0, 19.483277808827474, 1.750880592701348, 1.851824949207244, 0.5897411735912979, 0.1380452399503077, 0.4576264812005181, 0.9268823336569543, 0.04327197572777508, 0.10325328103782044, 0.013131777612943554, 0.3834610030520713, 0.2353573807159569, 0.00864481506156023, 4.204999923706055, 0.07554653350351614, 1.0, 1.0, 0.19679603105378812, 0.300661399694671, 0.5228086652770109, 0.1886411939068855, 0.2343388494533432, 1.107329762861769, 2.0, 7.0, 1.0, 0.02508872220555447, 0.014722384745038897, 0.12255913298111965, 0.09448693589139137], "features": ["SMA20_dist", "SMA50_dist", "sma_cross", "RSI14", "MACD", "MACD_sig", "MACD_hist", "BB_width", "BB_pos", "ATR14", "ret_1d", "ret_5d", "vol_10d", "vol_ratio", "obv_trend", "spy_ret_1d", "vix_level", "vix_change", "vix_regime", "asset_class", "ret_1m", "ret_3m", "ret_6m", "ret_12m", "high52w_dist", "low52w_dist", "day_of_week", "month", "is_options_expiry", "btc_ret_1d", "gold_ret_1d", "corr_spy_20d", "vwap_dist"]}