{"center": [0.008485640349892291, 0.0255743610581873, 1.0, 55.23207619700015, 0.5107645873982278, 0.48971522881859075, -0.007186219640360279, 0.09516401649473465, 0.6008066389738154, 1.287227213627855, -0.0006910984218888583, 0.0034456673144493966, 0.013241333334792677, 0.9688467055048198, 0.988416335222974, 0.0014267171117980926, 17.360000610351562, -0.006733946910202238, 1.0, 0.0, 0.0312042818790641, 0.04833171654844626, 0.06679511986520015, 0.03258644670234956, -0.06244329792137327, 0.27323332211889717, 2.0, 6.0, 0.0, 0.00029724205673309356, 0.001992014086009908, 0.5802931038108098, 0.00986401893532341], "scale": [0.04753519241601107, 0.0639360376177937, 1.0, 23.295082191313973, 1.1305120933339339, 1.0519095157756413, 0.4463659188403015, 0.05840420768066902, 0.4961873952978291, 0.2640863141082137, 0.01766932250211939, 0.0423937140761681, 0.004604417142021091, 0.47128069603181666, 0.39783654735769935, 0.008780006594525158, 3.6800003051757812, 0.08113660512621046, 1.0, 1.0, 0.09728484790132674, 0.1410443853606972, 0.13084949428415005, 0.17036455642798898, 0.08857220606765195, 0.1428508802734531, 2.0, 6.0, 1.0, 0.024964095695114263, 0.014405511090913259, 0.3433586997992639, 0.047554759378741145], "features": ["SMA20_dist", "SMA50_dist", "sma_cross", "RSI14", "MACD", "MACD_sig", "MACD_hist", "BB_width", "BB_pos", "ATR14", "ret_1d", "ret_5d", "vol_10d", "vol_ratio", "obv_trend", "spy_ret_1d", "vix_level", "vix_change", "vix_regime", "asset_class", "ret_1m", "ret_3m", "ret_6m", "ret_12m", "high52w_dist", "low52w_dist", "day_of_week", "month", "is_options_expiry", "btc_ret_1d", "gold_ret_1d", "corr_spy_20d", "vwap_dist"]}