{"center": [0.01832227895763372, 0.039838872211943835, 1.0, 55.72650977067748, 0.35908179698411047, 0.273402833714485, -0.009661225617459024, 0.17693091009463344, 0.6206413224198044, 0.9412856468896034, 0.0003725199547307545, 0.004963268164419277, 0.026721357843004723, 0.9519497272727409, 1.036933969837895, 0.0009008441539046785, 17.494999885559082, -0.005700987146387504, 1.0, 0.0, 0.0437640234445732, 0.026195968796976166, 0.039061419825730415, 0.06595042694555331, -0.10861550252073929, 0.70218593861029, 2.0, 6.0, 0.0, 0.0008608689260511948, 0.0012750435385292525, 0.6304856056550937, 0.018674473072926922], "scale": [0.09208007658262266, 0.16555985312971264, 1.0, 28.453237501390667, 1.1029873709104985, 1.0914320971447866, 0.3409230122262264, 0.10523490578721706, 0.5460237372775671, 0.32239803376028364, 0.03525348370647874, 0.07836767695651342, 0.014056879104857024, 0.4315001615645233, 0.3781477885686111, 0.009381291066393876, 4.16749906539917, 0.08144469476397243, 1.0, 1.0, 0.19755250527533194, 0.3683191929169267, 0.2207462739666762, 0.3324964724283302, 0.16064819571169414, 0.38146737881697107, 2.0, 7.0, 1.0, 0.02571447415251024, 0.014382134934394775, 0.31081027438344494, 0.09453561508671218], "features": ["SMA20_dist", "SMA50_dist", "sma_cross", "RSI14", "MACD", "MACD_sig", "MACD_hist", "BB_width", "BB_pos", "ATR14", "ret_1d", "ret_5d", "vol_10d", "vol_ratio", "obv_trend", "spy_ret_1d", "vix_level", "vix_change", "vix_regime", "asset_class", "ret_1m", "ret_3m", "ret_6m", "ret_12m", "high52w_dist", "low52w_dist", "day_of_week", "month", "is_options_expiry", "btc_ret_1d", "gold_ret_1d", "corr_spy_20d", "vwap_dist"]}