{"center": [0.010874868460403045, 0.024813666343880297, 1.0, 57.52290027527437, 0.42473449173692046, 0.4257126463228748, 0.0022534585901508586, 0.05375311641098651, 0.7049690588348665, 0.530862521542014, 0.0011112226391093438, 0.004803110372344932, 0.008063150610930301, 0.9879344344238334, 1.01919079645005, 0.0006645767739816844, 17.440000534057617, -0.006606896521132111, 1.0, 0.0, 0.020444733200281395, 0.05777409218282015, 0.1345605780038196, 0.18117720769026058, -0.015738442027423846, 0.29198951041855076, 2.0, 6.0, 0.0, 8.154757069173124e-05, 0.0020691449988656796, 0.7764390429556818, 0.012047829143849447], "scale": [0.02307377495697618, 0.03955404435979951, 1.0, 19.425600422557707, 0.5476137880171983, 0.4574463352330742, 0.1815907649236892, 0.02579486882351832, 0.40190603009085324, 0.29654833496816446, 0.010878458922158302, 0.02357663645900368, 0.004065043824011634, 0.3700846070813004, 0.38869855795180186, 0.00894341831737594, 3.54500150680542, 0.08293245666461574, 1.0, 1.0, 0.048535013476048106, 0.05778560474356875, 0.1563713819981089, 0.2893007343739148, 0.03811877903757141, 0.2591306916845391, 2.0, 7.0, 1.0, 0.027367711351133694, 0.015018691666481426, 0.15793311017201395, 0.02298768637739146], "features": ["SMA20_dist", "SMA50_dist", "sma_cross", "RSI14", "MACD", "MACD_sig", "MACD_hist", "BB_width", "BB_pos", "ATR14", "ret_1d", "ret_5d", "vol_10d", "vol_ratio", "obv_trend", "spy_ret_1d", "vix_level", "vix_change", "vix_regime", "asset_class", "ret_1m", "ret_3m", "ret_6m", "ret_12m", "high52w_dist", "low52w_dist", "day_of_week", "month", "is_options_expiry", "btc_ret_1d", "gold_ret_1d", "corr_spy_20d", "vwap_dist"]}