{"center": [0.008989097433474898, 0.030622401153873664, 1.0, 56.11512173434565, 0.17729479333053888, 0.17870206625392776, -0.001033995989341091, 0.07940231772100277, 0.6276229573924142, 0.2400676500567176, 0.0006886394883616198, 0.005696095573348492, 0.011410682165583538, 0.7860073418268193, 1.0559955286513385, 0.0016184868692048493, 17.479999542236328, -0.006670313141271755, 1.0, 0.0, 0.026327930940763355, 0.08333340654953836, 0.174973520702856, 0.12763512351353756, -0.03668982880905015, 0.3829657012339132, 2.0, 6.0, 0.0, -9.567341618454961e-05, 0.001677776649860796, 0.6159006240325327, 0.008757328345359932], "scale": [0.040958360256039765, 0.06969813014574983, 1.0, 22.73546440000434, 0.4207380016904665, 0.3867067418013915, 0.09482439458492085, 0.04044124155249628, 0.5034884808701239, 0.12019916219655535, 0.015948700257885307, 0.0321912289587849, 0.0054390257886697616, 0.7079440587262028, 0.22872081846767123, 0.008882878355039814, 3.7400007247924805, 0.08184049878671373, 1.0, 1.0, 0.08992416166218314, 0.12223356145197295, 0.2732171070531709, 0.452272022755017, 0.0869835378795481, 0.45167266891920616, 2.0, 7.0, 1.0, 0.028185874352056384, 0.01572122736630671, 0.23617422206273464, 0.040274181592653856], "features": ["SMA20_dist", "SMA50_dist", "sma_cross", "RSI14", "MACD", "MACD_sig", "MACD_hist", "BB_width", "BB_pos", "ATR14", "ret_1d", "ret_5d", "vol_10d", "vol_ratio", "obv_trend", "spy_ret_1d", "vix_level", "vix_change", "vix_regime", "asset_class", "ret_1m", "ret_3m", "ret_6m", "ret_12m", "high52w_dist", "low52w_dist", "day_of_week", "month", "is_options_expiry", "btc_ret_1d", "gold_ret_1d", "corr_spy_20d", "vwap_dist"]}