{"center": [0.005901917458344824, 0.02032804748396356, 1.0, 54.50515234394678, 6.76693833048796, 6.0559161551903715, -0.5506116418027016, 0.08958251428398466, 0.58842856756162, 20.61121432734129, 0.00022485185476828207, 0.004118540616075528, 0.013097903020881494, 0.9692710814673654, 1.0445578991273738, 0.0015704538117717881, 17.280000686645508, -0.006658632403358511, 1.0, 0.0, 0.018538705824870716, 0.01795068550154122, 0.02725074396919691, 0.03114939132483152, -0.07105155060355878, 0.30805467195133723, 2.0, 6.0, 0.0, -0.0003109860024155253, 0.0019715725978484144, 0.6765029260506017, 0.007126940655776076], "scale": [0.04369190461222516, 0.07663632700924902, 1.0, 22.43421478617354, 21.089197713513386, 19.586152574685464, 6.245878496325428, 0.05112635679031806, 0.5151892328643617, 6.014600286615018, 0.014663909241930506, 0.04304688404619372, 0.007200920518864692, 0.40116673560309946, 0.20623500437886233, 0.008658880619311193, 4.440000534057617, 0.0772728430066355, 1.0, 1.0, 0.08021202938976857, 0.17636009655423068, 0.17539238687356806, 0.16672241914395847, 0.09278036611464033, 0.12982721787919335, 2.0, 7.0, 1.0, 0.02589563634301484, 0.01382361505998908, 0.312144149888596, 0.0444566085299795], "features": ["SMA20_dist", "SMA50_dist", "sma_cross", "RSI14", "MACD", "MACD_sig", "MACD_hist", "BB_width", "BB_pos", "ATR14", "ret_1d", "ret_5d", "vol_10d", "vol_ratio", "obv_trend", "spy_ret_1d", "vix_level", "vix_change", "vix_regime", "asset_class", "ret_1m", "ret_3m", "ret_6m", "ret_12m", "high52w_dist", "low52w_dist", "day_of_week", "month", "is_options_expiry", "btc_ret_1d", "gold_ret_1d", "corr_spy_20d", "vwap_dist"]}