{"center": [0.009988446409475975, 0.02671348456529662, 1.0, 57.19189965901912, 0.4002418139708901, 0.3841635628171475, 0.008456585248761181, 0.09749843849237695, 0.6369005936137625, 0.9562898384033749, 0.00033684220452767644, 0.006888567896446651, 0.012281273438599347, 0.9205553191441125, 1.0192116972403031, 0.0006584720605288252, 17.38499927520752, -0.0029360086450138656, 1.0, 0.0, 0.01910134272129338, 0.07412314873944814, 0.036479668947471455, 0.15106957991048842, -0.039689986757421095, 0.3268172969417669, 2.0, 6.0, 0.0, -0.0007965467490635425, 0.0019992124197031336, 0.5136550981257508, 0.01219363187548008], "scale": [0.04715943785371839, 0.06386984276754533, 1.0, 28.7458574544699, 0.9165045360138837, 0.8788669395882113, 0.33699742316288467, 0.05792505463624234, 0.4782833351101537, 0.3050816958821343, 0.0144603813390069, 0.04209375639807733, 0.005503898061751491, 0.3739054436763327, 0.21007123054381038, 0.00919211679689838, 4.037499904632568, 0.08084421241594691, 1.0, 1.0, 0.10079608340676535, 0.143319313921067, 0.1751814868225653, 0.24611911259489333, 0.06813239835454621, 0.2523405004611069, 2.0, 7.0, 1.0, 0.02660754025777859, 0.014360408905907035, 0.3455018346919315, 0.047870198312503005], "features": ["SMA20_dist", "SMA50_dist", "sma_cross", "RSI14", "MACD", "MACD_sig", "MACD_hist", "BB_width", "BB_pos", "ATR14", "ret_1d", "ret_5d", "vol_10d", "vol_ratio", "obv_trend", "spy_ret_1d", "vix_level", "vix_change", "vix_regime", "asset_class", "ret_1m", "ret_3m", "ret_6m", "ret_12m", "high52w_dist", "low52w_dist", "day_of_week", "month", "is_options_expiry", "btc_ret_1d", "gold_ret_1d", "corr_spy_20d", "vwap_dist"]}