{"center": [0.005788984595682722, 0.01460633324068034, 1.0, 51.85796967246938, 0.21136384270381825, 0.17529518893865859, 0.004035697763446616, 0.10887989457360048, 0.5744646243396274, 0.8104000321863359, 0.0010350456214914816, 0.001124747117090319, 0.015191555864971824, 0.9149250706974345, 1.0143761907074929, 0.0013668916477928006, 17.860000610351562, -0.00615351204657788, 1.0, 0.0, 0.02032458097820644, 0.06889875394629419, 0.08971043958486291, 0.0, -0.10508241897990361, 0.27586721326035546, 2.0, 5.0, 0.0, 0.0015566000765077082, 0.001423505566895189, 0.1662713445829568, 0.006068511645261553], "scale": [0.05538874719763015, 0.08805312651629002, 1.0, 21.836481282983122, 1.097794333528329, 1.0660419566811963, 0.2820360839522288, 0.06936501298557018, 0.5283813324194542, 0.3901520038950915, 0.021339127724638807, 0.0497084632346024, 0.005707669569113992, 0.4097404623160418, 0.2520494411059495, 0.009203213228408003, 4.192500114440918, 0.08399506975576942, 1.0, 1.0, 0.12421388333015046, 0.16610701658733448, 0.2463522647804428, 0.42753143898456814, 0.10791528515152349, 0.377355980452219, 2.0, 6.0, 1.0, 0.028699872510076718, 0.016286036597796177, 0.33553222975747626, 0.053089157742003526], "features": ["SMA20_dist", "SMA50_dist", "sma_cross", "RSI14", "MACD", "MACD_sig", "MACD_hist", "BB_width", "BB_pos", "ATR14", "ret_1d", "ret_5d", "vol_10d", "vol_ratio", "obv_trend", "spy_ret_1d", "vix_level", "vix_change", "vix_regime", "asset_class", "ret_1m", "ret_3m", "ret_6m", "ret_12m", "high52w_dist", "low52w_dist", "day_of_week", "month", "is_options_expiry", "btc_ret_1d", "gold_ret_1d", "corr_spy_20d", "vwap_dist"]}