{"center": [0.0168614270688994, 0.025203781060305606, 1.0, 55.89722440188112, 1.0735982190038413, 0.942514527051882, 0.23066596000063821, 0.12199305890489823, 0.6466980874576385, 3.404130106669271, 0.0015182522893224526, 0.01245375662189363, 0.017516787462523886, 0.9382610539036901, 1.0190953613941325, 0.0005686124327104469, 17.479999542236328, -0.0036643597696923713, 1.0, 0.0, 0.03349310143087014, 0.028124910901751843, 0.05017881910465505, 0.0, -0.09677153360183044, 0.3663053063941638, 2.0, 6.0, 0.0, -0.0008264678561502592, 0.000748780548875283, 0.19203458746201454, 0.015170968164310258], "scale": [0.0575642938577254, 0.07731283467440875, 1.0, 24.321453605386253, 2.7698748693066833, 2.45188735197759, 1.2393562736070156, 0.069403358851607, 0.49368768526091883, 1.361465823464599, 0.021636792456814657, 0.054829651936889046, 0.006060107427023944, 0.4300837172427263, 0.6480982749959461, 0.008901246356140036, 4.059999465942383, 0.07814638779490402, 1.0, 1.0, 0.09989095108980689, 0.1799462829158418, 0.24549516693218432, 0.24763651408986764, 0.09748566622973764, 0.4516002248835943, 2.0, 7.0, 1.0, 0.028353799010819303, 0.016080447313794932, 0.5576894380670295, 0.05856702876267461], "features": ["SMA20_dist", "SMA50_dist", "sma_cross", "RSI14", "MACD", "MACD_sig", "MACD_hist", "BB_width", "BB_pos", "ATR14", "ret_1d", "ret_5d", "vol_10d", "vol_ratio", "obv_trend", "spy_ret_1d", "vix_level", "vix_change", "vix_regime", "asset_class", "ret_1m", "ret_3m", "ret_6m", "ret_12m", "high52w_dist", "low52w_dist", "day_of_week", "month", "is_options_expiry", "btc_ret_1d", "gold_ret_1d", "corr_spy_20d", "vwap_dist"]}