{"center": [0.008928249417198435, 0.023862501452908316, 1.0, 58.19666597006768, 0.3031416024560656, 0.28468550065249754, 0.0020767469560500906, 0.051843329932625255, 0.7043214189635795, 0.46746798090022984, -0.00023278551568151062, 0.0023775596730559734, 0.007564582122218459, 0.9622430741733691, 1.0146064746492358, 0.0007607465456698215, 17.479999542236328, -0.006670313141271755, 1.0, 0.0, 0.023930714732132596, 0.046759826378332425, 0.052733435323526034, 0.047954882090630147, -0.018415702488387434, 0.19014830497105314, 2.0, 6.0, 0.0, -0.0008264678561502592, 0.0014259144001700363, 0.7980275872292077, 0.009351674809374655], "scale": [0.023289835951213995, 0.04077535579921233, 1.0, 20.409015227291796, 0.47564949889479635, 0.37993139665120185, 0.13786303193967758, 0.029879114986408536, 0.4478779661840565, 0.16589459805897994, 0.01027953034993101, 0.02236765937805918, 0.002713480441756418, 0.4254055135476228, 0.5504215835116585, 0.008873393078087433, 4.220001220703125, 0.08131884338400652, 1.0, 1.0, 0.05033327767891971, 0.07437457737751574, 0.13583539161468394, 0.1688657791547623, 0.043712199072708416, 0.2128024715171229, 2.0, 7.0, 1.0, 0.027655679774555075, 0.01475220720764836, 0.14772900261570354, 0.023269660959534158], "features": ["SMA20_dist", "SMA50_dist", "sma_cross", "RSI14", "MACD", "MACD_sig", "MACD_hist", "BB_width", "BB_pos", "ATR14", "ret_1d", "ret_5d", "vol_10d", "vol_ratio", "obv_trend", "spy_ret_1d", "vix_level", "vix_change", "vix_regime", "asset_class", "ret_1m", "ret_3m", "ret_6m", "ret_12m", "high52w_dist", "low52w_dist", "day_of_week", "month", "is_options_expiry", "btc_ret_1d", "gold_ret_1d", "corr_spy_20d", "vwap_dist"]}