{"center": [-0.004128458962229096, -0.011008798883442401, 0.0, 46.863274371095905, -0.5856063361027282, -0.5975240755897615, 0.014452597749658569, 0.07152298250590942, 0.4334452497949475, 2.3345547349768276, 0.00046757823829746137, -0.0012034640638122207, 0.010674676861868385, 0.940936750948716, 0.9988281606028712, 0.001376057202634895, 17.200000762939453, -0.008114863341212808, 1.0, 0.0, -0.012212285996411887, -0.01760998992934948, -0.020845013842272442, -0.024955361148085498, -0.09999392446545245, 0.05108530681662945, 2.0, 7.0, 0.0, 0.0008420581944230676, 0.001992014086009908, 0.005038526597116189, -0.003200097355291822], "scale": [0.03606444937370483, 0.04026207045597538, 1.0, 23.537744808608444, 1.6718962787451517, 1.6210692016819612, 0.8314317964842681, 0.028511344983541756, 0.5078553628230875, 0.5787035776090561, 0.013609090047331462, 0.033801436612282854, 0.0044602055579454885, 0.3001786684341724, 0.25172899638378265, 0.008637130401377924, 3.909998893737793, 0.07795304666244418, 1.0, 1.0, 0.0594615045329, 0.055329083639724774, 0.054498461436973566, 0.0856360695628322, 0.07772067875836591, 0.04725070763002155, 2.0, 7.0, 1.0, 0.026851356968326856, 0.013634185134854482, 0.5611000385243436, 0.03525279121030547], "features": ["SMA20_dist", "SMA50_dist", "sma_cross", "RSI14", "MACD", "MACD_sig", "MACD_hist", "BB_width", "BB_pos", "ATR14", "ret_1d", "ret_5d", "vol_10d", "vol_ratio", "obv_trend", "spy_ret_1d", "vix_level", "vix_change", "vix_regime", "asset_class", "ret_1m", "ret_3m", "ret_6m", "ret_12m", "high52w_dist", "low52w_dist", "day_of_week", "month", "is_options_expiry", "btc_ret_1d", "gold_ret_1d", "corr_spy_20d", "vwap_dist"]}