{"center": [0.007082864630758179, 0.02095860034246563, 1.0, 55.16030778611944, 0.6820513065325713, 0.7298381306252781, -0.03279752047873674, 0.05630623531313614, 0.6356404886331934, 1.5073109587981222, 8.53013802308844e-05, 0.0024240006843982975, 0.009233999103887648, 0.7142508659803873, 0.9958944644987373, 0.0013759501300831811, 17.610000610351562, -0.005579556721748813, 1.0, 0.0, 0.016930912717710633, 0.03845980617428202, 0.05246346000921376, 0.062922892931361, -0.02477194682819961, 0.2461012764087935, 2.0, 6.0, 0.0, 0.0008420581944230676, 0.0020516615880092903, 0.7190087900132922, 0.008452319426113053], "scale": [0.030914869754814785, 0.04114640357505108, 1.0, 23.510792923564473, 1.6082489904218065, 1.4007088239070595, 0.49347569293445287, 0.04482524218114485, 0.5200311101064775, 0.4468051825519572, 0.011253920407365114, 0.0272444805596484, 0.003869889499322777, 0.6615655596917323, 0.2070850042740936, 0.008849625688256202, 4.089999198913574, 0.08272868914466569, 1.0, 1.0, 0.06687896550047201, 0.0817794933608118, 0.10536337555337394, 0.16166453733034825, 0.044575243084403166, 0.08618018585181125, 2.0, 7.0, 1.0, 0.026019346635528573, 0.015418633895381062, 0.20750855653740186, 0.0306649728849453], "features": ["SMA20_dist", "SMA50_dist", "sma_cross", "RSI14", "MACD", "MACD_sig", "MACD_hist", "BB_width", "BB_pos", "ATR14", "ret_1d", "ret_5d", "vol_10d", "vol_ratio", "obv_trend", "spy_ret_1d", "vix_level", "vix_change", "vix_regime", "asset_class", "ret_1m", "ret_3m", "ret_6m", "ret_12m", "high52w_dist", "low52w_dist", "day_of_week", "month", "is_options_expiry", "btc_ret_1d", "gold_ret_1d", "corr_spy_20d", "vwap_dist"]}