{"center": [-0.00021595614440817233, 0.0008220561276451076, 1.0, 50.351581393968864, 0.40844589765279693, 0.35844055013554904, -0.04053198914317413, 0.06383448343849041, 0.49697788338428106, 4.741381993414867, 0.0006425964020957409, -3.38904959466535e-05, 0.010012127973157935, 0.9577678197191695, 1.015923162278293, 0.0014439794792905358, 17.440000534057617, -0.005700987146387504, 1.0, 0.0, 0.00285230377099277, 0.013989222534421475, 0.02837449204226039, 0.0, -0.04564374321167102, 0.17566684315726994, 2.0, 6.0, 0.0, 0.0007781713812019531, 0.0018822380957075335, 0.16655468083487562, 0.000936025878809039], "scale": [0.035072820983727354, 0.05481679651143454, 1.0, 25.375489344719206, 4.4345782303226144, 4.16139413810568, 1.440994025479342, 0.029205362992648656, 0.5463349021388761, 1.0171330132151741, 0.012285864566765087, 0.029889144872577933, 0.004069946335721731, 0.3888774946449354, 0.160611306440823, 0.008870925150758213, 4.219998836517334, 0.07867883623964517, 1.0, 1.0, 0.06239993775564395, 0.07762838564722796, 0.06605362743435822, 0.08151498507388194, 0.05293873893137044, 0.11761817590465984, 2.0, 7.0, 1.0, 0.026254285439503255, 0.014660551626768575, 0.4590608233826139, 0.03414125601033524], "features": ["SMA20_dist", "SMA50_dist", "sma_cross", "RSI14", "MACD", "MACD_sig", "MACD_hist", "BB_width", "BB_pos", "ATR14", "ret_1d", "ret_5d", "vol_10d", "vol_ratio", "obv_trend", "spy_ret_1d", "vix_level", "vix_change", "vix_regime", "asset_class", "ret_1m", "ret_3m", "ret_6m", "ret_12m", "high52w_dist", "low52w_dist", "day_of_week", "month", "is_options_expiry", "btc_ret_1d", "gold_ret_1d", "corr_spy_20d", "vwap_dist"]}