{"center": [0.004813631448748534, 0.013147994134311695, 1.0, 54.75864389761449, 0.22088739836395632, 0.23159401802550356, -0.007260229604898638, 0.04894984862824989, 0.626531805799654, 0.6607946998424943, -0.00017478855584585062, 0.0010129836460558428, 0.007277357257906685, 0.9492208732240124, 0.9634768257291372, 0.000564447547122704, 17.5600004196167, -0.007856395917702375, 1.0, 0.0, 0.01414282357195773, 0.026371070869738333, 0.03940774430957239, 0.0, -0.03997726957509907, 0.179408887844494, 2.0, 6.0, 0.0, 0.0007781713812019531, 0.001865606425999089, 0.6442807913611921, 0.005043715264913569], "scale": [0.021383499871630254, 0.03583506723448989, 1.0, 19.651585508732516, 0.5540564669902484, 0.47234851451312976, 0.1842364373061598, 0.028932990176580256, 0.4583461119607737, 0.16145036027622417, 0.010812569834212943, 0.020523554989886228, 0.00304822073100648, 0.2919894544326058, 0.8240240569198183, 0.008866466478599427, 3.7950005531311035, 0.07757974066920487, 1.0, 1.0, 0.04098964969910304, 0.07338594863488171, 0.10520901460358217, 0.09606046241286709, 0.053314620637888596, 0.15344445367281628, 2.0, 7.0, 1.0, 0.029101282167053794, 0.014725000127634696, 0.24027047353049313, 0.021606814614584784], "features": ["SMA20_dist", "SMA50_dist", "sma_cross", "RSI14", "MACD", "MACD_sig", "MACD_hist", "BB_width", "BB_pos", "ATR14", "ret_1d", "ret_5d", "vol_10d", "vol_ratio", "obv_trend", "spy_ret_1d", "vix_level", "vix_change", "vix_regime", "asset_class", "ret_1m", "ret_3m", "ret_6m", "ret_12m", "high52w_dist", "low52w_dist", "day_of_week", "month", "is_options_expiry", "btc_ret_1d", "gold_ret_1d", "corr_spy_20d", "vwap_dist"]}