{"center": [0.008406856091351453, 0.021621229297083634, 1.0, 57.01407449989406, 0.340021483180557, 0.3672856652712203, 0.00733339113148697, 0.05963026256608784, 0.6560651345654156, 0.6670717939366744, 0.0003712362724702656, 0.003538624974286475, 0.009263787728309726, 0.7643416876029347, 1.0006770261975586, 0.0005583873940218087, 17.440000534057617, -0.005254864671583648, 1.0, 0.0, 0.020409363906970124, 0.05887999226261276, 0.09278731354116077, 0.08915142080744842, -0.02093076872528069, 0.2619547564163719, 2.0, 6.0, 0.0, -0.0002701146200822513, 0.000607837212761364, 0.6929840880518264, 0.008152350843690676], "scale": [0.02847399869256482, 0.04370138887219953, 1.0, 19.535300311783132, 0.6127694155699626, 0.5647979747194114, 0.2153550204674988, 0.04391227395053264, 0.44984506177246986, 0.2217887702890199, 0.01311912651179159, 0.027651495976178303, 0.0031287007954251024, 0.45378436757223617, 0.13728038435159085, 0.009017761892906678, 4.0450005531311035, 0.07712634515076117, 1.0, 1.0, 0.05287837159033379, 0.07958180177671931, 0.1423137728276419, 0.22514025442692792, 0.049515774005879754, 0.17039415654796047, 2.0, 7.0, 1.0, 0.027251539955569393, 0.015224492837025178, 0.2231912577541466, 0.028444770135520457], "features": ["SMA20_dist", "SMA50_dist", "sma_cross", "RSI14", "MACD", "MACD_sig", "MACD_hist", "BB_width", "BB_pos", "ATR14", "ret_1d", "ret_5d", "vol_10d", "vol_ratio", "obv_trend", "spy_ret_1d", "vix_level", "vix_change", "vix_regime", "asset_class", "ret_1m", "ret_3m", "ret_6m", "ret_12m", "high52w_dist", "low52w_dist", "day_of_week", "month", "is_options_expiry", "btc_ret_1d", "gold_ret_1d", "corr_spy_20d", "vwap_dist"]}