{"center": [0.01500379508399985, 0.04314429525846993, 1.0, 60.23223085914571, 0.330692785154028, 0.31841655449247364, 0.001003986280578073, 0.07478940112505474, 0.7039260799913707, 0.3826781359410794, 0.0013858031827189699, 0.00602137693251148, 0.010002911666369633, 0.6546329723225031, 0.9998029994595113, 0.0004803706386860007, 17.610000610351562, -0.006670313141271755, 1.0, 0.0, 0.03550805058189943, 0.08900704413155602, 0.19820666761611627, 0.3904986559606003, -0.02656775481250411, 0.4771429224820583, 2.0, 6.0, 0.0, -0.0023550097882448773, 0.0015263333689308212, 0.5732068309478631, 0.01447197843585688], "scale": [0.04201441572546039, 0.07323592511563733, 1.0, 25.211499761265024, 0.630690149646842, 0.5870104212682097, 0.13064314771351526, 0.0701531594281102, 0.4870214723518615, 0.27090109702584564, 0.014765521977229135, 0.03364876446897058, 0.006221088678354348, 0.7475199123599614, 0.20203669219906484, 0.008964928440721054, 4.25, 0.08032257417532673, 1.0, 1.0, 0.08079764115593568, 0.1758742464913643, 0.2164409038809063, 0.517142269877702, 0.050146546458277964, 0.48115210571357225, 2.0, 7.0, 1.0, 0.026651171048264533, 0.01586739525147074, 0.33036932815177655, 0.04007157625743227], "features": ["SMA20_dist", "SMA50_dist", "sma_cross", "RSI14", "MACD", "MACD_sig", "MACD_hist", "BB_width", "BB_pos", "ATR14", "ret_1d", "ret_5d", "vol_10d", "vol_ratio", "obv_trend", "spy_ret_1d", "vix_level", "vix_change", "vix_regime", "asset_class", "ret_1m", "ret_3m", "ret_6m", "ret_12m", "high52w_dist", "low52w_dist", "day_of_week", "month", "is_options_expiry", "btc_ret_1d", "gold_ret_1d", "corr_spy_20d", "vwap_dist"]}