{"center": [0.001006084896479688, 0.003340424077797881, 1.0, 53.91352709224469, 0.11866867887082577, 0.12613619524870423, -0.006102136223081561, 0.013229340232791376, 0.5947502333478825, 0.3111739787517135, 0.00012633421693275526, 0.00021043924613384224, 0.0019525651816906765, 0.890293726924146, 1.024456642583329, 0.0018223369761131147, 17.635000228881836, -0.009640895366577473, 1.0, 0.0, 0.0034910265909001703, 0.010109024439762915, 0.018718511906303026, 0.033408552287586546, -0.006553757698818424, 0.05248448744904152, 2.0, 6.0, 0.0, -0.000165364255538758, 0.0016024120815585352, -0.04401688462173583, 0.001123144997816919], "scale": [0.006584358972510834, 0.010380887226866293, 1.0, 23.41360905453554, 0.3308789984079006, 0.3041321317019872, 0.103148682537682, 0.00838549949005933, 0.5125100734372271, 0.09997066108829672, 0.002694342970188779, 0.005547216438643171, 0.0007627938826466828, 0.5280886389098055, 0.22381066416527295, 0.008865350734419436, 4.114999771118164, 0.08238270420492014, 1.0, 1.0, 0.01082933968784805, 0.01862356781732849, 0.03268615647959089, 0.054987669194653976, 0.01469742541338075, 0.028871255469259734, 2.0, 7.0, 1.0, 0.02761087764088263, 0.014021326642082332, 0.5889340177033553, 0.006547674136759621], "features": ["SMA20_dist", "SMA50_dist", "sma_cross", "RSI14", "MACD", "MACD_sig", "MACD_hist", "BB_width", "BB_pos", "ATR14", "ret_1d", "ret_5d", "vol_10d", "vol_ratio", "obv_trend", "spy_ret_1d", "vix_level", "vix_change", "vix_regime", "asset_class", "ret_1m", "ret_3m", "ret_6m", "ret_12m", "high52w_dist", "low52w_dist", "day_of_week", "month", "is_options_expiry", "btc_ret_1d", "gold_ret_1d", "corr_spy_20d", "vwap_dist"]}