{"center": [0.0079596692273747, 0.023369380852207564, 1.0, 53.98032546051447, 0.5906804231958915, 0.5275838081461541, -0.008574169757650157, 0.09011653666252004, 0.6017743543169846, 2.2798153925542524, 0.0003871937887165444, 0.0038235454292077087, 0.015439013639429865, 0.9427742700536763, 1.0380636710488473, 0.0011859504798774623, 17.329999923706055, -0.006664472772315133, 1.0, 0.0, 0.021458195039976036, 0.04819496515194488, 0.0027105231670817576, 0.0, -0.05825798027330953, 0.28786003643603325, 2.0, 6.0, 0.0, -0.0015742310644737412, 0.00057764877057076, 0.5984758007877328, 0.010529863805844596], "scale": [0.0456427085655481, 0.08461473364415018, 1.0, 20.346643565766115, 2.060019357126226, 1.9752136533169509, 0.5545012909993288, 0.05028257571427398, 0.4968143198481194, 1.230157215043834, 0.02053464728829324, 0.04658235787604423, 0.005892477876907241, 0.35222458231071874, 0.2785157829703999, 0.008477529715763904, 3.4049997329711914, 0.08050654524547532, 1.0, 1.0, 0.08290065498972798, 0.19645871492381614, 0.379226281366553, 0.36963323457756236, 0.12069312548676674, 0.6415696666346492, 2.0, 6.0, 1.0, 0.027007335485043776, 0.014753333647907818, 0.20864578647663035, 0.04590190969948542], "features": ["SMA20_dist", "SMA50_dist", "sma_cross", "RSI14", "MACD", "MACD_sig", "MACD_hist", "BB_width", "BB_pos", "ATR14", "ret_1d", "ret_5d", "vol_10d", "vol_ratio", "obv_trend", "spy_ret_1d", "vix_level", "vix_change", "vix_regime", "asset_class", "ret_1m", "ret_3m", "ret_6m", "ret_12m", "high52w_dist", "low52w_dist", "day_of_week", "month", "is_options_expiry", "btc_ret_1d", "gold_ret_1d", "corr_spy_20d", "vwap_dist"]}