{"center": [-0.00022826361569828487, 0.005880503892773782, 1.0, 49.07974849920678, 0.015319848966726113, 0.05002176797427077, -0.020521193725982156, 0.17500151686058768, 0.4990491970117497, 0.4882141521998814, -0.0006020607173008452, 0.0046604322696965905, 0.023550861171053136, 0.9473665340128795, 1.0005866531832086, 0.0009012828881442836, 17.690000534057617, -0.007843129677328364, 1.0, 0.0, -0.005828530155244871, 0.0, 0.0, 0.0, -0.17558212092962178, 0.3378906362777346, 2.0, 6.0, 0.0, -0.00022924323774897726, 0.0019763991077348386, 0.52245911301285, -0.003840891454710592], "scale": [0.0940814579992672, 0.12410779895088403, 1.0, 29.313766438231198, 0.5259918135597381, 0.5131531427507363, 0.19671934284329895, 0.1066900002327901, 0.5344425648473403, 0.1324285779680524, 0.028837270530472914, 0.06833308942036642, 0.012896758452734317, 0.4936423308504221, 0.2179412185978019, 0.00897842046732178, 4.260000228881836, 0.0837650673713507, 1.0, 1.0, 0.1668172870681187, 0.27044118316115406, 0.3817405890676987, 0.12761505608323165, 0.19060125978178644, 0.37329295500128384, 2.0, 7.0, 1.0, 0.029385201932013105, 0.014943937569420918, 0.26894288206494066, 0.09079271601848653], "features": ["SMA20_dist", "SMA50_dist", "sma_cross", "RSI14", "MACD", "MACD_sig", "MACD_hist", "BB_width", "BB_pos", "ATR14", "ret_1d", "ret_5d", "vol_10d", "vol_ratio", "obv_trend", "spy_ret_1d", "vix_level", "vix_change", "vix_regime", "asset_class", "ret_1m", "ret_3m", "ret_6m", "ret_12m", "high52w_dist", "low52w_dist", "day_of_week", "month", "is_options_expiry", "btc_ret_1d", "gold_ret_1d", "corr_spy_20d", "vwap_dist"]}