{"center": [0.011669549992248444, 0.022474736403818175, 1.0, 58.100248029905295, 0.18610003882250936, 0.19121373338010592, 0.007387087337624609, 0.08533815963758122, 0.6455692700231819, 0.439628277533568, 0.00028293086875952334, 0.006356969677486335, 0.010613740067987158, 0.7958921694480102, 1.0719858877807178, 0.0005050065539069504, 17.479999542236328, -0.004632673488730754, 1.0, 0.0, 0.02052709068465619, 0.07447638359175834, 0.18948570381763363, 0.04347905796882201, -0.05035930224032559, 0.40479974908579003, 2.0, 6.0, 0.0, -0.0008264678561502592, 0.0020569789010425055, 0.3349383285098817, 0.011022940578385898], "scale": [0.04546953793662832, 0.0784940519803444, 1.0, 30.80597465437092, 0.8061972203959655, 0.700525006640844, 0.2159815674839427, 0.06084873836349073, 0.5393876991967197, 0.4190773888898039, 0.013756270805788895, 0.038768139291214476, 0.0041042838954570525, 0.8743423448808505, 0.6864789296015752, 0.009568795743119862, 3.759998321533203, 0.08116395488833139, 1.0, 1.0, 0.09552652651077753, 0.17578842508239934, 0.2883583520643882, 0.459465402636954, 0.11948890621832033, 0.5623985745669804, 2.0, 7.0, 1.0, 0.027885508042820972, 0.016327736096666823, 0.42959532752767543, 0.04173317910970923], "features": ["SMA20_dist", "SMA50_dist", "sma_cross", "RSI14", "MACD", "MACD_sig", "MACD_hist", "BB_width", "BB_pos", "ATR14", "ret_1d", "ret_5d", "vol_10d", "vol_ratio", "obv_trend", "spy_ret_1d", "vix_level", "vix_change", "vix_regime", "asset_class", "ret_1m", "ret_3m", "ret_6m", "ret_12m", "high52w_dist", "low52w_dist", "day_of_week", "month", "is_options_expiry", "btc_ret_1d", "gold_ret_1d", "corr_spy_20d", "vwap_dist"]}