{"center": [-0.0005867421126113337, 0.005860960905288502, 1.0, 50.307821106955004, 0.08288902677882248, 0.10926250374475693, -0.011311233947190719, 0.15131238302521338, 0.4960906897123385, 1.0328574706930005, 0.0008635911379697436, 0.003757408285387731, 0.019709256867680835, 0.9284335938674548, 1.0549232843448746, 0.000408622523593305, 17.360000610351562, -0.004522324550077617, 1.0, 0.0, 0.0036794182681072485, 0.006950397382625484, 0.0, 0.0, -0.18784976829124597, 0.2505333659032013, 2.0, 6.0, 0.0, 0.00038358610925337544, 0.0019404068737312041, 0.10527329802999333, -0.0018237945472935515], "scale": [0.07188252048111149, 0.09372043248084116, 1.0, 22.36115530620402, 0.9331004317638403, 0.8629111491673198, 0.374063989275862, 0.0671757027259439, 0.5094285228304073, 0.4147356645060941, 0.0264521386909351, 0.06909526207674577, 0.0076484165228965055, 0.41222624775527794, 0.9007955002519431, 0.008729443701821604, 3.5, 0.07676386885984987, 1.0, 1.0, 0.11256069456511719, 0.20906648163387798, 0.25397349364915833, 0.1283904447759312, 0.17628610931215533, 0.2622358964511235, 2.0, 7.0, 1.0, 0.026044837856602165, 0.01568817985919224, 0.5327504574878814, 0.07329527993558234], "features": ["SMA20_dist", "SMA50_dist", "sma_cross", "RSI14", "MACD", "MACD_sig", "MACD_hist", "BB_width", "BB_pos", "ATR14", "ret_1d", "ret_5d", "vol_10d", "vol_ratio", "obv_trend", "spy_ret_1d", "vix_level", "vix_change", "vix_regime", "asset_class", "ret_1m", "ret_3m", "ret_6m", "ret_12m", "high52w_dist", "low52w_dist", "day_of_week", "month", "is_options_expiry", "btc_ret_1d", "gold_ret_1d", "corr_spy_20d", "vwap_dist"]}