{"center": [-5.276867097013328e-06, -0.019275802132300287, 0.0, 50.56646621079909, -16.06885438177369, -15.600233361430412, 2.6763717135381206, 0.1954499410268138, 0.4999627375440243, 135.09563337053572, -0.0005851746946151648, 0.0013213225237260762, 0.03162966943485949, 1.0149855038743816, 0.9908721911950759, 0.00039460189702000825, 17.209999084472656, -0.005211721284556381, 1.0, 0.0, -0.012051838632123446, -0.0069534703049710656, -0.006473709016601492, 0.0, -0.33087894793545003, 0.40992532877930155, 3.0, 6.0, 0.0, 0.00046300848627667257, 0.0019763991077348386, 0.3931623751557227, -0.0031315021125684107], "scale": [0.1033192800301482, 0.2121968719270983, 1.0, 25.52946617327595, 135.18704951308746, 141.92297663592333, 43.83121619706377, 0.12523704006498662, 0.5415505176355244, 79.90724400111608, 0.039461914748747606, 0.09678244235747979, 0.014921414297674046, 0.5240768495597424, 0.3821458527795245, 0.009096091325021094, 3.510000228881836, 0.0811200017136996, 1.0, 1.0, 0.2096853410914833, 0.573971478917646, 0.6256845050369652, 0.3533280942094663, 0.34424992897587847, 0.76480489572398, 4.0, 7.0, 1.0, 0.023274956313146022, 0.013973856039295018, 0.2977621659064883, 0.10626830236023149], "features": ["SMA20_dist", "SMA50_dist", "sma_cross", "RSI14", "MACD", "MACD_sig", "MACD_hist", "BB_width", "BB_pos", "ATR14", "ret_1d", "ret_5d", "vol_10d", "vol_ratio", "obv_trend", "spy_ret_1d", "vix_level", "vix_change", "vix_regime", "asset_class", "ret_1m", "ret_3m", "ret_6m", "ret_12m", "high52w_dist", "low52w_dist", "day_of_week", "month", "is_options_expiry", "btc_ret_1d", "gold_ret_1d", "corr_spy_20d", "vwap_dist"]}