{"center": [-0.005241298093601059, -0.01238524967269364, 0.0, 47.119184648793315, -0.5620560428981491, -0.3969027137184867, -0.016569740721858572, 0.0840174329389281, 0.42374932487424055, 2.6431630102404364, -0.0008889222756410797, -0.0032890755859819043, 0.011543813605964535, 0.98419973814763, 0.8057649207302109, 0.0009012287764704752, 17.3799991607666, -0.008114863341212808, 1.0, 0.0, -0.014944535272315318, -0.011818243054017796, 0.0, 0.0, -0.12494273146275443, 0.1189348795874613, 2.0, 6.0, 0.0, -0.00032588834829794244, 0.0014259144001700363, 0.006960993431928611, -0.005441428695137445], "scale": [0.042733255858207635, 0.06872007343428035, 1.0, 25.19530239529739, 2.7519027266874616, 2.5818280181086504, 0.8991164036061345, 0.04517287475423107, 0.5307457883262277, 0.7723437175735786, 0.01681119929202257, 0.03470928558638564, 0.00526454394956264, 0.36758775558220536, 1.1990663368493717, 0.009252263552639473, 3.9200000762939453, 0.083170144059663, 1.0, 1.0, 0.07645210490953602, 0.15490605702387217, 0.1633462789426558, 0.09176225218140766, 0.0989571270616757, 0.14498975615208648, 2.0, 7.0, 1.0, 0.02728461266006571, 0.015314994550478245, 0.36520362369086334, 0.04338403456715772], "features": ["SMA20_dist", "SMA50_dist", "sma_cross", "RSI14", "MACD", "MACD_sig", "MACD_hist", "BB_width", "BB_pos", "ATR14", "ret_1d", "ret_5d", "vol_10d", "vol_ratio", "obv_trend", "spy_ret_1d", "vix_level", "vix_change", "vix_regime", "asset_class", "ret_1m", "ret_3m", "ret_6m", "ret_12m", "high52w_dist", "low52w_dist", "day_of_week", "month", "is_options_expiry", "btc_ret_1d", "gold_ret_1d", "corr_spy_20d", "vwap_dist"]}