{"center": [0.009308531151567274, 0.02645101416140462, 1.0, 55.52283182973563, 0.3606716572628059, 0.3744211526951853, -0.014632671562569644, 0.0579604553685492, 0.6574260090893536, 0.5154371652444537, 0.0008808720226693989, 0.0043514603595371515, 0.008916686995926458, 0.9603547975258252, 1.0292736340193223, 0.0009013320810069558, 17.3799991607666, -0.0012121489553740261, 1.0, 0.0, 0.020971942553432266, 0.045991213951506404, 0.09128594423486125, 0.1786417076628033, -0.02506051791173748, 0.2703470115243273, 2.0, 6.0, 0.0, -0.00151319093281288, 0.0019383092584315254, 0.7077313896300356, 0.010880244958396859], "scale": [0.02869294963676548, 0.04732996552114163, 1.0, 21.458317281095873, 0.62555183127634, 0.6249622607361269, 0.1918901217613299, 0.023732970917969373, 0.4826376866566422, 0.329974869179864, 0.011315178580040386, 0.028272348485164134, 0.006219471300030601, 0.5238453554462972, 0.37730539518987793, 0.009741735408587582, 3.8599987030029297, 0.08441974633635863, 1.0, 1.0, 0.05904489122713441, 0.07379720403184065, 0.12763752789794358, 0.2457959280326354, 0.05256086644267278, 0.24065960322771993, 2.0, 7.0, 1.0, 0.0279084973185878, 0.015080452499673713, 0.34205128031410226, 0.028692626982743507], "features": ["SMA20_dist", "SMA50_dist", "sma_cross", "RSI14", "MACD", "MACD_sig", "MACD_hist", "BB_width", "BB_pos", "ATR14", "ret_1d", "ret_5d", "vol_10d", "vol_ratio", "obv_trend", "spy_ret_1d", "vix_level", "vix_change", "vix_regime", "asset_class", "ret_1m", "ret_3m", "ret_6m", "ret_12m", "high52w_dist", "low52w_dist", "day_of_week", "month", "is_options_expiry", "btc_ret_1d", "gold_ret_1d", "corr_spy_20d", "vwap_dist"]}