{"center": [0.005914150187429984, 0.005940763794363297, 0.0, 50.33661772999458, 0.0722036774473338, -0.0148687393490535, -0.04667548201856109, 0.1305858571145684, 0.5479747952716809, 3.021169491064486, -9.016753544244249e-05, 0.0030918753591377968, 0.02113509052799015, 0.8975143871678707, 0.9384598964333165, 0.002277563042387465, 17.399999618530273, -0.010143202504316884, 1.0, 0.0, 0.0010805586555644453, 0.0006732574160781546, 0.01948777542361313, 0.12668714496484745, -0.13986582047105797, 0.4051063840720112, 2.0, 6.0, 0.0, 0.0010508749979196708, 0.0019715725978484144, 0.377520180873668, 0.0073554786160336645], "scale": [0.07662912515060484, 0.1175147092839447, 1.0, 26.262137027595422, 2.9356510585003406, 3.0818202839201962, 1.1968567842904747, 0.09638290693531146, 0.5700552838905524, 0.9728144779729573, 0.024545153823260613, 0.06182003088865129, 0.011522142381371635, 0.4841434748844139, 0.5334740786958254, 0.009131520231971058, 4.049999237060547, 0.07788352303845714, 1.0, 1.0, 0.13543054642913688, 0.23744108107536188, 0.36000713235931536, 0.3538963824520973, 0.14452189731375542, 0.5094722120069524, 2.0, 7.0, 1.0, 0.02795610710790608, 0.015035529341682397, 0.4193847586113082, 0.07700446494613586], "features": ["SMA20_dist", "SMA50_dist", "sma_cross", "RSI14", "MACD", "MACD_sig", "MACD_hist", "BB_width", "BB_pos", "ATR14", "ret_1d", "ret_5d", "vol_10d", "vol_ratio", "obv_trend", "spy_ret_1d", "vix_level", "vix_change", "vix_regime", "asset_class", "ret_1m", "ret_3m", "ret_6m", "ret_12m", "high52w_dist", "low52w_dist", "day_of_week", "month", "is_options_expiry", "btc_ret_1d", "gold_ret_1d", "corr_spy_20d", "vwap_dist"]}