{"center": [0.00682877156664999, 0.0210715205646331, 1.0, 53.894476111004046, 0.28506570984912116, 0.21733223066594026, -0.01814498179569954, 0.07652530418261566, 0.6121740915607485, 0.7503572191510881, 0.0001909930018251238, 0.0028523999707515957, 0.010992840835743837, 0.8299863647863331, 1.0190770229716262, 0.0008303976471489838, 17.394999504089355, -0.0048289091912665505, 1.0, 0.0, 0.0074303228050506265, 0.03684064280084931, 0.018917500278640698, 0.0, -0.04832166015296539, 0.28686120021971423, 2.0, 6.0, 0.0, 0.00035304210520692436, 0.0017353401217137243, 0.8252274066438317, 0.007295432815008046], "scale": [0.041256805170675474, 0.07671296815686651, 1.0, 25.346161437379095, 1.1701056237368288, 1.0338207049944244, 0.2468309400276643, 0.05263564409843061, 0.5594656693814265, 0.323214054107666, 0.013474558962568856, 0.03420700463374776, 0.005990742345153427, 0.5574762472476327, 0.21582547207072356, 0.008841780928257131, 4.480000257492065, 0.08333744886779948, 1.0, 1.0, 0.08263478059054649, 0.15157510240848412, 0.1511921148813202, 0.1448039148751621, 0.1285285088642134, 0.1948604441959385, 2.0, 7.0, 1.0, 0.02661901292699745, 0.016049053361310683, 0.17962723755139276, 0.043535586478917795], "features": ["SMA20_dist", "SMA50_dist", "sma_cross", "RSI14", "MACD", "MACD_sig", "MACD_hist", "BB_width", "BB_pos", "ATR14", "ret_1d", "ret_5d", "vol_10d", "vol_ratio", "obv_trend", "spy_ret_1d", "vix_level", "vix_change", "vix_regime", "asset_class", "ret_1m", "ret_3m", "ret_6m", "ret_12m", "high52w_dist", "low52w_dist", "day_of_week", "month", "is_options_expiry", "btc_ret_1d", "gold_ret_1d", "corr_spy_20d", "vwap_dist"]}