{"center": [0.007735789463990395, 0.020475674388273135, 1.0, 57.3242707351469, 3.531107042078304, 3.666864934569549, -0.18320817628787278, 0.0492054615934277, 0.6746667884201697, 6.172320042309118, 0.00039546971401771547, 0.0033015049182888445, 0.0076230735399665656, 0.9151787560620084, 1.0273310395434914, 0.0009271290605548099, 17.65000057220459, -0.005118433089179364, 1.0, 0.0, 0.015979024089693428, 0.04596472857469647, 0.0658599474586723, 0.13913603354223925, -0.010160152997690668, 0.2655544768518371, 2.0, 6.0, 0.0, -0.0007965467490635425, 0.0014761238845504288, 0.9997733657693393, 0.008976824235106151], "scale": [0.023012097794992362, 0.03507388211029358, 1.0, 22.824573404108023, 5.151670463034975, 4.8075109526357265, 1.5397432210528845, 0.0312671469084566, 0.4404124715371962, 2.9746604626128583, 0.00900624413481968, 0.022197503034707827, 0.004253049919252288, 0.5166517210394741, 0.2186616613874386, 0.009072441260911779, 4.162499904632568, 0.08755806775962355, 1.0, 1.0, 0.03987584146117823, 0.06798569492337264, 0.11718965804407044, 0.18706198424909154, 0.024014022235527177, 0.1888380410349048, 2.0, 7.0, 1.0, 0.028641719262731125, 0.014058690389762651, 0.00020695891679856082, 0.02073377495882313], "features": ["SMA20_dist", "SMA50_dist", "sma_cross", "RSI14", "MACD", "MACD_sig", "MACD_hist", "BB_width", "BB_pos", "ATR14", "ret_1d", "ret_5d", "vol_10d", "vol_ratio", "obv_trend", "spy_ret_1d", "vix_level", "vix_change", "vix_regime", "asset_class", "ret_1m", "ret_3m", "ret_6m", "ret_12m", "high52w_dist", "low52w_dist", "day_of_week", "month", "is_options_expiry", "btc_ret_1d", "gold_ret_1d", "corr_spy_20d", "vwap_dist"]}