{"center": [0.0038675211552597257, 0.015776894432083802, 1.0, 50.444519997461605, 1.7768841548605678, 1.7539040718735002, -0.36324811511955346, 0.09453465963387635, 0.549216326937402, 11.43453772669963, 0.000510368707563158, 0.003155139122989148, 0.015907509867793573, 0.9483763564448771, 0.9971197838430611, 0.000731139787988333, 17.3799991607666, -0.004522324550077617, 1.0, 0.0, 0.010212820973799053, 0.07438530681768651, 0.11778801103455261, 0.07092415247946615, -0.06901289093938157, 0.33304086230566593, 2.0, 6.0, 0.0, -9.567341618454961e-05, 0.0017929035935666526, 0.30625174455124876, 0.005271197630039831], "scale": [0.04602408877486369, 0.07448553676396015, 1.0, 20.69331770308817, 9.364424209141816, 8.655470225784976, 3.5052787859269365, 0.08440278179176505, 0.46008266371241147, 5.146594586592943, 0.021542646993044978, 0.0469687957754098, 0.009893595558592552, 0.3685197425366187, 0.5273511028771203, 0.008976311983005636, 3.8100013732910156, 0.08234481861474852, 1.0, 1.0, 0.0948056494069196, 0.14757135291080048, 0.23786078754258422, 0.2133015516266603, 0.07653497551524913, 0.18180814795907085, 2.0, 7.0, 1.0, 0.029489326395943594, 0.014057585666618744, 0.29081089001517646, 0.04668991552701232], "features": ["SMA20_dist", "SMA50_dist", "sma_cross", "RSI14", "MACD", "MACD_sig", "MACD_hist", "BB_width", "BB_pos", "ATR14", "ret_1d", "ret_5d", "vol_10d", "vol_ratio", "obv_trend", "spy_ret_1d", "vix_level", "vix_change", "vix_regime", "asset_class", "ret_1m", "ret_3m", "ret_6m", "ret_12m", "high52w_dist", "low52w_dist", "day_of_week", "month", "is_options_expiry", "btc_ret_1d", "gold_ret_1d", "corr_spy_20d", "vwap_dist"]}