{"center": [0.00496274499582008, 0.008531139485447557, 1.0, 54.20765256542013, 0.35087607512326713, 0.33726306091670866, 0.024233951241285856, 0.04185842039057823, 0.6315304289184548, 1.3292512055445331, -0.00036178566571865023, 0.0026769897219323102, 0.006473682262491541, 0.9303612867513998, 0.9970322883210944, 0.0009529899591387281, 17.280000686645508, -0.006733946910202238, 1.0, 0.0, 0.011301863493830666, 0.015345130133962659, 0.04334421174095393, 0.00797828891421104, -0.0282572265324131, 0.14495335298694795, 2.0, 7.0, 0.0, -0.0008217291810309613, 0.0014259144001700363, 0.4946589772674944, 0.005208561297923907], "scale": [0.018379667838581838, 0.029567069399923075, 1.0, 18.418376915403783, 0.9428275329412941, 0.8511895418739723, 0.3848058184483709, 0.02110575940516025, 0.45847070213450747, 0.3054555143337845, 0.009350993663147622, 0.019605467091725948, 0.0020998921989963592, 0.3850134630730636, 0.21291236418446458, 0.009304062528821766, 4.010001182556152, 0.08048012737075527, 1.0, 1.0, 0.036515089184373184, 0.06068934846613361, 0.07474077146412283, 0.10632358867524627, 0.03361541078864939, 0.09035635611219377, 2.0, 6.0, 1.0, 0.02818814873613651, 0.016075193520879383, 0.34664829403651437, 0.020659982015034033], "features": ["SMA20_dist", "SMA50_dist", "sma_cross", "RSI14", "MACD", "MACD_sig", "MACD_hist", "BB_width", "BB_pos", "ATR14", "ret_1d", "ret_5d", "vol_10d", "vol_ratio", "obv_trend", "spy_ret_1d", "vix_level", "vix_change", "vix_regime", "asset_class", "ret_1m", "ret_3m", "ret_6m", "ret_12m", "high52w_dist", "low52w_dist", "day_of_week", "month", "is_options_expiry", "btc_ret_1d", "gold_ret_1d", "corr_spy_20d", "vwap_dist"]}