{"center": [0.006055463066144231, 0.011320661347673334, 1.0, 52.74153208463635, 0.07355044044761527, 0.06905402062411382, 0.007584605987483249, 0.11619906221382657, 0.543412137002597, 0.5436624622006077, 0.001809984307499235, 0.00465894217123064, 0.016069990124369736, 0.8625449409347714, 1.022468590890924, 0.0016183796278272933, 17.239999771118164, -0.008114863341212808, 1.0, 0.0, 0.015908236802546716, 0.02621592526477179, 0.017365435458576606, 0.0, -0.09959469947859635, 0.21115116374965823, 2.0, 6.0, 0.0, -0.00022924323774897726, 0.001670691560653026, 0.1779524793483208, 0.006355248288965088], "scale": [0.05860166157646171, 0.05976051891450594, 1.0, 24.876505954695276, 0.42081500991635323, 0.34078483946301125, 0.20911714213008298, 0.05095722398099639, 0.5371131029466327, 0.18411783251326086, 0.01953875282061307, 0.053668495152232765, 0.005179243970911834, 0.5586497845562841, 0.36278991106062275, 0.008792759092656921, 3.645000457763672, 0.0757810303923574, 1.0, 1.0, 0.11250921260106667, 0.11778357311258891, 0.14822791255287965, 0.044717615875841665, 0.07989431506736447, 0.15978473572027063, 2.0, 7.0, 1.0, 0.025667399050728845, 0.014512609627682527, 0.7125565354659706, 0.05968163263090773], "features": ["SMA20_dist", "SMA50_dist", "sma_cross", "RSI14", "MACD", "MACD_sig", "MACD_hist", "BB_width", "BB_pos", "ATR14", "ret_1d", "ret_5d", "vol_10d", "vol_ratio", "obv_trend", "spy_ret_1d", "vix_level", "vix_change", "vix_regime", "asset_class", "ret_1m", "ret_3m", "ret_6m", "ret_12m", "high52w_dist", "low52w_dist", "day_of_week", "month", "is_options_expiry", "btc_ret_1d", "gold_ret_1d", "corr_spy_20d", "vwap_dist"]}