{"center": [0.009558368128907452, 0.025312022636499117, 1.0, 56.0035816188874, 0.13353300986785221, 0.13166765169661324, -0.00045040822696709726, 0.07579327536154115, 0.644607916304675, 0.2539139950617665, 0.0016968960438576985, 0.006107289948854566, 0.010254110610112516, 0.9978648983843323, 1.033579771023716, 0.0007457441398391884, 17.324999809265137, -0.004622023407450215, 1.0, 0.0, 0.02160261788543283, 0.06495925218864207, 0.12412230457307027, 0.19382320184661306, -0.03967822669841861, 0.3668152691617509, 2.0, 6.0, 0.0, -0.0023648740698088977, 0.001865606425999089, 0.5672858601197543, 0.00970842278518352], "scale": [0.03803984116872483, 0.06424343859341568, 1.0, 23.3277311194606, 0.35305253245729595, 0.3304382363964365, 0.09431805552154121, 0.033606793508280344, 0.5159764409601733, 0.10182398519654129, 0.014565060225630644, 0.03615249503582685, 0.00431996904073593, 0.4649527093276672, 0.1602322591109424, 0.008842468138146264, 3.6549994945526123, 0.08042741057192626, 1.0, 1.0, 0.0743945418601161, 0.10373777469201584, 0.13961601861426975, 0.387141913221207, 0.09965553942875835, 0.27503641669529455, 2.0, 7.0, 1.0, 0.02746980018351372, 0.015132825030534924, 0.38455217512342876, 0.03700989599024172], "features": ["SMA20_dist", "SMA50_dist", "sma_cross", "RSI14", "MACD", "MACD_sig", "MACD_hist", "BB_width", "BB_pos", "ATR14", "ret_1d", "ret_5d", "vol_10d", "vol_ratio", "obv_trend", "spy_ret_1d", "vix_level", "vix_change", "vix_regime", "asset_class", "ret_1m", "ret_3m", "ret_6m", "ret_12m", "high52w_dist", "low52w_dist", "day_of_week", "month", "is_options_expiry", "btc_ret_1d", "gold_ret_1d", "corr_spy_20d", "vwap_dist"]}