{"center": [0.008577291965240062, 0.024735249882861222, 1.0, 56.12230502041758, 0.33390108354893044, 0.3413731735887521, -0.017279510897562703, 0.056573971442394455, 0.6517760774809913, 0.49894273763363783, 0.0011375465332317258, 0.003528772572232941, 0.008621621449020988, 0.9379948287086268, 1.0278313781896777, 0.0011858842777995315, 17.364999771118164, -0.008008568742242539, 1.0, 0.0, 0.018029780694117092, 0.04592760332707324, 0.08348653536098039, 0.16684010155081097, -0.025530091187880057, 0.25910856537216065, 2.0, 6.0, 0.0, -0.0017258746687544568, 0.001423505566895189, 0.7147911580483617, 0.00953795940544963], "scale": [0.027697727297669585, 0.04697642344485069, 1.0, 21.326244660824024, 0.6133597889330211, 0.6279169451634755, 0.18631050058337495, 0.024644348292003182, 0.46788915745640713, 0.311334220376857, 0.010873762428324663, 0.02705909588914926, 0.005487131607776896, 0.44405171750329653, 0.4627828006707877, 0.008872105350178017, 3.9775004386901855, 0.0768777912791955, 1.0, 1.0, 0.05288904867517469, 0.06900439986603746, 0.13200585099021334, 0.23503333544390764, 0.051121884748425474, 0.2524650841422738, 2.0, 7.0, 1.0, 0.02786651464315107, 0.014963410935872334, 0.3460881294044733, 0.027602879166796688], "features": ["SMA20_dist", "SMA50_dist", "sma_cross", "RSI14", "MACD", "MACD_sig", "MACD_hist", "BB_width", "BB_pos", "ATR14", "ret_1d", "ret_5d", "vol_10d", "vol_ratio", "obv_trend", "spy_ret_1d", "vix_level", "vix_change", "vix_regime", "asset_class", "ret_1m", "ret_3m", "ret_6m", "ret_12m", "high52w_dist", "low52w_dist", "day_of_week", "month", "is_options_expiry", "btc_ret_1d", "gold_ret_1d", "corr_spy_20d", "vwap_dist"]}