{"center": [0.0023697551992039496, 0.0031790362432279904, 1.0, 52.419081417614706, 0.27224749117183933, 0.3245557135644351, 0.08295473768808931, 0.08361223795693654, 0.5343559434727364, 4.155378606225269, -0.0006783319721089254, 0.0023010519929568263, 0.013201003322961938, 0.9541254430548344, 0.9987727180784625, 0.000968621225975963, 17.835000038146973, -0.008008568742242539, 1.0, 0.0, 0.0036150893993189825, 0.01169722311863286, 0.02294346783162693, 0.0, -0.07490773857070535, 0.16879286792953296, 2.0, 6.0, 0.0, 4.3582116930451775e-05, 0.001865606425999089, 0.44570515023421187, 0.000996954829386761], "scale": [0.043121960184203154, 0.07692443300066637, 1.0, 23.424919435578822, 4.280473242358198, 3.967889484929313, 1.572031468161281, 0.08013444239957745, 0.49629128856651405, 1.604309947867904, 0.015660174478565242, 0.03626404970189978, 0.007859980608962192, 0.40416517093157567, 0.8844051881395691, 0.008798052655166921, 4.332499980926514, 0.08138543194056486, 1.0, 1.0, 0.08117897652633022, 0.15523830771613908, 0.09194244423582004, 0.08347204294034966, 0.07703904913110457, 0.11076243293341242, 2.0, 7.0, 1.0, 0.025885815482970004, 0.015935094169660574, 0.2957072474000543, 0.04374369556210442], "features": ["SMA20_dist", "SMA50_dist", "sma_cross", "RSI14", "MACD", "MACD_sig", "MACD_hist", "BB_width", "BB_pos", "ATR14", "ret_1d", "ret_5d", "vol_10d", "vol_ratio", "obv_trend", "spy_ret_1d", "vix_level", "vix_change", "vix_regime", "asset_class", "ret_1m", "ret_3m", "ret_6m", "ret_12m", "high52w_dist", "low52w_dist", "day_of_week", "month", "is_options_expiry", "btc_ret_1d", "gold_ret_1d", "corr_spy_20d", "vwap_dist"]}