{"center": [0.011492097074283952, 0.016884915472590578, 1.0, 55.58697499584088, 0.10479518158600953, 0.09895285265615475, 0.016166213784414074, 0.13654114226588368, 0.6117697158911637, 0.5941426413399833, 0.0017903305304400874, 0.004858063666122847, 0.021066925488089135, 0.9364032008984978, 1.0117047668203993, 0.0017924309359995672, 17.479999542236328, -0.008114863341212808, 1.0, 0.0, 0.03034459980963855, 0.0708580629782829, 0.05656974605186171, 0.0719957995920757, -0.15496866023017616, 0.2673757955307452, 2.0, 6.0, 0.0, 0.0008014800420892421, 0.001677776649860796, 0.2214799984126251, 0.008964031219061174], "scale": [0.06829064066960501, 0.12129379219164561, 1.0, 24.790222604596565, 0.7062383352899673, 0.6493880268366752, 0.197261439549959, 0.11035591825968863, 0.5089143201067416, 0.4152857916695731, 0.029472662901855018, 0.062360446920670776, 0.011990463126401767, 0.7286534090470433, 0.609098224809115, 0.008685129784172352, 3.8500003814697266, 0.07333651209016001, 1.0, 1.0, 0.13666935009715342, 0.2505404841030109, 0.28150971072237563, 0.395703775504318, 0.14409004358141403, 0.3850341930318984, 2.0, 6.0, 1.0, 0.026306989320553864, 0.014022075118023447, 0.4979140522270799, 0.06606063989314065], "features": ["SMA20_dist", "SMA50_dist", "sma_cross", "RSI14", "MACD", "MACD_sig", "MACD_hist", "BB_width", "BB_pos", "ATR14", "ret_1d", "ret_5d", "vol_10d", "vol_ratio", "obv_trend", "spy_ret_1d", "vix_level", "vix_change", "vix_regime", "asset_class", "ret_1m", "ret_3m", "ret_6m", "ret_12m", "high52w_dist", "low52w_dist", "day_of_week", "month", "is_options_expiry", "btc_ret_1d", "gold_ret_1d", "corr_spy_20d", "vwap_dist"]}