{"center": [0.007411033300301973, 0.01373293499790171, 1.0, 54.94506313917462, 0.43906380713350757, 0.2647969387958895, 0.05805955646040095, 0.07560877282025871, 0.6035426508735552, 1.6162689944581712, 0.0019607602848004113, 0.005487126897132155, 0.010582978226656851, 0.9276290859212641, 1.0415643749596548, 0.001550691849189434, 17.389999389648438, -0.007869662158076385, 1.0, 0.0, 0.013425811078981553, 0.03241113799899131, 0.06822331845932106, 0.02871725662113689, -0.04673803870353098, 0.17764926349932, 2.0, 6.0, 0.0, -0.0007713643170961237, 0.0016294519610446923, 0.0786711995252271, 0.009131450906476902], "scale": [0.037105825551794466, 0.06259215684791113, 1.0, 24.423849623099713, 1.673499923593269, 1.4669389524667, 0.44727778798233686, 0.03752166970927459, 0.5051693749126287, 0.6372681987802571, 0.011687131328916966, 0.03779181638404472, 0.005541502702283131, 0.27327150379610055, 0.18179472245826955, 0.008799002393708122, 3.809999465942383, 0.07967502859320874, 1.0, 1.0, 0.0792667976115159, 0.10108500519024843, 0.1535752876812888, 0.2649122472124046, 0.05504795496692389, 0.21853517581886073, 2.0, 7.0, 1.0, 0.028747750181161158, 0.015661473175776153, 0.42405621330562276, 0.03733474877873307], "features": ["SMA20_dist", "SMA50_dist", "sma_cross", "RSI14", "MACD", "MACD_sig", "MACD_hist", "BB_width", "BB_pos", "ATR14", "ret_1d", "ret_5d", "vol_10d", "vol_ratio", "obv_trend", "spy_ret_1d", "vix_level", "vix_change", "vix_regime", "asset_class", "ret_1m", "ret_3m", "ret_6m", "ret_12m", "high52w_dist", "low52w_dist", "day_of_week", "month", "is_options_expiry", "btc_ret_1d", "gold_ret_1d", "corr_spy_20d", "vwap_dist"]}