{"center": [0.006712887493983898, 0.025253061767651422, 1.0, 55.23903974926796, 4.212759164869823, 4.317626312618318, -0.2648939821552574, 0.06711362330181639, 0.6215371445657907, 8.770526433870778, 0.0002264214865844716, 0.00591194058501332, 0.010465953877581511, 0.9764135902558924, 1.025260333253057, 0.0004952308691530405, 17.635000228881836, -0.0048289091912665505, 1.0, 0.0, 0.015522271500773122, 0.06859431005205263, 0.07459027825718967, 0.1784638664459206, -0.02243627953389324, 0.35911620595052596, 2.0, 6.0, 0.0, -0.0032188835706431496, 0.001423505566895189, 0.9443120484764551, 0.00868604533349427], "scale": [0.030127679171346705, 0.050393409406673924, 1.0, 23.212689732451878, 7.535132747997494, 6.029668531636677, 2.080610890678288, 0.03768911232430615, 0.4533281257657746, 4.191727771467777, 0.012691542321580429, 0.03466912715368861, 0.005858294485914907, 0.3836406267590198, 0.22038359619044612, 0.008971369713001887, 4.382499694824219, 0.0808536446786775, 1.0, 1.0, 0.057970378217068796, 0.11620620079007299, 0.1562016271755987, 0.25561746198830665, 0.03893089569379338, 0.2460743545905196, 2.0, 7.0, 1.0, 0.027295534063751486, 0.014285986914665538, 0.04777595683771041, 0.029166843284523708], "features": ["SMA20_dist", "SMA50_dist", "sma_cross", "RSI14", "MACD", "MACD_sig", "MACD_hist", "BB_width", "BB_pos", "ATR14", "ret_1d", "ret_5d", "vol_10d", "vol_ratio", "obv_trend", "spy_ret_1d", "vix_level", "vix_change", "vix_regime", "asset_class", "ret_1m", "ret_3m", "ret_6m", "ret_12m", "high52w_dist", "low52w_dist", "day_of_week", "month", "is_options_expiry", "btc_ret_1d", "gold_ret_1d", "corr_spy_20d", "vwap_dist"]}