{"center": [0.004379249120945611, -0.0004317242220156194, 1.0, 50.1185826738712, -0.0373009052134865, -0.06497062872583032, 0.037702144471680354, 0.1689740368269798, 0.527722921700857, 1.2072270250225232, -0.000621370810333477, 0.00478656766046226, 0.0246558076042352, 0.8546975314354299, 1.0271118822866048, 0.0015237356022179682, 17.440000534057617, -0.008142008332229278, 1.0, 0.0, 0.00348446786774792, 0.04167995618066278, 0.0, 0.0, -0.3793936171361325, 0.24708875406956732, 2.0, 6.0, 0.0, 0.0009384113313946063, 0.0019559897357898093, 0.31348993161348837, 0.0025320765050659876], "scale": [0.09400296806530035, 0.14520439085401063, 1.0, 27.237412422353003, 1.1979529995696163, 1.302331870596255, 0.37379771316731114, 0.12826679620449433, 0.5571714998601064, 0.7878688818425029, 0.029805018351817286, 0.08455630339899922, 0.013306777674639968, 0.5176554872144523, 0.2340457717411697, 0.00882716914990525, 3.9800000190734863, 0.07792432624687179, 1.0, 1.0, 0.1726066512706219, 0.36863735004291126, 0.708318440602207, 0.47300815604333113, 0.26846103411269523, 0.8685425354755575, 2.0, 6.25, 1.0, 0.02504568580370789, 0.014748866394570542, 0.3131161443760919, 0.09513409519108057], "features": ["SMA20_dist", "SMA50_dist", "sma_cross", "RSI14", "MACD", "MACD_sig", "MACD_hist", "BB_width", "BB_pos", "ATR14", "ret_1d", "ret_5d", "vol_10d", "vol_ratio", "obv_trend", "spy_ret_1d", "vix_level", "vix_change", "vix_regime", "asset_class", "ret_1m", "ret_3m", "ret_6m", "ret_12m", "high52w_dist", "low52w_dist", "day_of_week", "month", "is_options_expiry", "btc_ret_1d", "gold_ret_1d", "corr_spy_20d", "vwap_dist"]}