{"center": [-0.0023056155449150285, -0.012141465860844948, 0.0, 49.1794427220893, -0.09246172418022702, -0.096840877280604, 0.011916449999534107, 0.07483645738439179, 0.4530440874556701, 0.4274999754769462, -0.002066093012215442, 0.0, 0.0125170319861738, 0.9400075224563791, 1.0396930783400822, 0.0009270567917128991, 17.440000534057617, -0.005254864671583648, 1.0, 0.0, -0.00945635344251805, -0.01714741294601807, -0.0259004980236322, 0.0, -0.13479055228059827, 0.043838820349275984, 2.0, 6.0, 0.0, 0.0005692244147840197, 0.0017353401217137243, -0.04364685691543427, -0.0038069977582544626], "scale": [0.036477101513666094, 0.061781216710556475, 1.0, 19.643486297970405, 0.41432411874630404, 0.3997899691507021, 0.10394259728838388, 0.038032340082598474, 0.4819711662617247, 0.18089250155857634, 0.017166029116387566, 0.03658409871093002, 0.005770079792495995, 0.5171370218805182, 0.3808738297295884, 0.009203122540144493, 3.557499885559082, 0.07681458209919034, 1.0, 1.0, 0.07605228545734782, 0.08307124263949553, 0.13479494140189466, 0.12691324707580184, 0.12048323371863466, 0.09706398483997705, 2.0, 7.0, 1.0, 0.02710305077334113, 0.016111495691509076, 0.4556331218384844, 0.03334788186381303], "features": ["SMA20_dist", "SMA50_dist", "sma_cross", "RSI14", "MACD", "MACD_sig", "MACD_hist", "BB_width", "BB_pos", "ATR14", "ret_1d", "ret_5d", "vol_10d", "vol_ratio", "obv_trend", "spy_ret_1d", "vix_level", "vix_change", "vix_regime", "asset_class", "ret_1m", "ret_3m", "ret_6m", "ret_12m", "high52w_dist", "low52w_dist", "day_of_week", "month", "is_options_expiry", "btc_ret_1d", "gold_ret_1d", "corr_spy_20d", "vwap_dist"]}