{"center": [0.010065355018416336, 0.01986434592815613, 1.0, 54.42670896605944, 0.11119059461563907, 0.09401551483308493, 0.04572681526417721, 0.22526608025907371, 0.549272817536083, 0.7892141342163086, -0.0005040437905707851, 0.012286036333860162, 0.03653029127123125, 0.898041259620987, 1.0082104817571458, 0.0013579397972762752, 17.600000381469727, -0.006626930447881874, 1.0, 0.0, 0.0166840297045181, 0.04689940560100525, 0.09232948759966053, 0.0, -0.22810455736017468, 0.9692712580403995, 2.0, 6.0, 0.0, 0.00018283765004545316, 0.0017929035935666526, 0.21537249359814337, 0.003164676884750468], "scale": [0.12513326900818966, 0.18163034654125504, 1.0, 22.533502840111296, 0.7150308195040438, 0.6873914485924716, 0.2704378094837927, 0.1685076943503966, 0.5017462050326011, 0.3088931015559604, 0.04748931726782868, 0.11239594831042515, 0.021993236265804694, 0.5595650077281091, 0.11866220022294005, 0.00918350181043015, 4.059999465942383, 0.08077911949418193, 1.0, 1.0, 0.21501438286790747, 0.4235151729561614, 0.5348951396611281, 0.6139020260981853, 0.20845300079618964, 1.3386647119305548, 2.0, 7.0, 1.0, 0.02801077229427401, 0.01413540647413497, 0.37168772106285386, 0.12176258687161147], "features": ["SMA20_dist", "SMA50_dist", "sma_cross", "RSI14", "MACD", "MACD_sig", "MACD_hist", "BB_width", "BB_pos", "ATR14", "ret_1d", "ret_5d", "vol_10d", "vol_ratio", "obv_trend", "spy_ret_1d", "vix_level", "vix_change", "vix_regime", "asset_class", "ret_1m", "ret_3m", "ret_6m", "ret_12m", "high52w_dist", "low52w_dist", "day_of_week", "month", "is_options_expiry", "btc_ret_1d", "gold_ret_1d", "corr_spy_20d", "vwap_dist"]}