{"center": [0.007733680385961009, 0.015097115145827218, 1.0, 51.63286616419998, 0.1797776531108468, 0.1313098691422262, 0.010051840450730903, 0.12830036585388171, 0.5660963771196086, 1.0660980872303025, 0.0006515520694364563, 0.0038635736816757804, 0.018522469394675764, 0.944007963363982, 0.9931661805546508, 0.0015919580098578967, 17.22499942779541, -0.007885968150674327, 1.0, 0.0, 0.011817366336323909, 0.009293834846185511, 0.0, 0.0, -0.15330731945313233, 0.12049661263996465, 2.0, 6.0, 0.0, -0.0002701146200822513, 0.0008189545511974039, 0.3519575972085056, 0.008928570509643711], "scale": [0.062466941419768864, 0.08031010193736557, 1.0, 24.32530640633552, 0.9362454864973593, 0.9373817375553255, 0.40796288685534854, 0.06536701622743724, 0.5209581767086626, 0.427048972438817, 0.021735709999738506, 0.0589626682568162, 0.00734796934248751, 0.4080183666450323, 0.2573188260041397, 0.00865290663030624, 4.34499979019165, 0.07305561732140331, 1.0, 1.0, 0.10983753410034114, 0.18693958377812442, 0.315484908177432, 0.2018842934807211, 0.13810633119341104, 0.3199816276846696, 2.0, 7.0, 1.0, 0.02725377531296297, 0.015507055690689359, 0.33334662450406694, 0.06272759686863688], "features": ["SMA20_dist", "SMA50_dist", "sma_cross", "RSI14", "MACD", "MACD_sig", "MACD_hist", "BB_width", "BB_pos", "ATR14", "ret_1d", "ret_5d", "vol_10d", "vol_ratio", "obv_trend", "spy_ret_1d", "vix_level", "vix_change", "vix_regime", "asset_class", "ret_1m", "ret_3m", "ret_6m", "ret_12m", "high52w_dist", "low52w_dist", "day_of_week", "month", "is_options_expiry", "btc_ret_1d", "gold_ret_1d", "corr_spy_20d", "vwap_dist"]}