{"center": [0.0011134573022136597, 0.003235964838486512, 1.0, 60.31477024614938, 0.0772731483214173, 0.08126251546785587, -0.0025000426767983613, 0.0057185140809932885, 0.7289900656017254, 0.08516990505530483, 0.00012107192127053246, 0.0005534546502903304, 0.000827546666902421, 0.9337436846681979, 1.0385894327121774, 0.0019456359074784269, 17.479999542236328, -0.009640895366577473, 1.0, 0.0, 0.0028881677988746857, 0.00930154442874076, 0.020586184391399476, 0.0319751909015179, -0.0013799996925324127, 0.04251944388350684, 2.0, 6.0, 0.0, -0.000165364255538758, 0.0016024120815585352, 0.01662367602445433, 0.0010418008269157748], "scale": [0.0023910488971215674, 0.0038102236691387337, 1.0, 20.660498167482807, 0.0782292583904649, 0.07246693705375716, 0.02621571254761597, 0.0033335773813322695, 0.3800544472773846, 0.03194325088810883, 0.000971214576841628, 0.002186728240275354, 0.00031226876295427125, 0.46874647362622435, 0.08821190711656868, 0.009229812950251132, 3.772498607635498, 0.0816331290221069, 1.0, 1.0, 0.004465218636012347, 0.00906528355279057, 0.013741846475102293, 0.04678652078175766, 0.0035290243239094695, 0.018257755407796682, 2.0, 7.0, 1.0, 0.028097665515928183, 0.016028451386295245, 0.5808228438412331, 0.002352676849099808], "features": ["SMA20_dist", "SMA50_dist", "sma_cross", "RSI14", "MACD", "MACD_sig", "MACD_hist", "BB_width", "BB_pos", "ATR14", "ret_1d", "ret_5d", "vol_10d", "vol_ratio", "obv_trend", "spy_ret_1d", "vix_level", "vix_change", "vix_regime", "asset_class", "ret_1m", "ret_3m", "ret_6m", "ret_12m", "high52w_dist", "low52w_dist", "day_of_week", "month", "is_options_expiry", "btc_ret_1d", "gold_ret_1d", "corr_spy_20d", "vwap_dist"]}