{"center": [-0.0008131036578028422, -0.011138368543157754, 0.0, 48.29756286852407, -0.5642721651219915, -0.28578814296567606, 0.05817899439811702, 0.09222418209978815, 0.4886514813374673, 4.250793745905128, 0.0008975697332171961, -0.002986226801405256, 0.014982173567433437, 0.9554524322340362, 1.0252792973374174, 0.0013579397972762752, 17.829999923706055, -0.007869662158076385, 1.0, 0.0, -0.008500275456710393, 0.0, -0.02804979305394839, 0.0, -0.1741478821756474, 0.09521110472667253, 2.0, 6.0, 0.0, -0.0017695992030517527, 0.0011289903434381632, -0.008951436744303504, -0.0015306158635038586], "scale": [0.04586055919685874, 0.06721395103858077, 1.0, 21.19745509067249, 3.811755585334879, 3.6419074466791996, 1.1459227324112438, 0.05158496577661856, 0.5060717709871577, 1.2652352740218653, 0.01913065935092506, 0.044290989651261325, 0.007682577533423102, 0.41790517513134606, 0.44360802376238784, 0.009135214699346417, 3.8799991607666016, 0.08338024054562354, 1.0, 1.0, 0.07591348107563145, 0.12103011026062471, 0.11690093747173158, 0.10679541210801935, 0.10664247075228885, 0.14575163680289024, 2.0, 7.0, 1.0, 0.028973756939401407, 0.015239789357389122, 0.4217907517920666, 0.04628905744513923], "features": ["SMA20_dist", "SMA50_dist", "sma_cross", "RSI14", "MACD", "MACD_sig", "MACD_hist", "BB_width", "BB_pos", "ATR14", "ret_1d", "ret_5d", "vol_10d", "vol_ratio", "obv_trend", "spy_ret_1d", "vix_level", "vix_change", "vix_regime", "asset_class", "ret_1m", "ret_3m", "ret_6m", "ret_12m", "high52w_dist", "low52w_dist", "day_of_week", "month", "is_options_expiry", "btc_ret_1d", "gold_ret_1d", "corr_spy_20d", "vwap_dist"]}