{"center": [0.019156814462765948, 0.05473502447640402, 1.0, 56.662962222552125, 0.3574873185418923, 0.3595037639403601, -0.004678756893195857, 0.13964760658379355, 0.6599398033966739, 0.6555713244846889, 0.003421264858583184, 0.0039908404172011025, 0.01920896186146935, 0.9834487640840495, 1.0736385669415323, 0.0007325201482158983, 17.369999885559082, -0.005630684757875204, 1.0, 0.0, 0.05655354967405535, 0.11525323841581003, 0.2145405202192373, 0.4435612998173021, -0.04190451537401449, 0.6898750980569867, 2.0, 6.0, 0.0, -0.0003300754485222601, 0.001788531730296361, 0.737310292652285, 0.01475147253779782], "scale": [0.0677370525215222, 0.10516791034602563, 1.0, 23.0615851331776, 0.60878899369132, 0.5714703135691226, 0.23101082371717413, 0.07581340396889832, 0.520838900285548, 0.44235682487487793, 0.02474009193229912, 0.0625436887078602, 0.006784750909440744, 0.730132597250257, 0.44344391835388763, 0.008711559344457553, 3.744999408721924, 0.08224462301004593, 1.0, 1.0, 0.13673864919522818, 0.1976754401070509, 0.25838205130827807, 0.717576947866646, 0.08898401961579985, 0.44338389530868827, 2.0, 7.0, 1.0, 0.02669836363667119, 0.015094289916814302, 0.2324060776446446, 0.06348467485631354], "features": ["SMA20_dist", "SMA50_dist", "sma_cross", "RSI14", "MACD", "MACD_sig", "MACD_hist", "BB_width", "BB_pos", "ATR14", "ret_1d", "ret_5d", "vol_10d", "vol_ratio", "obv_trend", "spy_ret_1d", "vix_level", "vix_change", "vix_regime", "asset_class", "ret_1m", "ret_3m", "ret_6m", "ret_12m", "high52w_dist", "low52w_dist", "day_of_week", "month", "is_options_expiry", "btc_ret_1d", "gold_ret_1d", "corr_spy_20d", "vwap_dist"]}