{"center": [0.008380411495133407, 0.020975081103903313, 1.0, 58.286316777887905, 3.9938395783184433, 4.11614518470054, -0.18199174542620256, 0.049904647354873446, 0.6952215990311831, 6.7986706536373, 0.00036273518897367296, 0.003959344371300633, 0.007576138859968382, 0.9665238334099692, 1.0395141619433244, 0.00155047779484363, 17.389999389648438, -0.006626930447881874, 1.0, 0.0, 0.017089539364180117, 0.04734413699126239, 0.061663621987257056, 0.13959060060755046, -0.009531563906930359, 0.2704685502494761, 2.0, 6.0, 0.0, -0.0008264678561502592, 0.0005168326664386491, 0.999999999909038, 0.0099543288271979], "scale": [0.021547221559205097, 0.03716413889349146, 1.0, 22.479237946504227, 5.181780258015749, 4.935469891953728, 1.6937786350083663, 0.030475420410939785, 0.42808732928490345, 3.176481729993087, 0.009360172369274, 0.02285177669430699, 0.004369738834273059, 0.3291949250168358, 0.2372154441774147, 0.009401510445052719, 3.814999580383301, 0.08027578169954974, 1.0, 1.0, 0.0415400839155779, 0.0750174832429702, 0.11828745540678676, 0.19240000494335352, 0.02425633108614455, 0.18365810334814991, 2.0, 7.0, 1.0, 0.02783360331122947, 0.014813281468826489, 1.1590928217231067e-10, 0.02007176191532536], "features": ["SMA20_dist", "SMA50_dist", "sma_cross", "RSI14", "MACD", "MACD_sig", "MACD_hist", "BB_width", "BB_pos", "ATR14", "ret_1d", "ret_5d", "vol_10d", "vol_ratio", "obv_trend", "spy_ret_1d", "vix_level", "vix_change", "vix_regime", "asset_class", "ret_1m", "ret_3m", "ret_6m", "ret_12m", "high52w_dist", "low52w_dist", "day_of_week", "month", "is_options_expiry", "btc_ret_1d", "gold_ret_1d", "corr_spy_20d", "vwap_dist"]}