{"center": [0.004553496460826024, 0.00955479330460561, 1.0, 53.29178709395669, 0.06597986945350165, 0.06622951793062978, 0.0007200235971894162, 0.04005713136305882, 0.630851575624245, 0.14940853674099167, 0.00022579362998831343, 0.0008876804218400647, 0.0059174033204915846, 0.6060264419820375, 1.0213959457187238, 0.0005583423171079405, 17.494999885559082, -0.00725672140930006, 1.0, 0.0, 0.01157138783755729, 0.02641549844990765, 0.0539467964463346, 0.058506590335765996, -0.03648632643301067, 0.13417140555966606, 2.0, 6.0, 0.0, -0.0015742310644737412, 0.0018432545858287908, 0.5934729352320222, 0.0048691031777509195], "scale": [0.022283470584181432, 0.029295848384039758, 1.0, 23.406956715153548, 0.16490026595520124, 0.1440691648231605, 0.054453813676115556, 0.023959446657321717, 0.5466350055062217, 0.054446999538124596, 0.008244747013348624, 0.018791106001649627, 0.0020265313330526113, 0.7974469972311856, 0.19518439054825165, 0.010132398362161316, 4.287499904632568, 0.08614544468785162, 1.0, 1.0, 0.0414214787594033, 0.05559556077300892, 0.09390679210427366, 0.17036985044416791, 0.04150707251009535, 0.14986655967870677, 2.0, 7.0, 1.0, 0.02653544882525241, 0.016039261898910168, 0.3867207236520535, 0.02165254103727763], "features": ["SMA20_dist", "SMA50_dist", "sma_cross", "RSI14", "MACD", "MACD_sig", "MACD_hist", "BB_width", "BB_pos", "ATR14", "ret_1d", "ret_5d", "vol_10d", "vol_ratio", "obv_trend", "spy_ret_1d", "vix_level", "vix_change", "vix_regime", "asset_class", "ret_1m", "ret_3m", "ret_6m", "ret_12m", "high52w_dist", "low52w_dist", "day_of_week", "month", "is_options_expiry", "btc_ret_1d", "gold_ret_1d", "corr_spy_20d", "vwap_dist"]}