{"center": [0.008223763513157675, 0.023546488538514515, 1.0, 53.6423818406542, 0.7523299549774265, 0.7632433652313914, 0.013029657670761363, 0.0747517371521378, 0.6177723180411107, 1.5707146780831474, 0.0014144248775818102, 0.006400818325813962, 0.012336228054551365, 0.7942238267148014, 1.0399671342214918, 0.0004802810674313651, 17.690000534057617, -0.004632673488730754, 1.0, 0.0, 0.019602637100174958, 0.0569284777343364, 0.12148035305001859, 0.1625227191132892, -0.03813257295933307, 0.3103134216396222, 2.0, 6.0, 0.0, -0.0031460239332733453, 0.0007275678386380324, 0.6910709075625648, 0.00881032257563387], "scale": [0.03379544381176555, 0.055982805329696836, 1.0, 19.918679548908294, 1.9909236095503928, 1.7971306008388825, 0.49306057184014285, 0.038661841342612385, 0.4509906405334329, 0.5892664419058653, 0.01711457515935, 0.0335414226176064, 0.00581542862885202, 0.7132331270262304, 0.17091043417423435, 0.009606647620223563, 4.229999542236328, 0.0819842708871722, 1.0, 1.0, 0.06640133846790974, 0.08299831386845913, 0.18424237821210232, 0.33836940403970606, 0.06814645100306578, 0.41091487680126526, 2.0, 7.0, 1.0, 0.029609187017919814, 0.014601418288675228, 0.3230273143574665, 0.035024670970255675], "features": ["SMA20_dist", "SMA50_dist", "sma_cross", "RSI14", "MACD", "MACD_sig", "MACD_hist", "BB_width", "BB_pos", "ATR14", "ret_1d", "ret_5d", "vol_10d", "vol_ratio", "obv_trend", "spy_ret_1d", "vix_level", "vix_change", "vix_regime", "asset_class", "ret_1m", "ret_3m", "ret_6m", "ret_12m", "high52w_dist", "low52w_dist", "day_of_week", "month", "is_options_expiry", "btc_ret_1d", "gold_ret_1d", "corr_spy_20d", "vwap_dist"]}