{"center": [0.007916448910795194, 0.02047570519251219, 1.0, 57.478960714441214, 3.5236423565758628, 3.6068051925818816, -0.17112560882166483, 0.049205517897212656, 0.677595532122875, 6.172315698914559, 0.0003744457096158671, 0.0033015044483940548, 0.007623035588464929, 0.9121763145876103, 1.0272184061215683, 0.0005644984271948594, 17.610000610351562, -0.0048289091912665505, 1.0, 0.0, 0.01549858667220394, 0.04647406051205161, 0.06576167575792036, 0.13813412290703253, -0.010003363757035696, 0.26555438019167465, 2.0, 6.0, 0.0, -0.0007965467490635425, 0.0015778926649877567, 0.9997710662809067, 0.008999101541390934], "scale": [0.02271722847665801, 0.03492795803535796, 1.0, 22.35083627676518, 5.167120412030954, 4.807699305651355, 1.54006968613803, 0.03126712242513964, 0.4388990860654793, 3.0649508288975085, 0.009006328936142893, 0.02225492748513533, 0.004203796394886708, 0.504322793004139, 0.2665002363215563, 0.009047831882292079, 4.162499904632568, 0.08667515088249253, 1.0, 1.0, 0.03996450030401222, 0.06951668593431609, 0.11718971153098046, 0.18821845999031145, 0.02374877531021386, 0.18743236397575094, 2.0, 7.0, 1.0, 0.028641719262731125, 0.014285986914665538, 0.0002467616461950817, 0.020599639672535624], "features": ["SMA20_dist", "SMA50_dist", "sma_cross", "RSI14", "MACD", "MACD_sig", "MACD_hist", "BB_width", "BB_pos", "ATR14", "ret_1d", "ret_5d", "vol_10d", "vol_ratio", "obv_trend", "spy_ret_1d", "vix_level", "vix_change", "vix_regime", "asset_class", "ret_1m", "ret_3m", "ret_6m", "ret_12m", "high52w_dist", "low52w_dist", "day_of_week", "month", "is_options_expiry", "btc_ret_1d", "gold_ret_1d", "corr_spy_20d", "vwap_dist"]}