{"center": [0.02110237322989159, 0.03430084415485937, 1.0, 56.32306816816853, 1.08410721492249, 0.6120114137738466, 0.2558398358546945, 0.21504744601177161, 0.6368678339047595, 5.192285810198102, -0.0006136282534074389, 0.008032058010544074, 0.02745369662152073, 0.909341086532671, 1.0608724436880501, 0.0005367125087514246, 17.5, -0.0067021300257369965, 1.0, 0.0, 0.03221380375282745, 0.07710142022671174, 0.0, 0.0, -0.20394120034459284, 0.4168965569857893, 2.0, 6.0, 0.0, 0.0008992965757834703, 0.0018666552336489284, 0.41142592927138255, 0.017008085593945624], "scale": [0.11555237942322188, 0.19496628583291303, 1.0, 29.30217733045528, 6.973539894539776, 6.163262329652474, 1.9508553114129474, 0.1379567512437871, 0.5693608203002434, 2.4581443241664345, 0.03172518753460554, 0.0847627727186279, 0.016108924780330616, 0.4576465848436796, 0.38807492737532134, 0.009140405932730106, 4.0950000286102295, 0.08877789199465125, 1.0, 1.0, 0.23283262432032767, 0.3384699767441589, 0.26729147377136353, 0.22617901859571948, 0.24602718347840685, 0.34680817027711314, 2.0, 7.0, 1.0, 0.026614501737114132, 0.01701327871275468, 0.3156624591096307, 0.11531048871550956], "features": ["SMA20_dist", "SMA50_dist", "sma_cross", "RSI14", "MACD", "MACD_sig", "MACD_hist", "BB_width", "BB_pos", "ATR14", "ret_1d", "ret_5d", "vol_10d", "vol_ratio", "obv_trend", "spy_ret_1d", "vix_level", "vix_change", "vix_regime", "asset_class", "ret_1m", "ret_3m", "ret_6m", "ret_12m", "high52w_dist", "low52w_dist", "day_of_week", "month", "is_options_expiry", "btc_ret_1d", "gold_ret_1d", "corr_spy_20d", "vwap_dist"]}