{"center": [0.015137322572832592, 0.042295071598128585, 1.0, 60.157759126351635, 0.32064611835057377, 0.30256009335572775, 0.003664631582834227, 0.07027269395761143, 0.7285445296273696, 0.3763508872279545, 0.002556370287523313, 0.006633519291145973, 0.009948053847223673, 0.6601941747572816, 0.99834390685113, 0.0004803706386860007, 17.479999542236328, -0.004522324550077617, 1.0, 0.0, 0.0334404044417953, 0.07829021636559785, 0.20498379615510975, 0.3880567720138208, -0.02642557732446291, 0.48033580229441647, 2.0, 6.0, 0.0, -0.0003342625487465778, 0.0005219558189655249, 0.5713853496697624, 0.01507452134448349], "scale": [0.04110612862707139, 0.071000276478152, 1.0, 24.03506909639099, 0.6071448372985131, 0.5811538737711311, 0.12584495056554865, 0.06757048282444791, 0.48250423710596196, 0.2501963361468754, 0.014516213088779595, 0.03282099022277185, 0.005805360131655253, 0.7379980515391151, 0.19244473683691077, 0.008839371782165095, 4.019998550415039, 0.08378855632578108, 1.0, 1.0, 0.07643291443308808, 0.17128970154719347, 0.22307218266460005, 0.5109477297351717, 0.046089342749999505, 0.4778044943784491, 2.0, 7.0, 1.0, 0.026164219682322853, 0.015495050254187848, 0.33098892084391485, 0.03825683677340095], "features": ["SMA20_dist", "SMA50_dist", "sma_cross", "RSI14", "MACD", "MACD_sig", "MACD_hist", "BB_width", "BB_pos", "ATR14", "ret_1d", "ret_5d", "vol_10d", "vol_ratio", "obv_trend", "spy_ret_1d", "vix_level", "vix_change", "vix_regime", "asset_class", "ret_1m", "ret_3m", "ret_6m", "ret_12m", "high52w_dist", "low52w_dist", "day_of_week", "month", "is_options_expiry", "btc_ret_1d", "gold_ret_1d", "corr_spy_20d", "vwap_dist"]}