{"center": [0.005887246896057264, 0.018600971500710932, 1.0, 54.11707182680067, 1.2846758123118889, 1.6897026968785689, -0.08662474428709643, 0.07761849424592801, 0.5921316295964076, 4.382145472935268, 0.000557846971736442, 0.002365343632931838, 0.011589680574673742, 0.7838161942334764, 1.029282518623245, 0.0005563903663643455, 17.479999542236328, -0.0046113733261696765, 1.0, 0.0, 0.012866688964365602, 0.05761233966369983, 0.017312018031446774, 0.009002679728604246, -0.05000376640256888, 0.31516777524387646, 2.0, 6.0, 0.0, -0.0008264678561502592, 0.0017929035935666526, 0.8073522764532814, 0.006590671465921513], "scale": [0.039442758127306944, 0.08340806675119536, 1.0, 21.677524015660907, 5.541523321716539, 5.646479632148008, 1.198246519556673, 0.06188540467932288, 0.5078000259717488, 1.9492928641183034, 0.017042690086470635, 0.03196169676454119, 0.00623492037390619, 0.7015901124192966, 0.1604617305791688, 0.009196574803066682, 4.040000915527344, 0.0831671172427243, 1.0, 1.0, 0.08258323746985952, 0.1806420327181033, 0.10493663250947016, 0.12931898598888858, 0.08192388405699205, 0.18218750821317956, 2.0, 7.0, 1.0, 0.026575288481985093, 0.01529338181511819, 0.15124024873510622, 0.039513348930284936], "features": ["SMA20_dist", "SMA50_dist", "sma_cross", "RSI14", "MACD", "MACD_sig", "MACD_hist", "BB_width", "BB_pos", "ATR14", "ret_1d", "ret_5d", "vol_10d", "vol_ratio", "obv_trend", "spy_ret_1d", "vix_level", "vix_change", "vix_regime", "asset_class", "ret_1m", "ret_3m", "ret_6m", "ret_12m", "high52w_dist", "low52w_dist", "day_of_week", "month", "is_options_expiry", "btc_ret_1d", "gold_ret_1d", "corr_spy_20d", "vwap_dist"]}