{"center": [0.00839734443214795, 0.015554010208083047, 1.0, 51.918499816625754, 0.1926635070871363, 0.148360461135204, 0.002990343668165474, 0.13045493894148313, 0.5707844560428089, 1.0814675794394004, 0.0008927749280741581, 0.003863721259595554, 0.01860268438144008, 0.9319824622385545, 1.0169190175648888, 0.0016681354283077932, 17.1899995803833, -0.008142008332229278, 1.0, 0.0, 0.012870347828113027, 0.015076844374279252, 0.0, 0.0, -0.1533073881648189, 0.13070903107963777, 2.0, 6.0, 0.0, -0.0002701146200822513, 0.001423505566895189, 0.327293798482304, 0.009601328422427134], "scale": [0.0638827338213525, 0.07852029539165511, 1.0, 24.52986824681949, 0.9108596080978817, 0.8995164432528344, 0.4243946075030083, 0.06742402561591815, 0.5218146303424596, 0.4881599904211319, 0.022342791080610824, 0.05869977892335254, 0.00761011107536415, 0.39035891877410234, 0.24515069382107668, 0.008676472173256872, 4.1025004386901855, 0.07204616296487693, 1.0, 1.0, 0.10836641583211687, 0.1861522085379177, 0.3511685082822916, 0.1857990114818413, 0.1438180331691945, 0.3896027901581516, 2.0, 7.0, 1.0, 0.02685834785722438, 0.01572527273989552, 0.32103315225015294, 0.06363621514755746], "features": ["SMA20_dist", "SMA50_dist", "sma_cross", "RSI14", "MACD", "MACD_sig", "MACD_hist", "BB_width", "BB_pos", "ATR14", "ret_1d", "ret_5d", "vol_10d", "vol_ratio", "obv_trend", "spy_ret_1d", "vix_level", "vix_change", "vix_regime", "asset_class", "ret_1m", "ret_3m", "ret_6m", "ret_12m", "high52w_dist", "low52w_dist", "day_of_week", "month", "is_options_expiry", "btc_ret_1d", "gold_ret_1d", "corr_spy_20d", "vwap_dist"]}