{"center": [0.010266095159612038, 0.027098147310322285, 1.0, 56.25537433522882, 0.19130996956683965, 0.19289309759180995, 0.00044063723463791393, 0.054983152766415105, 0.6731827278020006, 0.25129926434178845, 0.0009733569592563773, 0.00534340238097486, 0.00799189103631975, 0.8402537459402493, 1.0381627874228085, 0.0016158776159780341, 17.630000114440918, -0.0067012664712571834, 1.0, 0.0, 0.02289368655507562, 0.06612561632302771, 0.10162968472383227, 0.19672407318466223, -0.016345343272245707, 0.3912972095677302, 2.0, 6.0, 0.0, 0.0005607998455477992, 0.0020023951252038374, 0.6085951986130556, 0.01137253562113269], "scale": [0.027196526588947983, 0.04042048876755415, 1.0, 24.61756303211657, 0.26966716512501865, 0.2345720250939273, 0.10039236864402198, 0.03094059081411181, 0.45684829018274065, 0.11921735770179659, 0.009984859808947727, 0.026290639449049746, 0.00425422662132178, 0.6142223133288951, 0.0830112252448385, 0.008638838087346334, 3.9850001335144043, 0.07260907410194667, 1.0, 1.0, 0.049468734497429306, 0.07951996486388968, 0.16003626623347283, 0.3380696934073555, 0.030628667129053808, 0.2257541133495849, 2.0, 7.0, 1.0, 0.026568732019079444, 0.01419706140384605, 0.2453803868260005, 0.027986714906497644], "features": ["SMA20_dist", "SMA50_dist", "sma_cross", "RSI14", "MACD", "MACD_sig", "MACD_hist", "BB_width", "BB_pos", "ATR14", "ret_1d", "ret_5d", "vol_10d", "vol_ratio", "obv_trend", "spy_ret_1d", "vix_level", "vix_change", "vix_regime", "asset_class", "ret_1m", "ret_3m", "ret_6m", "ret_12m", "high52w_dist", "low52w_dist", "day_of_week", "month", "is_options_expiry", "btc_ret_1d", "gold_ret_1d", "corr_spy_20d", "vwap_dist"]}