{"center": [0.006766202804008683, 0.014043815130359641, 1.0, 55.066867269147544, 0.08955678140603496, 0.08806681480954105, 0.007178654507368133, 0.06087624837015204, 0.6206550167499573, 0.2853572709219796, 0.0006308342874036255, 0.005858186503183926, 0.009933490116054544, 0.722149718349286, 0.9042491174662086, 0.0007458918092195788, 17.605000495910645, -0.004093342159884994, 1.0, 0.0, 0.013416671668224578, 0.03818694268077505, 0.05439605680132775, 0.050633288171618274, -0.037136461276940445, 0.1416542163126011, 2.0, 6.0, 0.0, -0.0018336589963325878, 0.001234125845320344, 0.0501407317680664, 0.0062990889811997955], "scale": [0.028859308746382317, 0.0453669281385248, 1.0, 19.771582921202246, 0.2910326310914666, 0.26095743999138016, 0.10063536735153357, 0.06499974107378814, 0.4848061132652384, 0.1621429579598563, 0.014994682054086939, 0.030480050626774946, 0.005274258746444282, 0.7227101755856014, 0.6204157571542956, 0.009299106666935092, 4.255000591278076, 0.07937855980084088, 1.0, 1.0, 0.053745607493486586, 0.07463610023783379, 0.11529881292111699, 0.11924064255532602, 0.037268730630533375, 0.11676197562506463, 2.0, 7.0, 1.0, 0.029114637495291806, 0.016234458306563948, 0.620768618482127, 0.029067010033995883], "features": ["SMA20_dist", "SMA50_dist", "sma_cross", "RSI14", "MACD", "MACD_sig", "MACD_hist", "BB_width", "BB_pos", "ATR14", "ret_1d", "ret_5d", "vol_10d", "vol_ratio", "obv_trend", "spy_ret_1d", "vix_level", "vix_change", "vix_regime", "asset_class", "ret_1m", "ret_3m", "ret_6m", "ret_12m", "high52w_dist", "low52w_dist", "day_of_week", "month", "is_options_expiry", "btc_ret_1d", "gold_ret_1d", "corr_spy_20d", "vwap_dist"]}