{"center": [0.005434228320453522, 0.016450601409520708, 1.0, 54.55061675748066, 0.12230834538862112, 0.1543398947656834, -0.0006898985176631567, 0.06513108869623216, 0.6069614285373963, 0.37248220881206456, -0.0005222184725438561, 0.00404976022975756, 0.010248294714952675, 0.6741383668998061, 1.0039937409115316, 0.0016183796278272933, 17.440000534057617, -0.008316000484173136, 1.0, 0.0, 0.012135877625031322, 0.07379823110892025, 0.1409632499130946, 0.0, -0.05321098560841414, 0.2903206013955341, 2.0, 6.0, 0.0, 0.00038358610925337544, 0.0017929035935666526, 0.4793772302692623, 0.007259003901471152], "scale": [0.03393674282985598, 0.06399583116568264, 1.0, 21.13320577663447, 0.5259769476429597, 0.48453030547867393, 0.10555138649819243, 0.02876079509066312, 0.5270567820605969, 0.15635783127171726, 0.013206801321911599, 0.028122565482925743, 0.004591826731282549, 0.7142764007944387, 0.13604081690667358, 0.00877251998144385, 3.5299997329711914, 0.07745992637446569, 1.0, 1.0, 0.0709716927884525, 0.11549059507829812, 0.19111376561024263, 0.33222495909680183, 0.138480580444805, 0.3951429699684765, 2.0, 7.0, 1.0, 0.02760862975289269, 0.015035194378423045, 0.2944842740005901, 0.03293698434649166], "features": ["SMA20_dist", "SMA50_dist", "sma_cross", "RSI14", "MACD", "MACD_sig", "MACD_hist", "BB_width", "BB_pos", "ATR14", "ret_1d", "ret_5d", "vol_10d", "vol_ratio", "obv_trend", "spy_ret_1d", "vix_level", "vix_change", "vix_regime", "asset_class", "ret_1m", "ret_3m", "ret_6m", "ret_12m", "high52w_dist", "low52w_dist", "day_of_week", "month", "is_options_expiry", "btc_ret_1d", "gold_ret_1d", "corr_spy_20d", "vwap_dist"]}