{"center": [0.008640305146408003, 0.016268847128539453, 1.0, 55.74938344827423, 0.7465085025923912, 0.6507720039644853, 0.02296077031422125, 0.07080152733122616, 0.6388711174039148, 1.82746577106444, 0.0006208322391025867, 0.003966474644567897, 0.009867428145103777, 0.6243469707479989, 1.0015191601872044, 0.0014438581740748857, 17.270000457763672, -0.007288538293765301, 1.0, 0.0, 0.01805564030819584, 0.03745049628010111, 0.06912378756739623, 0.0, -0.041741635335168295, 0.23638946679536174, 2.0, 7.0, 0.0, 0.00035304210520692436, 0.001650071760848859, 0.6466512632300667, 0.007924646708251437], "scale": [0.03597570274520121, 0.048937381367218064, 1.0, 20.47283809062273, 1.9973793369848494, 1.8233759024656728, 0.68834793801108, 0.0403374354409959, 0.49270311619676027, 0.9096312928808772, 0.013613901027507369, 0.035255765503509534, 0.0048017036805439485, 0.6228570555703206, 0.4313164155766208, 0.00843315336964115, 4.0199995040893555, 0.07161537084809755, 1.0, 1.0, 0.06599325889501562, 0.09110150975759346, 0.14751986833370723, 0.21581593971727386, 0.07566828465892064, 0.2767743119527547, 2.0, 7.0, 1.0, 0.026997244626970535, 0.014473223998541174, 0.24696682064431297, 0.0347425995522318], "features": ["SMA20_dist", "SMA50_dist", "sma_cross", "RSI14", "MACD", "MACD_sig", "MACD_hist", "BB_width", "BB_pos", "ATR14", "ret_1d", "ret_5d", "vol_10d", "vol_ratio", "obv_trend", "spy_ret_1d", "vix_level", "vix_change", "vix_regime", "asset_class", "ret_1m", "ret_3m", "ret_6m", "ret_12m", "high52w_dist", "low52w_dist", "day_of_week", "month", "is_options_expiry", "btc_ret_1d", "gold_ret_1d", "corr_spy_20d", "vwap_dist"]}