{"center": [-0.00026670253517522413, 0.0005257861700569086, 1.0, 49.58385760069326, 0.03923367030990477, 0.054122935994754644, -0.018254179335111975, 0.07300173715095064, 0.4956429603630451, 0.6750782772978872, -0.0002360126951973518, 0.002550488648550564, 0.01117166598700096, 0.9305633514012845, 0.9693350971240898, 0.0010938196429841618, 17.440000534057617, -0.008169153323245748, 1.0, 0.0, 0.0020576612460672106, 0.016770146861851742, 0.03599204483656138, 0.0005371835194929453, -0.060213823975697835, 0.15646569344471375, 2.0, 6.0, 0.0, -0.00032588834829794244, 0.0019383092584315254, -0.06354176656851708, 0.0005493282848247709], "scale": [0.036188845462861316, 0.05337885243468277, 1.0, 18.97844386169568, 0.506351723819904, 0.5033907823377654, 0.20646171499874094, 0.04867835404593099, 0.4906025530190119, 0.3339652360505898, 0.014630915385543897, 0.035583166634348073, 0.006087788430784197, 0.3830928088238432, 0.3029731834246765, 0.009111841304305035, 3.8100013732910156, 0.08032016052254587, 1.0, 1.0, 0.0682254285726045, 0.11339975300342725, 0.12285423209067603, 0.1311206071471055, 0.05452811673329234, 0.09202319358124236, 2.0, 7.0, 1.0, 0.02993025830553575, 0.015410333203721482, 0.35862027935810553, 0.03555277055507698], "features": ["SMA20_dist", "SMA50_dist", "sma_cross", "RSI14", "MACD", "MACD_sig", "MACD_hist", "BB_width", "BB_pos", "ATR14", "ret_1d", "ret_5d", "vol_10d", "vol_ratio", "obv_trend", "spy_ret_1d", "vix_level", "vix_change", "vix_regime", "asset_class", "ret_1m", "ret_3m", "ret_6m", "ret_12m", "high52w_dist", "low52w_dist", "day_of_week", "month", "is_options_expiry", "btc_ret_1d", "gold_ret_1d", "corr_spy_20d", "vwap_dist"]}