{"center": [0.001429602653831927, 0.003422261260050811, 1.0, 54.172202693985696, 0.11101565440775829, 0.0946222723030746, -0.0011436521737810679, 0.015017919455419783, 0.6222447210730602, 0.352263199224746, 9.064210592146793e-05, 0.0004501801019568541, 0.002264158828033694, 0.921349869061342, 1.0240435755167816, 0.0013669450371407432, 17.38499927520752, -0.007317246972257441, 1.0, 0.0, 0.0034739842097828433, 0.00848587970071668, 0.013699687265915972, 0.03575759905143927, -0.008313000770119556, 0.04973024521392495, 2.0, 6.0, 0.0, 8.154757069173124e-05, 0.001712988281543426, 0.1839347976269931, 0.0014846449122649322], "scale": [0.007311992371806872, 0.011353946412034778, 1.0, 20.107698968936205, 0.3314402953814337, 0.2923776785701973, 0.09834916325894856, 0.010511390593257078, 0.4859978685278528, 0.1270765078235106, 0.0031953778987650894, 0.006452577479925753, 0.001126270326620079, 0.5506741122967944, 0.13198520214413445, 0.009295395287698849, 3.7125000953674316, 0.08880274602616076, 1.0, 1.0, 0.013177216607082015, 0.018233446160624583, 0.02810080165822032, 0.05055251002596445, 0.011838289192348597, 0.028515917969957616, 2.0, 7.0, 1.0, 0.02847550412839231, 0.014812646264118462, 0.4716458175225072, 0.007360522509711456], "features": ["SMA20_dist", "SMA50_dist", "sma_cross", "RSI14", "MACD", "MACD_sig", "MACD_hist", "BB_width", "BB_pos", "ATR14", "ret_1d", "ret_5d", "vol_10d", "vol_ratio", "obv_trend", "spy_ret_1d", "vix_level", "vix_change", "vix_regime", "asset_class", "ret_1m", "ret_3m", "ret_6m", "ret_12m", "high52w_dist", "low52w_dist", "day_of_week", "month", "is_options_expiry", "btc_ret_1d", "gold_ret_1d", "corr_spy_20d", "vwap_dist"]}