{"center": [0.000822082794375099, 0.004674438094467487, 0.0, 51.57743606259192, -0.0005931854752128096, 0.006579327008820887, 0.00029404830547132216, 0.13574205070008188, 0.5072936570302861, 0.2356676818367509, -0.0017230242059397272, 0.001166957875057495, 0.01973316852677768, 0.8703773789203557, 0.9957659726261545, 0.0014361762526201582, 17.324999809265137, -0.007885968150674327, 1.0, 0.0, 0.007121905500875103, -0.014423809173385871, 0.0, 0.0, -0.17292027432805923, 0.11656805354460818, 2.0, 6.0, 0.0, -0.00016245832696676343, 0.001709445736939541, 0.3585249586438475, -0.0038925641041908294], "scale": [0.06093616430254392, 0.07987430300591972, 1.0, 23.327200249607003, 0.17354154349172712, 0.1540166429305528, 0.06604092601715132, 0.0631800524188996, 0.5033664486818141, 0.08920614618484984, 0.025472028660719098, 0.06024626060703683, 0.008122135842867001, 0.5393463746126315, 0.4696022744913728, 0.008857038941526924, 3.8650007247924805, 0.08178444294983234, 1.0, 1.0, 0.11340270715817255, 0.12874639670906127, 0.1645008550773286, 0.07106635356194471, 0.1454888804221542, 0.13232429833706305, 2.0, 7.0, 1.0, 0.02739094944279305, 0.014362071257997544, 0.3049291518958141, 0.06452312725066073], "features": ["SMA20_dist", "SMA50_dist", "sma_cross", "RSI14", "MACD", "MACD_sig", "MACD_hist", "BB_width", "BB_pos", "ATR14", "ret_1d", "ret_5d", "vol_10d", "vol_ratio", "obv_trend", "spy_ret_1d", "vix_level", "vix_change", "vix_regime", "asset_class", "ret_1m", "ret_3m", "ret_6m", "ret_12m", "high52w_dist", "low52w_dist", "day_of_week", "month", "is_options_expiry", "btc_ret_1d", "gold_ret_1d", "corr_spy_20d", "vwap_dist"]}