{"center": [-0.0028402869873170753, -0.012840624856438288, 0.0, 48.57141352022266, -0.09588310558292079, -0.11113258496576753, 0.013750043929758607, 0.07542088136366756, 0.4554267695867993, 0.4214288166591099, -0.0009203668632324358, 0.0, 0.012272565981549736, 0.9371464423123855, 1.0300385852249891, 0.0005304894680114858, 17.289999961853027, -0.007288538293765301, 1.0, 0.0, -0.009537819118239366, -0.015977755576865538, -0.03281026970815126, 0.0, -0.1375227856933709, 0.04228329877927266, 2.0, 6.0, 0.0, -0.00020332970930003746, 0.0014737150512755814, -0.028838328445754048, -0.004122012768792991], "scale": [0.036155314783809595, 0.06143822894104046, 1.0, 20.099477611298838, 0.42306949650835346, 0.39446441491164647, 0.10188280992534346, 0.03832539655633522, 0.46740562898783794, 0.17928552627563482, 0.017355696044892677, 0.035570491464308907, 0.0055104981324122435, 0.4873674620758839, 0.36291382158879393, 0.009096577994991195, 3.8400001525878906, 0.08079649200043526, 1.0, 1.0, 0.07384537256835419, 0.0822172158165009, 0.12057569248901814, 0.139251462179526, 0.11714579491381827, 0.08985825469428692, 2.0, 7.0, 1.0, 0.029887439664833565, 0.01568454954701759, 0.47757959799628663, 0.034338357573602055], "features": ["SMA20_dist", "SMA50_dist", "sma_cross", "RSI14", "MACD", "MACD_sig", "MACD_hist", "BB_width", "BB_pos", "ATR14", "ret_1d", "ret_5d", "vol_10d", "vol_ratio", "obv_trend", "spy_ret_1d", "vix_level", "vix_change", "vix_regime", "asset_class", "ret_1m", "ret_3m", "ret_6m", "ret_12m", "high52w_dist", "low52w_dist", "day_of_week", "month", "is_options_expiry", "btc_ret_1d", "gold_ret_1d", "corr_spy_20d", "vwap_dist"]}