{"center": [0.0018275756774749135, 0.0038205578789943834, 1.0, 56.16761922209973, 0.035150500993580636, 0.03036599679159654, 0.0006464447905723998, 0.014805896883180113, 0.6522307990811983, 0.08408847382389847, 0.00037318200266822643, 0.000749265771975427, 0.002200133307059242, 0.8469667216161723, 1.0312271297303461, 0.0017228064887020444, 17.389999389648438, -0.009244158887228515, 1.0, 0.0, 0.0038464551306633954, 0.010161986637200693, 0.015957593059096498, 0.04161879059335716, -0.007380155318397355, 0.0535089916400182, 2.0, 6.0, 0.0, 0.00018283765004545316, 0.0017929035935666526, 0.12490502850975808, 0.001766954009507833], "scale": [0.006888776441395064, 0.010324517996975464, 1.0, 19.940392594656984, 0.07672380092228437, 0.07041999285973918, 0.0227528965720495, 0.01001722449910539, 0.47820928500721377, 0.02953762241467446, 0.00301530390789273, 0.006372968803620815, 0.001097704465451293, 0.439254363546037, 0.11981955645026987, 0.009343046769744956, 4.079999923706055, 0.08239750902950937, 1.0, 1.0, 0.011991485076578101, 0.020335393053217077, 0.027782657814839462, 0.053021497663287676, 0.010687339174936455, 0.021478710232549, 2.0, 7.0, 1.0, 0.027415356253912226, 0.014362394795773281, 0.4990644199036294, 0.006937208160747663], "features": ["SMA20_dist", "SMA50_dist", "sma_cross", "RSI14", "MACD", "MACD_sig", "MACD_hist", "BB_width", "BB_pos", "ATR14", "ret_1d", "ret_5d", "vol_10d", "vol_ratio", "obv_trend", "spy_ret_1d", "vix_level", "vix_change", "vix_regime", "asset_class", "ret_1m", "ret_3m", "ret_6m", "ret_12m", "high52w_dist", "low52w_dist", "day_of_week", "month", "is_options_expiry", "btc_ret_1d", "gold_ret_1d", "corr_spy_20d", "vwap_dist"]}