{"center": [0.017971348699815162, 0.06872220513760863, 1.0, 56.32238001817748, 3.819058850432441, 3.9299893133239885, 0.03661909798996321, 0.18012514328059825, 0.6226081079002208, 6.926745572904277, 0.0030775406791749838, 0.0072440020753817835, 0.026982429651822366, 0.9562793055863503, 1.0468772146523038, 0.0004749092627577278, 17.369999885559082, -0.00029551503654678957, 1.0, 0.0, 0.05855537844160663, 0.1523155785672392, 0.12406032367235986, 0.0, -0.14601767921752268, 0.5051929757545377, 2.0, 6.0, 0.0, -0.0008240985185906102, 0.001234125845320344, 0.6275884776151388, 0.022234764265511943], "scale": [0.09343755321410654, 0.16814731748277473, 1.0, 24.572549644566585, 12.010792683963167, 12.317429032513461, 2.8911464522685915, 0.1156454822878504, 0.5076869296039705, 7.941240025432862, 0.03132575557818307, 0.08044366313515008, 0.013983960659662502, 0.4025365554009199, 0.2364036483186146, 0.008882076905955771, 3.8625006675720215, 0.07923099905607914, 1.0, 1.0, 0.18330135342579526, 0.3957120995632719, 0.710106657280507, 0.8250626309166738, 0.25425184249788746, 1.4548427230282128, 2.0, 7.0, 1.0, 0.02704925535044861, 0.0162057373345324, 0.17923616286219168, 0.09488729441811011], "features": ["SMA20_dist", "SMA50_dist", "sma_cross", "RSI14", "MACD", "MACD_sig", "MACD_hist", "BB_width", "BB_pos", "ATR14", "ret_1d", "ret_5d", "vol_10d", "vol_ratio", "obv_trend", "spy_ret_1d", "vix_level", "vix_change", "vix_regime", "asset_class", "ret_1m", "ret_3m", "ret_6m", "ret_12m", "high52w_dist", "low52w_dist", "day_of_week", "month", "is_options_expiry", "btc_ret_1d", "gold_ret_1d", "corr_spy_20d", "vwap_dist"]}