{"center": [0.017037338828959553, 0.05541533346686743, 1.0, 56.26065895299356, 2.9406072763609643, 2.8917378519243235, 0.05316920396989344, 0.12753450007674833, 0.661898575262256, 5.4325369304078786, 0.0004303587648299967, 0.008168404008950025, 0.017154396264549333, 0.9135082662295512, 1.0124722115217577, 0.0012149076348427768, 17.5600004196167, -0.008242576903709442, 1.0, 0.0, 0.0404534554286784, 0.13908911529388002, 0.10034191427899797, 0.033159873448622035, -0.08092228430768914, 0.3401268557070079, 2.0, 6.0, 0.0, 0.0009181073074115975, 0.0014761238845504288, 0.568152886071243, 0.017607163607515727], "scale": [0.06191513073348866, 0.10573342608007973, 1.0, 26.222732727409714, 6.816587120412777, 6.535338808694741, 1.753117388084012, 0.0730964066253875, 0.4961399838557527, 3.4779464690605213, 0.019495520991548332, 0.05254999744744768, 0.007396464003498408, 0.40599588951832, 0.3400201593049913, 0.009018164127421902, 4.127499103546143, 0.08245350569287238, 1.0, 1.0, 0.12812062837878352, 0.2352993732849958, 0.45856259623569573, 0.6903611274169548, 0.12711654998012725, 0.9646929213893578, 2.0, 7.0, 1.0, 0.029566373158928988, 0.013288952690264894, 0.2881300018829417, 0.06080220122412075], "features": ["SMA20_dist", "SMA50_dist", "sma_cross", "RSI14", "MACD", "MACD_sig", "MACD_hist", "BB_width", "BB_pos", "ATR14", "ret_1d", "ret_5d", "vol_10d", "vol_ratio", "obv_trend", "spy_ret_1d", "vix_level", "vix_change", "vix_regime", "asset_class", "ret_1m", "ret_3m", "ret_6m", "ret_12m", "high52w_dist", "low52w_dist", "day_of_week", "month", "is_options_expiry", "btc_ret_1d", "gold_ret_1d", "corr_spy_20d", "vwap_dist"]}