{"center": [-0.0006218729175125051, 0.013833421635592811, 1.0, 49.93111378972338, 1.8318282863112927, 2.883276519008777, -0.7528028081102054, 0.13501711857633578, 0.49448674384682273, 17.203890449232034, 0.0004417904393868577, 0.00183392569080143, 0.017493139398407204, 0.929761054362592, 0.9805668763787443, 0.0015919580098578967, 17.610000610351562, -0.007318110526737254, 1.0, 0.0, -0.004432496227338101, 0.02102119323955498, 0.0, 0.0, -0.1043128845990247, 0.33329411296540457, 2.0, 6.0, 0.0, 0.0009384113313946063, 0.0016536143054527441, 0.5953793360427473, -0.0019106221360764746], "scale": [0.0701379392742813, 0.10188940979920566, 1.0, 27.354857517247005, 18.330072876724557, 14.822595210646778, 5.539127544413747, 0.11413918798036606, 0.5811891227102947, 6.207308077992014, 0.022203773480829747, 0.054274213005196886, 0.01189305173682725, 0.4145642971152963, 0.5092814700003304, 0.00861154827320501, 4.347500801086426, 0.07427173288189426, 1.0, 1.0, 0.12277848563305713, 0.21416492265417597, 0.227489163911713, 0.09849940687027914, 0.16157820850958524, 0.215351470802158, 2.0, 7.0, 1.0, 0.026738870514348007, 0.015179848087222142, 0.32841194021500925, 0.07189531481167093], "features": ["SMA20_dist", "SMA50_dist", "sma_cross", "RSI14", "MACD", "MACD_sig", "MACD_hist", "BB_width", "BB_pos", "ATR14", "ret_1d", "ret_5d", "vol_10d", "vol_ratio", "obv_trend", "spy_ret_1d", "vix_level", "vix_change", "vix_regime", "asset_class", "ret_1m", "ret_3m", "ret_6m", "ret_12m", "high52w_dist", "low52w_dist", "day_of_week", "month", "is_options_expiry", "btc_ret_1d", "gold_ret_1d", "corr_spy_20d", "vwap_dist"]}