{"center": [0.01826168272026357, 0.04708690139418355, 1.0, 57.864134905808875, 0.5523057551025587, 0.5299418466502168, -1.1939379590597543e-05, 0.11659582527519322, 0.669858800148222, 0.9651991540330721, 0.0032073813055115696, 0.009235628110841443, 0.017699549238334448, 0.9603075301799298, 1.0615614539484914, 0.0007605411152529218, 17.6200008392334, -0.0046113733261696765, 1.0, 0.0, 0.03587808299040418, 0.11350703858409505, 0.13561633719557387, 0.2571760572654387, -0.038842455867214055, 0.5508085615291466, 2.0, 6.0, 0.0, -0.002374738351372918, 0.001677776649860796, 0.8276549720000973, 0.01994268566398607], "scale": [0.05945791186560612, 0.09364861378881473, 1.0, 24.13382647336438, 0.9916143325321158, 0.8877186853414871, 0.3017815630014588, 0.07903015619240406, 0.48570318779679467, 0.8609468622449364, 0.02284065111131206, 0.05433913936904666, 0.010618409155945982, 0.5898346248431069, 0.3828500045702399, 0.009233475109480027, 4.159999847412109, 0.08170271415817087, 1.0, 1.0, 0.11726213506002514, 0.14323736459742586, 0.2870872944437506, 0.40519707227641577, 0.08871989886767645, 0.5182816839888935, 2.0, 7.0, 1.0, 0.027642736204029572, 0.015719852171108384, 0.09272211783229845, 0.05256383771515105], "features": ["SMA20_dist", "SMA50_dist", "sma_cross", "RSI14", "MACD", "MACD_sig", "MACD_hist", "BB_width", "BB_pos", "ATR14", "ret_1d", "ret_5d", "vol_10d", "vol_ratio", "obv_trend", "spy_ret_1d", "vix_level", "vix_change", "vix_regime", "asset_class", "ret_1m", "ret_3m", "ret_6m", "ret_12m", "high52w_dist", "low52w_dist", "day_of_week", "month", "is_options_expiry", "btc_ret_1d", "gold_ret_1d", "corr_spy_20d", "vwap_dist"]}