{"center": [0.04777756479227536, 0.1045141228233041, 1.0, 58.09621365713547, 1.3446963795859759, 1.3160649216882767, 0.15341600996893945, 0.2974283454882735, 0.689715986725021, 4.469357081821987, 0.003199996948242134, 0.014433001892254715, 0.04079342306537581, 0.9492636314102312, 1.0413201985060272, 0.00157043300066384, 17.479999542236328, -0.009244158887228515, 1.0, 0.0, 0.10359403153113411, 0.22213409697895936, 0.6779596902529768, 0.24452465090271502, -0.11971828416755986, 1.774665113373987, 2.0, 6.0, 0.0, -9.567341618454961e-05, 0.0020569789010425055, 0.5706086153823033, 0.046540782171076135], "scale": [0.1452424108132648, 0.2994302367191858, 1.0, 23.833495920570662, 4.677583759663161, 4.934958781553172, 1.0524764537574212, 0.1809041817739665, 0.511599270983139, 2.8809631892613004, 0.04810258118297528, 0.1189869944303597, 0.021514484211698527, 0.4272707345084241, 0.15937722805731336, 0.009344044869650792, 4.239999771118164, 0.08779973120307094, 1.0, 1.0, 0.2873534833966315, 0.6720313668948472, 1.1401855470467717, 2.2968463104374974, 0.3057452377540216, 2.0031701008691685, 2.0, 7.0, 1.0, 0.027247821196606625, 0.015461260746115868, 0.3768744544049223, 0.13876325567363204], "features": ["SMA20_dist", "SMA50_dist", "sma_cross", "RSI14", "MACD", "MACD_sig", "MACD_hist", "BB_width", "BB_pos", "ATR14", "ret_1d", "ret_5d", "vol_10d", "vol_ratio", "obv_trend", "spy_ret_1d", "vix_level", "vix_change", "vix_regime", "asset_class", "ret_1m", "ret_3m", "ret_6m", "ret_12m", "high52w_dist", "low52w_dist", "day_of_week", "month", "is_options_expiry", "btc_ret_1d", "gold_ret_1d", "corr_spy_20d", "vwap_dist"]}