{"center": [0.0006571639029944727, 0.004306718992803656, 1.0, 49.31295361260885, 0.038440944569265056, 0.03538119314328698, -0.011239666807541206, 0.027983124821539994, 0.5252030662763125, 0.19388233005202704, -0.00030722820571255083, 0.0006998765832342269, 0.004324127397281897, 0.9701129887441196, 0.9926251618143014, 0.0013923874950790838, 17.649999618530273, -0.006134337694191971, 1.0, 0.0, 0.00033414390979802366, 0.003062513053083915, 0.020164027175730292, 0.011973383686470718, -0.021142488379881877, 0.09501953138046013, 2.0, 6.0, 0.0, -0.00212636428892915, 0.0005457175249985458, 0.6898703565040862, 0.0008912969479091737], "scale": [0.016120791976280326, 0.02724755523414247, 1.0, 23.354556572444125, 0.22961823454377228, 0.2194903738493844, 0.06272677544267063, 0.0169224964903368, 0.543220243903647, 0.04968676361977817, 0.006077295584892034, 0.01543689996914685, 0.0019334783253200953, 0.4099655822378049, 0.355542806426415, 0.009395823013659321, 4.0849995613098145, 0.08419886700536089, 1.0, 1.0, 0.03112591268788567, 0.042113133393850755, 0.043232735440306036, 0.05770164926915122, 0.03061798560408186, 0.06272596953705967, 2.0, 7.0, 1.0, 0.029539669581564676, 0.01463861718995485, 0.28893129847001997, 0.01616099196971194], "features": ["SMA20_dist", "SMA50_dist", "sma_cross", "RSI14", "MACD", "MACD_sig", "MACD_hist", "BB_width", "BB_pos", "ATR14", "ret_1d", "ret_5d", "vol_10d", "vol_ratio", "obv_trend", "spy_ret_1d", "vix_level", "vix_change", "vix_regime", "asset_class", "ret_1m", "ret_3m", "ret_6m", "ret_12m", "high52w_dist", "low52w_dist", "day_of_week", "month", "is_options_expiry", "btc_ret_1d", "gold_ret_1d", "corr_spy_20d", "vwap_dist"]}