{"center": [-0.00014697032346322258, -0.002475934095744144, 0.0, 49.44861878125044, -0.010342202034932413, -0.013147124672187777, -0.00022270277001400218, 0.039690728948983525, 0.49611123152386843, 0.21644461418264704, 0.0003764442916194266, -0.0012691820261328535, 0.005970517685246449, 0.9095000367495456, 0.9818667086239805, 0.0011227760773666606, 17.515000343322754, -0.005509084778692164, 1.0, 0.0, -0.0005321020032744705, -0.00034541224818085414, 0.0, 0.0, -0.05660853645342075, 0.061812851672369856, 2.0, 6.0, 0.0, -0.0007965467490635425, 0.001788531730296361, 0.16927654210345158, -1.4509449125541043e-05], "scale": [0.018680235200634172, 0.025045236251922592, 1.0, 21.696691116504432, 0.19232378227973967, 0.1793089715133429, 0.07591625858660268, 0.022891800209924484, 0.5147129133481894, 0.08016174420487127, 0.00827275690654719, 0.016699717840715222, 0.002486390706566536, 0.4887888724341287, 0.9393922903554578, 0.0095106732786564, 4.477499961853027, 0.08442095948922157, 1.0, 1.0, 0.03239301790832458, 0.045803418929483336, 0.047997456090319746, 0.030471788233475294, 0.0587944288204818, 0.04086912526670437, 2.0, 7.0, 1.0, 0.02605523321649425, 0.015981127531031647, 0.548500769687794, 0.018813001789086774], "features": ["SMA20_dist", "SMA50_dist", "sma_cross", "RSI14", "MACD", "MACD_sig", "MACD_hist", "BB_width", "BB_pos", "ATR14", "ret_1d", "ret_5d", "vol_10d", "vol_ratio", "obv_trend", "spy_ret_1d", "vix_level", "vix_change", "vix_regime", "asset_class", "ret_1m", "ret_3m", "ret_6m", "ret_12m", "high52w_dist", "low52w_dist", "day_of_week", "month", "is_options_expiry", "btc_ret_1d", "gold_ret_1d", "corr_spy_20d", "vwap_dist"]}