{"center": [-0.0016019527476746555, -0.007368985526400241, 0.0, 49.71669611714806, -0.08904132166389189, -0.11716065568657136, 0.02971882689898999, 0.08505208729482122, 0.47031099895782114, 1.1934126361530697, -0.00045831232540266553, -0.00012613937304073453, 0.010046806336374177, 0.9233834885068946, 1.0453281532125804, 0.001426471030224974, 17.270000457763672, -0.008008568742242539, 1.0, 0.0, -0.007143150905199569, -0.002214880495517768, 0.0, 0.0, -0.11362772841384639, 0.0957283791277962, 2.0, 6.0, 0.0, -0.0011564734544893818, 0.002040198898185297, -0.07100412975678833, -0.0015344835834287585], "scale": [0.04273748008654125, 0.06703719961217643, 1.0, 31.590312123802953, 1.4915884035438864, 1.349913576918241, 0.5105593615194612, 0.058016715625800463, 0.5536088626953766, 0.4250886810375949, 0.013031903171047465, 0.033365882020074594, 0.005762457438472464, 0.3532529345554073, 0.26887962379595187, 0.008510542390207904, 4.059999465942383, 0.07739497792295025, 1.0, 1.0, 0.08582888229470281, 0.18042028569086174, 0.1234161616618869, 0.05934229856558618, 0.07794091187588273, 0.11861692100808473, 2.0, 7.0, 1.0, 0.02961018079282582, 0.014925664558096935, 0.3451625436156845, 0.04209389254896319], "features": ["SMA20_dist", "SMA50_dist", "sma_cross", "RSI14", "MACD", "MACD_sig", "MACD_hist", "BB_width", "BB_pos", "ATR14", "ret_1d", "ret_5d", "vol_10d", "vol_ratio", "obv_trend", "spy_ret_1d", "vix_level", "vix_change", "vix_regime", "asset_class", "ret_1m", "ret_3m", "ret_6m", "ret_12m", "high52w_dist", "low52w_dist", "day_of_week", "month", "is_options_expiry", "btc_ret_1d", "gold_ret_1d", "corr_spy_20d", "vwap_dist"]}