{"center": [0.0046124779363149555, 0.011024312955446005, 1.0, 54.527577459823576, 0.20391912905804332, 0.22204881672869145, -0.007485031249239327, 0.04896367293391755, 0.6064651895690187, 0.6613987153331438, -0.00017315266556938713, 0.0006350820874088114, 0.007338409618895629, 0.9576084597016776, 0.9068657320672796, 0.0005563903162315587, 17.520000457763672, -0.004522324550077617, 1.0, 0.0, 0.01282729691778317, 0.02550742330616873, 0.03629154168660964, 0.0, -0.0401840615025635, 0.17697853044422107, 2.0, 6.0, 0.0, 0.0003224981011604733, 0.0017841598670260694, 0.6395341224022475, 0.004711917002179444], "scale": [0.023965574551041105, 0.036409605062023884, 0.5, 20.47226897050082, 0.5576426792907725, 0.46175027067209684, 0.2125681422918187, 0.0308867980615493, 0.5170042905569834, 0.16365804275320595, 0.010419250772218946, 0.022148681892054656, 0.0032119283870393252, 0.3177341088851984, 0.9186498644376767, 0.009575739364464098, 4.155000686645508, 0.0860985160189206, 1.0, 1.0, 0.04229837293622679, 0.06542866155622928, 0.10401887954920075, 0.09352532997935303, 0.052056706258963914, 0.14005688429018703, 2.0, 7.0, 1.0, 0.029117473814862793, 0.016326428829078532, 0.24305989092678038, 0.02445424717323646], "features": ["SMA20_dist", "SMA50_dist", "sma_cross", "RSI14", "MACD", "MACD_sig", "MACD_hist", "BB_width", "BB_pos", "ATR14", "ret_1d", "ret_5d", "vol_10d", "vol_ratio", "obv_trend", "spy_ret_1d", "vix_level", "vix_change", "vix_regime", "asset_class", "ret_1m", "ret_3m", "ret_6m", "ret_12m", "high52w_dist", "low52w_dist", "day_of_week", "month", "is_options_expiry", "btc_ret_1d", "gold_ret_1d", "corr_spy_20d", "vwap_dist"]}