{"center": [0.0003100836927375989, -0.002766507221253352, 0.0, 50.70968110512952, -0.02961131926620908, -0.05249421059576303, 0.03485445994203018, 0.12485280616892255, 0.5030318864014679, 1.231891611070647, -0.00033997727578594095, 8.955838303359442e-05, 0.0186377586013039, 0.8884331825882772, 1.012820436174618, 0.0017924309359995672, 17.260000228881836, -0.009244158887228515, 1.0, 0.0, 0.004237469550802286, -0.033514086688295586, -0.009425641813352481, 0.0, -0.20156576056214448, 0.18222084206084213, 2.0, 6.0, 0.0, -0.0003109860024155253, 0.0014259144001700363, 0.12958846448958825, 0.000953967020327699], "scale": [0.06193263068186396, 0.07610263290536226, 1.0, 23.263177267930814, 1.0409392248430365, 0.9302106665033485, 0.40620860156151994, 0.06040503183395683, 0.531766613769838, 0.4091474890276987, 0.02288648960819506, 0.061962217538888975, 0.008101327456104054, 0.42133396833971815, 0.2807737791885464, 0.008660825786374615, 3.59999942779541, 0.07178267158216844, 1.0, 1.0, 0.11387534627410278, 0.19725146585793052, 0.14726651744827712, 0.1318078935827265, 0.09196953161525467, 0.21515173361963233, 2.0, 7.0, 1.0, 0.026590892694133172, 0.014702583196445573, 0.5306260513670711, 0.06611553224919432], "features": ["SMA20_dist", "SMA50_dist", "sma_cross", "RSI14", "MACD", "MACD_sig", "MACD_hist", "BB_width", "BB_pos", "ATR14", "ret_1d", "ret_5d", "vol_10d", "vol_ratio", "obv_trend", "spy_ret_1d", "vix_level", "vix_change", "vix_regime", "asset_class", "ret_1m", "ret_3m", "ret_6m", "ret_12m", "high52w_dist", "low52w_dist", "day_of_week", "month", "is_options_expiry", "btc_ret_1d", "gold_ret_1d", "corr_spy_20d", "vwap_dist"]}