{"center": [0.001554878481509062, 0.0035243377889007965, 1.0, 55.882591538849326, 0.03243681088804351, 0.030366183725500737, -0.0001701068761802045, 0.014967352262799513, 0.6222316367488714, 0.08359284225108812, 0.0, 0.0007397359019021277, 0.002219000816950006, 0.8492256680833147, 1.0323447072718126, 0.001277977174232836, 17.520000457763672, -0.006733946910202238, 1.0, 0.0, 0.003393646875222478, 0.010125093045080025, 0.015504300522883208, 0.0415514700027626, -0.007050102307724987, 0.05350906998522331, 2.0, 6.0, 0.0, -0.0003342625487465778, 0.0016294519610446923, 0.12410367082398127, 0.0015916951374831223], "scale": [0.007235052472807828, 0.01060228314731238, 1.0, 22.08994572055375, 0.0769281976756453, 0.07015881893386892, 0.02285339324153724, 0.00968520781257446, 0.5023565746135163, 0.028437721140400107, 0.0030257241313679795, 0.006079611827814191, 0.0010535140410316995, 0.4243177100555455, 0.12195645667112043, 0.009042320217424682, 3.7950010299682617, 0.08416075582442717, 1.0, 1.0, 0.012240886792097172, 0.020621878525714066, 0.02793071579648332, 0.05316307867673942, 0.010738159521657053, 0.022866521582840457, 2.0, 7.0, 1.0, 0.027711483418801586, 0.015400686893783544, 0.5185104947532346, 0.007378689006904752], "features": ["SMA20_dist", "SMA50_dist", "sma_cross", "RSI14", "MACD", "MACD_sig", "MACD_hist", "BB_width", "BB_pos", "ATR14", "ret_1d", "ret_5d", "vol_10d", "vol_ratio", "obv_trend", "spy_ret_1d", "vix_level", "vix_change", "vix_regime", "asset_class", "ret_1m", "ret_3m", "ret_6m", "ret_12m", "high52w_dist", "low52w_dist", "day_of_week", "month", "is_options_expiry", "btc_ret_1d", "gold_ret_1d", "corr_spy_20d", "vwap_dist"]}