{"center": [0.009184970949727306, 0.028424126827219075, 1.0, 56.40694383001653, 1.8854674912312248, 1.8096122759902622, -0.06562122742481336, 0.06923942302542077, 0.6596049733486458, 3.4328026080719707, 0.0007423463671289987, 0.004757049534562574, 0.010882269171487945, 0.939458724065886, 1.0338473959302885, 0.00048597740732048145, 17.610000610351562, -0.0046113733261696765, 1.0, 0.0, 0.020007514301855434, 0.058143648382932955, 0.07832100923031216, 0.14681718516771558, -0.01606574885560227, 0.3457971746544869, 2.0, 6.0, 0.0, -0.002374738351372918, 0.0015263333689308212, 0.8797182086786972, 0.010903610852276039], "scale": [0.03036269413605618, 0.05246737383018194, 1.0, 20.611921105534933, 3.1870885101482145, 2.7400627785846154, 0.9703011555607259, 0.05879029042405851, 0.40521840005674364, 2.506757621832674, 0.013689594357395363, 0.03166834472243896, 0.0074105283376634575, 0.5160418620095707, 0.19547110608385265, 0.009340692423298158, 3.8100013732910156, 0.08376411131978789, 1.0, 1.0, 0.06563610447200618, 0.109298629906313, 0.15191339620224165, 0.2603427267438645, 0.03813203183371569, 0.17744237685838832, 2.0, 7.0, 1.0, 0.0291005613061478, 0.014463635374406425, 0.1016618159365471, 0.029218356090417546], "features": ["SMA20_dist", "SMA50_dist", "sma_cross", "RSI14", "MACD", "MACD_sig", "MACD_hist", "BB_width", "BB_pos", "ATR14", "ret_1d", "ret_5d", "vol_10d", "vol_ratio", "obv_trend", "spy_ret_1d", "vix_level", "vix_change", "vix_regime", "asset_class", "ret_1m", "ret_3m", "ret_6m", "ret_12m", "high52w_dist", "low52w_dist", "day_of_week", "month", "is_options_expiry", "btc_ret_1d", "gold_ret_1d", "corr_spy_20d", "vwap_dist"]}