{"center": [0.013699100757885928, 0.03705512949814591, 1.0, 58.301903159724105, 0.4560008571168339, 0.4830154643735267, -0.004469267986103975, 0.06879699392392127, 0.7291209400071669, 0.5341708769705171, 0.002477811827157783, 0.0076725961462993375, 0.0100298083746855, 0.7582423096867003, 1.0375968227850871, 0.0007605411152529218, 17.6200008392334, -0.006393225162856231, 1.0, 0.0, 0.031195866078472134, 0.10673542164181682, 0.17863262399019209, 0.37782772260502284, -0.015008620469058952, 0.4529841625621226, 2.0, 6.0, 0.0, -0.001682150134457161, 0.0014259144001700363, 0.5804209014744184, 0.01512095671673395], "scale": [0.033999724394771655, 0.04285821900877494, 1.0, 19.454658517163047, 0.5993174628619968, 0.4590454461107355, 0.19180531208158533, 0.04599430091397576, 0.40603904528574675, 0.34495868653538575, 0.014010017222758853, 0.03108737954948715, 0.005042625796099105, 0.6966911856353307, 0.13552148316806267, 0.00975923904776993, 4.170001029968262, 0.08338024378347436, 1.0, 1.0, 0.056611963742881466, 0.11107257054474384, 0.17805202930156072, 0.5204902521125552, 0.0357492241238181, 0.38693866622791884, 2.0, 7.0, 1.0, 0.025497896076171256, 0.016083339948719355, 0.25360112051012723, 0.033246314724228704], "features": ["SMA20_dist", "SMA50_dist", "sma_cross", "RSI14", "MACD", "MACD_sig", "MACD_hist", "BB_width", "BB_pos", "ATR14", "ret_1d", "ret_5d", "vol_10d", "vol_ratio", "obv_trend", "spy_ret_1d", "vix_level", "vix_change", "vix_regime", "asset_class", "ret_1m", "ret_3m", "ret_6m", "ret_12m", "high52w_dist", "low52w_dist", "day_of_week", "month", "is_options_expiry", "btc_ret_1d", "gold_ret_1d", "corr_spy_20d", "vwap_dist"]}