{"center": [0.009857574576227926, 0.02422665226288671, 1.0, 55.32375173340204, 0.9322501108579218, 1.2036679492417777, 0.09127608388264186, 0.07099495957974673, 0.6378589699994074, 2.8356532328876347, 0.0006229601571916543, 0.005036559234796512, 0.009730204033199772, 0.9680329354496259, 1.026080650615269, 0.000984565078659072, 17.3799991607666, -0.008500003814697288, 1.0, 0.0, 0.016516805433031356, 0.0710617905220674, 0.12061902345182385, 0.12409768992713177, -0.03565884312520764, 0.2772157099811503, 2.0, 6.0, 0.0, -0.00204861414171964, 0.0016294519610446923, -0.012931957551738921, 0.009791075245511182], "scale": [0.045292914933553294, 0.08203679776418263, 1.0, 28.201663400045746, 3.9551392803934675, 3.9112243701993323, 1.0519141155265208, 0.05017829935721838, 0.5632774421184532, 1.7195709253478872, 0.012125383234091847, 0.03250623826147614, 0.00491528248997415, 0.3038013811414304, 0.1491617777135653, 0.008826588319290285, 3.7099990844726562, 0.08380775444192923, 1.0, 1.0, 0.08814456758184275, 0.17803247935939615, 0.27411822195374635, 0.504244544751709, 0.06457781124585783, 0.48001701152391574, 2.0, 7.0, 1.0, 0.027054309762315265, 0.01573720984510152, 0.3105625779997503, 0.04571016923730785], "features": ["SMA20_dist", "SMA50_dist", "sma_cross", "RSI14", "MACD", "MACD_sig", "MACD_hist", "BB_width", "BB_pos", "ATR14", "ret_1d", "ret_5d", "vol_10d", "vol_ratio", "obv_trend", "spy_ret_1d", "vix_level", "vix_change", "vix_regime", "asset_class", "ret_1m", "ret_3m", "ret_6m", "ret_12m", "high52w_dist", "low52w_dist", "day_of_week", "month", "is_options_expiry", "btc_ret_1d", "gold_ret_1d", "corr_spy_20d", "vwap_dist"]}