{"center": [0.01724409269121778, 0.04777213314236971, 1.0, 61.85571978568493, 0.9195987003445083, 0.9241720993129954, -0.020230490018651737, 0.06965877580768445, 0.7390491294940189, 1.028643232838481, 0.0012639019468673185, 0.0078038437668354055, 0.009190797601965079, 0.9370510014670861, 1.041878677007201, 0.001584535908205842, 17.610000610351562, -0.010052360297814311, 1.0, 0.0, 0.03618964940529501, 0.11550231621091467, 0.27278150612447793, 0.3215886370819615, -0.013721975832108239, 0.4987100682302452, 2.0, 6.0, 0.0, 0.0008002908160121835, 0.0015006433011212073, 0.5242331587619619, 0.017343664491085604], "scale": [0.03288461543103878, 0.061921478778593955, 1.0, 26.135383441296014, 1.282197134318647, 1.2588374772742696, 0.3309194443861003, 0.05123370310234275, 0.36429326921910576, 0.6449645401003308, 0.013604111487473786, 0.025962523233379387, 0.005221724422527836, 0.5558426900193711, 0.18693418112774218, 0.008642825014750638, 4.230000019073486, 0.07385892962233126, 1.0, 1.0, 0.06778332651646224, 0.11429566756769821, 0.29899198509952957, 0.6562481585394315, 0.046823018249015136, 0.5275412469549384, 2.0, 7.0, 1.0, 0.026444937390291856, 0.0159164874774039, 0.27046019456701076, 0.03519828232027499], "features": ["SMA20_dist", "SMA50_dist", "sma_cross", "RSI14", "MACD", "MACD_sig", "MACD_hist", "BB_width", "BB_pos", "ATR14", "ret_1d", "ret_5d", "vol_10d", "vol_ratio", "obv_trend", "spy_ret_1d", "vix_level", "vix_change", "vix_regime", "asset_class", "ret_1m", "ret_3m", "ret_6m", "ret_12m", "high52w_dist", "low52w_dist", "day_of_week", "month", "is_options_expiry", "btc_ret_1d", "gold_ret_1d", "corr_spy_20d", "vwap_dist"]}