{"center": [0.017482969659648805, 0.047156965163326424, 1.0, 55.79059016128846, 2.3504821454672538, 2.4967463508501004, -0.13813819101291092, 0.1360709369696273, 0.6332210710500431, 6.421064789296409, 0.0010237502171726032, 0.0042233127415762794, 0.019835165475476587, 0.9034842968457586, 1.0365187727178533, 0.001376057202634895, 17.479999542236328, -0.006626930447881874, 1.0, 0.0, 0.04470735552766758, 0.13242993592600683, 0.08587121833918299, 0.16169300777126705, -0.07847005782659097, 0.6089904325938006, 2.0, 6.0, 0.0, 0.0008014800420892421, 0.001992014086009908, 0.4884563877181637, 0.018950900649719486], "scale": [0.06144619691557508, 0.11295458114415068, 1.0, 23.692452334129356, 4.843258720837838, 4.829944850515906, 1.8453354859191926, 0.12546645552605945, 0.4535157012056669, 3.9409383860572422, 0.02925759410914419, 0.06007587733120889, 0.012956927482535565, 0.45249582024051827, 0.22147354892809323, 0.009013330470714842, 3.6200008392333984, 0.076606128587004, 1.0, 1.0, 0.11274190710330734, 0.27245593686619374, 0.3767180229397009, 0.4662263290009607, 0.1635897584399168, 0.2090641522053714, 2.0, 7.0, 1.0, 0.026840451113742447, 0.015321696523231232, 0.3171383968596129, 0.062140768125923465], "features": ["SMA20_dist", "SMA50_dist", "sma_cross", "RSI14", "MACD", "MACD_sig", "MACD_hist", "BB_width", "BB_pos", "ATR14", "ret_1d", "ret_5d", "vol_10d", "vol_ratio", "obv_trend", "spy_ret_1d", "vix_level", "vix_change", "vix_regime", "asset_class", "ret_1m", "ret_3m", "ret_6m", "ret_12m", "high52w_dist", "low52w_dist", "day_of_week", "month", "is_options_expiry", "btc_ret_1d", "gold_ret_1d", "corr_spy_20d", "vwap_dist"]}