{"center": [0.006083491604825736, 0.011434849672519063, 1.0, 55.128199543753865, 0.13014196305893577, 0.12074289494225887, 0.0013353360092686062, 0.056806722222979306, 0.626411215945923, 0.6031157088608061, 0.0014506113375387653, 0.0034200441977766394, 0.007861635037962141, 0.9549074106508402, 1.0281749794244397, 0.0018645083733309642, 17.239999771118164, -0.007301804534139311, 1.0, 0.0, 0.010507133818017489, 0.02907866870872111, 0.028496693022132424, 0.03468822251828996, -0.03790930625431328, 0.14951865839990064, 2.0, 6.0, 0.0, -0.0007965467490635425, 0.0017661798901260628, 0.23730613672771966, 0.006908632198133488], "scale": [0.026310745254702436, 0.03542004372450795, 1.0, 23.263819646990804, 0.42356243858197296, 0.42920833687755927, 0.1637020303022813, 0.03984353404568936, 0.47146704000013395, 0.265033626753157, 0.011524437037447627, 0.023981734910323876, 0.004160901936746718, 0.40876770254838246, 0.22364304411949265, 0.008737556521649398, 3.967499256134033, 0.07957743916550838, 1.0, 1.0, 0.04423794831362726, 0.08635164991255545, 0.13431635342507475, 0.09659588396533092, 0.04420060787803984, 0.09888091246912792, 2.0, 6.0, 1.0, 0.02812101965242067, 0.016651831965159042, 0.5832116564999983, 0.02694684612046252], "features": ["SMA20_dist", "SMA50_dist", "sma_cross", "RSI14", "MACD", "MACD_sig", "MACD_hist", "BB_width", "BB_pos", "ATR14", "ret_1d", "ret_5d", "vol_10d", "vol_ratio", "obv_trend", "spy_ret_1d", "vix_level", "vix_change", "vix_regime", "asset_class", "ret_1m", "ret_3m", "ret_6m", "ret_12m", "high52w_dist", "low52w_dist", "day_of_week", "month", "is_options_expiry", "btc_ret_1d", "gold_ret_1d", "corr_spy_20d", "vwap_dist"]}