{"center": [-0.0014185593286660469, -0.009052340284479984, 0.0, 49.918887852130055, -0.2866343213110625, -0.21723274373040585, -0.015771923056959847, 0.0941736945847255, 0.48111785346381475, 2.136369189447988, 0.00023061639786503552, -0.003843644392869494, 0.014580367043138536, 0.9497973392891821, 1.0295593683544049, 0.0014184816266806788, 17.610000610351562, -0.009126572595774263, 1.0, 0.0, -0.005696027338707166, -0.027793790680077646, -0.03825475883553697, 0.0, -0.1678035338505951, 0.15317543549943502, 2.0, 6.0, 0.0, -0.0015608751244815533, 0.0012774523718040998, 0.00956549340880576, -0.001629713372585205], "scale": [0.04543805008768038, 0.07543333058598473, 1.0, 21.589783754547817, 1.9481566573751046, 1.9970285728778219, 0.64140697156965, 0.06456800930049555, 0.5073118087015669, 0.5729815987968103, 0.02204825570798491, 0.04583530808454625, 0.008509870483550501, 0.45693154741056075, 0.20379104068997544, 0.009176654827604297, 4.282500743865967, 0.08126684973441395, 1.0, 1.0, 0.08607453696864459, 0.12257075142425464, 0.10758691861723119, 0.06571016040418051, 0.09666791291143291, 0.11783219244871608, 2.0, 7.0, 1.0, 0.027813898553319477, 0.01472114155912313, 0.46637439235076394, 0.04677328152060735], "features": ["SMA20_dist", "SMA50_dist", "sma_cross", "RSI14", "MACD", "MACD_sig", "MACD_hist", "BB_width", "BB_pos", "ATR14", "ret_1d", "ret_5d", "vol_10d", "vol_ratio", "obv_trend", "spy_ret_1d", "vix_level", "vix_change", "vix_regime", "asset_class", "ret_1m", "ret_3m", "ret_6m", "ret_12m", "high52w_dist", "low52w_dist", "day_of_week", "month", "is_options_expiry", "btc_ret_1d", "gold_ret_1d", "corr_spy_20d", "vwap_dist"]}