{"center": [0.008603871547741532, 0.027473180614925853, 1.0, 55.685763383310864, 0.20615415926341285, 0.2099829567302839, -0.0086814970947304, 0.08561750115066752, 0.6091913082090179, 0.3947527365656053, 0.0018181688775655847, 0.0038233812630946717, 0.011618218746170311, 0.0013745672777747409, 17.479999542236328, -0.007856395917702375, 1.0], "scale": [0.05089932897035797, 0.062053892851916974, 1.0, 29.58644148694073, 0.5013824513372702, 0.45511006419149563, 0.17015282366294038, 0.05181519549413971, 0.5611819712339734, 0.16030819355353343, 0.01571297682583775, 0.038198171898791544, 0.00487087674669986, 0.009078321330412115, 4.345000267028809, 0.08085382439832423, 1.0], "features": ["SMA20_dist", "SMA50_dist", "sma_cross", "RSI14", "MACD", "MACD_sig", "MACD_hist", "BB_width", "BB_pos", "ATR14", "ret_1d", "ret_5d", "vol_10d", "spy_ret_1d", "vix_level", "vix_change", "vix_regime"]}