{"center": [-0.025876303937158222, -0.0711661754993385, 0.0, 44.10519889581382, -0.8087105806863697, -0.8277478066731666, -0.02642395973933348, 0.22729137760469975, 0.3548239928443977, 2.0278570311410085, -0.0024831589849996227, -0.014181215216628074, 0.033368530510264095, 0.8793974790081215, 0.9910111164299771, 0.0007606343957031747, 17.649999618530273, 0.0, 1.0, 0.0, -0.06356318826108343, -0.10832931874871321, -0.17346038923338003, -0.5702500726257763, -0.6720075524534358, 0.288235280007682, 2.0, 6.0, 0.0, -0.002268068291422898, 0.0014210967336203417, 0.3666101547156912, -0.02610183424383101], "scale": [0.10825763384655587, 0.20643559558168892, 1.0, 24.64557964957328, 3.282609850467102, 3.3613806808662603, 0.6558258566905673, 0.28166112423303635, 0.5093553448804591, 2.4907146181379045, 0.03808242125573419, 0.08433971378142457, 0.027094208117815682, 0.47764633209840757, 0.27684542208411766, 0.009764851651047624, 4.410000801086426, 0.08756655064895247, 1.0, 1.0, 0.21671653834977134, 0.2651969480120001, 0.5835104840842745, 0.8280968596006044, 0.5170568233343561, 0.5395532274218489, 2.0, 7.0, 1.0, 0.030117806303722294, 0.014778315864427016, 0.23722687216395769, 0.10936214092082633], "features": ["SMA20_dist", "SMA50_dist", "sma_cross", "RSI14", "MACD", "MACD_sig", "MACD_hist", "BB_width", "BB_pos", "ATR14", "ret_1d", "ret_5d", "vol_10d", "vol_ratio", "obv_trend", "spy_ret_1d", "vix_level", "vix_change", "vix_regime", "asset_class", "ret_1m", "ret_3m", "ret_6m", "ret_12m", "high52w_dist", "low52w_dist", "day_of_week", "month", "is_options_expiry", "btc_ret_1d", "gold_ret_1d", "corr_spy_20d", "vwap_dist"]}