{"center": [0.014101061024712513, 0.033572003207257395, 1.0, 54.89131789043057, 1.760838983805911, 1.7097784232920774, -0.005343036133814039, 0.1143424748681259, 0.6333446743060973, 4.9726084530439705, 0.00021844377738600151, 0.006096965942696153, 0.017206951386161955, 0.001151803537192908, 17.520000457763672, -0.007869662158076385, 1.0], "scale": [0.05254092109452121, 0.06677261758954807, 1.0, 26.157145817018076, 4.078416765558401, 3.4742948697127227, 1.6428794872794386, 0.08755245938330222, 0.4855371655848889, 2.621062485217496, 0.020778478480034113, 0.045692432481264256, 0.010498038097628025, 0.00904828851805517, 4.3600006103515625, 0.08151380208533593, 1.0], "features": ["SMA20_dist", "SMA50_dist", "sma_cross", "RSI14", "MACD", "MACD_sig", "MACD_hist", "BB_width", "BB_pos", "ATR14", "ret_1d", "ret_5d", "vol_10d", "spy_ret_1d", "vix_level", "vix_change", "vix_regime"]}