{"center": [0.004200912514354522, 0.02114798293048285, 1.0, 52.08383925014508, 2.0689026041753777, 2.414640114750738, -0.20957301578002507, 0.06988630604796846, 0.5803172618771122, 6.022758244199728, -0.00048339066201708025, -0.00016625461651154083, 0.011767208641595922, 0.8747514910536779, 0.9778856213939318, 0.0004857686482722112, 17.440000534057617, -0.002998497855734139, 1.0, 0.0, 0.008029072954166327, 0.045347942369051486, 0.0, 0.03047602563269325, -0.05113430331912921, 0.2709538983593084, 2.0, 6.0, 0.0, -0.0016352711961346023, 0.0017929035935666526, 0.8244918899927239, 0.004911487241177117], "scale": [0.03547346047024111, 0.05497101358657657, 1.0, 21.66721249935207, 5.407377570559731, 4.841305555075432, 1.6520340328934213, 0.05264661026762147, 0.500174794510968, 2.4251469467425544, 0.014982169090726583, 0.030300655247238018, 0.005869692402484042, 0.4272157286798949, 0.23897085799776652, 0.008930735774285159, 4.010000228881836, 0.07947357106585673, 1.0, 1.0, 0.07891915737872557, 0.11797790291385968, 0.1174120780695912, 0.13665097440739893, 0.07148153346791339, 0.15906369350634117, 2.0, 6.0, 1.0, 0.027978058130078476, 0.016137013329335703, 0.1668039884912239, 0.03480320550913174], "features": ["SMA20_dist", "SMA50_dist", "sma_cross", "RSI14", "MACD", "MACD_sig", "MACD_hist", "BB_width", "BB_pos", "ATR14", "ret_1d", "ret_5d", "vol_10d", "vol_ratio", "obv_trend", "spy_ret_1d", "vix_level", "vix_change", "vix_regime", "asset_class", "ret_1m", "ret_3m", "ret_6m", "ret_12m", "high52w_dist", "low52w_dist", "day_of_week", "month", "is_options_expiry", "btc_ret_1d", "gold_ret_1d", "corr_spy_20d", "vwap_dist"]}