{"center": [0.007106900141483841, 0.026487866008767468, 1.0, 54.567870840929025, 0.19224171924638256, 0.22978228192845696, -0.007633233478236412, 0.08328719561977596, 0.5697806962581112, 0.39392327227152385, 0.0013046752152359176, 0.0031194012409929694, 0.011515336940249503, 0.8435139315415481, 1.052823815168179, 0.0009004595313388819, 17.3799991607666, -0.006658632403358511, 1.0, 0.0, 0.01290061743448101, 0.0808687804483228, 0.17685578493562137, 0.13717163776631147, -0.043408285900503274, 0.33250392067754275, 2.0, 6.0, 0.0, 0.000799101589935125, 0.001677776649860796, 0.541539897911163, 0.007118091224361593], "scale": [0.04686212682772852, 0.06748657339960369, 1.0, 27.974207333654192, 0.5638374242937267, 0.5133270930657917, 0.16386229219903514, 0.03949145130563779, 0.5385860624351735, 0.22722323981330406, 0.015301631590754206, 0.03709123164342443, 0.004804640322429268, 0.5343616367994318, 0.2038596569822, 0.009661342625395752, 3.9499998092651367, 0.08262139015460346, 1.0, 1.0, 0.09300251848852537, 0.12634496857538713, 0.24456884642924437, 0.4264920261027473, 0.07253517481829841, 0.3857844862360509, 2.0, 7.0, 1.0, 0.02787944932454217, 0.01585201379530654, 0.3022398530955551, 0.04608642097336178], "features": ["SMA20_dist", "SMA50_dist", "sma_cross", "RSI14", "MACD", "MACD_sig", "MACD_hist", "BB_width", "BB_pos", "ATR14", "ret_1d", "ret_5d", "vol_10d", "vol_ratio", "obv_trend", "spy_ret_1d", "vix_level", "vix_change", "vix_regime", "asset_class", "ret_1m", "ret_3m", "ret_6m", "ret_12m", "high52w_dist", "low52w_dist", "day_of_week", "month", "is_options_expiry", "btc_ret_1d", "gold_ret_1d", "corr_spy_20d", "vwap_dist"]}