{"center": [0.032414742891008035, 0.06815448403297374, 1.0, 59.228813042074954, 1.9248563659248248, 1.9541455960645042, 0.1464937898686398, 0.18899074416252262, 0.682919884813237, 3.6475594024910385, 0.0036281843355265853, 0.01571499777723795, 0.028319463479102455, 0.933062894555537, 1.0411901066326943, 0.0007606343178343522, 17.360000610351562, -0.002873519434293592, 1.0, 0.0, 0.05598910885934982, 0.2163302661921367, 0.32915343873567404, 0.2720783016707442, -0.10427820657721183, 0.725895075493168, 2.0, 6.0, 0.0, -0.00022924323774897726, 0.0019715725978484144, 0.6979547976702737, 0.035052662676138664], "scale": [0.08575847686107091, 0.16987873476407755, 1.0, 23.837408424789352, 7.673782495584831, 7.449959045106622, 1.2039535069634089, 0.09423789454943893, 0.4244786575359061, 5.538987502977598, 0.035076858968042024, 0.08219527521287295, 0.013146941578477043, 0.3969721664717275, 0.20855612258581935, 0.008430098322160573, 4.0199995040893555, 0.07737609751996466, 1.0, 1.0, 0.1827154585601305, 0.4112529477818261, 0.8872869132509689, 1.7210800123668797, 0.26789645118090766, 2.347739350461466, 2.0, 7.0, 1.0, 0.028197158601348082, 0.014682782603758437, 0.23394436675528607, 0.08187084552397045], "features": ["SMA20_dist", "SMA50_dist", "sma_cross", "RSI14", "MACD", "MACD_sig", "MACD_hist", "BB_width", "BB_pos", "ATR14", "ret_1d", "ret_5d", "vol_10d", "vol_ratio", "obv_trend", "spy_ret_1d", "vix_level", "vix_change", "vix_regime", "asset_class", "ret_1m", "ret_3m", "ret_6m", "ret_12m", "high52w_dist", "low52w_dist", "day_of_week", "month", "is_options_expiry", "btc_ret_1d", "gold_ret_1d", "corr_spy_20d", "vwap_dist"]}