{"center": [0.008408685796921216, 0.024966922830715593, 1.0, 55.04847271269942, 1.0744438359230344, 1.097452993753969, -0.06296350822811192, 0.07608648379315933, 0.6274317764688351, 2.5702324115153385, 0.001469134733111277, 0.0036082619331965216, 0.011300443401692482, 0.7450499386718066, 0.9895397370414026, 0.0014269529379875578, 17.610000610351562, -0.005211721284556381, 1.0, 0.0, 0.013732202480511768, 0.052664801761231894, 0.08948011364482134, 0.12443099420560122, -0.025793938368438244, 0.360921523995511, 2.0, 6.0, 0.0, 0.0007548627203146641, 0.0016294519610446923, 0.7709170648268804, 0.008987527656267163], "scale": [0.03962683849534061, 0.060835163439644874, 1.0, 24.502032703423986, 2.9495149506824134, 2.684944667209027, 0.8289113975572457, 0.06466021936895314, 0.5379200715014874, 0.9683983532732015, 0.015605631008751675, 0.0346788030726739, 0.005435582284375412, 0.603662895194571, 0.1398676947791675, 0.009503544579721912, 4.479999542236328, 0.08532225077523536, 1.0, 1.0, 0.08533326063304192, 0.13791967041794928, 0.16800785751008673, 0.2673545356763871, 0.060440737471382525, 0.18569343668169586, 2.0, 7.0, 1.0, 0.02726784780139091, 0.015096087740362862, 0.1678795149677489, 0.0427392231953556], "features": ["SMA20_dist", "SMA50_dist", "sma_cross", "RSI14", "MACD", "MACD_sig", "MACD_hist", "BB_width", "BB_pos", "ATR14", "ret_1d", "ret_5d", "vol_10d", "vol_ratio", "obv_trend", "spy_ret_1d", "vix_level", "vix_change", "vix_regime", "asset_class", "ret_1m", "ret_3m", "ret_6m", "ret_12m", "high52w_dist", "low52w_dist", "day_of_week", "month", "is_options_expiry", "btc_ret_1d", "gold_ret_1d", "corr_spy_20d", "vwap_dist"]}