{"center": [0.0037673426079097906, 0.022354370205532003, 1.0, 51.8181277083433, 0.5562318453191466, 0.6484071337230195, -0.042543048982451204, 0.0704207501473739, 0.5693207831853538, 1.5393442501509125, 0.0003248510737929866, 0.0012890242152878706, 0.011878065747234014, 0.8637916586089086, 0.9846018863785918, 0.0011517326256851312, 17.3799991607666, -0.00790227414327227, 1.0, 0.0, 0.010091599533226692, 0.04437764892393381, 0.0, 0.02884621406519683, -0.04996269502845979, 0.2773897641792404, 2.0, 6.0, 0.0, 0.00038358610925337544, 0.0017929035935666526, 0.8269988817064955, 0.00491850331244107], "scale": [0.036866829010095234, 0.05764492678444255, 1.0, 20.99475987188871, 1.4013939061585319, 1.261354641075137, 0.4628005527494532, 0.05285795589298458, 0.5127477590955858, 0.5821147436023781, 0.016048002287884944, 0.033457139769253685, 0.005365062755664349, 0.45592655231819523, 0.20618285787738766, 0.008733332938634986, 4.140000343322754, 0.08111276302240777, 1.0, 1.0, 0.07843235208069155, 0.12092151214298763, 0.11376872530091264, 0.13238160883017724, 0.0690856464410278, 0.13894894258077456, 2.0, 7.0, 1.0, 0.026814461557730263, 0.015652089322960805, 0.15420419581408695, 0.0376547897350573], "features": ["SMA20_dist", "SMA50_dist", "sma_cross", "RSI14", "MACD", "MACD_sig", "MACD_hist", "BB_width", "BB_pos", "ATR14", "ret_1d", "ret_5d", "vol_10d", "vol_ratio", "obv_trend", "spy_ret_1d", "vix_level", "vix_change", "vix_regime", "asset_class", "ret_1m", "ret_3m", "ret_6m", "ret_12m", "high52w_dist", "low52w_dist", "day_of_week", "month", "is_options_expiry", "btc_ret_1d", "gold_ret_1d", "corr_spy_20d", "vwap_dist"]}