{"center": [0.02850026054881877, 0.0749652836320458, 1.0, 59.31624867533081, 8.20771811526538, 7.8367782731050974, 0.2538762643297352, 0.13745754883443417, 0.7153200329757315, 10.005420010563897, 0.003099444294534348, 0.01478546370998901, 0.01711656376554231, 0.9574723965736434, 1.0532828381279857, 0.0014438581740748857, 17.204999923706055, -0.005254864671583648, 1.0, 0.0, 0.061795523850744716, 0.19875033172671897, 0.17489652596820127, 0.25159420246454245, -0.04231062058664632, 0.538808396293921, 2.0, 6.0, 0.0, 0.0008608689260511948, 0.0014761238845504288, 0.6675683242099117, 0.02815621049404602], "scale": [0.07281335143109287, 0.10725179742208399, 1.0, 26.449111697276514, 14.503683998598518, 13.119190513624867, 3.8490965118195417, 0.08346086609600889, 0.5172866624661161, 9.904084743396306, 0.02201093905643739, 0.055619039153582156, 0.009444875732050556, 0.39205441715645073, 0.3297055998626074, 0.008681110354136545, 4.192501068115234, 0.08169418815609081, 1.0, 1.0, 0.13284956885574145, 0.23654143372312975, 0.5777930072927339, 0.6914606032081896, 0.08723115114921491, 1.098927307393928, 2.0, 6.0, 1.0, 0.02545062492682587, 0.015102046115451018, 0.22384360891082966, 0.07049867751592195], "features": ["SMA20_dist", "SMA50_dist", "sma_cross", "RSI14", "MACD", "MACD_sig", "MACD_hist", "BB_width", "BB_pos", "ATR14", "ret_1d", "ret_5d", "vol_10d", "vol_ratio", "obv_trend", "spy_ret_1d", "vix_level", "vix_change", "vix_regime", "asset_class", "ret_1m", "ret_3m", "ret_6m", "ret_12m", "high52w_dist", "low52w_dist", "day_of_week", "month", "is_options_expiry", "btc_ret_1d", "gold_ret_1d", "corr_spy_20d", "vwap_dist"]}