{"center": [-0.014194748776457503, -0.0268012449363573, 0.0, 45.76304151892806, -1.909961491298553, -1.832959700533939, -0.16291548675198753, 0.13180378547309457, 0.3862483203634073, 6.707501547677176, -0.00023455426363949705, -0.009741817279975307, 0.02001851068645593, 0.9237987976148425, 1.0069700656779963, 0.0015057950947259258, 17.420000076293945, -0.00615351204657788, 1.0, 0.0, -0.0335814041990406, -0.046358903249058225, -0.07309236124433749, 0.0, -0.17080489061872586, 0.12552595408751283, 2.0, 6.0, 0.0, -0.0014998349928206922, 0.0014761238845504288, 0.38068319564977393, -0.012329419551051796], "scale": [0.053360589011084515, 0.09101262293386031, 1.0, 19.501357770947834, 5.310988349518183, 4.8695788579703265, 1.8692137055160254, 0.09932566174810015, 0.43969196990810766, 2.1135714394705643, 0.026896566508901598, 0.0647828909581297, 0.014721874772517013, 0.5399878538968131, 0.18932099290245696, 0.009083443570065464, 4.422501087188721, 0.08182540195395577, 1.0, 1.0, 0.1028565481644991, 0.17698674625644029, 0.2024995164661967, 0.21430387009108248, 0.2006202416617864, 0.14441309612191922, 2.0, 7.0, 1.0, 0.02703179377550527, 0.014517799400754094, 0.3992662889412302, 0.05705467545715795], "features": ["SMA20_dist", "SMA50_dist", "sma_cross", "RSI14", "MACD", "MACD_sig", "MACD_hist", "BB_width", "BB_pos", "ATR14", "ret_1d", "ret_5d", "vol_10d", "vol_ratio", "obv_trend", "spy_ret_1d", "vix_level", "vix_change", "vix_regime", "asset_class", "ret_1m", "ret_3m", "ret_6m", "ret_12m", "high52w_dist", "low52w_dist", "day_of_week", "month", "is_options_expiry", "btc_ret_1d", "gold_ret_1d", "corr_spy_20d", "vwap_dist"]}