{"center": [-0.01110886070638612, -0.02571244877387831, 0.0, 44.47885574073453, -0.4521798678850928, -0.3705313400091257, -0.05449725220346488, 0.1305692515660871, 0.42111644154991257, 1.7315955808701478, -0.001936339766352435, -0.009118474134468979, 0.018886152954123544, 0.9128863746615306, 0.99674687168816, 0.0004857686482722112, 17.440000534057617, -0.005025144893802347, 1.0, 0.0, -0.01893042278812762, -0.08665661685693649, -0.05756148673397632, -0.06055779928810012, -0.19941861294540422, 0.1284334048970498, 2.0, 6.0, 0.0, -0.0014864790528285043, 0.0011289903434381632, 0.32585151348182717, -0.01178970381382517], "scale": [0.06309796259939801, 0.08940228421551197, 1.0, 27.19567858001676, 1.7283014824912755, 1.5829599294613748, 0.6931109143314926, 0.07596837702033529, 0.49543890031905835, 0.4744642820068732, 0.021229719736606367, 0.06057806540844102, 0.009679767499464774, 0.43654280333444084, 0.4534994853794827, 0.009866239628502249, 3.9700002670288086, 0.08455590719067396, 1.0, 1.0, 0.10958936516266454, 0.17351970033241154, 0.23459806651161813, 0.18710290872420898, 0.15782819629234682, 0.17272308720909416, 2.0, 7.0, 1.0, 0.027284739143624892, 0.014122880314881014, 0.33278260813581656, 0.06768336357851232], "features": ["SMA20_dist", "SMA50_dist", "sma_cross", "RSI14", "MACD", "MACD_sig", "MACD_hist", "BB_width", "BB_pos", "ATR14", "ret_1d", "ret_5d", "vol_10d", "vol_ratio", "obv_trend", "spy_ret_1d", "vix_level", "vix_change", "vix_regime", "asset_class", "ret_1m", "ret_3m", "ret_6m", "ret_12m", "high52w_dist", "low52w_dist", "day_of_week", "month", "is_options_expiry", "btc_ret_1d", "gold_ret_1d", "corr_spy_20d", "vwap_dist"]}