{"center": [0.012575112865703095, 0.02474250512297029, 1.0, 53.47688015617494, 0.5182091147758427, 0.5796707588874218, 0.012641940333790036, 0.13303532188551728, 0.6099394202925662, 2.0665799657975126, 0.0007505179709847987, 0.0040794397241396, 0.018658924421368114, 0.8697510721948669, 0.9706176317846262, 0.0008305003232959018, 17.315000534057617, -0.006490043878619289, 1.0, 0.0, 0.02582791188954392, 0.06336465916782819, 0.0, 0.0, -0.16071681564087514, 0.3163305063565716, 2.0, 7.0, 0.0, 0.0008002908160121835, 0.001991404930565599, 0.44685929668274277, 0.011891297626586337], "scale": [0.06663598333514667, 0.1004518600487821, 1.0, 24.046262000000596, 2.170000781411442, 2.08151763636394, 0.87260754649152, 0.06316326336204847, 0.5136373743741487, 1.0294248885278954, 0.024564949141597903, 0.06093622215828426, 0.006032365992797533, 0.6887622623864166, 0.5817653302735427, 0.009333750945171332, 3.7924997806549072, 0.07768351024119141, 1.0, 1.0, 0.11762406693499583, 0.229538659990073, 0.4868857844054523, 0.30863643824280274, 0.17191630290201493, 0.6646050194988113, 2.0, 6.0, 1.0, 0.028431651119956963, 0.016188603880974706, 0.4489792550067925, 0.06353547799912677], "features": ["SMA20_dist", "SMA50_dist", "sma_cross", "RSI14", "MACD", "MACD_sig", "MACD_hist", "BB_width", "BB_pos", "ATR14", "ret_1d", "ret_5d", "vol_10d", "vol_ratio", "obv_trend", "spy_ret_1d", "vix_level", "vix_change", "vix_regime", "asset_class", "ret_1m", "ret_3m", "ret_6m", "ret_12m", "high52w_dist", "low52w_dist", "day_of_week", "month", "is_options_expiry", "btc_ret_1d", "gold_ret_1d", "corr_spy_20d", "vwap_dist"]}