{"center": [0.011866811512511299, 0.03572925927275961, 1.0, 58.16105444616642, 1.149942941882962, 1.1693275301377781, -0.04444034305986433, 0.05862319104288294, 0.7091512170184558, 1.8609001293425667, 0.0009974038054378909, 0.005298368388325425, 0.008625036891952837, 0.8675911141722152, 1.0304171229499466, 0.0007178194455537135, 17.479999542236328, -0.00615351204657788, 1.0, 0.0, 0.019915192950523797, 0.09603254080500156, 0.13119646039192534, 0.22671189195713615, -0.014398563010702773, 0.3580355408775211, 2.0, 6.0, 0.0, -0.002321403321397908, 0.0019921743811230908, 0.564807838445132, 0.014039989402054583], "scale": [0.032413682348008496, 0.06285810209632824, 1.0, 22.970806821192156, 2.413324716544004, 2.136546297704378, 0.5170535308495909, 0.0519379708354408, 0.46290490346261537, 1.0485762924164335, 0.011976615031906834, 0.026448571615964728, 0.004185225954293211, 0.6191776767496623, 0.13661963615642503, 0.008816327663569379, 3.775001049041748, 0.07662552278566273, 1.0, 1.0, 0.06772244560583371, 0.13910203948077793, 0.2405322047001014, 0.4459513965174044, 0.032456165487921275, 0.36028312733652, 2.0, 7.0, 1.0, 0.027096970947101034, 0.01514899221061558, 0.2703060020126761, 0.033026232301655696], "features": ["SMA20_dist", "SMA50_dist", "sma_cross", "RSI14", "MACD", "MACD_sig", "MACD_hist", "BB_width", "BB_pos", "ATR14", "ret_1d", "ret_5d", "vol_10d", "vol_ratio", "obv_trend", "spy_ret_1d", "vix_level", "vix_change", "vix_regime", "asset_class", "ret_1m", "ret_3m", "ret_6m", "ret_12m", "high52w_dist", "low52w_dist", "day_of_week", "month", "is_options_expiry", "btc_ret_1d", "gold_ret_1d", "corr_spy_20d", "vwap_dist"]}