{"center": [0.00885385458553951, 0.015356328094263657, 1.0, 52.498970665551816, 0.8617575808577271, 0.8478921357649176, -0.03805620209851146, 0.09289815684823209, 0.5846272211529979, 3.8454201437459465, 0.001804613915755482, 0.0005594855645443264, 0.014384726789944898, 0.9377904043756472, 0.9901472357340865, 0.001852367504067809, 17.360000610351562, -0.009254222565459602, 1.0, 0.0, 0.007707389792503294, 0.029465630186639835, 0.0032553189134267857, 0.0, -0.08547855662302174, 0.2553376654796219, 2.0, 6.0, 0.0, 0.000799101589935125, 0.0019383092584315254, 0.48448503686502825, 0.007794943888949837], "scale": [0.049857058537755475, 0.09884930050462515, 1.0, 25.102562492205664, 4.592532045200755, 4.686619186755208, 1.1807687824536057, 0.05968857286143324, 0.5583488075621268, 1.110342426347866, 0.016363262105561605, 0.04282513315217418, 0.007479718541529715, 0.37958984266685136, 0.8720356028363337, 0.008860029994504526, 3.3899993896484375, 0.07957548541306259, 1.0, 1.0, 0.11497459036185942, 0.17095710523064434, 0.16690259585016665, 0.1318599360967907, 0.09463145546728441, 0.11558986665570642, 2.0, 7.0, 1.0, 0.02782376066914216, 0.015274578260913163, 0.32899208111106837, 0.04832300893968713], "features": ["SMA20_dist", "SMA50_dist", "sma_cross", "RSI14", "MACD", "MACD_sig", "MACD_hist", "BB_width", "BB_pos", "ATR14", "ret_1d", "ret_5d", "vol_10d", "vol_ratio", "obv_trend", "spy_ret_1d", "vix_level", "vix_change", "vix_regime", "asset_class", "ret_1m", "ret_3m", "ret_6m", "ret_12m", "high52w_dist", "low52w_dist", "day_of_week", "month", "is_options_expiry", "btc_ret_1d", "gold_ret_1d", "corr_spy_20d", "vwap_dist"]}