{"center": [0.0036023103421825705, 0.015387720574785676, 1.0, 52.0979158814193, 0.20156819879235854, 0.22683820709560693, -0.019590058432830848, 0.06371938781483051, 0.5714206896260162, 0.4570930499820065, 0.0006045700497037121, 0.00023597036799816173, 0.009359727730180884, 0.8857823696545695, 1.006796052811576, 0.0009527816016310364, 17.6200008392334, -0.008316000484173136, 1.0, 0.0, 0.01604146517531868, 0.03519415607420173, 0.03494688467520701, 0.0420717123749903, -0.031900053861766316, 0.27466934526630155, 2.0, 6.0, 0.0, 0.00018283765004545316, 0.0019715725978484144, 0.7065051748252235, 0.0042041062151209115], "scale": [0.03212904843503979, 0.047147825297651214, 1.0, 23.613636495930052, 0.5218817496334189, 0.46498756456917395, 0.14356163625636137, 0.047984612438136474, 0.4796023776652772, 0.20587142440997452, 0.013847455677770792, 0.030058622019637604, 0.004794027799813275, 0.5908515996041456, 1.2273972573529117, 0.009286777183141859, 3.9399986267089844, 0.08475554596278945, 1.0, 1.0, 0.06459610481796019, 0.10406821252140064, 0.16008197201821783, 0.28707516412363776, 0.03784354862453165, 0.23395951314858837, 2.0, 7.0, 1.0, 0.026841370545048315, 0.01632203540282906, 0.19579223245290156, 0.03217918809437453], "features": ["SMA20_dist", "SMA50_dist", "sma_cross", "RSI14", "MACD", "MACD_sig", "MACD_hist", "BB_width", "BB_pos", "ATR14", "ret_1d", "ret_5d", "vol_10d", "vol_ratio", "obv_trend", "spy_ret_1d", "vix_level", "vix_change", "vix_regime", "asset_class", "ret_1m", "ret_3m", "ret_6m", "ret_12m", "high52w_dist", "low52w_dist", "day_of_week", "month", "is_options_expiry", "btc_ret_1d", "gold_ret_1d", "corr_spy_20d", "vwap_dist"]}