{"center": [0.0009465882431374847, -0.0044787605733965265, 0.0, 50.85377983572621, -0.07221182945966564, -0.0856781598571634, 0.012296803109776926, 0.16522215762768305, 0.506699937435576, 0.5542081932742708, -0.0011442072468915154, 0.005589626744885168, 0.023900715892718388, 0.9481970260742907, 1.0165468398415163, 0.0018127120190015722, 17.22499942779541, -0.005630684757875204, 1.0, 0.0, -0.001044703780098133, -0.000690961315592209, -0.004914588024335087, 0.0, -0.2504747940464961, 0.29666348903200246, 2.0, 6.0, 0.0, 0.0002526678756029632, 0.0013276618561844922, 0.2807649921310893, -0.00042217921931490154], "scale": [0.08858219649348281, 0.11048613089656362, 1.0, 25.725041796657507, 0.515422529680932, 0.5033434562631018, 0.22679944719276707, 0.09097142427265695, 0.5512022927821769, 0.3115268940958239, 0.032120708801247566, 0.07249785880528536, 0.013539402475994129, 0.5919162756329228, 0.4025729674702422, 0.009005554378673258, 3.720000982284546, 0.0791614934001772, 1.0, 1.0, 0.15427439009443794, 0.1657407223168041, 0.13584248975390567, 0.10953690822914686, 0.1019823115585331, 0.3642334286903106, 2.0, 6.0, 1.0, 0.026992112177139177, 0.015031309824868305, 0.3100411657679977, 0.08975999101757301], "features": ["SMA20_dist", "SMA50_dist", "sma_cross", "RSI14", "MACD", "MACD_sig", "MACD_hist", "BB_width", "BB_pos", "ATR14", "ret_1d", "ret_5d", "vol_10d", "vol_ratio", "obv_trend", "spy_ret_1d", "vix_level", "vix_change", "vix_regime", "asset_class", "ret_1m", "ret_3m", "ret_6m", "ret_12m", "high52w_dist", "low52w_dist", "day_of_week", "month", "is_options_expiry", "btc_ret_1d", "gold_ret_1d", "corr_spy_20d", "vwap_dist"]}