{"center": [-0.006235830041486425, -0.02840057722578428, 0.0, 49.440713783579945, -0.07777604173380226, -0.09535892176259939, 0.004471462898540002, 0.20137561772359314, 0.45050879280969336, 0.617142949785505, 0.003753768159190818, -0.0044150418648283285, 0.031785221313508784, 0.9780938172882109, 1.0311857653227883, 0.000731139787988333, 17.239999771118164, -0.006733946910202238, 1.0, 0.0, -0.0017330592855689941, -0.03698532699183166, -0.041603644449734634, 0.0, -0.3617256631333244, 0.16924270518351486, 2.0, 6.0, 0.0, -0.001682150134457161, 0.001677776649860796, -0.11744481453015752, -0.0072828390729581674], "scale": [0.10723939501493318, 0.14312068593743882, 1.0, 22.23393379652841, 0.643128270860549, 0.608930559404893, 0.18548308799235613, 0.10564434482446744, 0.5227408955340653, 0.31571401868547716, 0.0430589115992942, 0.10141266700913276, 0.015220604379993542, 0.45655969993863077, 0.5192298841817972, 0.008981997896522431, 4.059999465942383, 0.07816047332336173, 1.0, 1.0, 0.17729377849961359, 0.2166660792335635, 0.20851067053312833, 0.21928163625274855, 0.25516054492183504, 0.23563900305644686, 2.0, 7.0, 1.0, 0.027875369302016173, 0.014353561386395208, 0.3480948432248326, 0.09978844167720391], "features": ["SMA20_dist", "SMA50_dist", "sma_cross", "RSI14", "MACD", "MACD_sig", "MACD_hist", "BB_width", "BB_pos", "ATR14", "ret_1d", "ret_5d", "vol_10d", "vol_ratio", "obv_trend", "spy_ret_1d", "vix_level", "vix_change", "vix_regime", "asset_class", "ret_1m", "ret_3m", "ret_6m", "ret_12m", "high52w_dist", "low52w_dist", "day_of_week", "month", "is_options_expiry", "btc_ret_1d", "gold_ret_1d", "corr_spy_20d", "vwap_dist"]}