{"center": [0.005752426557924093, 0.014181667380591867, 1.0, 56.03866087146294, 0.10922072033223884, 0.11078975057179735, 0.005443340823135252, 0.0433012219982228, 0.6364769058239913, 0.2917113321184553, -0.0007128663264240886, 0.0019134150478408163, 0.006843403841807141, 1.0181773171475408, 0.9989991093768162, 0.001151803537192908, 17.440000534057617, -0.00790227414327227, 1.0, 0.0, 0.016062939260888198, 0.026027634293429358, 0.03238620200536624, 0.0, -0.036253078765146156, 0.12974218647097027, 2.0, 7.0, 0.0, 0.00038358610925337544, 0.001992014086009908, 0.4899108291459, 0.006434486046984283], "scale": [0.02081958285403923, 0.030127875843731586, 1.0, 16.49676489617662, 0.22130095577836073, 0.20923671684022366, 0.09140522022957266, 0.01916279719452102, 0.4642433161235637, 0.07360556548741065, 0.009521695797268581, 0.02016956391575042, 0.0025141790717598212, 0.2906367877357646, 0.39741252287239826, 0.00912881682570299, 4.439999580383301, 0.08312347412058296, 1.0, 1.0, 0.039013831262396326, 0.08506985192132299, 0.08004027313057849, 0.0708557153575542, 0.0451957108112352, 0.06216505691226641, 2.0, 7.0, 1.0, 0.02840289440081678, 0.01576817875443348, 0.3184069556906846, 0.020870459940874917], "features": ["SMA20_dist", "SMA50_dist", "sma_cross", "RSI14", "MACD", "MACD_sig", "MACD_hist", "BB_width", "BB_pos", "ATR14", "ret_1d", "ret_5d", "vol_10d", "vol_ratio", "obv_trend", "spy_ret_1d", "vix_level", "vix_change", "vix_regime", "asset_class", "ret_1m", "ret_3m", "ret_6m", "ret_12m", "high52w_dist", "low52w_dist", "day_of_week", "month", "is_options_expiry", "btc_ret_1d", "gold_ret_1d", "corr_spy_20d", "vwap_dist"]}