{"center": [-0.0004790667791960014, 0.011181207482262956, 1.0, 49.536446194057895, 0.21706653961805955, 0.2523131391293555, -0.0380575753792477, 0.07553517992702596, 0.49031913496412716, 0.7689879595624441, 0.00017684634565640067, -0.0009371792460211026, 0.01245191845312575, 0.6937124647628385, 1.0372314612810527, 0.000984565078659072, 17.260000228881836, -0.005681812794001595, 1.0, 0.0, 0.0058411121603292315, 0.042348074220556864, 0.0843892642191395, 0.0, -0.09915365149843959, 0.31027567826561014, 2.0, 6.0, 0.0, -0.0008217291810309613, 0.001992014086009908, 0.36522074413035477, -0.0019569000217805896], "scale": [0.04068350375792591, 0.07096629308301053, 1.0, 22.937558622363376, 1.2081990544944432, 1.1103973051153486, 0.3188350396844658, 0.05150313913765601, 0.49442027009199974, 0.35372226589154254, 0.01725992270520993, 0.036159880337234274, 0.006066179664986968, 0.8208149456909049, 0.46542467049229386, 0.009377231694603583, 3.460000991821289, 0.0797742295811189, 1.0, 1.0, 0.07706326913496253, 0.1220183871466134, 0.166841710580095, 0.11826240597253146, 0.11117309769386044, 0.26843707062486677, 2.0, 7.0, 1.0, 0.028353346679886093, 0.015104736057078405, 0.3984532838845244, 0.035532493407707755], "features": ["SMA20_dist", "SMA50_dist", "sma_cross", "RSI14", "MACD", "MACD_sig", "MACD_hist", "BB_width", "BB_pos", "ATR14", "ret_1d", "ret_5d", "vol_10d", "vol_ratio", "obv_trend", "spy_ret_1d", "vix_level", "vix_change", "vix_regime", "asset_class", "ret_1m", "ret_3m", "ret_6m", "ret_12m", "high52w_dist", "low52w_dist", "day_of_week", "month", "is_options_expiry", "btc_ret_1d", "gold_ret_1d", "corr_spy_20d", "vwap_dist"]}