{"center": [0.008531982540516101, 0.02106088903932468, 1.0, 58.13008065953724, 0.15585539755052125, 0.16007571829307243, -0.006698259851782962, 0.049483293432763475, 0.6795963973807576, 0.27285448822780367, 0.00038475340500143673, 0.0033784969866827996, 0.007646534971218407, 0.9878156782404264, 0.9480748317912991, 0.0007044991031190939, 17.610000610351562, -0.004048598315015806, 1.0, 0.0, 0.01642760441609603, 0.047345954307368876, 0.06286240502381801, 0.1357603998910777, -0.010192880084658969, 0.27318820351708695, 2.0, 6.0, 0.0, -0.00151319093281288, 0.001677776649860796, 0.9975742835482737, 0.010072576285952468], "scale": [0.022118938723653322, 0.03692229109591126, 1.0, 22.873884290383437, 0.24407200664974127, 0.22649402111354114, 0.07019437740020157, 0.033306832659111774, 0.4273062824679262, 0.14432398312752323, 0.00912163017663048, 0.023091777342939324, 0.004392648585796504, 0.5531659617851795, 0.5990339859053185, 0.008910698313476684, 4.289999008178711, 0.08439625738192824, 1.0, 1.0, 0.043717677162861346, 0.07334184276058164, 0.11497119643339238, 0.1873770001539361, 0.025055782425142697, 0.1846214868220283, 2.0, 7.0, 1.0, 0.02805252923618584, 0.014344952692232793, 0.0022415972944264118, 0.02209870936428443], "features": ["SMA20_dist", "SMA50_dist", "sma_cross", "RSI14", "MACD", "MACD_sig", "MACD_hist", "BB_width", "BB_pos", "ATR14", "ret_1d", "ret_5d", "vol_10d", "vol_ratio", "obv_trend", "spy_ret_1d", "vix_level", "vix_change", "vix_regime", "asset_class", "ret_1m", "ret_3m", "ret_6m", "ret_12m", "high52w_dist", "low52w_dist", "day_of_week", "month", "is_options_expiry", "btc_ret_1d", "gold_ret_1d", "corr_spy_20d", "vwap_dist"]}