{"center": [0.004221762568349718, -0.00020156491194261989, 0.0, 52.28618101391843, -0.08301546795049575, -0.09300306526902884, 0.05843875587349101, 0.12379525858131549, 0.5425728577174129, 1.7603571755545482, 0.0020284959448070294, 0.004566679021751452, 0.018186600151581606, 0.8922096467946842, 1.018607593274485, 0.0008162359344976444, 17.605000495910645, -0.005630684757875204, 1.0, 0.0, 0.00289017362834898, 0.02512586519517801, 0.0021059232400547634, 0.0, -0.11447706170058253, 0.16010142438102132, 2.0, 6.0, 0.0, -0.0016587106652958816, 0.001788531730296361, 0.017902605352174583, 0.005508730673307167], "scale": [0.05712672178625409, 0.09136421201521347, 1.0, 21.134555342493485, 1.6994015185238176, 1.6658341662397471, 0.6689675780055627, 0.10361292797803762, 0.5112326739531565, 1.0651775087629047, 0.025614345366301472, 0.054531224232114234, 0.011264939738383637, 0.5764468409556396, 0.24086616646769343, 0.00932234153617989, 4.527499675750732, 0.09020889572474378, 1.0, 1.0, 0.11817969114424157, 0.15868188570096375, 0.09976885129374927, 0.047494089853102994, 0.0793103778414535, 0.15862777225994934, 2.0, 7.0, 1.0, 0.027912476038444406, 0.01598661111323768, 0.5027982790652606, 0.054294686431823586], "features": ["SMA20_dist", "SMA50_dist", "sma_cross", "RSI14", "MACD", "MACD_sig", "MACD_hist", "BB_width", "BB_pos", "ATR14", "ret_1d", "ret_5d", "vol_10d", "vol_ratio", "obv_trend", "spy_ret_1d", "vix_level", "vix_change", "vix_regime", "asset_class", "ret_1m", "ret_3m", "ret_6m", "ret_12m", "high52w_dist", "low52w_dist", "day_of_week", "month", "is_options_expiry", "btc_ret_1d", "gold_ret_1d", "corr_spy_20d", "vwap_dist"]}