{"center": [-0.003822057075069266, -0.020488616276560363, 0.0, 49.48749663514228, -0.0394526624658349, -0.06008587409440279, 0.01292898931017615, 0.2530940336932638, 0.4760904466464084, 0.5285714353833879, -0.0029608038176314744, 0.0069546013028823905, 0.037485484368623936, 0.8785745280070854, 0.9356781734638815, 0.0015919601412484052, 17.394999504089355, -0.007885968150674327, 1.0, 0.0, 0.005261467776556783, -0.0518575459817881, 0.0, 0.0, -0.39681344996221657, 0.3047882619021588, 2.0, 6.0, 0.0, 0.0005692244147840197, 0.001650071760848859, 0.3941009142045494, -0.01227476376601195], "scale": [0.12256904309232727, 0.18137615001116103, 1.0, 23.41916204235975, 0.418158729808491, 0.39024762727536566, 0.15999060176511393, 0.13963391823726318, 0.48623399014686275, 0.2928571105003357, 0.045234187270468296, 0.11724012407924209, 0.029223065688165024, 0.4968175542114781, 0.8176574026810834, 0.009145279957176816, 3.9125003814697266, 0.07594944732550965, 1.0, 1.0, 0.22308714912848138, 0.30725907500980953, 0.3392272123533172, 0.19314106858618643, 0.2916669003669974, 0.34896929387895914, 2.0, 7.0, 1.0, 0.02710480590031386, 0.015201731786500472, 0.24406024819085104, 0.11686968545617886], "features": ["SMA20_dist", "SMA50_dist", "sma_cross", "RSI14", "MACD", "MACD_sig", "MACD_hist", "BB_width", "BB_pos", "ATR14", "ret_1d", "ret_5d", "vol_10d", "vol_ratio", "obv_trend", "spy_ret_1d", "vix_level", "vix_change", "vix_regime", "asset_class", "ret_1m", "ret_3m", "ret_6m", "ret_12m", "high52w_dist", "low52w_dist", "day_of_week", "month", "is_options_expiry", "btc_ret_1d", "gold_ret_1d", "corr_spy_20d", "vwap_dist"]}