{"center": [0.011769427315919054, 0.035074700545657256, 1.0, 57.040036047432835, 0.5412370740923187, 0.51286566721589, -0.007518780521616142, 0.08380398257276908, 0.6420095069203561, 0.8839100981042172, 0.00151120861839249, 0.008624777514183113, 0.014063864909859995, 0.8996132975309453, 1.0564713906674212, 0.0015919580098578967, 17.440000534057617, -0.006664472772315133, 1.0, 0.0, 0.028046312050870936, 0.08193197582415335, 0.13913447774409804, 0.16202292149612474, -0.03270117063686816, 0.45079363548247164, 2.0, 6.0, 0.0, -0.0007965467490635425, 0.001650071760848859, 0.7089375593556939, 0.012725319471083], "scale": [0.04000761449051661, 0.08039877343489023, 1.0, 21.16124536232816, 1.2549625732657663, 1.2361150541192212, 0.3149046788983437, 0.06385149997869702, 0.4420669355224344, 0.5464385245676414, 0.018306162597963416, 0.04368252605311887, 0.008991029840424256, 0.4955620395975172, 0.2232337607456084, 0.009090381048306229, 3.9775004386901855, 0.07834407003188718, 1.0, 1.0, 0.08168280349070092, 0.14907044042187018, 0.24862732901529344, 0.3662772789105142, 0.05258719361731125, 0.5843626658878679, 2.0, 7.0, 1.0, 0.02793807144741378, 0.015204287530647786, 0.2773124245428221, 0.040772536660780095], "features": ["SMA20_dist", "SMA50_dist", "sma_cross", "RSI14", "MACD", "MACD_sig", "MACD_hist", "BB_width", "BB_pos", "ATR14", "ret_1d", "ret_5d", "vol_10d", "vol_ratio", "obv_trend", "spy_ret_1d", "vix_level", "vix_change", "vix_regime", "asset_class", "ret_1m", "ret_3m", "ret_6m", "ret_12m", "high52w_dist", "low52w_dist", "day_of_week", "month", "is_options_expiry", "btc_ret_1d", "gold_ret_1d", "corr_spy_20d", "vwap_dist"]}