{"center": [0.009072169857813955, 0.026061226648741418, 1.0, 55.319114724364375, 0.36067165724714556, 0.3744212659770477, -0.014632670223220456, 0.05796045536864536, 0.6569091132817673, 0.5163654750391784, 0.0009007633577282625, 0.004351460722433531, 0.008947769875332067, 0.9663811660094954, 1.0293599512373688, 0.0009013320810069558, 17.3799991607666, -0.0012121489553740261, 1.0, 0.0, 0.020989984768526426, 0.045991213951506404, 0.09128594423486125, 0.17918957912709965, -0.02506051791173748, 0.2703470115243273, 2.0, 6.0, 0.0, -0.00151319093281288, 0.0019383092584315254, 0.7077321501513623, 0.010833063701647432], "scale": [0.028341001611738227, 0.047329956376687465, 1.0, 21.79940298457695, 0.6254642304952114, 0.6244898115709201, 0.1887513817488372, 0.023732762300788822, 0.4792039881091019, 0.334939193795053, 0.011464969512270828, 0.028176579520904466, 0.0062194931676064664, 0.5238453554462972, 0.366241124961035, 0.009741528942909028, 3.8799991607666016, 0.08441974633635863, 1.0, 1.0, 0.05904505995591025, 0.07379720403184065, 0.12618764706648689, 0.2457959280326354, 0.0525387170165309, 0.24059964170843637, 2.0, 7.0, 1.0, 0.0279084973185878, 0.015080452499673713, 0.34198102197395386, 0.02869269573943993], "features": ["SMA20_dist", "SMA50_dist", "sma_cross", "RSI14", "MACD", "MACD_sig", "MACD_hist", "BB_width", "BB_pos", "ATR14", "ret_1d", "ret_5d", "vol_10d", "vol_ratio", "obv_trend", "spy_ret_1d", "vix_level", "vix_change", "vix_regime", "asset_class", "ret_1m", "ret_3m", "ret_6m", "ret_12m", "high52w_dist", "low52w_dist", "day_of_week", "month", "is_options_expiry", "btc_ret_1d", "gold_ret_1d", "corr_spy_20d", "vwap_dist"]}