{"center": [0.008002982005947743, 0.01288213241531657, 1.0, 53.97150245313534, 0.04192270969545753, 0.03709937228581136, 0.0098043906579833, 0.13402355017023587, 0.5964009323635087, 0.33421441486903597, 0.0018260435805865782, 0.006382984202955022, 0.01941266222986505, 0.9225876905044786, 1.0220940570838388, 0.0014456352254532678, 17.520000457763672, -0.007843129677328364, 1.0, 0.0, 0.015261011694731819, 0.06429819957176308, 0.24233987319717532, 0.3524352999280269, -0.07595323716702874, 0.4783450969705437, 2.0, 6.0, 0.0, -0.0006866332556169086, 0.0020064107533963593, 0.24023880174181655, 0.008742784269986044], "scale": [0.06854022780860648, 0.102977572378318, 1.0, 24.273347380229517, 0.3473642808672448, 0.31699687271492466, 0.11356320069595793, 0.13459435891657195, 0.5285960346113802, 0.3844287736075266, 0.02551831009647587, 0.05488357892649198, 0.01467552660148854, 0.6494522911595664, 0.24040643283870822, 0.009033113323529185, 3.789999008178711, 0.08135379245395102, 1.0, 1.0, 0.11870606303615794, 0.27027164173333884, 0.46976858871461546, 0.8448956019792615, 0.180499911431598, 0.7903460144177192, 2.0, 6.0, 1.0, 0.02749844364285925, 0.01602455834449079, 0.4953261662582662, 0.06024604224473796], "features": ["SMA20_dist", "SMA50_dist", "sma_cross", "RSI14", "MACD", "MACD_sig", "MACD_hist", "BB_width", "BB_pos", "ATR14", "ret_1d", "ret_5d", "vol_10d", "vol_ratio", "obv_trend", "spy_ret_1d", "vix_level", "vix_change", "vix_regime", "asset_class", "ret_1m", "ret_3m", "ret_6m", "ret_12m", "high52w_dist", "low52w_dist", "day_of_week", "month", "is_options_expiry", "btc_ret_1d", "gold_ret_1d", "corr_spy_20d", "vwap_dist"]}