{"center": [0.005936329673246277, 0.020964676248459713, 1.0, 57.03098977908001, 0.43935369993360496, 0.4850781411650498, -0.007555159482576568, 0.054483236684656475, 0.646002662105638, 0.5584882772743553, 0.0, 0.003001004332540469, 0.008152967638349225, 0.5279174013200552, 1.0162031897145485, 0.0005644537038635988, 17.479999542236328, -0.00615351204657788, 1.0, 0.0, 0.012665571607677228, 0.05112002187681619, 0.07850095329557916, 0.07925608002299911, -0.020099368093517894, 0.2532724887679226, 2.0, 6.0, 0.0, -0.0018336589963325878, 0.001423505566895189, 0.6350343768581846, 0.0049551036714369], "scale": [0.0271008569380463, 0.03975495992342053, 1.0, 27.38681741551489, 0.8742869154878683, 0.7932137966883845, 0.2809707324508886, 0.03883376233230998, 0.47859539476987367, 0.2744456069098354, 0.00904955773362165, 0.023873902864620183, 0.0034566175899575207, 1.129663637520505, 0.14332976405278286, 0.008872056919138727, 4.125000476837158, 0.07868270263403937, 1.0, 1.0, 0.05354996605839932, 0.07988861303259909, 0.13076762895448624, 0.20023010188580015, 0.03720891176391182, 0.14986010957208756, 2.0, 7.0, 1.0, 0.027560401096284326, 0.014950169990871953, 0.22343120474402545, 0.0261938761877629], "features": ["SMA20_dist", "SMA50_dist", "sma_cross", "RSI14", "MACD", "MACD_sig", "MACD_hist", "BB_width", "BB_pos", "ATR14", "ret_1d", "ret_5d", "vol_10d", "vol_ratio", "obv_trend", "spy_ret_1d", "vix_level", "vix_change", "vix_regime", "asset_class", "ret_1m", "ret_3m", "ret_6m", "ret_12m", "high52w_dist", "low52w_dist", "day_of_week", "month", "is_options_expiry", "btc_ret_1d", "gold_ret_1d", "corr_spy_20d", "vwap_dist"]}