{"center": [0.008788419982776446, 0.022442181539758962, 1.0, 57.486319869575354, 0.4924501926296898, 0.4947488255459559, -0.023831741314912835, 0.04811868813115427, 0.6867615061813152, 0.7977980842483591, 0.0007429364933144722, 0.004120874737618907, 0.00760576280137005, 0.8984982551528539, 1.070817984129395, 0.0009004595313388819, 17.510000228881836, -0.006658632403358511, 1.0, 0.0, 0.01785019247317332, 0.04317967742802353, 0.05676766002301137, 0.12548294799266224, -0.010722946995357942, 0.26093950868916727, 2.0, 6.0, 0.0, -0.00032588834829794244, 0.000748780548875283, 0.9976423569404053, 0.009398427755633487], "scale": [0.02053207087627093, 0.0391271878215174, 1.0, 21.80035576000772, 0.6625765648687008, 0.6141376335292535, 0.19817010590421522, 0.033126303222513476, 0.41021506084811676, 0.35057604470101156, 0.008979502016123186, 0.023104368848734957, 0.00425241629622641, 0.49480670772746294, 0.3122265516647904, 0.00871973110235641, 3.859999656677246, 0.0764222273007149, 1.0, 1.0, 0.040070864465627465, 0.07100029951525455, 0.11001967148517366, 0.17530654498813147, 0.025613355991014282, 0.19779798461370382, 2.0, 7.0, 1.0, 0.027332153278650573, 0.01396064952791326, 0.0020169266958723897, 0.02094251110511609], "features": ["SMA20_dist", "SMA50_dist", "sma_cross", "RSI14", "MACD", "MACD_sig", "MACD_hist", "BB_width", "BB_pos", "ATR14", "ret_1d", "ret_5d", "vol_10d", "vol_ratio", "obv_trend", "spy_ret_1d", "vix_level", "vix_change", "vix_regime", "asset_class", "ret_1m", "ret_3m", "ret_6m", "ret_12m", "high52w_dist", "low52w_dist", "day_of_week", "month", "is_options_expiry", "btc_ret_1d", "gold_ret_1d", "corr_spy_20d", "vwap_dist"]}