{"center": [0.0038510576400076378, 0.009616782368961756, 1.0, 51.964101942869554, 0.7061552637030957, 0.6406362415197541, -0.051368654495257335, 0.06976356325205377, 0.5702882745682695, 2.573535052498655, -0.001014933992421585, -0.0003922614214341702, 0.010105627588753791, 0.8584275009723146, 0.9789360085295726, 0.0008308849458616985, 17.515000343322754, -0.007288538293765301, 1.0, 0.0, 0.011617295191935217, 0.025238670909617622, 0.031117283081601554, 0.0, -0.04845819560750378, 0.20052863645342717, 2.0, 7.0, 0.0, -0.0008240985185906102, 0.001709445736939541, 0.6787748911598991, 0.004341268895949764], "scale": [0.034894208517494966, 0.04818620611255979, 1.0, 20.241401131026343, 2.8625802428258424, 2.421284217988305, 0.9251416668415667, 0.04172142707369392, 0.49534026546088483, 0.981703738712044, 0.014424921923136491, 0.03450473390398123, 0.0037991647544996544, 0.44792227151527886, 0.28302139017082495, 0.009007096501836342, 3.822500228881836, 0.08028345646113855, 1.0, 1.0, 0.07189243181144128, 0.09675191023702556, 0.10217798631578329, 0.11405428883968033, 0.055258062926785645, 0.16822687384728668, 2.0, 7.0, 1.0, 0.028334373326495882, 0.015230222830779822, 0.23906403515685848, 0.033905207879084374], "features": ["SMA20_dist", "SMA50_dist", "sma_cross", "RSI14", "MACD", "MACD_sig", "MACD_hist", "BB_width", "BB_pos", "ATR14", "ret_1d", "ret_5d", "vol_10d", "vol_ratio", "obv_trend", "spy_ret_1d", "vix_level", "vix_change", "vix_regime", "asset_class", "ret_1m", "ret_3m", "ret_6m", "ret_12m", "high52w_dist", "low52w_dist", "day_of_week", "month", "is_options_expiry", "btc_ret_1d", "gold_ret_1d", "corr_spy_20d", "vwap_dist"]}