{"center": [0.0034685340176292636, 0.011511633867314491, 1.0, 50.400421022017106, 0.21793954279002037, 0.14831001611122874, -0.01828792511886934, 0.15831538729337838, 0.5284120211800536, 1.7085715702601842, -0.0005472081581712196, 0.0034045831059630327, 0.025521352728531194, 0.9318074152010227, 0.9941545869349504, 0.00109381952904819, 17.479999542236328, -0.007869662158076385, 1.0, 0.0, 0.012953368387701447, 0.0, 0.0, 0.0, -0.12399141834440379, 0.5751398147394333, 2.0, 6.0, 0.0, 0.0008014800420892421, 0.0016294519610446923, 0.46694416870301897, 0.003486244554670447], "scale": [0.09080492905300878, 0.1813652255784683, 1.0, 22.425359957998403, 2.1797349687380603, 2.1767644180682786, 0.6688612884898093, 0.09069622119720183, 0.5633766765682755, 0.8677497591291154, 0.04088344192141402, 0.07886857964083804, 0.011687333562347347, 0.4737267349937101, 0.440238507734829, 0.00873028122601277, 4.1050004959106445, 0.07975062192222143, 1.0, 1.0, 0.15585059710143856, 0.3637126756467563, 0.49447528549746084, 0.14126240565374698, 0.3173214210790893, 0.7342734146756946, 2.0, 7.0, 1.0, 0.02701216405266832, 0.015395188833707496, 0.2752941428796427, 0.08790910397381763], "features": ["SMA20_dist", "SMA50_dist", "sma_cross", "RSI14", "MACD", "MACD_sig", "MACD_hist", "BB_width", "BB_pos", "ATR14", "ret_1d", "ret_5d", "vol_10d", "vol_ratio", "obv_trend", "spy_ret_1d", "vix_level", "vix_change", "vix_regime", "asset_class", "ret_1m", "ret_3m", "ret_6m", "ret_12m", "high52w_dist", "low52w_dist", "day_of_week", "month", "is_options_expiry", "btc_ret_1d", "gold_ret_1d", "corr_spy_20d", "vwap_dist"]}