{"center": [0.0038065897231951465, -0.008688676160389035, 0.0, 50.25728746690973, -0.036346625834394075, -0.0647963115778179, 0.015290002287592586, 0.2022202906953105, 0.5180384374125993, 0.6164283071245465, 0.003097964454772395, 0.006181263483503674, 0.03144454611128423, 0.965212962788313, 1.0427643997095934, 0.0009526774724943898, 17.280000686645508, -0.005298008058610915, 1.0, 0.0, 0.007137717784562181, -0.026412300341496553, -0.029288655513119433, 0.0, -0.35081828298122353, 0.17285161106701816, 2.0, 6.0, 0.0, -0.0014864790528285043, 0.0017481999132260562, -0.09711837724322561, -0.00041522078043580555], "scale": [0.10742071999996042, 0.14787148991223295, 1.0, 20.960186806328387, 0.6137890404982054, 0.6030428091987496, 0.20196314198449233, 0.10290396503740465, 0.5226502188627653, 0.3171427931104387, 0.0418120710939176, 0.10453790776180755, 0.014527360464599598, 0.4627864285508313, 0.4959920038139506, 0.00912334315624197, 3.890000820159912, 0.08066851652144835, 1.0, 1.0, 0.17775340938316497, 0.23552733325426223, 0.29466959035546186, 0.23057444685364847, 0.2839931574125471, 0.2439518229491232, 2.0, 7.0, 1.0, 0.026323470324983222, 0.01422011649046756, 0.3399862839930917, 0.10693709650714828], "features": ["SMA20_dist", "SMA50_dist", "sma_cross", "RSI14", "MACD", "MACD_sig", "MACD_hist", "BB_width", "BB_pos", "ATR14", "ret_1d", "ret_5d", "vol_10d", "vol_ratio", "obv_trend", "spy_ret_1d", "vix_level", "vix_change", "vix_regime", "asset_class", "ret_1m", "ret_3m", "ret_6m", "ret_12m", "high52w_dist", "low52w_dist", "day_of_week", "month", "is_options_expiry", "btc_ret_1d", "gold_ret_1d", "corr_spy_20d", "vwap_dist"]}