{"center": [0.002315936490148996, 0.0027015276737482924, 1.0, 53.55486043736688, 0.08672543973986535, 0.0678359505674021, 0.0001486641604281913, 0.036544277399958656, 0.5850027048966028, 0.5671589838442921, 0.00026574413831137456, 0.0001332832785139182, 0.0052253029065038, 0.9249845623964764, 1.0304016268152214, 0.0007310561539983773, 17.360000610351562, -0.0027562976153725494, 1.0, 0.0, 0.004204952978705823, 0.00026089945573160023, 0.0, 0.0022390827257983137, -0.03282697291513484, 0.07357679598955957, 2.0, 6.0, 0.0, -0.00151319093281288, 0.0019404068737312041, 0.3220137381563212, 0.0022586448566927725], "scale": [0.015983701599090294, 0.023897790773864783, 1.0, 21.290105700909024, 0.4831348412945573, 0.47575915116695144, 0.18553510431227227, 0.0208830699583675, 0.4729600017892767, 0.14153266547077897, 0.00763862695347739, 0.015812824262305125, 0.002098499308763088, 0.6190430338499241, 0.16590373978753437, 0.009384232997131092, 4.40000057220459, 0.0816686101498506, 1.0, 1.0, 0.028680257198642423, 0.0421327831978503, 0.05021933241356935, 0.05032674550424243, 0.03306730319322912, 0.05407563747889882, 2.0, 7.0, 1.0, 0.02919677455495695, 0.015041287641154977, 0.5269913283202549, 0.01734908242140554], "features": ["SMA20_dist", "SMA50_dist", "sma_cross", "RSI14", "MACD", "MACD_sig", "MACD_hist", "BB_width", "BB_pos", "ATR14", "ret_1d", "ret_5d", "vol_10d", "vol_ratio", "obv_trend", "spy_ret_1d", "vix_level", "vix_change", "vix_regime", "asset_class", "ret_1m", "ret_3m", "ret_6m", "ret_12m", "high52w_dist", "low52w_dist", "day_of_week", "month", "is_options_expiry", "btc_ret_1d", "gold_ret_1d", "corr_spy_20d", "vwap_dist"]}