{"center": [0.004030375393513543, 0.010660683029564185, 1.0, 52.56758080538998, 0.07722929596404349, 0.06819333252767669, 0.007457896487507137, 0.11948994706281409, 0.5423547918117325, 0.5369797493667151, 0.002915221293096515, 0.004034340350755672, 0.016095365506037785, 0.8874857347630947, 1.0320737810272502, 0.00048306964347910597, 17.479999542236328, -0.005254864671583648, 1.0, 0.0, 0.00622773859926018, 0.02361599802939307, 0.0, 0.0, -0.10487369774016321, 0.2031891143661275, 2.0, 6.0, 0.0, -0.0015742310644737412, 0.0012750435385292525, 0.21790251589412324, 0.004365297063216175], "scale": [0.060047432055307035, 0.06444127154057944, 1.0, 24.187120517078533, 0.43021609226632673, 0.34843172911922765, 0.21104263154737118, 0.053988339052742945, 0.5451618208487612, 0.19304545205011536, 0.019189659659190866, 0.05157295607327389, 0.005542165312385577, 0.5980894021188213, 0.3902660726427891, 0.008695066167234644, 4.105000019073486, 0.07346207010560776, 1.0, 1.0, 0.10887433173649702, 0.1229231873480541, 0.12281875132766107, 0.029585910861496034, 0.06556312432720063, 0.16878880702747923, 2.0, 7.0, 1.0, 0.027782278006841216, 0.015279180865655634, 0.6758047489077998, 0.06030320198689723], "features": ["SMA20_dist", "SMA50_dist", "sma_cross", "RSI14", "MACD", "MACD_sig", "MACD_hist", "BB_width", "BB_pos", "ATR14", "ret_1d", "ret_5d", "vol_10d", "vol_ratio", "obv_trend", "spy_ret_1d", "vix_level", "vix_change", "vix_regime", "asset_class", "ret_1m", "ret_3m", "ret_6m", "ret_12m", "high52w_dist", "low52w_dist", "day_of_week", "month", "is_options_expiry", "btc_ret_1d", "gold_ret_1d", "corr_spy_20d", "vwap_dist"]}