{"center": [0.032203413046928496, 0.0875201112416278, 1.0, 57.93059619490179, 1.8407612343110031, 1.4675337967132178, 0.125491953836387, 0.2439710795503701, 0.6507532100555671, 4.021619889099226, 0.004173228911426685, 0.017292646513940246, 0.03323581477176349, 0.9512744002089036, 1.1064710031076304, 0.000984565078659072, 17.479999542236328, -0.005211721284556381, 1.0, 0.0, 0.06725565687046453, 0.1903435301322427, 0.09376270516852792, 0.0, -0.24718387701928216, 0.6825185589752231, 2.0, 6.0, 0.0, -0.0023550097882448773, 0.0017841598670260694, 0.575979613993061, 0.027202106149959118], "scale": [0.12733675168086403, 0.19761501664547626, 1.0, 23.943493497088156, 4.70420577717249, 4.345268028411886, 1.3215571839562998, 0.1740693674980012, 0.46838246401755457, 2.6087866723541264, 0.04776652340708143, 0.11440384689381922, 0.02038060719923697, 0.48081481116719327, 0.6520425061699169, 0.009285206146989688, 4.139999866485596, 0.07822412795628852, 1.0, 1.0, 0.24295733453465146, 0.469615972768813, 0.5261550497131811, 0.20307017892863377, 0.33720903153603016, 0.4943909373479878, 2.0, 7.0, 1.0, 0.028921030174401674, 0.01483722252467784, 0.21042506430825492, 0.1151154179187704], "features": ["SMA20_dist", "SMA50_dist", "sma_cross", "RSI14", "MACD", "MACD_sig", "MACD_hist", "BB_width", "BB_pos", "ATR14", "ret_1d", "ret_5d", "vol_10d", "vol_ratio", "obv_trend", "spy_ret_1d", "vix_level", "vix_change", "vix_regime", "asset_class", "ret_1m", "ret_3m", "ret_6m", "ret_12m", "high52w_dist", "low52w_dist", "day_of_week", "month", "is_options_expiry", "btc_ret_1d", "gold_ret_1d", "corr_spy_20d", "vwap_dist"]}