{"center": [0.012344673622924024, 0.029459111679982046, 1.0, 56.29141335082313, 0.27424704130626054, 0.2485764892794902, 0.008410642374174104, 0.08784605652839793, 0.6799652059024915, 0.7106865832820566, 0.00101636614657874, 0.006027429130614381, 0.012534742380984938, 0.9579626927659931, 1.0489570498781218, 0.001722787837563633, 17.440000534057617, -0.009244158887228515, 1.0, 0.0, 0.02760564318053227, 0.04508873839362759, 0.06220992665330427, 0.0, -0.04608678099702978, 0.27597988188554634, 2.0, 6.0, 0.0, -0.0008217291810309613, 0.0010471549570203464, 0.428612187553795, 0.012343417165314086], "scale": [0.04928213004404987, 0.07896777092505097, 1.0, 24.04619751796671, 0.7831830920003355, 0.7639138680323375, 0.215362409613794, 0.06729249330275885, 0.5469160800904025, 0.24272462688160645, 0.01687899896270295, 0.04108545915637085, 0.006155372617569351, 0.4576241116362909, 0.29962040514828425, 0.008898505820379099, 3.989999771118164, 0.0778686647047363, 1.0, 1.0, 0.0941154071537833, 0.14132380742944683, 0.18466538917835473, 0.1708010541717191, 0.08954653595127113, 0.35233055268880725, 2.0, 7.0, 1.0, 0.028441294325981636, 0.016110754671646355, 0.35781221013800474, 0.04741103246628283], "features": ["SMA20_dist", "SMA50_dist", "sma_cross", "RSI14", "MACD", "MACD_sig", "MACD_hist", "BB_width", "BB_pos", "ATR14", "ret_1d", "ret_5d", "vol_10d", "vol_ratio", "obv_trend", "spy_ret_1d", "vix_level", "vix_change", "vix_regime", "asset_class", "ret_1m", "ret_3m", "ret_6m", "ret_12m", "high52w_dist", "low52w_dist", "day_of_week", "month", "is_options_expiry", "btc_ret_1d", "gold_ret_1d", "corr_spy_20d", "vwap_dist"]}