{"center": [0.018762232698223996, 0.04815348056860881, 1.0, 56.53579718777178, 2.4395098038010588, 2.557081276062033, -0.12106375570288463, 0.1434395405805192, 0.6416644415693917, 6.586869126719928, 0.0010237502171726032, 0.004374503029404009, 0.020385741454913318, 0.9086695785289945, 1.0229641937793683, 0.0011517326256851312, 17.440000534057617, -0.005211721284556381, 1.0, 0.0, 0.04507692337528102, 0.1320616084037456, 0.07297581069314618, 0.09555765369025249, -0.08967053050067124, 0.6114262587750637, 2.0, 6.0, 0.0, 0.0008014800420892421, 0.0019715725978484144, 0.4851489785755056, 0.01998392541288416], "scale": [0.0631393393532551, 0.11825717171241833, 1.0, 24.67243346607438, 5.148011933049673, 5.096739800260803, 1.9354723056037966, 0.14473979240392143, 0.46674808074861196, 4.22776793206446, 0.029156791125766746, 0.05893124705081765, 0.013416989235251319, 0.445363300106704, 0.3006888207499949, 0.009303972776548597, 3.6700000762939453, 0.08059952424315042, 1.0, 1.0, 0.1187707294893855, 0.2932911063743092, 0.3489563468751413, 0.4814878949885548, 0.16387820957581106, 0.2030057423236693, 2.0, 7.0, 1.0, 0.026575288481985093, 0.01576817875443348, 0.3325752955536489, 0.06318443229855013], "features": ["SMA20_dist", "SMA50_dist", "sma_cross", "RSI14", "MACD", "MACD_sig", "MACD_hist", "BB_width", "BB_pos", "ATR14", "ret_1d", "ret_5d", "vol_10d", "vol_ratio", "obv_trend", "spy_ret_1d", "vix_level", "vix_change", "vix_regime", "asset_class", "ret_1m", "ret_3m", "ret_6m", "ret_12m", "high52w_dist", "low52w_dist", "day_of_week", "month", "is_options_expiry", "btc_ret_1d", "gold_ret_1d", "corr_spy_20d", "vwap_dist"]}