{"center": [0.007019187038249516, 0.01566497700302794, 1.0, 56.5807774726193, 0.6059661743524742, 0.621871265169047, 0.009119220001810702, 0.04313748745001471, 0.6726965096813773, 1.465143649638153, 0.0005071248237831227, 0.0025675154068097727, 0.007191509522573715, 0.8926855478939488, 0.9641521403390692, 0.000942512304998977, 17.605000495910645, -0.005649859110261113, 1.0, 0.0, 0.016284504131381716, 0.04065056445429882, 0.07017055867502164, 0.06961694323819845, -0.021641114649086635, 0.18819142910254366, 2.0, 6.0, 0.0, -0.0005779958648887695, 0.001865606425999089, 0.5757997645736366, 0.007802718086906995], "scale": [0.019306615167777225, 0.02870449445495078, 1.0, 17.306796984095882, 1.03792675755966, 0.8122605195222782, 0.378063271874042, 0.02651844377596929, 0.43754062138648214, 0.32329650495039064, 0.010287524585515212, 0.021520023426360918, 0.002754055189160838, 0.44575805551247794, 0.5745467576900252, 0.009352428101237154, 4.167499542236328, 0.0817243479808134, 1.0, 1.0, 0.03709237980561067, 0.07150093072046029, 0.10512443221645495, 0.14636761132634102, 0.04150917773589254, 0.09218508367356229, 2.0, 7.0, 1.0, 0.029530466396583493, 0.01591096460134961, 0.2918287813208214, 0.018805391758792752], "features": ["SMA20_dist", "SMA50_dist", "sma_cross", "RSI14", "MACD", "MACD_sig", "MACD_hist", "BB_width", "BB_pos", "ATR14", "ret_1d", "ret_5d", "vol_10d", "vol_ratio", "obv_trend", "spy_ret_1d", "vix_level", "vix_change", "vix_regime", "asset_class", "ret_1m", "ret_3m", "ret_6m", "ret_12m", "high52w_dist", "low52w_dist", "day_of_week", "month", "is_options_expiry", "btc_ret_1d", "gold_ret_1d", "corr_spy_20d", "vwap_dist"]}