{"center": [0.008466148847630046, 0.020884522303839217, 1.0, 58.03596626370017, 3.6563641502887094, 3.45667625615482, -0.17729189174022686, 0.050333787610221205, 0.6891144571996386, 6.183567592075893, 0.000410427506586597, 0.0038783499774945884, 0.007576844780338187, 0.9071160133826942, 1.0489827318744618, 0.0014769270312444682, 17.479999542236328, -0.006586862594382348, 1.0, 0.0, 0.019566939782302395, 0.04462503613694424, 0.06551515906608785, 0.1396871956326915, -0.009704746499940993, 0.2692876065483851, 2.0, 6.0, 0.0, -0.00022924323774897726, 0.000554096378723612, 0.9997668352600206, 0.009568997124377985], "scale": [0.022144319737736527, 0.03719230114534761, 1.0, 22.512927439902313, 4.871773216692702, 4.543307403775563, 1.5597836442649766, 0.032225010954539904, 0.4254441432247279, 2.4915531024791653, 0.009245336279894545, 0.02355158032608562, 0.004175756636615037, 0.5051199676745495, 0.23988066196074664, 0.009401510445052719, 3.9499998092651367, 0.0811125878308131, 1.0, 1.0, 0.04160468001039036, 0.07355747456982387, 0.1182607070824162, 0.1867675733212606, 0.02459133338895083, 0.19278257761648274, 2.0, 7.0, 1.0, 0.026945903980018948, 0.014511712847155078, 0.000246128701797077, 0.020593494924079234], "features": ["SMA20_dist", "SMA50_dist", "sma_cross", "RSI14", "MACD", "MACD_sig", "MACD_hist", "BB_width", "BB_pos", "ATR14", "ret_1d", "ret_5d", "vol_10d", "vol_ratio", "obv_trend", "spy_ret_1d", "vix_level", "vix_change", "vix_regime", "asset_class", "ret_1m", "ret_3m", "ret_6m", "ret_12m", "high52w_dist", "low52w_dist", "day_of_week", "month", "is_options_expiry", "btc_ret_1d", "gold_ret_1d", "corr_spy_20d", "vwap_dist"]}