{"center": [-0.008510281914050892, -0.006910407852115594, 0.0, 46.53333028157552, -0.05961308846329416, -0.06262240726106949, 0.002637682331899094, 0.19154034399439354, 0.4268917468299698, 0.8370000294276646, -0.002129974124856604, -0.004896531520597991, 0.026503584884694606, 0.8877245097230244, 1.0956649532124179, 0.0010938196429841618, 17.3799991607666, -0.007843129677328364, 1.0, 0.0, -0.014855704134275394, -0.007940689432339054, -0.0234255218473447, 0.0, -0.26477289716485075, 0.2769663211508042, 2.0, 6.0, 0.0, -0.0008217291810309613, 0.0017481999132260562, 0.2804266501875635, -0.010302127765405325], "scale": [0.10492982131518999, 0.1607787109043064, 1.0, 25.66228007036539, 1.0362292336341419, 0.8530896727262047, 0.30877173099057453, 0.12750016550821833, 0.5537280621576475, 0.39464303425380165, 0.035413495713254806, 0.08769215947627107, 0.015225787998099299, 0.4938135660797217, 1.109813768542681, 0.00876506237870689, 3.8100013732910156, 0.08180168733140858, 1.0, 1.0, 0.19813061983412117, 0.25802918318493295, 0.3523086772848659, 0.26052790705021067, 0.267233436741827, 0.33929478372445454, 2.0, 7.0, 1.0, 0.02832704048804613, 0.014988860727412234, 0.3423391481634183, 0.10449677158041396], "features": ["SMA20_dist", "SMA50_dist", "sma_cross", "RSI14", "MACD", "MACD_sig", "MACD_hist", "BB_width", "BB_pos", "ATR14", "ret_1d", "ret_5d", "vol_10d", "vol_ratio", "obv_trend", "spy_ret_1d", "vix_level", "vix_change", "vix_regime", "asset_class", "ret_1m", "ret_3m", "ret_6m", "ret_12m", "high52w_dist", "low52w_dist", "day_of_week", "month", "is_options_expiry", "btc_ret_1d", "gold_ret_1d", "corr_spy_20d", "vwap_dist"]}