{"center": [0.003465264579880332, 0.003658489085182584, 1.0, 53.36919157643411, 0.29586087802069017, 0.4670333301730528, 0.0856933837003756, 0.09616873184118072, 0.5501797579631671, 4.275433398513876, 0.0003793819794298825, 0.002651658619703956, 0.013563258807147635, 0.9200841554510819, 0.9433296285221955, 0.00039577457977102437, 17.885000228881836, -0.004536871604409076, 1.0, 0.0, 0.004237435029251557, 0.0179171028395686, 0.036565105134953924, 0.0, -0.07596975915406493, 0.17352995722372183, 2.0, 6.0, 0.0, -0.0014998349928206922, 0.0007381741937566577, 0.42205378373764213, 0.002736865175546048], "scale": [0.04933492952648448, 0.079837299087787, 1.0, 24.786393458729037, 4.6895908753491895, 4.3585889381204, 1.6397641143735049, 0.08639839827260729, 0.4953338258253708, 1.6086353287370363, 0.01487850494899104, 0.03673000891428732, 0.007637730376521084, 0.4175469847778637, 0.8329090285257454, 0.009279305517197356, 4.167499542236328, 0.08205392997833716, 1.0, 1.0, 0.08592388361379646, 0.17213048313465965, 0.11158564006148175, 0.0870346038844732, 0.0801886673423707, 0.1067914495072669, 2.0, 7.0, 1.0, 0.02881941182713038, 0.01810326139992488, 0.30611327060809557, 0.04742536422420503], "features": ["SMA20_dist", "SMA50_dist", "sma_cross", "RSI14", "MACD", "MACD_sig", "MACD_hist", "BB_width", "BB_pos", "ATR14", "ret_1d", "ret_5d", "vol_10d", "vol_ratio", "obv_trend", "spy_ret_1d", "vix_level", "vix_change", "vix_regime", "asset_class", "ret_1m", "ret_3m", "ret_6m", "ret_12m", "high52w_dist", "low52w_dist", "day_of_week", "month", "is_options_expiry", "btc_ret_1d", "gold_ret_1d", "corr_spy_20d", "vwap_dist"]}