{"center": [0.0006608363280887987, -0.0014025261664360076, 1.0, 48.95691625586167, -0.1408596838489906, -0.020320274449007827, 0.09108902492876947, 0.31227048472897545, 0.5053551907501959, 3.0770720073154996, -0.0009321735244153806, -0.009606523554092417, 0.04214003734895651, 0.8682252458145558, 1.0037374004426145, 0.0019038344791028061, 17.25, -0.007856395917702375, 1.0, 0.0, -0.010870781588949219, -0.03939037174612464, -0.03956075306396223, 0.0, -0.4282978267526616, 0.7855839647919547, 2.0, 6.0, 0.0, 0.0008002908160121835, 0.001709445736939541, 0.5576585479094647, 0.001919701343232032], "scale": [0.1502376490709107, 0.28346550448154034, 1.0, 26.448609156652616, 3.420135401822119, 3.291706302930042, 0.9554429992861542, 0.2241399239423652, 0.5331461463169271, 1.6516066959926063, 0.05415441710897656, 0.14112895964976185, 0.015431316031179462, 0.45181701502633265, 0.18199019676031059, 0.009186523410375513, 3.6850008964538574, 0.07535833033370518, 1.0, 1.0, 0.3527916083204783, 0.6150965150424745, 0.4369309264802984, 0.34049190195810664, 0.3697168166754812, 1.1566265559115536, 2.0, 7.0, 1.0, 0.028077841398565034, 0.014965984656152842, 0.29583590196543985, 0.15477488536228567], "features": ["SMA20_dist", "SMA50_dist", "sma_cross", "RSI14", "MACD", "MACD_sig", "MACD_hist", "BB_width", "BB_pos", "ATR14", "ret_1d", "ret_5d", "vol_10d", "vol_ratio", "obv_trend", "spy_ret_1d", "vix_level", "vix_change", "vix_regime", "asset_class", "ret_1m", "ret_3m", "ret_6m", "ret_12m", "high52w_dist", "low52w_dist", "day_of_week", "month", "is_options_expiry", "btc_ret_1d", "gold_ret_1d", "corr_spy_20d", "vwap_dist"]}