{"center": [0.011949527777435836, 0.03328935383777377, 1.0, 58.604660729344495, 0.5393369689057366, 0.5503947368998904, -0.010868451489583819, 0.06544652681383831, 0.6934019392811214, 0.652685076393371, 0.0006721810272583006, 0.0055279496854596655, 0.009551650006936259, 0.9383640264225788, 1.0113273925822128, 0.0005685229860479257, 17.280000686645508, -0.0012121489553740261, 1.0, 0.0, 0.02653400648502835, 0.06981742902664623, 0.1476142443525963, 0.1808890769213325, -0.024009274126881218, 0.31544728894438034, 2.0, 6.0, 0.0, -0.00204861414171964, 0.001677776649860796, 0.6976494776881461, 0.01226777439835032], "scale": [0.03347748596996818, 0.05551924448694059, 1.0, 22.413869573490615, 0.9534698736209428, 0.8979565521381989, 0.26715097071917304, 0.05069210656027012, 0.469388486830481, 0.532324244028296, 0.011702817712288649, 0.029655170639670214, 0.007571775200328732, 0.48295060768895715, 0.778473888733758, 0.009772486102284761, 3.8650007247924805, 0.08044966589787927, 1.0, 1.0, 0.06258218454941872, 0.08207630988113057, 0.18795592041449438, 0.3447786149134193, 0.05847468949395364, 0.34147944068751185, 2.0, 7.0, 1.0, 0.028141257826288124, 0.014863384863003537, 0.29760616806789375, 0.0322438511271987], "features": ["SMA20_dist", "SMA50_dist", "sma_cross", "RSI14", "MACD", "MACD_sig", "MACD_hist", "BB_width", "BB_pos", "ATR14", "ret_1d", "ret_5d", "vol_10d", "vol_ratio", "obv_trend", "spy_ret_1d", "vix_level", "vix_change", "vix_regime", "asset_class", "ret_1m", "ret_3m", "ret_6m", "ret_12m", "high52w_dist", "low52w_dist", "day_of_week", "month", "is_options_expiry", "btc_ret_1d", "gold_ret_1d", "corr_spy_20d", "vwap_dist"]}