{"center": [0.0044701282647961, 0.010773763860595325, 1.0, 53.238238818293, 0.30860942592305207, 0.33478720120374744, 0.015907317484616046, 0.05353573974771593, 0.6029294999514798, 1.2767760274534983, 0.001264427343937835, 0.003120769169008497, 0.00840398812993317, 0.5639920666358071, 1.0118385100827272, 0.00042431156679056947, 17.664999961853027, -0.0019340041731656377, 1.0, 0.0, 0.007953385651661593, 0.03987021256129841, 0.053445459714772325, 0.09690008185419086, -0.028532908827221173, 0.17869309709602627, 2.0, 6.0, 0.0, -0.0011564734544893818, 0.001623031881362702, 0.28114158861643845, 0.0050417010614392105], "scale": [0.025968289872650825, 0.042813701374052965, 1.0, 20.428904806046006, 1.1825023674596018, 1.1111101223671898, 0.368080574770182, 0.027572304235382095, 0.4981322834388798, 0.3357764582602325, 0.01184939138531746, 0.024947375870667976, 0.0036615756983530406, 0.5407899226218268, 0.09566544994462911, 0.009132575463145443, 4.185000419616699, 0.0815085032615917, 1.0, 1.0, 0.052719400549253614, 0.07567255482548585, 0.08252968174848818, 0.15338413832435094, 0.04282442021461946, 0.05970991753845495, 2.0, 7.0, 1.0, 0.027646417498112835, 0.015033845976670984, 0.29535543461947644, 0.02359483714586929], "features": ["SMA20_dist", "SMA50_dist", "sma_cross", "RSI14", "MACD", "MACD_sig", "MACD_hist", "BB_width", "BB_pos", "ATR14", "ret_1d", "ret_5d", "vol_10d", "vol_ratio", "obv_trend", "spy_ret_1d", "vix_level", "vix_change", "vix_regime", "asset_class", "ret_1m", "ret_3m", "ret_6m", "ret_12m", "high52w_dist", "low52w_dist", "day_of_week", "month", "is_options_expiry", "btc_ret_1d", "gold_ret_1d", "corr_spy_20d", "vwap_dist"]}