{"center": [0.008978950325701243, 0.02625619903602143, 1.0, 55.42097327705, 0.3578009798289514, 0.37207504683844905, -0.011095365789452638, 0.05740208939378379, 0.6571675611855394, 0.5098728391629219, 0.0008908176901988307, 0.004401133842589333, 0.008750846894897855, 0.9528887569002957, 1.0347896137888872, 0.0014362351251661076, 17.394999504089355, -0.0019340041731656377, 1.0, 0.0, 0.02042144573126703, 0.046516948638741784, 0.08913734049141186, 0.17291224049691456, -0.024675714402933004, 0.26987126779420345, 2.0, 6.0, 0.0, -0.0011698293944815696, 0.001865606425999089, 0.708823229455351, 0.010809038248038642], "scale": [0.028722035113148248, 0.04625777181284318, 1.0, 21.62566181955907, 0.6314516565356367, 0.6216089225783886, 0.1917515489808329, 0.0247446288044332, 0.4830405924674505, 0.327596284210654, 0.011290728012404216, 0.028282175806157883, 0.006190318080579234, 0.5096081420971055, 0.49178509749255384, 0.0096444507510286, 3.84999942779541, 0.08412943896218109, 1.0, 1.0, 0.05890643504542303, 0.07327283459311784, 0.132275482517144, 0.24571490885434039, 0.05247053253247212, 0.24511625661358905, 2.0, 7.0, 1.0, 0.02787984706167601, 0.014947342657201407, 0.34231466538384325, 0.02866957500856101], "features": ["SMA20_dist", "SMA50_dist", "sma_cross", "RSI14", "MACD", "MACD_sig", "MACD_hist", "BB_width", "BB_pos", "ATR14", "ret_1d", "ret_5d", "vol_10d", "vol_ratio", "obv_trend", "spy_ret_1d", "vix_level", "vix_change", "vix_regime", "asset_class", "ret_1m", "ret_3m", "ret_6m", "ret_12m", "high52w_dist", "low52w_dist", "day_of_week", "month", "is_options_expiry", "btc_ret_1d", "gold_ret_1d", "corr_spy_20d", "vwap_dist"]}