{"center": [0.0012952296056900872, 0.0036384136472196816, 1.0, 53.712793405072055, 0.062074965546919714, 0.07293856999919894, -0.003682005653370707, 0.01671046810773646, 0.5890919408702346, 0.1840772780869107, 0.0, 0.0010540016142011055, 0.0024130980955647465, 0.8944008511770182, 1.030395215482858, 0.0005050065539069504, 17.3799991607666, -0.005720161498773413, 1.0, 0.0, 0.00359436531001478, 0.006092021619021448, 0.006399374198342578, 0.0, -0.01027328508876325, 0.03047907689155277, 2.0, 6.0, 0.0, -0.0006866332556169086, 0.0017841598670260694, 0.23875241848372952, 0.0017351495074957376], "scale": [0.008526768573807414, 0.011886211134176445, 1.0, 24.073074598287633, 0.188756965697074, 0.18065148754149526, 0.06466852845388536, 0.01111553939886688, 0.5216649175249666, 0.07150436330864807, 0.002949290015371586, 0.0079941610321691, 0.0012890329883039097, 0.5525002301895259, 0.2491257369604365, 0.00984590043340483, 3.700000762939453, 0.0900019617618707, 1.0, 1.0, 0.014550361678549284, 0.020478897615630265, 0.030531218266938054, 0.025201190497362358, 0.021713995097203495, 0.05332736625021688, 2.0, 7.0, 1.0, 0.028536606148248933, 0.015120371297767554, 0.4374835832375064, 0.008388998652519342], "features": ["SMA20_dist", "SMA50_dist", "sma_cross", "RSI14", "MACD", "MACD_sig", "MACD_hist", "BB_width", "BB_pos", "ATR14", "ret_1d", "ret_5d", "vol_10d", "vol_ratio", "obv_trend", "spy_ret_1d", "vix_level", "vix_change", "vix_regime", "asset_class", "ret_1m", "ret_3m", "ret_6m", "ret_12m", "high52w_dist", "low52w_dist", "day_of_week", "month", "is_options_expiry", "btc_ret_1d", "gold_ret_1d", "corr_spy_20d", "vwap_dist"]}