{"center": [-0.004154880930869586, -0.022691672451174722, 0.0, 47.176110507295874, -0.07572214666433297, -0.10112885764557303, 0.0007676536251512989, 0.10444775235572651, 0.44580302511632347, 0.37357208289592975, -0.001098210734377214, -0.005855810368139203, 0.01627082214132566, 0.9626504321544855, 1.0225068832100797, 0.001375843498309326, 17.440000534057617, -0.007869662158076385, 1.0, 0.0, -0.01827922432508955, -0.046663004946113085, -0.10832039310185337, -0.1334865016170933, -0.22485755902108817, 0.09140270323557734, 2.0, 6.0, 0.0, -0.0003342625487465778, 0.0010471549570203464, 0.36342078288042823, -0.005676232557399745], "scale": [0.06034369243986038, 0.0905625539596259, 1.0, 24.180380321616987, 0.45068015212159285, 0.38624772236758453, 0.13881016207438082, 0.06526345205278011, 0.5054828473372617, 0.10312879593069113, 0.02091650986108562, 0.05257002632864355, 0.009758257663109633, 0.5031393495638476, 0.2905497914740671, 0.00879972326573919, 4.2300004959106445, 0.08019239603315131, 1.0, 1.0, 0.10173548436284785, 0.16992458579320674, 0.1897911967697239, 0.2358326186363, 0.17346775859113697, 0.10611756010751656, 2.0, 6.0, 1.0, 0.027992836259948473, 0.01487376730337514, 0.350204669797991, 0.0628306119445824], "features": ["SMA20_dist", "SMA50_dist", "sma_cross", "RSI14", "MACD", "MACD_sig", "MACD_hist", "BB_width", "BB_pos", "ATR14", "ret_1d", "ret_5d", "vol_10d", "vol_ratio", "obv_trend", "spy_ret_1d", "vix_level", "vix_change", "vix_regime", "asset_class", "ret_1m", "ret_3m", "ret_6m", "ret_12m", "high52w_dist", "low52w_dist", "day_of_week", "month", "is_options_expiry", "btc_ret_1d", "gold_ret_1d", "corr_spy_20d", "vwap_dist"]}