{"center": [0.025550805110993047, 0.06610110132661992, 1.0, 56.11774247264527, 0.45300072037315076, 0.3731876838598126, -0.006407470223244061, 0.24897371866164394, 0.6150802090634937, 1.4907147543770927, -0.0008598648996932523, 0.008731850248780093, 0.03401880123626106, 0.9167836685759658, 1.0527365799122606, 0.001792534126376255, 17.239999771118164, -0.008169153323245748, 1.0, 0.0, 0.07187502847186211, 0.1905472562695545, 0.19003869667217477, 0.2384501413077249, -0.1967967357652169, 0.3750690269817779, 2.0, 6.0, 0.0, -0.00022924323774897726, 0.0017929035935666526, 0.5021043215135225, 0.0215127025356649], "scale": [0.13652057995565398, 0.2188678194724119, 1.0, 24.404877278397144, 2.1726164878682983, 1.905269041181138, 0.5605445938833145, 0.2024475140687204, 0.5242267751991092, 1.8221427372523713, 0.04601798535858248, 0.1307230929864907, 0.02662469220665096, 0.4782017862934821, 0.40653843290213076, 0.008625670218634252, 3.8999996185302734, 0.07761519049761234, 1.0, 1.0, 0.21144005547409123, 0.4710464586561498, 0.9126645440405817, 1.0977371504122426, 0.2275784419243289, 1.371462261542052, 2.0, 7.0, 1.0, 0.026445530927909855, 0.014263864711448138, 0.34566643891508686, 0.1331081005143798], "features": ["SMA20_dist", "SMA50_dist", "sma_cross", "RSI14", "MACD", "MACD_sig", "MACD_hist", "BB_width", "BB_pos", "ATR14", "ret_1d", "ret_5d", "vol_10d", "vol_ratio", "obv_trend", "spy_ret_1d", "vix_level", "vix_change", "vix_regime", "asset_class", "ret_1m", "ret_3m", "ret_6m", "ret_12m", "high52w_dist", "low52w_dist", "day_of_week", "month", "is_options_expiry", "btc_ret_1d", "gold_ret_1d", "corr_spy_20d", "vwap_dist"]}