{"center": [0.014284080521755092, 0.07726905542290938, 1.0, 53.69919607538776, 1.1026860818271516, 1.3106305731389272, 0.07378778961594845, 0.2497450782393543, 0.5681565619993223, 3.758498873029436, 0.0009359499126531112, 0.011152940761574026, 0.03879130906778251, 0.8517725777869657, 1.0145276750219103, 0.0014268351928818923, 17.3799991607666, -0.006670313141271755, 1.0, 0.0, 0.04526969775117684, 0.13362508727837574, 0.022682262268121756, 0.0, -0.2088937838759879, 1.0688225451763653, 2.0, 6.0, 0.0, -0.0007713643170961237, 0.0015263333689308212, 0.5638535038802399, 0.011340552777148459], "scale": [0.14373664440399084, 0.25763373187133276, 1.0, 23.975261334794112, 4.500078855437053, 4.050780880183461, 1.2247447658073876, 0.1782286248955448, 0.5255180450929813, 1.2791425159999301, 0.055157937838413995, 0.11901705055610234, 0.014885806310066037, 0.4327464490973536, 0.14905201242854083, 0.008917474117736135, 3.624999523162842, 0.08076738655461468, 1.0, 1.0, 0.27561240820019184, 0.6665600214599832, 0.34063328991459607, 0.32908901936023516, 0.1944583059147136, 0.794865850844614, 2.0, 7.0, 1.0, 0.026635508289713894, 0.01492906076081224, 0.36425621888245197, 0.13882267130454579], "features": ["SMA20_dist", "SMA50_dist", "sma_cross", "RSI14", "MACD", "MACD_sig", "MACD_hist", "BB_width", "BB_pos", "ATR14", "ret_1d", "ret_5d", "vol_10d", "vol_ratio", "obv_trend", "spy_ret_1d", "vix_level", "vix_change", "vix_regime", "asset_class", "ret_1m", "ret_3m", "ret_6m", "ret_12m", "high52w_dist", "low52w_dist", "day_of_week", "month", "is_options_expiry", "btc_ret_1d", "gold_ret_1d", "corr_spy_20d", "vwap_dist"]}