{"center": [0.006409962106807471, 0.012362824775076815, 1.0, 55.128199543753865, 0.13666208253363976, 0.11945547533122808, 0.0027185820020702092, 0.05745605999094526, 0.6441515861303793, 0.6101659257980852, 0.001486617859960515, 0.004233461678273764, 0.007993627954236367, 0.9496812530105145, 1.0333826114851132, 0.0018425897539553482, 17.25, -0.007301804534139311, 1.0, 0.0, 0.010720491856842651, 0.03207292792811456, 0.02910145643020501, 0.034688132926272486, -0.03790930625431328, 0.15383054574603855, 2.0, 6.0, 0.0, -0.0008240985185906102, 0.001709445736939541, 0.22766534454417336, 0.007270530865238657], "scale": [0.02705042557439512, 0.03606397605661296, 1.0, 23.792901813655575, 0.4369504649653049, 0.42915735460823035, 0.1666371266391008, 0.040710120244021805, 0.4733380555776845, 0.2632609501645853, 0.011538545929594607, 0.02409078053681854, 0.004143117599044751, 0.40560756443679313, 0.20642508396217907, 0.008799393387173643, 3.922499179840088, 0.08134846402457746, 1.0, 1.0, 0.04512199543486484, 0.0834454241155464, 0.13855119604967703, 0.10768621195178807, 0.04651890947955564, 0.09842684740115536, 2.0, 6.0, 1.0, 0.027816348898779014, 0.017034344203446156, 0.6129862477278017, 0.02783616004495314], "features": ["SMA20_dist", "SMA50_dist", "sma_cross", "RSI14", "MACD", "MACD_sig", "MACD_hist", "BB_width", "BB_pos", "ATR14", "ret_1d", "ret_5d", "vol_10d", "vol_ratio", "obv_trend", "spy_ret_1d", "vix_level", "vix_change", "vix_regime", "asset_class", "ret_1m", "ret_3m", "ret_6m", "ret_12m", "high52w_dist", "low52w_dist", "day_of_week", "month", "is_options_expiry", "btc_ret_1d", "gold_ret_1d", "corr_spy_20d", "vwap_dist"]}