{"center": [0.004910465572227238, 0.010738712622555442, 1.0, 54.2026932294, 0.16363056863700365, 0.1761268952629988, 0.002415959486436914, 0.05839746206137748, 0.5849027779938227, 0.5809850736181025, 0.0003633900506412324, 0.0017062004872332448, 0.009992107181943034, 0.40496760259179265, 0.9991993594875901, 0.0009012287764704752, 17.440000534057617, -0.005579556721748813, 1.0, 0.0, 0.009347255693473278, 0.021658275558832818, 0.0030884607292074318, 0.0, -0.10364891760325246, 0.16338146914563767, 2.0, 6.0, 0.0, 0.0011828564931994912, 0.0019763991077348386, 0.6394427331714725, 0.006395124153447793], "scale": [0.025514494796981493, 0.03749652903205696, 1.0, 19.696246972073972, 0.5527630058979156, 0.5098250904211645, 0.2288135172943108, 0.03212861683231479, 0.4709849331057772, 0.15976021867689005, 0.01406186489341138, 0.027801573958816217, 0.003165404749643273, 0.6883467975602591, 0.0803750294563923, 0.00873806119321896, 4.1399993896484375, 0.0764290106583182, 1.0, 1.0, 0.0468608446297451, 0.08850290685874918, 0.0908046186775614, 0.026148450033468384, 0.11617724643925359, 0.08462995358929473, 2.0, 7.0, 1.0, 0.02772552951518842, 0.014400900601120703, 0.18373140112943098, 0.02770810995785094], "features": ["SMA20_dist", "SMA50_dist", "sma_cross", "RSI14", "MACD", "MACD_sig", "MACD_hist", "BB_width", "BB_pos", "ATR14", "ret_1d", "ret_5d", "vol_10d", "vol_ratio", "obv_trend", "spy_ret_1d", "vix_level", "vix_change", "vix_regime", "asset_class", "ret_1m", "ret_3m", "ret_6m", "ret_12m", "high52w_dist", "low52w_dist", "day_of_week", "month", "is_options_expiry", "btc_ret_1d", "gold_ret_1d", "corr_spy_20d", "vwap_dist"]}