{"center": [0.011818687972247641, 0.0379300837947177, 1.0, 55.315494182717565, 0.06524622315705297, 0.0665595078047865, -0.0009170459832808925, 0.12354645715941381, 0.6308853127451665, 0.13896754338285625, 0.001763263472099652, 0.0048385347318102845, 0.016870733364203784, 0.958696185458808, 1.043262059942138, 0.0005563903663643455, 17.479999542236328, -0.005025144893802347, 1.0, 0.0, 0.01955742372184699, 0.09790324757624136, 0.19450457740618954, 0.27171244591744625, -0.05825941691746721, 0.5632193458056859, 2.0, 6.0, 0.0, -0.0008217291810309613, 0.002600924347578637, 0.42844994785776847, 0.012734458200158234], "scale": [0.07026232592558022, 0.10693815934328182, 1.0, 28.36675652913732, 0.18011800757039254, 0.16880990420877107, 0.05030069393800136, 0.08169428993368519, 0.5559844089978438, 0.08295937020706601, 0.022504759441657585, 0.05186061034612638, 0.008727649615877953, 0.4942403590556428, 0.14602868581630368, 0.008572421759869608, 4.230001449584961, 0.07958548174432062, 1.0, 1.0, 0.1364768066078445, 0.19828376647858703, 0.33312050976661856, 0.5696980605386083, 0.10540608365193457, 0.5613253316813811, 2.0, 7.0, 1.0, 0.028313998406560348, 0.015752710593415153, 0.3215001381931715, 0.07318371460902115], "features": ["SMA20_dist", "SMA50_dist", "sma_cross", "RSI14", "MACD", "MACD_sig", "MACD_hist", "BB_width", "BB_pos", "ATR14", "ret_1d", "ret_5d", "vol_10d", "vol_ratio", "obv_trend", "spy_ret_1d", "vix_level", "vix_change", "vix_regime", "asset_class", "ret_1m", "ret_3m", "ret_6m", "ret_12m", "high52w_dist", "low52w_dist", "day_of_week", "month", "is_options_expiry", "btc_ret_1d", "gold_ret_1d", "corr_spy_20d", "vwap_dist"]}