{"center": [0.0041527248740941556, 0.017853067411639542, 1.0, 53.19357008763535, 0.6299602994215192, 0.6487453946111749, -0.06288663505184629, 0.057767817942107794, 0.5927738199929267, 1.5731398990635543, 7.900524670689801e-05, 0.0018846995752793694, 0.00926423063592439, 0.9121625513720246, 1.0232739749601238, 0.0015820874341206936, 17.55500030517578, -0.008008568742242539, 1.0, 0.0, 0.0066522706386006325, 0.029862752483989508, 0.03307602160046208, 0.004288432780425566, -0.028816584399850846, 0.2348742083213437, 2.0, 6.0, 0.0, -0.00012449287320548397, 0.002023732545861412, 0.6963125976768939, 0.004776848838627256], "scale": [0.030696892816851624, 0.04552433547385255, 1.0, 23.07877803481307, 1.7396686291219474, 1.6728400792679472, 0.5377366092054412, 0.04427318184942047, 0.513774357589412, 0.5235890888537709, 0.01063624486059786, 0.029756247479958503, 0.004075684052523872, 0.5791523340907198, 0.30020480459023136, 0.008698322112851792, 4.5625, 0.0783053837616387, 1.0, 1.0, 0.0683655145584709, 0.08945337462866884, 0.09719410049265065, 0.12201533734280195, 0.05138470513009387, 0.0896217407321116, 2.0, 7.0, 1.0, 0.028242046882340527, 0.0133037515037919, 0.22356162063235085, 0.029873321825641015], "features": ["SMA20_dist", "SMA50_dist", "sma_cross", "RSI14", "MACD", "MACD_sig", "MACD_hist", "BB_width", "BB_pos", "ATR14", "ret_1d", "ret_5d", "vol_10d", "vol_ratio", "obv_trend", "spy_ret_1d", "vix_level", "vix_change", "vix_regime", "asset_class", "ret_1m", "ret_3m", "ret_6m", "ret_12m", "high52w_dist", "low52w_dist", "day_of_week", "month", "is_options_expiry", "btc_ret_1d", "gold_ret_1d", "corr_spy_20d", "vwap_dist"]}