{"center": [0.008993490602020586, 0.021956206248948534, 1.0, 57.83507860377951, 0.9023267163879964, 0.8601214011567262, -0.040805556075978466, 0.05264051523818456, 0.697440453204156, 1.4890137093237183, 0.00029148841695492145, 0.004461039099957431, 0.007804302021414586, 0.9035046165963266, 0.9733334971838157, 0.0014517631989822144, 17.515000343322754, -0.006642781425620192, 1.0, 0.0, 0.01991423058506181, 0.04537664120236595, 0.06161277896785777, 0.13131494023162316, -0.011077099787960579, 0.27166331578970715, 2.0, 6.0, 0.0, -0.0005779958648887695, 0.00033203989202679196, 0.9962798080171579, 0.010075969435099471], "scale": [0.02284028454015951, 0.03955149638944979, 1.0, 23.01585875313127, 1.2687865159981158, 1.2193844169191768, 0.38350154517877677, 0.03484502736734303, 0.4309987461138021, 0.660937754679487, 0.009546293330034095, 0.02430128188726363, 0.004459034482060589, 0.4975533622954529, 0.751525858316905, 0.00929145349251112, 4.092499732971191, 0.08001988247360942, 1.0, 1.0, 0.04293969349859747, 0.07819925830649682, 0.11799528325178282, 0.1809483960503948, 0.02747704176183886, 0.19736450117968543, 2.0, 6.25, 1.0, 0.026165431781845855, 0.01421402648142761, 0.0031652785222354707, 0.021764589449217227], "features": ["SMA20_dist", "SMA50_dist", "sma_cross", "RSI14", "MACD", "MACD_sig", "MACD_hist", "BB_width", "BB_pos", "ATR14", "ret_1d", "ret_5d", "vol_10d", "vol_ratio", "obv_trend", "spy_ret_1d", "vix_level", "vix_change", "vix_regime", "asset_class", "ret_1m", "ret_3m", "ret_6m", "ret_12m", "high52w_dist", "low52w_dist", "day_of_week", "month", "is_options_expiry", "btc_ret_1d", "gold_ret_1d", "corr_spy_20d", "vwap_dist"]}