{"center": [0.0014739369765949856, 0.026305359104356624, 1.0, 49.961470894651306, 0.6380990897333021, 0.5234804169672154, 0.031508150262278045, 0.17331068062845897, 0.5090031372906445, 4.860500335693359, 0.0003346476533969689, 0.002527805825509377, 0.02278006650341552, 0.8979863027701114, 1.0028853213090536, 0.0013579397972762752, 17.360000610351562, -0.006733946910202238, 1.0, 0.0, 0.014068582825116138, 0.10609838301615637, 0.0, 0.0, -0.10914729322149572, 0.7789456072143475, 2.0, 6.0, 0.0, 0.0013036230231544543, 0.0017481999132260562, 0.3955458521716695, 0.0015441759447283106], "scale": [0.09199548224149287, 0.17382396812138656, 1.0, 26.6813773355752, 5.859949880454096, 5.708475750876711, 1.482309103146898, 0.10581201409756999, 0.5113236710091089, 1.5729293823242188, 0.033089140039338494, 0.07168874590679619, 0.01230032380195234, 0.5080184047733893, 0.16620542094633228, 0.008926073975831561, 4.050000190734863, 0.07597698831301247, 1.0, 1.0, 0.14996779427409346, 0.4568048649715807, 0.6508267777559218, 0.24989103889675457, 0.3789822333338303, 1.0450071234372664, 2.0, 7.0, 1.0, 0.026306989320553864, 0.01594000539220053, 0.33009994899983114, 0.09066662132552179], "features": ["SMA20_dist", "SMA50_dist", "sma_cross", "RSI14", "MACD", "MACD_sig", "MACD_hist", "BB_width", "BB_pos", "ATR14", "ret_1d", "ret_5d", "vol_10d", "vol_ratio", "obv_trend", "spy_ret_1d", "vix_level", "vix_change", "vix_regime", "asset_class", "ret_1m", "ret_3m", "ret_6m", "ret_12m", "high52w_dist", "low52w_dist", "day_of_week", "month", "is_options_expiry", "btc_ret_1d", "gold_ret_1d", "corr_spy_20d", "vwap_dist"]}