{"center": [0.006622344770997901, 0.01910115926855986, 1.0, 54.375257922809695, 0.4444470136283627, 0.4688353129343774, -0.004492111080642826, 0.0717603515717519, 0.5981710399122171, 1.6580114787701399, 0.0017004532412761009, 0.0036697210384958323, 0.011663157737731994, 0.9012851878220342, 1.021006741191858, 0.00046014081602929746, 17.389999389648438, -0.006525928783107371, 1.0, 0.0, 0.013298439778497873, 0.056477033565657364, 0.01397303268836847, 0.029214514259520485, -0.0738486317561049, 0.2758593451995228, 2.0, 6.0, 0.0, -0.0007965467490635425, 0.0015006433011212073, 0.26434663891844634, 0.0075026507989932375], "scale": [0.04315391746657257, 0.07234566450634909, 1.0, 22.204192680079117, 1.600454820847112, 1.615175422586946, 0.5080790215609535, 0.05401206307060727, 0.5028806141434816, 0.4442192680266157, 0.016874113092747167, 0.03778475678511378, 0.0041738709442926385, 0.4249599835146233, 0.43888945155255976, 0.009271687741020163, 3.547499179840088, 0.08122814687206698, 1.0, 1.0, 0.0720474363073619, 0.12712018878934328, 0.16381815307258465, 0.16032077997550664, 0.09419679859808958, 0.24805299472944364, 2.0, 6.0, 1.0, 0.026853471760726, 0.014619264912373364, 0.364454696636914, 0.04195994816532212], "features": ["SMA20_dist", "SMA50_dist", "sma_cross", "RSI14", "MACD", "MACD_sig", "MACD_hist", "BB_width", "BB_pos", "ATR14", "ret_1d", "ret_5d", "vol_10d", "vol_ratio", "obv_trend", "spy_ret_1d", "vix_level", "vix_change", "vix_regime", "asset_class", "ret_1m", "ret_3m", "ret_6m", "ret_12m", "high52w_dist", "low52w_dist", "day_of_week", "month", "is_options_expiry", "btc_ret_1d", "gold_ret_1d", "corr_spy_20d", "vwap_dist"]}