{"center": [0.005274578314651657, 0.006406660374199485, 0.0, 50.22534486921241, 0.10025841131444224, 0.015862770116705567, -0.06252307779109667, 0.13021746917557508, 0.5473156696870647, 3.023640632757171, -9.743745705570461e-05, 0.002795323372677294, 0.02113313087710126, 0.8952921585189053, 0.9411696709215083, 0.0022834152934756435, 17.38499927520752, -0.010582939464551133, 1.0, 0.0, 0.0015185316388183212, 0.0037715699073208597, 0.01774458883120056, 0.13133118794674525, -0.14020971329558446, 0.40434794794748036, 2.0, 6.0, 0.0, 0.0009261775200044564, 0.0019559897357898093, 0.37434164467063885, 0.00688026186023986], "scale": [0.07658208831285272, 0.11689188272416472, 1.0, 26.127505137450306, 2.9148757103914917, 3.030618194770688, 1.1922100503060253, 0.09579048179908789, 0.5698658523720967, 0.9921180087428092, 0.02465430967307014, 0.061941630268354725, 0.011423426682131279, 0.48169643352706026, 0.5300539530720116, 0.009179375136394774, 3.8824992179870605, 0.07893441247771585, 1.0, 1.0, 0.13519947503963542, 0.2364947707158659, 0.3628578801162977, 0.35333418739736305, 0.14550865350549197, 0.5083547149562916, 2.0, 6.75, 1.0, 0.027775111074551356, 0.01505714006434461, 0.41529333848202066, 0.07667755244777752], "features": ["SMA20_dist", "SMA50_dist", "sma_cross", "RSI14", "MACD", "MACD_sig", "MACD_hist", "BB_width", "BB_pos", "ATR14", "ret_1d", "ret_5d", "vol_10d", "vol_ratio", "obv_trend", "spy_ret_1d", "vix_level", "vix_change", "vix_regime", "asset_class", "ret_1m", "ret_3m", "ret_6m", "ret_12m", "high52w_dist", "low52w_dist", "day_of_week", "month", "is_options_expiry", "btc_ret_1d", "gold_ret_1d", "corr_spy_20d", "vwap_dist"]}