{"center": [0.010564859145454521, 0.02888804272843466, 1.0, 54.94972195563866, 0.6847327564305417, 0.7194150636100127, -0.02413257993283502, 0.08297392444349966, 0.6266743246646072, 1.5375852136198571, 0.0017328235565550187, 0.0042740283939423085, 0.013235813955945473, 0.9605303860378225, 1.0466219922240367, 0.0010234047514443567, 17.38499927520752, -0.004622023407450215, 1.0, 0.0, 0.020809065472427113, 0.07729592417630271, 0.06926786619154834, 0.181996506746951, -0.033947982308071646, 0.46585325916420783, 2.0, 6.0, 0.0, 0.00013874977403555144, 0.0012750435385292525, 0.9120325434670751, 0.012356364807399493], "scale": [0.04028530535307099, 0.07267996724208807, 1.0, 24.15787919654523, 1.7202669671953963, 1.5608566257101635, 0.37518911549409567, 0.05674132209371572, 0.4657164177763309, 0.7686680837368083, 0.01759797717263048, 0.04046407912551728, 0.005541622505332203, 0.39789059049030406, 0.3451477131027023, 0.009275987142779774, 3.9125003814697266, 0.08123051171250856, 1.0, 1.0, 0.07765622021578805, 0.15094490317057113, 0.19118007711258772, 0.28247494177592714, 0.05965511148579902, 0.36166331184673417, 2.0, 7.0, 1.0, 0.028595339156349986, 0.01472688351854562, 0.0804918506746608, 0.0392764915405045], "features": ["SMA20_dist", "SMA50_dist", "sma_cross", "RSI14", "MACD", "MACD_sig", "MACD_hist", "BB_width", "BB_pos", "ATR14", "ret_1d", "ret_5d", "vol_10d", "vol_ratio", "obv_trend", "spy_ret_1d", "vix_level", "vix_change", "vix_regime", "asset_class", "ret_1m", "ret_3m", "ret_6m", "ret_12m", "high52w_dist", "low52w_dist", "day_of_week", "month", "is_options_expiry", "btc_ret_1d", "gold_ret_1d", "corr_spy_20d", "vwap_dist"]}