{"center": [0.004356445453976988, 0.011577994978198676, 1.0, 53.982672715180755, 0.30910877566416417, 0.2898909611103654, 0.0014385824956428261, 0.05072224369049415, 0.602723504931949, 1.0568677378686302, 0.0014036921597090357, 0.0033298766228826437, 0.009005654781074955, 0.4404899664752051, 1.0349737417432596, 0.0008157996596636075, 17.664999961853027, -0.006664472772315133, 1.0, 0.0, 0.006731051263200616, 0.022961386913857407, 0.018287370456023244, 0.0, -0.04460061664649897, 0.154473390594476, 2.0, 6.0, 0.0, -0.0018336589963325878, 0.0012750435385292525, 0.39466609636740724, 0.004400067828357793], "scale": [0.024726525432986434, 0.03209873047616274, 1.0, 17.003768540849265, 0.7887371354088799, 0.6983374501925136, 0.32431734097087583, 0.0254909454124242, 0.49317432218600926, 0.291842325636555, 0.011506679624140703, 0.024660658862212886, 0.004062674564623265, 0.5210506829743698, 0.2497187960050824, 0.009266619792457492, 4.222500801086426, 0.08166862159720664, 1.0, 1.0, 0.039822571219056246, 0.06928711899061724, 0.07556827796410598, 0.06664814627429133, 0.054189493090836434, 0.07963598190367571, 2.0, 6.0, 1.0, 0.029318584868642222, 0.01606069266517174, 0.3832605748477764, 0.02656068474836755], "features": ["SMA20_dist", "SMA50_dist", "sma_cross", "RSI14", "MACD", "MACD_sig", "MACD_hist", "BB_width", "BB_pos", "ATR14", "ret_1d", "ret_5d", "vol_10d", "vol_ratio", "obv_trend", "spy_ret_1d", "vix_level", "vix_change", "vix_regime", "asset_class", "ret_1m", "ret_3m", "ret_6m", "ret_12m", "high52w_dist", "low52w_dist", "day_of_week", "month", "is_options_expiry", "btc_ret_1d", "gold_ret_1d", "corr_spy_20d", "vwap_dist"]}