{"center": [0.01968567438258937, 0.04991903976664495, 1.0, 55.98446075460894, 1.6017152456412163, 1.4146582326652521, 0.0893768662879717, 0.1498400494165301, 0.6417100430041159, 2.9159598945697036, 0.003625229054838419, 0.009110308431779623, 0.02416801866165975, 0.9591726306547285, 1.0385236600235441, 0.0009845075813768034, 17.389999389648438, -0.006670313141271755, 1.0, 0.0, 0.03731596327025066, 0.14675809967583842, 0.2851939759268194, 0.12730802169568944, -0.09705633887342055, 0.5684554003453279, 2.0, 6.0, 0.0, 0.00029724205673309356, 0.0009103412637567754, 0.6894521239549267, 0.02272212865219114], "scale": [0.07274089262413776, 0.13787666783595104, 1.0, 23.219953591036912, 3.562674456595012, 3.47994549976473, 1.0122258169303269, 0.10799247612745756, 0.49027724083667795, 2.3035980140367287, 0.02834913453835508, 0.07416071590120249, 0.013142616443791034, 0.3738956432212903, 0.16162067685305193, 0.009209047773002577, 4.109999656677246, 0.08105103177300099, 1.0, 1.0, 0.1576082763007205, 0.2638213035317939, 0.503778647629967, 0.9225364343898373, 0.16962810782479146, 1.0799564067555436, 2.0, 7.0, 1.0, 0.02558616696279331, 0.01543665082824891, 0.2344086836183904, 0.07580991532856013], "features": ["SMA20_dist", "SMA50_dist", "sma_cross", "RSI14", "MACD", "MACD_sig", "MACD_hist", "BB_width", "BB_pos", "ATR14", "ret_1d", "ret_5d", "vol_10d", "vol_ratio", "obv_trend", "spy_ret_1d", "vix_level", "vix_change", "vix_regime", "asset_class", "ret_1m", "ret_3m", "ret_6m", "ret_12m", "high52w_dist", "low52w_dist", "day_of_week", "month", "is_options_expiry", "btc_ret_1d", "gold_ret_1d", "corr_spy_20d", "vwap_dist"]}