{"center": [0.027333673466887937, 0.06628904207042322, 1.0, 55.376363169530606, 1.1035835893107162, 1.0489002671998533, 0.03234587533114075, 0.17220293864052533, 0.66994111396369, 1.923123703626068, 0.004340542878082498, 0.010970692293529982, 0.024737229574519928, 0.9370912440909762, 1.0426620215116138, 0.0009845075813768034, 17.649999618530273, -0.008169153323245748, 1.0, 0.0, 0.05887420254282372, 0.18862960514769433, 0.2929585617809154, 0.4194634998819353, -0.09169981017135566, 0.7869321206358132, 2.0, 6.0, 0.0, 0.00029724205673309356, 0.0015263333689308212, 0.3320983289758276, 0.028632288489569696], "scale": [0.0797580566326016, 0.123636088616774, 1.0, 27.25933944345453, 2.2920450394880305, 1.8268230957138878, 0.6189524534349318, 0.05572668959776686, 0.4784218690848779, 2.736208270707796, 0.028867837411003072, 0.0697613328898321, 0.012819190207773352, 0.447102906143404, 0.18447847994057964, 0.008701399031573853, 4.229999542236328, 0.07239557485332371, 1.0, 1.0, 0.13919611840918533, 0.29358407872553194, 0.6393899356475978, 1.1248869127746985, 0.16627182784448413, 1.136869327651517, 2.0, 7.0, 1.0, 0.02591872685599761, 0.014662824459591772, 0.45538497723664384, 0.08060005867977299], "features": ["SMA20_dist", "SMA50_dist", "sma_cross", "RSI14", "MACD", "MACD_sig", "MACD_hist", "BB_width", "BB_pos", "ATR14", "ret_1d", "ret_5d", "vol_10d", "vol_ratio", "obv_trend", "spy_ret_1d", "vix_level", "vix_change", "vix_regime", "asset_class", "ret_1m", "ret_3m", "ret_6m", "ret_12m", "high52w_dist", "low52w_dist", "day_of_week", "month", "is_options_expiry", "btc_ret_1d", "gold_ret_1d", "corr_spy_20d", "vwap_dist"]}