{"center": [0.0015231785422334316, 0.004082643752295681, 1.0, 95.52643139551911, 0.12250647000026049, 0.12401046866291733, -0.0009517618220638985, 0.0037033139668661, 0.8874872828150588, 0.02423207941799177, 9.098604152324441e-05, 0.0007265587139730911, 0.00016589069656504983, 0.8660902589165506, 1.019095583370327, 9.301357079483097e-05, 16.59000015258789, -0.006393225162856231, 1.0, 0.0, 0.0034452641469857603, 0.010698253233817567, 0.02097593186950575, 0.04356354974693355, 0.0, 0.04340543636564157, 2.0, 9.0, 0.0, -0.0031485616380424464, 0.0019383092584315254, 0.05014278365607699, 0.0015613721204861355], "scale": [0.000306106993485608, 0.0007146516427158963, 1.0, 3.8651969374188866, 0.017485034106741182, 0.014969495186844595, 0.00429371862680613, 0.0008241203144598273, 0.040266589484976856, 0.004018924426856887, 9.114452635450299e-05, 0.00027146028676738876, 5.935940296080983e-05, 0.3534243308281855, 0.009796588069987733, 0.00814627144036384, 2.7950000762939453, 0.0781242184809306, 1.0, 1.0, 0.0006412638955879402, 0.0020029579784001106, 0.003941568163210674, 0.006421307198963833, 1.0, 0.006388225566618305, 2.0, 2.0, 1.0, 0.027265194847982677, 0.015457506188631953, 0.4634388469206888, 0.00040334008772155753], "features": ["SMA20_dist", "SMA50_dist", "sma_cross", "RSI14", "MACD", "MACD_sig", "MACD_hist", "BB_width", "BB_pos", "ATR14", "ret_1d", "ret_5d", "vol_10d", "vol_ratio", "obv_trend", "spy_ret_1d", "vix_level", "vix_change", "vix_regime", "asset_class", "ret_1m", "ret_3m", "ret_6m", "ret_12m", "high52w_dist", "low52w_dist", "day_of_week", "month", "is_options_expiry", "btc_ret_1d", "gold_ret_1d", "corr_spy_20d", "vwap_dist"]}