{"center": [0.0063319978195898515, 0.01482349862329236, 1.0, 55.786543059382915, 0.11749348577911078, 0.1280928721147963, 0.006971330852134167, 0.04512510047991365, 0.6474938643774648, 0.29131699848480974, 0.0001197524102458658, 0.0025864754977747983, 0.00702456567872267, 1.0059514891993493, 1.0038296059474456, 0.0008566782153596186, 17.27999973297119, -0.009655623818465353, 1.0, 0.0, 0.017377972073030934, 0.028766045684156305, 0.028551803718377622, 0.0, -0.03533582367494964, 0.13183824613507347, 2.0, 6.0, 0.0, -0.00027756579302345985, 0.001865606425999089, 0.5015765211386807, 0.006687548673329272], "scale": [0.02090000375263769, 0.031382740760643096, 1.0, 18.423982780977227, 0.23608321132268717, 0.20865439055499943, 0.08998201343138293, 0.019719375759421974, 0.45354866316191167, 0.07394244546845619, 0.009985847119946156, 0.020512755211869543, 0.002526256637999721, 0.2876787861347486, 0.4827660370814544, 0.009102617142970837, 4.365000486373901, 0.08149186746690235, 1.0, 1.0, 0.037855966292279275, 0.08239724107769494, 0.07423200520995205, 0.06472735052492201, 0.04626786139653543, 0.05954341403805928, 2.0, 7.0, 1.0, 0.027539966625806878, 0.014276696935342975, 0.30889477761941037, 0.021707339362384028], "features": ["SMA20_dist", "SMA50_dist", "sma_cross", "RSI14", "MACD", "MACD_sig", "MACD_hist", "BB_width", "BB_pos", "ATR14", "ret_1d", "ret_5d", "vol_10d", "vol_ratio", "obv_trend", "spy_ret_1d", "vix_level", "vix_change", "vix_regime", "asset_class", "ret_1m", "ret_3m", "ret_6m", "ret_12m", "high52w_dist", "low52w_dist", "day_of_week", "month", "is_options_expiry", "btc_ret_1d", "gold_ret_1d", "corr_spy_20d", "vwap_dist"]}