{"center": [0.0038922172170910508, 0.00714816558931428, 1.0, 51.71531815912171, 0.5294999191400507, 0.7642598292346414, 0.20733140868439537, 0.09838936580138265, 0.5385021138857861, 6.9990679677992, 0.0009212956148123563, 0.0003380164358535165, 0.015095906319092233, 0.9345680516632143, 1.0190070052504754, 0.0014265993667199606, 17.6200008392334, -0.008169153323245748, 1.0, 0.0, 0.0036951456131475435, 0.011426084336161768, 0.007459059748117891, 0.0, -0.0986423494815206, 0.1681655493402423, 2.0, 6.0, 0.0, -0.0003342625487465778, 0.0017929035935666526, 0.2849231570254541, 0.004216706844346941], "scale": [0.056986840917378004, 0.08283165009175211, 1.0, 25.241092049951085, 6.775997582360844, 6.18591084469757, 1.7630965777587426, 0.052230970364841894, 0.5437111664749779, 2.244430717302224, 0.015414020560815922, 0.044659669871833174, 0.008631644655868943, 0.45042974339277486, 0.1660697099119357, 0.008777821452133572, 4.329999923706055, 0.07791191989885304, 1.0, 1.0, 0.10673660007908992, 0.17005590349736777, 0.18573571496455887, 0.20796533957628183, 0.08495769300714903, 0.22158504020317504, 2.0, 6.5, 1.0, 0.02666814999588013, 0.016400578741485483, 0.36947569922164986, 0.055491690046136924], "features": ["SMA20_dist", "SMA50_dist", "sma_cross", "RSI14", "MACD", "MACD_sig", "MACD_hist", "BB_width", "BB_pos", "ATR14", "ret_1d", "ret_5d", "vol_10d", "vol_ratio", "obv_trend", "spy_ret_1d", "vix_level", "vix_change", "vix_regime", "asset_class", "ret_1m", "ret_3m", "ret_6m", "ret_12m", "high52w_dist", "low52w_dist", "day_of_week", "month", "is_options_expiry", "btc_ret_1d", "gold_ret_1d", "corr_spy_20d", "vwap_dist"]}