{"center": [0.012807115110100051, 0.04876056085378453, 1.0, 52.65822188166989, 0.07942032897303442, 0.09728710223797046, -0.0021739464044195494, 0.27467894335929927, 0.5433222696785656, 0.4287873502038893, 0.0015336700339172449, 0.014234917245425027, 0.041869233274223164, 0.9815342819485166, 1.029957811287663, 0.001151824796685963, 17.610000610351562, -0.005579556721748813, 1.0, 0.0, 0.04881098729534972, 0.18637823207964277, 0.4041447301672776, 0.4420011333304552, -0.17568328717752937, 0.8601448121283499, 2.0, 6.0, 0.0, -0.0023550097882448773, 0.0019383092584315254, 0.33990186160089775, 0.009366483746663101], "scale": [0.1344379028933383, 0.23656168434762456, 1.0, 22.316726404029907, 0.5609665716858894, 0.5255731273460198, 0.14143912542586717, 0.20538153177307503, 0.49472352885069276, 0.7864742467088167, 0.05213827964230722, 0.11422705855367898, 0.020970844214920323, 0.44931990824787826, 0.4551554293467589, 0.008844950613186131, 4.670001029968262, 0.08036466397788089, 1.0, 1.0, 0.25578870139367216, 0.42096916711839927, 0.8983451667377487, 1.8075155374009846, 0.2322407045206918, 1.78568563280651, 2.0, 7.0, 1.0, 0.027682640873921804, 0.016215976989714553, 0.47634006483256924, 0.1330130737944297], "features": ["SMA20_dist", "SMA50_dist", "sma_cross", "RSI14", "MACD", "MACD_sig", "MACD_hist", "BB_width", "BB_pos", "ATR14", "ret_1d", "ret_5d", "vol_10d", "vol_ratio", "obv_trend", "spy_ret_1d", "vix_level", "vix_change", "vix_regime", "asset_class", "ret_1m", "ret_3m", "ret_6m", "ret_12m", "high52w_dist", "low52w_dist", "day_of_week", "month", "is_options_expiry", "btc_ret_1d", "gold_ret_1d", "corr_spy_20d", "vwap_dist"]}