{"center": [0.007800571502800748, 0.01709722813667842, 1.0, 56.99892518514285, 0.4796716839691584, 0.49510556795487193, 0.013906931775434117, 0.04074471144661929, 0.6984985633146752, 0.8903049383433544, 0.00021463735734439382, 0.0034871677457872785, 0.006366903535598903, 0.8837843099085069, 0.9787977809863971, 0.001093923806363195, 17.440000534057617, -0.006626930447881874, 1.0, 0.0, 0.01852966492121433, 0.030967819762205195, 0.07280129638805932, 0.06138388486772994, -0.014453519398228502, 0.1735013333908589, 2.0, 6.0, 0.0, -0.00022924323774897726, 0.0011289903434381632, 0.48128003070273556, 0.008366184567483281], "scale": [0.017644676265420964, 0.027024932412828006, 1.0, 16.658912934307395, 0.6132589323326556, 0.5795827001345315, 0.2841994089484503, 0.02125219641707668, 0.4238990626083436, 0.22635351339412735, 0.009308719546602062, 0.017355600849981, 0.002125151962644141, 0.46803081404422786, 0.4264703364470528, 0.009392426229365758, 4.2599992752075195, 0.08453050860856715, 1.0, 1.0, 0.03413100150852244, 0.06488286534119436, 0.10577033167389116, 0.15507068416321124, 0.028142786036354103, 0.06075266085370834, 2.0, 7.0, 1.0, 0.026870005523800256, 0.014565648325555514, 0.3235811177521713, 0.017808110734988367], "features": ["SMA20_dist", "SMA50_dist", "sma_cross", "RSI14", "MACD", "MACD_sig", "MACD_hist", "BB_width", "BB_pos", "ATR14", "ret_1d", "ret_5d", "vol_10d", "vol_ratio", "obv_trend", "spy_ret_1d", "vix_level", "vix_change", "vix_regime", "asset_class", "ret_1m", "ret_3m", "ret_6m", "ret_12m", "high52w_dist", "low52w_dist", "day_of_week", "month", "is_options_expiry", "btc_ret_1d", "gold_ret_1d", "corr_spy_20d", "vwap_dist"]}