{"center": [0.0016646581727989792, 0.004242472930647976, 1.0, 60.817878862160384, 0.029939921368514533, 0.030474738411892865, -8.249820305965792e-05, 0.0077207824473068485, 0.7296625551038963, 0.03564753638973743, 1.8963763550705615e-05, 0.000770865995892489, 0.0009865621221999805, 0.5836273575023903, 1.04321575299236, 0.00048302488319784675, 17.6850004196167, -0.004867022917316999, 1.0, 0.0, 0.003759593462015043, 0.011616606253725958, 0.021870858932195314, 0.03574622855454179, -0.0017136193846679021, 0.050136115313908894, 2.0, 5.5, 0.0, -0.0020618523366176533, 0.0007381741937566577, -0.025393073677427856, 0.001639301138488894], "scale": [0.0032210909447832584, 0.00578144135192519, 1.0, 22.512381732274577, 0.041234859900752596, 0.038370119094981316, 0.011218096615778298, 0.004561803944715074, 0.36191975297886725, 0.009895105684422693, 0.0013253862207286415, 0.0029313765185821627, 0.00040444044370189516, 0.7716813460521094, 0.24960264961747847, 0.009631856142460149, 4.53249979019165, 0.08574945590591779, 1.0, 1.0, 0.006923497454506655, 0.008869609202777295, 0.016647532033478574, 0.05364662454774849, 0.0036392968982739676, 0.02339014748577419, 2.0, 7.0, 1.0, 0.028927497572309252, 0.017537758794796632, 0.4382703849516189, 0.003606653571782044], "features": ["SMA20_dist", "SMA50_dist", "sma_cross", "RSI14", "MACD", "MACD_sig", "MACD_hist", "BB_width", "BB_pos", "ATR14", "ret_1d", "ret_5d", "vol_10d", "vol_ratio", "obv_trend", "spy_ret_1d", "vix_level", "vix_change", "vix_regime", "asset_class", "ret_1m", "ret_3m", "ret_6m", "ret_12m", "high52w_dist", "low52w_dist", "day_of_week", "month", "is_options_expiry", "btc_ret_1d", "gold_ret_1d", "corr_spy_20d", "vwap_dist"]}