{"center": [0.010293478539216486, 0.02627688203078165, 1.0, 57.102683584405156, 0.35418109802419906, 0.34550651642735397, -0.005749103899855418, 0.07830263054625794, 0.6627276918664714, 0.7239110713860073, -0.0004540264211931877, 0.004037305137651881, 0.011564516107701026, 0.8804573238067102, 0.9720880889669301, 0.0005686124327104469, 17.3799991607666, -0.005211721284556381, 1.0, 0.0, 0.022858396508189438, 0.05822843536957212, 0.102749538293192, 0.1217209455228141, -0.02502140565994858, 0.3577962010632273, 2.0, 6.0, 0.0, -0.00022924323774897726, 0.0008040912066364925, 0.7942190975151153, 0.010656219806378759], "scale": [0.037387079365824125, 0.05949773751468394, 1.0, 20.7689498092571, 0.7534343243651307, 0.7021370383385206, 0.20732866620680734, 0.06226779438319416, 0.4628392704802729, 0.31326695993281306, 0.013774254187740365, 0.03226054878485729, 0.005167972930636821, 0.4678930740373958, 0.3146792386997478, 0.008724104162482704, 4.199999809265137, 0.07683788002464531, 1.0, 1.0, 0.07282224543245264, 0.10685861067606739, 0.17210187778990504, 0.2530409929879407, 0.07055552148701652, 0.2639023365425017, 2.0, 7.0, 1.0, 0.02731657196590609, 0.01633125069241692, 0.16974091751069387, 0.03558853912008241], "features": ["SMA20_dist", "SMA50_dist", "sma_cross", "RSI14", "MACD", "MACD_sig", "MACD_hist", "BB_width", "BB_pos", "ATR14", "ret_1d", "ret_5d", "vol_10d", "vol_ratio", "obv_trend", "spy_ret_1d", "vix_level", "vix_change", "vix_regime", "asset_class", "ret_1m", "ret_3m", "ret_6m", "ret_12m", "high52w_dist", "low52w_dist", "day_of_week", "month", "is_options_expiry", "btc_ret_1d", "gold_ret_1d", "corr_spy_20d", "vwap_dist"]}