{"center": [0.025550805110993047, 0.05254875628576831, 1.0, 55.16073532672313, 0.29518831286878466, 0.24282807737776108, 0.011262292211690283, 0.2239987164136053, 0.6223328155803253, 1.390714372907366, 0.0031446261101832906, 0.015130758592724058, 0.03343132460278528, 0.9432495035433661, 1.057437119681295, 0.0016134830190519533, 17.610000610351562, -0.008114863341212808, 1.0, 0.0, 0.05039416926967122, 0.13784524195033043, 0.16115696454144435, 0.0, -0.2548375209118951, 0.3165697005189927, 2.0, 6.0, 0.0, -1.9742508661990676e-05, 0.0020064107533963593, 0.5323100146180694, 0.021333621347974455], "scale": [0.1239736437227607, 0.21630385831860227, 1.0, 23.49755820741744, 1.6133531435503485, 1.2539395956083268, 0.5428337682822602, 0.18120790717827334, 0.5340592267491722, 1.3842859268188472, 0.04233479494979797, 0.12642016853359767, 0.023244424636622133, 0.4945279426057687, 0.42421802425993604, 0.009161009014431787, 4.379999160766602, 0.08624624224250077, 1.0, 1.0, 0.21000427347295259, 0.44092423352419724, 0.8556071523485426, 0.941198811720654, 0.28308357912389964, 1.2751982426527173, 2.0, 7.0, 1.0, 0.026139481457048086, 0.015116497516102223, 0.3767095531386242, 0.12031774287890445], "features": ["SMA20_dist", "SMA50_dist", "sma_cross", "RSI14", "MACD", "MACD_sig", "MACD_hist", "BB_width", "BB_pos", "ATR14", "ret_1d", "ret_5d", "vol_10d", "vol_ratio", "obv_trend", "spy_ret_1d", "vix_level", "vix_change", "vix_regime", "asset_class", "ret_1m", "ret_3m", "ret_6m", "ret_12m", "high52w_dist", "low52w_dist", "day_of_week", "month", "is_options_expiry", "btc_ret_1d", "gold_ret_1d", "corr_spy_20d", "vwap_dist"]}