{"center": [0.011505197212788174, 0.02184965606619093, 1.0, 52.504050420572014, 0.4512323316776161, 0.4703960381206758, -0.010343439236601748, 0.11311773466560641, 0.6199001053169785, 2.797142573765346, 0.0016394846652778572, 0.007228338066999962, 0.018239309444525346, 0.9489276362834761, 1.0341609133996412, 0.0012780826440004223, 17.520000457763672, -0.006658632403358511, 1.0, 0.0, 0.020810342727820785, 0.04907602718346493, 0.0, 0.0, -0.12542552836570536, 0.5914425437302464, 2.0, 6.0, 0.0, -0.0003342625487465778, 0.0017841598670260694, 0.47281564179256685, 0.014759289540190507], "scale": [0.061497440450775584, 0.0953685194436432, 1.0, 21.885258075031537, 2.2338046024188003, 2.0454378345929363, 0.8774851889547208, 0.09417639004287696, 0.5001059422164744, 1.3139272417340955, 0.023509843781421458, 0.06007109697578816, 0.011330319249631968, 0.3909244088611985, 0.1133829277924332, 0.009393989208617226, 3.9600000381469727, 0.08689037122993581, 1.0, 1.0, 0.10605569901442496, 0.2673453426751029, 0.39574285589790836, 0.11890957669771851, 0.233944955599713, 0.7007952810024928, 2.0, 7.0, 1.0, 0.027391481491886915, 0.015496851216965257, 0.3254364517302134, 0.06002830177627068], "features": ["SMA20_dist", "SMA50_dist", "sma_cross", "RSI14", "MACD", "MACD_sig", "MACD_hist", "BB_width", "BB_pos", "ATR14", "ret_1d", "ret_5d", "vol_10d", "vol_ratio", "obv_trend", "spy_ret_1d", "vix_level", "vix_change", "vix_regime", "asset_class", "ret_1m", "ret_3m", "ret_6m", "ret_12m", "high52w_dist", "low52w_dist", "day_of_week", "month", "is_options_expiry", "btc_ret_1d", "gold_ret_1d", "corr_spy_20d", "vwap_dist"]}