{"center": [0.010994470220031178, 0.03861115628589607, 1.0, 55.072567029900064, 0.06178811543737517, 0.06773261798408675, -0.002195345347681288, 0.1126427677926986, 0.626888834347226, 0.13722077070068858, 0.001364315113957515, 0.005917170346614098, 0.01664142903358381, 0.9423120062609367, 1.0423427065949846, 0.0009004595313388819, 17.479999542236328, -0.002873519434293592, 1.0, 0.0, 0.021731553168336637, 0.09790324757624136, 0.19013962727495537, 0.24608026431067276, -0.05473816182548306, 0.5743571146331601, 2.0, 6.0, 0.0, -0.0003109860024155253, 0.001677776649860796, 0.428158630668905, 0.011441726924890516], "scale": [0.0648530841688518, 0.09265285958952041, 1.0, 25.829713981488844, 0.15940739437048013, 0.1568960549288851, 0.046651812100031734, 0.0822213328097293, 0.5377473078500894, 0.06575382153731654, 0.02019218892360386, 0.052080425192945534, 0.008297652182184815, 0.4446568770425998, 0.13401380739416446, 0.009210718627000514, 4.430000305175781, 0.09059348973802639, 1.0, 1.0, 0.1243683264501364, 0.2044308133883177, 0.3403707767697959, 0.5456178118847761, 0.10050595936894759, 0.5567248395025834, 2.0, 7.0, 1.0, 0.029519840762409988, 0.016689177861693216, 0.32453855690556743, 0.0679698523394981], "features": ["SMA20_dist", "SMA50_dist", "sma_cross", "RSI14", "MACD", "MACD_sig", "MACD_hist", "BB_width", "BB_pos", "ATR14", "ret_1d", "ret_5d", "vol_10d", "vol_ratio", "obv_trend", "spy_ret_1d", "vix_level", "vix_change", "vix_regime", "asset_class", "ret_1m", "ret_3m", "ret_6m", "ret_12m", "high52w_dist", "low52w_dist", "day_of_week", "month", "is_options_expiry", "btc_ret_1d", "gold_ret_1d", "corr_spy_20d", "vwap_dist"]}