{"center": [0.021688294902189896, 0.067221172565535, 1.0, 57.26144755727831, 1.4392118846962703, 1.4620713085631274, -0.02638444418182484, 0.13135762805037923, 0.6979947366939545, 2.4883603856474323, 0.0030114036389297105, 0.006034123839373184, 0.01996210304933034, 0.9275502309008081, 1.0296394397637822, 0.0009686733401450542, 17.38499927520752, -0.005254864671583648, 1.0, 0.0, 0.06414926021795242, 0.12876889551848458, 0.20039897707337462, 0.4929762627655002, -0.0456035054659197, 0.7537570605791548, 2.0, 6.0, 0.0, 0.0003098700789467834, 0.0007381741937566577, 0.8116665669141898, 0.019871584305920644], "scale": [0.0681635087580735, 0.11064262328804454, 1.0, 22.16439817597221, 2.709709185828885, 2.470111260630135, 0.8196384382126722, 0.08879191657711005, 0.48860342481753494, 1.6134445965098885, 0.02843890304876945, 0.062095048296354705, 0.007883951014498916, 0.5200053845533326, 0.2185482827210261, 0.008936374913626532, 3.6799983978271484, 0.0796315458002187, 1.0, 1.0, 0.12812715456384846, 0.23165387480592148, 0.3066251365109497, 0.7307418394443931, 0.08002673993124002, 0.4439994325290535, 2.0, 7.0, 1.0, 0.02788525175771936, 0.014276748889449242, 0.17925427997466903, 0.06464615114055633], "features": ["SMA20_dist", "SMA50_dist", "sma_cross", "RSI14", "MACD", "MACD_sig", "MACD_hist", "BB_width", "BB_pos", "ATR14", "ret_1d", "ret_5d", "vol_10d", "vol_ratio", "obv_trend", "spy_ret_1d", "vix_level", "vix_change", "vix_regime", "asset_class", "ret_1m", "ret_3m", "ret_6m", "ret_12m", "high52w_dist", "low52w_dist", "day_of_week", "month", "is_options_expiry", "btc_ret_1d", "gold_ret_1d", "corr_spy_20d", "vwap_dist"]}