{"center": [0.00975546170403603, 0.010812743888700333, 1.0, 54.93805605135381, 0.5355479330096955, 0.6500600800921038, 0.1450446737972484, 0.11327410851733644, 0.61301625950067, 3.472143990652902, 0.001033727733413814, 0.006384303045007478, 0.01650158586823631, 0.9036478670786504, 1.0316777949717162, 0.0011517326256851312, 17.510000228881836, -0.005298008058610915, 1.0, 0.0, 0.013697626499120652, 0.026212827613869116, 0.0, 0.0, -0.15324812282486522, 0.3545958898739783, 2.0, 7.0, 0.0, -0.0016352711961346023, 0.0014210967336203417, 0.395362260486165, 0.010768625036750225], "scale": [0.05833955384507515, 0.11818676026665983, 1.0, 23.865329407486904, 3.951091980974695, 4.227040885732798, 1.0132159034404666, 0.06393236544317814, 0.5155729968024352, 1.2664277212960382, 0.021580320828635702, 0.05359770600296343, 0.010274635895051395, 0.3668037128012315, 0.25203657356261344, 0.008823278540314394, 4.409999847412109, 0.08512833991280522, 1.0, 1.0, 0.10711948005693162, 0.25010555216050545, 0.18686277681390528, 0.18231541072363244, 0.1403251673804154, 0.4415285968603612, 2.0, 7.0, 1.0, 0.03096388817647422, 0.016125355515570816, 0.34125446309435464, 0.05908743626676989], "features": ["SMA20_dist", "SMA50_dist", "sma_cross", "RSI14", "MACD", "MACD_sig", "MACD_hist", "BB_width", "BB_pos", "ATR14", "ret_1d", "ret_5d", "vol_10d", "vol_ratio", "obv_trend", "spy_ret_1d", "vix_level", "vix_change", "vix_regime", "asset_class", "ret_1m", "ret_3m", "ret_6m", "ret_12m", "high52w_dist", "low52w_dist", "day_of_week", "month", "is_options_expiry", "btc_ret_1d", "gold_ret_1d", "corr_spy_20d", "vwap_dist"]}