{"center": [0.0012635202061500568, 0.003416162724793458, 1.0, 60.93038330694082, 0.08027516207383911, 0.08669884106094553, -0.0029560902627358207, 0.005771658811172527, 0.7327731618978853, 0.08565627588005599, 0.00012068867311676446, 0.00048534809079969765, 0.0008392290947086038, 0.9312789791755934, 1.0351724800975766, 0.0016158760734349409, 17.38499927520752, -0.0067012664712571834, 1.0, 0.0, 0.003243903565980144, 0.00961769638266885, 0.02108242911560776, 0.03460844454937029, -0.0012180404742136027, 0.04308719983871536, 2.0, 6.0, 0.0, -0.00012449287320548397, 0.0017705517533963544, 0.00601752441643597, 0.0012467811647599017], "scale": [0.002393752943664048, 0.0036372236152596446, 1.0, 20.16756668429302, 0.08654162770145746, 0.08348141259018775, 0.026015002228013125, 0.003650446877585683, 0.3486403429369912, 0.029188748792109517, 0.0010896532718906449, 0.002186867668758391, 0.0003176265531834087, 0.47411104394582004, 0.08243226853244745, 0.008638504273053543, 4.02250075340271, 0.0801199917621887, 1.0, 1.0, 0.004383702550720514, 0.009408072721442062, 0.013528274957522624, 0.04720654057348339, 0.0032675926045376415, 0.016439998709281867, 2.0, 7.0, 1.0, 0.029081376898054123, 0.014542649211204267, 0.5763169360210378, 0.0024164659659171436], "features": ["SMA20_dist", "SMA50_dist", "sma_cross", "RSI14", "MACD", "MACD_sig", "MACD_hist", "BB_width", "BB_pos", "ATR14", "ret_1d", "ret_5d", "vol_10d", "vol_ratio", "obv_trend", "spy_ret_1d", "vix_level", "vix_change", "vix_regime", "asset_class", "ret_1m", "ret_3m", "ret_6m", "ret_12m", "high52w_dist", "low52w_dist", "day_of_week", "month", "is_options_expiry", "btc_ret_1d", "gold_ret_1d", "corr_spy_20d", "vwap_dist"]}