{"center": [0.004241190283163064, 0.014487256679546782, 1.0, 51.783447026656084, 2.1108430153797713, 2.1852772083641927, 0.013035044319169575, 0.06118986172593539, 0.5762149689024052, 7.162796948390467, -0.0003679667823847099, 0.0031325655869083313, 0.009846249074066536, 0.968915644502388, 0.9809756079121622, 0.001093923920310047, 17.68000030517578, -0.006670313141271755, 1.0, 0.0, 0.01021297211050598, 0.02324719067939318, 0.007393327419128681, 0.0, -0.03948442561575699, 0.12733057628323538, 2.0, 6.0, 0.0, -0.002641385386229267, 0.001670691560653026, 0.3748442458556653, 0.005261329211512719], "scale": [0.03234640560280973, 0.05059156473391442, 1.0, 20.57706665204782, 6.1529921895683515, 5.360141155023223, 1.9004791715016114, 0.04254120422023386, 0.5375226289087174, 2.8031021627411983, 0.013462070959314176, 0.03244079870043248, 0.003668588677575857, 0.40571911825895035, 0.596795361653515, 0.008967044476163366, 4.159999847412109, 0.08223205320230165, 1.0, 1.0, 0.05685156663116819, 0.0921652334597236, 0.07192945638062265, 0.06972099777460272, 0.05649458856046831, 0.09541445248137337, 2.0, 7.0, 1.0, 0.0279084973185878, 0.015990491922693306, 0.4457193216323599, 0.0317911614366542], "features": ["SMA20_dist", "SMA50_dist", "sma_cross", "RSI14", "MACD", "MACD_sig", "MACD_hist", "BB_width", "BB_pos", "ATR14", "ret_1d", "ret_5d", "vol_10d", "vol_ratio", "obv_trend", "spy_ret_1d", "vix_level", "vix_change", "vix_regime", "asset_class", "ret_1m", "ret_3m", "ret_6m", "ret_12m", "high52w_dist", "low52w_dist", "day_of_week", "month", "is_options_expiry", "btc_ret_1d", "gold_ret_1d", "corr_spy_20d", "vwap_dist"]}