{"center": [-0.017681730651460073, -0.05489357672865446, 0.0, 45.22776056613079, -0.52203054274095, -0.5888743226528845, 0.06662741992060806, 0.20485923005948828, 0.3852594529499861, 1.8007143565586634, -0.0011915673485547451, 0.0, 0.035040347614389636, 0.9543869602732764, 1.006920084504585, 0.00036273518897367296, 17.989999771118164, 0.001202673407877164, 1.0, 0.0, -0.03155994056548095, -0.10034240850152021, -0.07544546148126785, -0.2065706703163237, -0.5368278179525727, 0.10059763274096924, 2.0, 6.0, 0.0, -0.0031550982687325035, 0.0014259144001700363, -0.8647307589211519, -0.025265197067133073], "scale": [0.09010728907777021, 0.17814439568760798, 1.0, 22.27390408723044, 1.8788550990989155, 1.850062751500418, 0.3750978355618997, 0.1353324361659503, 0.46680093302008535, 1.2603569711957658, 0.03669151396589321, 0.0793079855498679, 0.02799832376053292, 0.5682172564148835, 0.345058021170344, 0.010045031943489935, 4.685000419616699, 0.0824818836691042, 1.0, 1.0, 0.19562670492676354, 0.31265491837108633, 0.29378726749396544, 0.3850888727007206, 0.1424793379733822, 0.22098888235186018, 2.0, 7.0, 1.0, 0.030083565064995044, 0.014765901108544532, 0.1035346585035486, 0.09372447101789605], "features": ["SMA20_dist", "SMA50_dist", "sma_cross", "RSI14", "MACD", "MACD_sig", "MACD_hist", "BB_width", "BB_pos", "ATR14", "ret_1d", "ret_5d", "vol_10d", "vol_ratio", "obv_trend", "spy_ret_1d", "vix_level", "vix_change", "vix_regime", "asset_class", "ret_1m", "ret_3m", "ret_6m", "ret_12m", "high52w_dist", "low52w_dist", "day_of_week", "month", "is_options_expiry", "btc_ret_1d", "gold_ret_1d", "corr_spy_20d", "vwap_dist"]}