{"center": [0.009609233999954172, 0.02744018806423402, 1.0, 54.277738817750766, 1.4985388473515968, 1.5094188061522715, -0.06885303203039417, 0.0709382568395921, 0.6481053239310586, 3.0728432174040705, 0.0003344963760714137, 0.0030977401897189782, 0.010511946067328928, 0.9044528794743072, 1.0402827646787125, 0.0007605411152529218, 17.479999542236328, -0.005025144893802347, 1.0, 0.0, 0.02303725759240849, 0.04859858602551581, 0.05784118598463839, 0.07274684534734743, -0.027897513846006354, 0.2921655647844216, 2.0, 6.0, 0.0, -0.00032588834829794244, 0.0015263333689308212, 0.8811022236131595, 0.008771020054880167], "scale": [0.0299272791048541, 0.05009674284223182, 1.0, 19.781464912872963, 2.806666807389149, 2.663363149204372, 0.7476882738894304, 0.047291062035670746, 0.4115794846391731, 1.2431627484832455, 0.013057158961410131, 0.028983854947674637, 0.005818966390297456, 0.5380860019119672, 0.1854250325814577, 0.009187340493831964, 3.8500003814697266, 0.07869658566191373, 1.0, 1.0, 0.0634067847782449, 0.09732028056565212, 0.1294973541235931, 0.1756372126650736, 0.05540078738331626, 0.20804645452414106, 2.0, 7.0, 1.0, 0.02696102376134968, 0.014815912912227613, 0.09379544459144995, 0.028454988168994003], "features": ["SMA20_dist", "SMA50_dist", "sma_cross", "RSI14", "MACD", "MACD_sig", "MACD_hist", "BB_width", "BB_pos", "ATR14", "ret_1d", "ret_5d", "vol_10d", "vol_ratio", "obv_trend", "spy_ret_1d", "vix_level", "vix_change", "vix_regime", "asset_class", "ret_1m", "ret_3m", "ret_6m", "ret_12m", "high52w_dist", "low52w_dist", "day_of_week", "month", "is_options_expiry", "btc_ret_1d", "gold_ret_1d", "corr_spy_20d", "vwap_dist"]}