{"center": [0.005933359847667784, 0.012674435608832073, 1.0, 53.544994914262496, 0.13235904640434626, 0.08828154304588337, 0.00449224393694686, 0.08137921136598536, 0.5886297650492135, 0.5757143838065011, -0.0002812749112540702, 0.006620735957704849, 0.013149859221719119, 0.9225247904936371, 1.0098569138895936, 0.0007605320222985323, 17.399999618530273, -0.0067322198012426115, 1.0, 0.0], "scale": [0.03900219263580296, 0.06303662843661823, 1.0, 19.702697317563775, 0.5592428595815644, 0.5679946427250651, 0.18211409038503895, 0.047869008057179946, 0.45682007331692487, 0.20114911252030843, 0.017521905894910983, 0.039552030060637955, 0.006616366253715861, 0.4496616565578293, 0.27264416293622307, 0.008828697063414104, 4.330000400543213, 0.07650243033583604, 1.0, 1.0], "features": ["SMA20_dist", "SMA50_dist", "sma_cross", "RSI14", "MACD", "MACD_sig", "MACD_hist", "BB_width", "BB_pos", "ATR14", "ret_1d", "ret_5d", "vol_10d", "vol_ratio", "obv_trend", "spy_ret_1d", "vix_level", "vix_change", "vix_regime", "asset_class"]}