{"center": [0.0008095951476009538, 0.005114848449996563, 1.0, 49.93942769846946, 0.02913902776863697, 0.008862887514123747, 0.0005683084319373505, 0.1610309781960259, 0.5043287306165938, 0.4196767982899089, -0.0005174855235340892, 0.00323751649713766, 0.025467091289622587, 1.0591634013601627, 1.100922529489972, 0.0014887044804937632, 17.610000610351562, -0.005118433089179364, 1.0, 0.0, 0.009056202038788874, 0.0, 0.0, 0.0, -0.13057491003785943, 0.5013741474785101, 2.0, 6.0, 0.0, -0.00027756579302345985, 0.0020125698183789398, 0.462808540967221, 0.00026652314648654556], "scale": [0.08797883673118408, 0.16575211426354072, 1.0, 22.881698220963315, 0.5152619412595594, 0.5060024046716854, 0.16769723191433247, 0.08572847963312474, 0.5435356208989189, 0.21500488690191533, 0.03391246555289662, 0.08044762670228098, 0.011584744115503493, 0.4675571985682201, 0.8634835681656282, 0.008982532873510751, 4.234999656677246, 0.08136091856825284, 1.0, 1.0, 0.15637866793009567, 0.3186016134717236, 0.45285698915823536, 0.13670274013383163, 0.2604103580638035, 0.6980428039502455, 2.0, 6.0, 1.0, 0.026379753908335052, 0.015119910955722377, 0.26163466663653534, 0.08702340073819535], "features": ["SMA20_dist", "SMA50_dist", "sma_cross", "RSI14", "MACD", "MACD_sig", "MACD_hist", "BB_width", "BB_pos", "ATR14", "ret_1d", "ret_5d", "vol_10d", "vol_ratio", "obv_trend", "spy_ret_1d", "vix_level", "vix_change", "vix_regime", "asset_class", "ret_1m", "ret_3m", "ret_6m", "ret_12m", "high52w_dist", "low52w_dist", "day_of_week", "month", "is_options_expiry", "btc_ret_1d", "gold_ret_1d", "corr_spy_20d", "vwap_dist"]}