{"center": [0.017871043893223904, 0.03692106817645133, 1.0, 55.812765693342854, 0.3236359399006119, 0.24987194675622842, -0.006500138398564115, 0.17692789937494197, 0.617194821560112, 0.9285650810464193, 0.0003861014207371394, 0.003276548666696799, 0.026710081858939687, 0.947164503483436, 1.0301348394582486, 0.0007044854938154099, 17.510000228881836, -0.005681812794001595, 1.0, 0.0, 0.04682062719442914, 0.026195859007583033, 0.044093490654155465, 0.0767246230800962, -0.11044770342998213, 0.7009279317679623, 2.0, 6.0, 0.0, 0.0009202877056453396, 0.0016294519610446923, 0.6453962336387898, 0.018603617364815545], "scale": [0.09089056854996291, 0.1639882031682914, 1.0, 28.77299263747367, 1.047948324584711, 1.0748942285422216, 0.3386015439663384, 0.10522877550439233, 0.5351963544691413, 0.32215904404542384, 0.03514399711706406, 0.07836390894926892, 0.013770998992726702, 0.4208988702563461, 0.17389171153935545, 0.009366425057116379, 4.309999465942383, 0.08157054614393833, 1.0, 1.0, 0.18964567598906057, 0.36159803045490946, 0.26843852845289634, 0.36751101816670984, 0.15968674087325604, 0.38891975303491144, 2.0, 7.0, 1.0, 0.025454067765386224, 0.014069180299774886, 0.305557918337963, 0.0942465228734532], "features": ["SMA20_dist", "SMA50_dist", "sma_cross", "RSI14", "MACD", "MACD_sig", "MACD_hist", "BB_width", "BB_pos", "ATR14", "ret_1d", "ret_5d", "vol_10d", "vol_ratio", "obv_trend", "spy_ret_1d", "vix_level", "vix_change", "vix_regime", "asset_class", "ret_1m", "ret_3m", "ret_6m", "ret_12m", "high52w_dist", "low52w_dist", "day_of_week", "month", "is_options_expiry", "btc_ret_1d", "gold_ret_1d", "corr_spy_20d", "vwap_dist"]}