{"center": [0.013185607755214806, 0.03559120538777859, 1.0, 56.64226819147636, 2.1270501581393546, 2.0340767244954545, -0.025091794897892816, 0.09956987165226064, 0.6755651119268953, 4.420738414533957, 0.0014638537900920623, 0.006078876833300884, 0.01425160584351116, 0.8793643346580368, 1.039698734202386, 0.0013668916477928006, 17.394999504089355, -0.007287674739285488, 1.0, 0.0, 0.025129312700767348, 0.0807179638274379, 0.1125483863911525, 0.259180178541932, -0.029269749852921557, 0.46988122864175175, 2.0, 6.0, 0.0, -0.0003184371753567339, 0.0009256230818284195, 0.883668010829378, 0.016007349127016943], "scale": [0.04578659230989968, 0.08570318526786982, 1.0, 23.688619785586013, 5.087520759042057, 5.05086260547468, 1.3949675649527271, 0.07636446562672344, 0.443782522657603, 2.9261312209143204, 0.018340599582042066, 0.046827888813468416, 0.007295848844805082, 0.6279778957144323, 0.4599361167419166, 0.008915851676663145, 3.9025001525878906, 0.0795901307330939, 1.0, 1.0, 0.08763056352401008, 0.1608198557856752, 0.22239942267000107, 0.4045673298225811, 0.05931975029275125, 0.42066419300658303, 2.0, 7.0, 1.0, 0.026203981915564306, 0.014720782044937486, 0.0786328006384549, 0.04358747527396347], "features": ["SMA20_dist", "SMA50_dist", "sma_cross", "RSI14", "MACD", "MACD_sig", "MACD_hist", "BB_width", "BB_pos", "ATR14", "ret_1d", "ret_5d", "vol_10d", "vol_ratio", "obv_trend", "spy_ret_1d", "vix_level", "vix_change", "vix_regime", "asset_class", "ret_1m", "ret_3m", "ret_6m", "ret_12m", "high52w_dist", "low52w_dist", "day_of_week", "month", "is_options_expiry", "btc_ret_1d", "gold_ret_1d", "corr_spy_20d", "vwap_dist"]}