{"center": [0.01198617677936465, 0.03453320339697462, 1.0, 56.76041381438399, 2.506202918705185, 2.4859080337947796, 0.1395864445636894, 0.08791063005015913, 0.6668009741570728, 5.587825787204666, 0.0006138398494539565, 0.008199200873131307, 0.013967062897775277, 0.932258064516129, 1.046386952366744, 0.0017924307507057868, 17.600000381469727, -0.010348612622076536, 1.0, 0.0, 0.027017250544248972, 0.07374168944980197, 0.09542844253962879, 0.09807218907337423, -0.0329642629413028, 0.3084409368039147, 2.0, 6.0, 0.0, 0.0003224981011604733, 0.001677776649860796, 0.6005105830855314, 0.012882683362074649], "scale": [0.044748847685860765, 0.06372152778710992, 1.0, 21.377642072017082, 4.600411972278238, 4.31080669016127, 1.8571856295968694, 0.060740943171105996, 0.49894077081378063, 2.6740433827456442, 0.015340101811776197, 0.04202903591653473, 0.005340889544845403, 0.3846897608985287, 0.2301181613257337, 0.008985554312674782, 4.0, 0.07753529133275572, 1.0, 1.0, 0.08364760233710528, 0.12252351536840556, 0.1755581287079898, 0.2439060172697992, 0.05632958302557943, 0.1627847880761742, 2.0, 6.0, 1.0, 0.026723020072024373, 0.014443263296727182, 0.40852532963285193, 0.043337190379135894], "features": ["SMA20_dist", "SMA50_dist", "sma_cross", "RSI14", "MACD", "MACD_sig", "MACD_hist", "BB_width", "BB_pos", "ATR14", "ret_1d", "ret_5d", "vol_10d", "vol_ratio", "obv_trend", "spy_ret_1d", "vix_level", "vix_change", "vix_regime", "asset_class", "ret_1m", "ret_3m", "ret_6m", "ret_12m", "high52w_dist", "low52w_dist", "day_of_week", "month", "is_options_expiry", "btc_ret_1d", "gold_ret_1d", "corr_spy_20d", "vwap_dist"]}