{"center": [0.003834670054311349, 0.012060714756109477, 1.0, 53.00616692216877, 0.17119287166184094, 0.19166015874254533, -0.00038548382129646383, 0.05591113627387746, 0.5821497743207219, 0.6930359092962721, 0.0014152670191723837, 0.0026190000363484067, 0.008851840515059935, 0.9005520465306998, 1.052492805737884, 0.001214848115798861, 17.605000495910645, -0.009645927205693017, 1.0, 0.0, 0.008083289839683316, 0.04476016247320813, 0.05669587642043328, 0.11446967658769358, -0.029970331686529024, 0.1942378971896553, 2.0, 6.0, 0.0, -0.0003184371753567339, 0.0012750435385292525, 0.31391954907305786, 0.005382150952273268], "scale": [0.02708350870940416, 0.045308433817233526, 1.0, 20.935809506875792, 0.6335559343085198, 0.547009305039191, 0.19743580975232358, 0.029508747654455603, 0.4834717706936111, 0.18176133791334093, 0.0113469875345735, 0.027092982868577586, 0.0037110908863056003, 0.4488554340799641, 0.48699265479152554, 0.008646061484640866, 4.062500476837158, 0.0795797496396708, 1.0, 1.0, 0.05322554253289563, 0.08175197645018215, 0.1008773479023562, 0.17517802471354083, 0.041587651084229106, 0.06080776685538855, 2.0, 6.0, 1.0, 0.02669033328874673, 0.014215119841682056, 0.33541673619128964, 0.027509269059421346], "features": ["SMA20_dist", "SMA50_dist", "sma_cross", "RSI14", "MACD", "MACD_sig", "MACD_hist", "BB_width", "BB_pos", "ATR14", "ret_1d", "ret_5d", "vol_10d", "vol_ratio", "obv_trend", "spy_ret_1d", "vix_level", "vix_change", "vix_regime", "asset_class", "ret_1m", "ret_3m", "ret_6m", "ret_12m", "high52w_dist", "low52w_dist", "day_of_week", "month", "is_options_expiry", "btc_ret_1d", "gold_ret_1d", "corr_spy_20d", "vwap_dist"]}