{"center": [0.019982089292942762, 0.05559976242107462, 1.0, 56.81600844073908, 0.9668584380735226, 1.0575113490122305, 0.01846264996633598, 0.12948851145684026, 0.6846814970723226, 1.3177108474038022, 0.0015386322028894117, 0.010550330323676249, 0.01643958687153499, 0.9664781484790652, 1.036229323866623, 0.0016159313234396233, 17.355000495910645, -0.008008568742242539, 1.0, 0.0, 0.04924888711841058, 0.21358252965060864, 0.37768942005182504, 0.2555094598732919, -0.06190669994823234, 0.5792111016914896, 2.0, 6.0, 0.0, -0.0011564734544893818, 0.0019739858527916265, 0.6254196423955245, 0.022164483650635634], "scale": [0.0819160157998131, 0.15068052921507813, 1.0, 24.231869276642655, 3.8483210784537576, 3.3584099869328807, 0.6592766379516362, 0.15225579767150021, 0.5221810958300603, 2.838226955313889, 0.025108685165717126, 0.06126640632299549, 0.012914847670453963, 0.4937415634278616, 0.4224236719876162, 0.008681312242911132, 3.6650006771087646, 0.0793577136517312, 1.0, 1.0, 0.15879661521753208, 0.2993909816575142, 0.6738258811985058, 1.300784971214084, 0.1281858631238434, 1.4631693212375005, 2.0, 7.0, 1.0, 0.027695579272250748, 0.015151338173819417, 0.29058908991666454, 0.07588786835874521], "features": ["SMA20_dist", "SMA50_dist", "sma_cross", "RSI14", "MACD", "MACD_sig", "MACD_hist", "BB_width", "BB_pos", "ATR14", "ret_1d", "ret_5d", "vol_10d", "vol_ratio", "obv_trend", "spy_ret_1d", "vix_level", "vix_change", "vix_regime", "asset_class", "ret_1m", "ret_3m", "ret_6m", "ret_12m", "high52w_dist", "low52w_dist", "day_of_week", "month", "is_options_expiry", "btc_ret_1d", "gold_ret_1d", "corr_spy_20d", "vwap_dist"]}