{"center": [0.003692732564391279, 0.008940071491725841, 1.0, 56.3452054504055, 0.2615916271800742, 0.2567502662294024, -0.011338556766114338, 0.023618426610023658, 0.684155557052928, 0.39671710758521983, 0.00010605225214732616, 0.001962441368515422, 0.0033453415131701435, 0.9617819986597058, 0.9801508098956903, 0.0007458918092195788, 17.460000038146973, -0.005942435326496631, 1.0, 0.0, 0.009333493941889648, 0.018160522793559286, 0.02473974535012169, 0.079364953936929, -0.005711629548792624, 0.09944229256074791, 2.0, 6.0, 0.0, -0.0016587106652958816, 0.001650071760848859, 0.6009316912612337, 0.004221951745721116], "scale": [0.010021163284388056, 0.01264652528090035, 1.0, 21.632450452664557, 0.3241285172727899, 0.2846182056883183, 0.13426059944823587, 0.013122716895163991, 0.45127099700651374, 0.13075539497296945, 0.004476216284689943, 0.009885552059827996, 0.0016487398769138564, 0.4560301993364483, 0.3954856400032465, 0.009525447965438971, 4.172500133514404, 0.08203074367620633, 1.0, 1.0, 0.018451812743213863, 0.033652437238603894, 0.05356644742609312, 0.11279527726362376, 0.012266342792332983, 0.08335162975150409, 2.0, 7.0, 1.0, 0.0276855015376474, 0.01476453474737252, 0.2995552192014284, 0.010002002561231845], "features": ["SMA20_dist", "SMA50_dist", "sma_cross", "RSI14", "MACD", "MACD_sig", "MACD_hist", "BB_width", "BB_pos", "ATR14", "ret_1d", "ret_5d", "vol_10d", "vol_ratio", "obv_trend", "spy_ret_1d", "vix_level", "vix_change", "vix_regime", "asset_class", "ret_1m", "ret_3m", "ret_6m", "ret_12m", "high52w_dist", "low52w_dist", "day_of_week", "month", "is_options_expiry", "btc_ret_1d", "gold_ret_1d", "corr_spy_20d", "vwap_dist"]}