{"center": [-0.003184413068819123, -0.005202154423707202, 0.0, 49.78598035242722, -1.019490864186082, -3.688250117403118, -0.2456467134471385, 0.1450503105247574, 0.4764884389383666, 67.58426339285714, -5.85510298448666e-05, -0.001656305242089151, 0.022252408557824677, 0.9387867748523486, 1.0161995086141937, 0.001093923806363195, 17.68000030517578, -0.005720161498773413, 1.0, 0.0, -0.007202164154371249, -0.02632441335626523, 0.0, 0.0, -0.11960179151686946, 0.2548069827927673, 2.0, 6.0, 0.0, 0.0007548627203146641, 0.0019715725978484144, 0.4115065586669293, 0.0005055016702776447], "scale": [0.06921596200069642, 0.10326182372360782, 1.0, 21.004236703623924, 53.522815057442585, 47.08258900872099, 21.95011629794256, 0.08456790544075529, 0.4962606019613077, 23.142848423549104, 0.027002832819893463, 0.06266999230993997, 0.010172963554298031, 0.47180055156506484, 0.3311391097825457, 0.008910791833458442, 4.490001678466797, 0.08441974633635863, 1.0, 1.0, 0.12067287185282738, 0.23205147930292902, 0.2519404206150774, 0.050672773506513336, 0.17167780291747806, 0.2043377225358928, 2.0, 7.0, 1.0, 0.027887273698607773, 0.01626302780390998, 0.3616012576444769, 0.0698029268603863], "features": ["SMA20_dist", "SMA50_dist", "sma_cross", "RSI14", "MACD", "MACD_sig", "MACD_hist", "BB_width", "BB_pos", "ATR14", "ret_1d", "ret_5d", "vol_10d", "vol_ratio", "obv_trend", "spy_ret_1d", "vix_level", "vix_change", "vix_regime", "asset_class", "ret_1m", "ret_3m", "ret_6m", "ret_12m", "high52w_dist", "low52w_dist", "day_of_week", "month", "is_options_expiry", "btc_ret_1d", "gold_ret_1d", "corr_spy_20d", "vwap_dist"]}