{"center": [0.007901231662763433, 0.02175751709334963, 1.0, 57.60000878903031, 0.8826929354718516, 0.8497886131624669, 0.014590062831742356, 0.04482513303259289, 0.7023556324455412, 1.3171441214425224, 0.0004398003181282917, 0.0037453778079750144, 0.0069563858561099996, 0.9074547699572427, 1.0411335405683493, 0.0015506920150269998, 17.440000534057617, -0.0067322198012426115, 1.0, 1.0, 0.01747889598336294, 0.0500352812467002, 0.07409443889539058, 0.06638517100772434, -0.015776248662226183, 0.22678730822256787, 2.0, 6.0, 0.0, -0.0016352711961346023, 0.0017929035935666526, 0.601698754370355, 0.00874848498145757], "scale": [0.019982627546372547, 0.02658084241249126, 1.0, 22.14645033932313, 1.0307204713529217, 0.9012615182940398, 0.38018803533421724, 0.033086675398108105, 0.3929616133958843, 0.5107135772705078, 0.00790408024354039, 0.020348188969873837, 0.004118526542796474, 0.47220415355666345, 0.17070230930188024, 0.009187703270623127, 3.8700003623962402, 0.08611850882533939, 1.0, 1.0, 0.03224813716955066, 0.059083382666396234, 0.11249784215669689, 0.11905705335759453, 0.036966617856049766, 0.12714895163943138, 2.0, 7.0, 1.0, 0.027729488550058023, 0.014248932443952145, 0.28222200373109274, 0.019297861829869145], "features": ["SMA20_dist", "SMA50_dist", "sma_cross", "RSI14", "MACD", "MACD_sig", "MACD_hist", "BB_width", "BB_pos", "ATR14", "ret_1d", "ret_5d", "vol_10d", "vol_ratio", "obv_trend", "spy_ret_1d", "vix_level", "vix_change", "vix_regime", "asset_class", "ret_1m", "ret_3m", "ret_6m", "ret_12m", "high52w_dist", "low52w_dist", "day_of_week", "month", "is_options_expiry", "btc_ret_1d", "gold_ret_1d", "corr_spy_20d", "vwap_dist"]}