{"center": [0.005205549762730302, 0.014041145126283162, 1.0, 53.73914221793274, 0.19077474653455795, 0.20238385166180467, 0.007117113826422106, 0.055642107097641044, 0.6021728365533537, 0.6932236283596573, 0.0013270620053755788, 0.0026137223814983734, 0.008693912206103454, 0.8924955707415844, 1.0550277234359422, 0.0004803870398957244, 17.690000534057617, -0.0012722937292578562, 1.0, 0.0, 0.008292893732077644, 0.0458287649916993, 0.061941824365639775, 0.12287972107426426, -0.028617059043748807, 0.19593592292925324, 2.0, 6.0, 0.0, -0.0014864790528285043, 0.0014259144001700363, 0.31051030513504563, 0.006380355138311187], "scale": [0.026972888807744795, 0.04476133366288078, 1.0, 22.3872608749112, 0.6141890721449705, 0.559784367060743, 0.19461825913166056, 0.03006983194262896, 0.49223860795849017, 0.17875475952214537, 0.01157901968922237, 0.025742185880990587, 0.003770963731074441, 0.45196643182742946, 0.5165165872548705, 0.009138090478609695, 4.114999771118164, 0.08030994777391343, 1.0, 1.0, 0.05339291528386059, 0.07866063932371364, 0.09639728837804373, 0.18092207043128916, 0.04289006483326611, 0.05838431520167403, 2.0, 7.0, 1.0, 0.027774205627267456, 0.014513073480235283, 0.3177877142910135, 0.02759967855747219], "features": ["SMA20_dist", "SMA50_dist", "sma_cross", "RSI14", "MACD", "MACD_sig", "MACD_hist", "BB_width", "BB_pos", "ATR14", "ret_1d", "ret_5d", "vol_10d", "vol_ratio", "obv_trend", "spy_ret_1d", "vix_level", "vix_change", "vix_regime", "asset_class", "ret_1m", "ret_3m", "ret_6m", "ret_12m", "high52w_dist", "low52w_dist", "day_of_week", "month", "is_options_expiry", "btc_ret_1d", "gold_ret_1d", "corr_spy_20d", "vwap_dist"]}