{"center": [0.004997326112276776, 0.02674085808504794, 1.0, 54.30988462491415, 0.19014378727028713, 0.21915623597820916, 0.001290150228093076, 0.10099953842049947, 0.5722820161529321, 0.4866288383175066, 0.0011906597852895384, 0.0031871813554101847, 0.013659931414086206, 0.9007766577191318, 1.0214043872424228, 0.0009686732409327492, 17.479999542236328, -0.006606896521132111, 1.0, 0.0, 0.00814527672489529, 0.07244824182528242, 0.1372656251592448, 0.03312104302823493, -0.06317341396566287, 0.29581335300627076, 2.0, 6.0, 0.0, -0.0007989160866231915, 0.001865606425999089, 0.4569828548579552, 0.004942983426931457], "scale": [0.056905915867682136, 0.07770776459432667, 1.0, 28.392260956181893, 0.635639330889993, 0.5734547807340843, 0.2166718013169805, 0.054241794587117725, 0.5521847169629076, 0.2338320230689106, 0.016126178600917807, 0.04364856964023284, 0.005994467491262256, 0.43078152872525843, 0.2976184298474074, 0.009194223287230657, 4.179999828338623, 0.08657207109619072, 1.0, 1.0, 0.11080781004430176, 0.13465072762338676, 0.23316911855862837, 0.36619133183604574, 0.09149436871415983, 0.35145874921539233, 2.0, 7.0, 1.0, 0.02950952148909114, 0.014642122874200608, 0.2842392291668937, 0.05391574976506566], "features": ["SMA20_dist", "SMA50_dist", "sma_cross", "RSI14", "MACD", "MACD_sig", "MACD_hist", "BB_width", "BB_pos", "ATR14", "ret_1d", "ret_5d", "vol_10d", "vol_ratio", "obv_trend", "spy_ret_1d", "vix_level", "vix_change", "vix_regime", "asset_class", "ret_1m", "ret_3m", "ret_6m", "ret_12m", "high52w_dist", "low52w_dist", "day_of_week", "month", "is_options_expiry", "btc_ret_1d", "gold_ret_1d", "corr_spy_20d", "vwap_dist"]}