{"center": [0.013944426763604264, 0.04268442076398808, 1.0, 53.35216643190298, 0.6324586812338175, 0.6174232333125758, 0.015887675053123274, 0.19104462764769248, 0.6050954209250525, 2.0135717391967773, 0.0006669334492418466, 0.005922815761300493, 0.02687592393648911, 0.9221646745267895, 1.0369147039729492, 0.0011227628468546413, 17.440000534057617, -0.006606896521132111, 1.0, 0.0, 0.05074375541360221, 0.019441749193806923, 0.0, 0.0, -0.308812000659355, 0.4310450556097606, 2.0, 6.0, 0.0, -0.0015742310644737412, 0.0014761238845504288, 0.46677559217970493, 0.016100158798116687], "scale": [0.11296721379471561, 0.23843064278476248, 1.0, 28.976106864505645, 3.161852650582439, 2.9747525410593187, 0.6181354559520187, 0.15201174847400425, 0.5978499942380124, 0.771785191127232, 0.034463509649131724, 0.08421133391355579, 0.013989787742915122, 0.46191586628146564, 0.9473296202219847, 0.008874237478971703, 4.377500772476196, 0.07930843194554088, 1.0, 1.0, 0.24181339676883315, 0.5092329367654305, 0.1912587137590874, 0.17039607827647876, 0.30808918250227063, 0.3809030087886153, 2.0, 7.0, 1.0, 0.03065153646209276, 0.01406358067581237, 0.3953750123522566, 0.11400821393304705], "features": ["SMA20_dist", "SMA50_dist", "sma_cross", "RSI14", "MACD", "MACD_sig", "MACD_hist", "BB_width", "BB_pos", "ATR14", "ret_1d", "ret_5d", "vol_10d", "vol_ratio", "obv_trend", "spy_ret_1d", "vix_level", "vix_change", "vix_regime", "asset_class", "ret_1m", "ret_3m", "ret_6m", "ret_12m", "high52w_dist", "low52w_dist", "day_of_week", "month", "is_options_expiry", "btc_ret_1d", "gold_ret_1d", "corr_spy_20d", "vwap_dist"]}