{"center": [0.0030606330350591974, -0.00508767234275502, 1.0, 50.34548666565157, -0.008293161068433363, 0.031266550281252185, 0.06407887644098065, 0.32997007771703657, 0.513411203551995, 3.1645713533673967, -0.0067722343956683195, -0.008864053730615995, 0.04309711618003019, 0.8771823266143219, 1.0086857773711015, 0.0017577127624628375, 17.440000534057617, -0.008408002149435212, 1.0, 0.0, -0.013004870939659297, -0.051351789914641066, -0.04670283890075588, 0.0, -0.4350568500354225, 0.7991498796658819, 2.0, 6.0, 0.0, -0.0002701146200822513, 0.0007381741937566577, 0.5675565007256058, 0.001919701343232032], "scale": [0.15655839994969145, 0.30889587086324044, 1.0, 27.675440172966546, 3.822505330037127, 3.784990909243675, 0.9508781090324496, 0.2313340944913961, 0.532703128479141, 1.6599284580775668, 0.051247145203567795, 0.12817261002524852, 0.016961194595582305, 0.4236207007356184, 0.17677261964338375, 0.00885029163159351, 3.937499523162842, 0.08084666882248961, 1.0, 1.0, 0.3719062192212925, 0.6146959049235277, 0.4480917828462686, 0.36007972171436026, 0.37710484448939174, 1.1067772750649734, 2.0, 7.0, 1.0, 0.026391492144014345, 0.014530740716147711, 0.28767031710127994, 0.16038759127569974], "features": ["SMA20_dist", "SMA50_dist", "sma_cross", "RSI14", "MACD", "MACD_sig", "MACD_hist", "BB_width", "BB_pos", "ATR14", "ret_1d", "ret_5d", "vol_10d", "vol_ratio", "obv_trend", "spy_ret_1d", "vix_level", "vix_change", "vix_regime", "asset_class", "ret_1m", "ret_3m", "ret_6m", "ret_12m", "high52w_dist", "low52w_dist", "day_of_week", "month", "is_options_expiry", "btc_ret_1d", "gold_ret_1d", "corr_spy_20d", "vwap_dist"]}