{"center": [-0.009945145410656426, -0.026790262289450827, 0.0, 46.003696583140666, -1.1463507480920043, -1.1112574574490213, 0.04190817412957715, 0.09198485946960532, 0.40419670370135286, 3.3959433198553364, -0.0013495599689614668, -0.006362488833133617, 0.014375313217877064, 0.9317471738451527, 1.0471529512559785, 0.0013579397972762752, 17.440000534057617, -0.005298008058610915, 1.0, 0.0, -0.024265593418467013, -0.06122754359934812, -0.12292554594323557, -0.1624754836087433, -0.2281937540899155, 0.05324006012280074, 2.0, 6.0, 0.0, -0.0008217291810309613, 0.0011289903434381632, 0.36084944312501765, -0.008214814811468891], "scale": [0.04566057583967563, 0.07175798246994328, 1.0, 22.22803871082359, 2.81937631364886, 2.4099411860532896, 1.1199912432865198, 0.05760184879898338, 0.499157695421801, 0.9265522045681274, 0.019327623829426877, 0.04250903542921258, 0.008653706126742735, 0.37503779405788606, 0.9115133346381532, 0.009168643372093777, 4.299999237060547, 0.0803835959446676, 1.0, 1.0, 0.08956230725544378, 0.10222646121625556, 0.14681728575898134, 0.2556398506383316, 0.13272151781217298, 0.06027947728220792, 2.0, 7.0, 1.0, 0.029096253967276775, 0.014500929055707434, 0.3570409402816945, 0.04608942559432323], "features": ["SMA20_dist", "SMA50_dist", "sma_cross", "RSI14", "MACD", "MACD_sig", "MACD_hist", "BB_width", "BB_pos", "ATR14", "ret_1d", "ret_5d", "vol_10d", "vol_ratio", "obv_trend", "spy_ret_1d", "vix_level", "vix_change", "vix_regime", "asset_class", "ret_1m", "ret_3m", "ret_6m", "ret_12m", "high52w_dist", "low52w_dist", "day_of_week", "month", "is_options_expiry", "btc_ret_1d", "gold_ret_1d", "corr_spy_20d", "vwap_dist"]}