{"center": [0.003739282429070686, 0.010411031725249549, 1.0, 52.36110140315545, 0.07217090448962615, 0.06785850128977822, 0.0057813894952292305, 0.11975312815931302, 0.5353451769636358, 0.5380231026652924, 0.0028422816138991003, 0.003814438060099734, 0.016063079469448502, 0.8852007056422964, 1.029398702947772, 0.0004954919806137159, 17.479999542236328, -0.005438782390179864, 1.0, 0.0, 0.005502350118136601, 0.02335037220855618, 0.0, 0.0, -0.10575252309995603, 0.20381444883170519, 2.0, 6.0, 0.0, -0.0015742310644737412, 0.0010196658035974693, 0.21310518307357995, 0.004267439796578418], "scale": [0.05987976463475266, 0.06613945271493708, 1.0, 24.401108320051733, 0.4337200090510427, 0.34858992692769486, 0.2093381834495826, 0.05474965867742869, 0.5432838392903274, 0.19208629187812487, 0.019183105537030787, 0.05225808961503475, 0.005626151728989441, 0.5904906401029112, 0.4005624074577817, 0.008731653929905131, 4.037499904632568, 0.07391376709595976, 1.0, 1.0, 0.10936260483549914, 0.1210125521898027, 0.13005129367667406, 0.030812198813439662, 0.06576224410574687, 0.16616890778031532, 2.0, 6.75, 1.0, 0.02779390459466982, 0.015513512504826549, 0.6789135013182255, 0.060587126989877824], "features": ["SMA20_dist", "SMA50_dist", "sma_cross", "RSI14", "MACD", "MACD_sig", "MACD_hist", "BB_width", "BB_pos", "ATR14", "ret_1d", "ret_5d", "vol_10d", "vol_ratio", "obv_trend", "spy_ret_1d", "vix_level", "vix_change", "vix_regime", "asset_class", "ret_1m", "ret_3m", "ret_6m", "ret_12m", "high52w_dist", "low52w_dist", "day_of_week", "month", "is_options_expiry", "btc_ret_1d", "gold_ret_1d", "corr_spy_20d", "vwap_dist"]}