{"center": [-0.019949666166516264, -0.04876767961607153, 0.0, 44.404064206703445, -0.5187204598242019, -0.5810490600619636, 0.059931833529712986, 0.21471450347091045, 0.3813639793719269, 2.0064288548060825, 0.0, -0.0024960429115792326, 0.036583267825014754, 0.9909351852659681, 0.9988930417954222, 0.0004856642941051259, 17.81999969482422, -0.005211721284556381, 1.0, 0.0, -0.03217237657095884, -0.09509147051365407, -0.0484581649559066, -0.09172501310675862, -0.5282422062224041, 0.10888716055034874, 2.0, 6.0, 0.0, 0.00029724205673309356, 0.0019404068737312041, -0.8713779900201251, -0.027995252750915762], "scale": [0.09286728778837902, 0.17210162297870202, 1.0, 21.83606009195904, 2.022863225148109, 1.976909227488295, 0.3748152356469201, 0.1500971127522538, 0.44016379662868677, 1.2760714122227261, 0.04228684403844457, 0.08828467085317199, 0.02985963633933071, 0.6061106856281118, 0.33752712599287527, 0.008879096610532378, 4.564999580383301, 0.08673821600976839, 1.0, 1.0, 0.20058282370134856, 0.32210115812613793, 0.28024294665971217, 0.3564249486550784, 0.14637033237436592, 0.22420212552641444, 2.0, 7.0, 1.0, 0.027835906410672906, 0.014236569674850319, 0.09768105226718204, 0.09287737488024705], "features": ["SMA20_dist", "SMA50_dist", "sma_cross", "RSI14", "MACD", "MACD_sig", "MACD_hist", "BB_width", "BB_pos", "ATR14", "ret_1d", "ret_5d", "vol_10d", "vol_ratio", "obv_trend", "spy_ret_1d", "vix_level", "vix_change", "vix_regime", "asset_class", "ret_1m", "ret_3m", "ret_6m", "ret_12m", "high52w_dist", "low52w_dist", "day_of_week", "month", "is_options_expiry", "btc_ret_1d", "gold_ret_1d", "corr_spy_20d", "vwap_dist"]}