{"center": [0.007191442884109019, 0.01600334281271528, 1.0, 56.63537029372651, 0.6135615477769107, 0.6060085334751517, 0.04404732463336458, 0.04391205722838995, 0.67806255406467, 1.4720426936167275, 0.0006116493808787649, 0.0034311568301161888, 0.007240029156868353, 0.892555256402229, 0.9998485078018482, 0.0010938196429841618, 17.3799991607666, -0.006670313141271755, 1.0, 0.0, 0.016283164192782973, 0.031136386220129042, 0.06496387739315534, 0.048734924130306334, -0.02003103981008723, 0.18329322903518822, 2.0, 6.0, 0.0, -0.00151319093281288, 0.0019715725978484144, 0.5660621733782601, 0.008036117124385062], "scale": [0.01952781094834899, 0.029633763791078026, 1.0, 16.98507882730221, 0.98133246085942, 0.8491930628200384, 0.3709271568236243, 0.02697310485380941, 0.44008592125274815, 0.3137889009922883, 0.010088594455101185, 0.020764049012090113, 0.002813245697271204, 0.42491176225255733, 0.6784814106551578, 0.009127891559694734, 3.9499998092651367, 0.08476952143763289, 1.0, 1.0, 0.036908376823677536, 0.06439093358223136, 0.10793433749394321, 0.1570257536379498, 0.0422429081117527, 0.12251498087846027, 2.0, 7.0, 1.0, 0.027460622638964927, 0.015007387690995189, 0.3344038505272856, 0.019875061107739445], "features": ["SMA20_dist", "SMA50_dist", "sma_cross", "RSI14", "MACD", "MACD_sig", "MACD_hist", "BB_width", "BB_pos", "ATR14", "ret_1d", "ret_5d", "vol_10d", "vol_ratio", "obv_trend", "spy_ret_1d", "vix_level", "vix_change", "vix_regime", "asset_class", "ret_1m", "ret_3m", "ret_6m", "ret_12m", "high52w_dist", "low52w_dist", "day_of_week", "month", "is_options_expiry", "btc_ret_1d", "gold_ret_1d", "corr_spy_20d", "vwap_dist"]}