{"center": [0.007355900159753248, 0.018701111229651665, 1.0, 53.84068056889525, 0.1138009363579151, 0.10302067350915116, 0.016122312777435532, 0.1347682804589523, 0.5698118303689753, 0.5972856794084821, 0.0007726360971664903, 0.005474836583373888, 0.021598422394406642, 0.9183733348981867, 1.0112109411130568, 0.0014611169814298108, 17.479999542236328, -0.007869662158076385, 1.0, 0.0, 0.028885129943528653, 0.06429051246816742, 0.05795216121730351, 0.12221094986448833, -0.15496866023017616, 0.2654582991213851, 2.0, 6.0, 0.0, 0.00038358610925337544, 0.001992014086009908, 0.24582733570588555, 0.0058947334186962965], "scale": [0.06741538808659568, 0.11360677489491038, 1.0, 24.515707012973095, 0.6728964733473948, 0.6821763538592995, 0.20223213462170106, 0.11394189629275227, 0.4893006987834884, 0.4382146426609585, 0.02622622886985626, 0.0654682485019405, 0.011830048748330373, 0.7593746834288273, 0.5652058457059201, 0.008938248707344165, 3.9900007247924805, 0.07866600188800499, 1.0, 1.0, 0.1316920013684843, 0.25045582552786294, 0.32151473404083164, 0.44141532856849885, 0.1462011245174461, 0.4188674483489794, 2.0, 7.0, 1.0, 0.02810472136872838, 0.015263713227712583, 0.49575158838415423, 0.07010308692960983], "features": ["SMA20_dist", "SMA50_dist", "sma_cross", "RSI14", "MACD", "MACD_sig", "MACD_hist", "BB_width", "BB_pos", "ATR14", "ret_1d", "ret_5d", "vol_10d", "vol_ratio", "obv_trend", "spy_ret_1d", "vix_level", "vix_change", "vix_regime", "asset_class", "ret_1m", "ret_3m", "ret_6m", "ret_12m", "high52w_dist", "low52w_dist", "day_of_week", "month", "is_options_expiry", "btc_ret_1d", "gold_ret_1d", "corr_spy_20d", "vwap_dist"]}