{"center": [0.009257090877397466, 0.018459671695443935, 1.0, 56.43202118296885, 0.851026031685592, 0.7355732414985201, 0.045224131373065246, 0.05756371508881657, 0.6675089266389803, 1.9264980653939778, 0.0007771877534255012, 0.0052503501515223094, 0.009225742751287331, 0.9559443914339905, 1.0955965750894463, 0.0013179584183605764, 17.545000076293945, -0.008872081350962902, 1.0, 0.0, 0.01836485400418264, 0.04153085273031021, 0.09493247780519143, 0.13751193385433713, -0.019204771653941896, 0.2883199386043142, 2.0, 6.0, 0.0, -0.0008240985185906102, 0.0021520129299148483, 0.7860024649711295, 0.011092667128118915], "scale": [0.030199996260244943, 0.049900525480065204, 1.0, 20.91623435423086, 1.7788641127207967, 1.598013586621311, 0.5340321616528074, 0.045967025903693205, 0.4684274299328521, 0.93295354329979, 0.012620117962025723, 0.026381521025244853, 0.0041777053966369545, 0.3838371368049456, 0.6461125598497047, 0.008964904779069166, 3.907499313354492, 0.07945333718196432, 1.0, 1.0, 0.05930875223017362, 0.0917476830834087, 0.12120433545965847, 0.23696151201853455, 0.036894882715828685, 0.18341563801892732, 2.0, 7.0, 1.0, 0.028267223349815684, 0.015309204989680608, 0.12229015657951603, 0.029644575635620517], "features": ["SMA20_dist", "SMA50_dist", "sma_cross", "RSI14", "MACD", "MACD_sig", "MACD_hist", "BB_width", "BB_pos", "ATR14", "ret_1d", "ret_5d", "vol_10d", "vol_ratio", "obv_trend", "spy_ret_1d", "vix_level", "vix_change", "vix_regime", "asset_class", "ret_1m", "ret_3m", "ret_6m", "ret_12m", "high52w_dist", "low52w_dist", "day_of_week", "month", "is_options_expiry", "btc_ret_1d", "gold_ret_1d", "corr_spy_20d", "vwap_dist"]}