{"center": [0.005244262952606927, 0.012413857621357209, 1.0, 51.8042125687726, 0.08026519672115029, 0.0938720037796705, 0.01668366353843251, 0.11380177221087923, 0.5665582246650744, 0.6255717277526855, 0.0015948817707612806, 0.0033022947590668483, 0.017013163843761017, 0.7987651651737506, 1.0191505230756022, 0.0010681949376725175, 17.315000534057617, -0.006622747498870429, 1.0, 0.0, 0.00330853219605054, 0.021762556443074343, 0.0, 0.0, -0.06699839330163741, 0.24048409460002879, 2.0, 6.0, 0.0, -0.0005779958648887695, 0.001623031881362702, 0.6190579243440953, 0.005117348442284786], "scale": [0.055973079163794626, 0.0986459361320402, 1.0, 24.48468122418919, 0.7937999506966333, 0.7367662406789202, 0.21480385962658366, 0.08718525586542504, 0.5383940968633149, 0.3347640125762026, 0.022501773289889337, 0.047633799040385505, 0.007844136075785388, 0.6694042946578597, 0.15780213375109542, 0.009040322992998229, 3.6325011253356934, 0.07936113500453645, 1.0, 1.0, 0.09950871359954558, 0.19481764998174236, 0.18824120625863888, 0.07726156135166351, 0.11633821799916107, 0.17128658081304188, 2.0, 7.0, 1.0, 0.026739490557876167, 0.015749479474290645, 0.3162524380126147, 0.052978493405887034], "features": ["SMA20_dist", "SMA50_dist", "sma_cross", "RSI14", "MACD", "MACD_sig", "MACD_hist", "BB_width", "BB_pos", "ATR14", "ret_1d", "ret_5d", "vol_10d", "vol_ratio", "obv_trend", "spy_ret_1d", "vix_level", "vix_change", "vix_regime", "asset_class", "ret_1m", "ret_3m", "ret_6m", "ret_12m", "high52w_dist", "low52w_dist", "day_of_week", "month", "is_options_expiry", "btc_ret_1d", "gold_ret_1d", "corr_spy_20d", "vwap_dist"]}