{"center": [0.00046734750650921663, 0.003718535744276302, 1.0, 50.80181990677026, 0.03966232287797311, 0.022923044114266503, -0.021203275895197035, 0.0759362869052548, 0.5122662670356826, 0.5767016148050588, -0.0005084605828807875, -0.0036140231021214997, 0.012023121332845721, 0.8051383399209486, 0.99784616688648, 0.00039582218523248613, 17.690000534057617, -0.005118433089179364, 1.0, 0.0, 0.0028466477096723564, -0.01768162717128363, 0.0, 0.0, -0.09745758966796582, 0.11309041782816565, 2.0, 6.0, 0.0, 0.0005386804107375687, 0.0013276618561844922, 0.5215724657591749, -0.0009527263603549443], "scale": [0.03698693864579933, 0.04853359167782019, 1.0, 23.581375670761986, 0.6748314493651506, 0.6364988990096014, 0.24992031875682813, 0.037742738459950576, 0.5112573759019834, 0.11701658125948078, 0.014947695373259767, 0.03751989009595372, 0.003948574510948549, 0.751184712956329, 0.22399460363247825, 0.009055522314365821, 4.017499923706055, 0.08511879021892849, 1.0, 1.0, 0.07012633868154702, 0.12067101100487188, 0.07980809976843606, 0.03713241574047721, 0.07258765201229911, 0.09798891680211931, 2.0, 7.0, 1.0, 0.027885167987566545, 0.015467323750668477, 0.3430489014430389, 0.04043444237602267], "features": ["SMA20_dist", "SMA50_dist", "sma_cross", "RSI14", "MACD", "MACD_sig", "MACD_hist", "BB_width", "BB_pos", "ATR14", "ret_1d", "ret_5d", "vol_10d", "vol_ratio", "obv_trend", "spy_ret_1d", "vix_level", "vix_change", "vix_regime", "asset_class", "ret_1m", "ret_3m", "ret_6m", "ret_12m", "high52w_dist", "low52w_dist", "day_of_week", "month", "is_options_expiry", "btc_ret_1d", "gold_ret_1d", "corr_spy_20d", "vwap_dist"]}