{"center": [0.004154312224093149, 0.011497556164142254, 1.0, 57.25091055587862, 0.16288956703850133, 0.1743463611716329, -0.0044328741544082395, 0.024737859442124928, 0.6663994350685624, 0.24160718016602167, 0.0006188067193846347, 0.0008379870162843472, 0.0038729638693462565, 0.9060459851254752, 1.0755161824433315, 0.0012258797201302185, 17.515000343322754, -0.008334578568971518, 1.0, 0.0, 0.009669180081317563, 0.021677483826315846, 0.04133799128645943, 0.09133234367582155, -0.006319912900840994, 0.12260698368969489, 2.0, 6.0, 0.0, 8.154757069173124e-05, 0.0012750435385292525, 0.8792483282469722, 0.004316788911929895], "scale": [0.010562643931594945, 0.018078405848204377, 1.0, 18.03117203884303, 0.2580676276769154, 0.24339291527608972, 0.06566106391994075, 0.012855183770770821, 0.42266503126668137, 0.07229112562431528, 0.004974110929171577, 0.011337938777268214, 0.0017048034073228074, 0.6009061821778636, 0.4387153238887842, 0.008902696507845309, 4.235000133514404, 0.08102406495576839, 1.0, 1.0, 0.02153351659909175, 0.03243030771450656, 0.06524509190931821, 0.12423668741617677, 0.012711393801966335, 0.11060976817467708, 2.0, 7.0, 1.0, 0.027091120172692967, 0.016103296916326115, 0.142114457805268, 0.011494361900777596], "features": ["SMA20_dist", "SMA50_dist", "sma_cross", "RSI14", "MACD", "MACD_sig", "MACD_hist", "BB_width", "BB_pos", "ATR14", "ret_1d", "ret_5d", "vol_10d", "vol_ratio", "obv_trend", "spy_ret_1d", "vix_level", "vix_change", "vix_regime", "asset_class", "ret_1m", "ret_3m", "ret_6m", "ret_12m", "high52w_dist", "low52w_dist", "day_of_week", "month", "is_options_expiry", "btc_ret_1d", "gold_ret_1d", "corr_spy_20d", "vwap_dist"]}