{"center": [0.006786373213128088, 0.022971951368203986, 1.0, 56.11526027684678, 1.3190423551272517, 1.437401227905297, -0.07070269027443166, 0.058256037432447505, 0.6207617347422234, 2.803435620573489, -0.0003048573678273714, 0.00012097439194369564, 0.0093279721050778, 0.922744435868033, 0.9889892066765591, 0.0010391464108796544, 17.479999542236328, -0.009126572595774263, 1.0, 0.0, 0.018699181372013873, 0.035740416004699904, 0.053684330955363735, 0.008006857344021179, -0.03034860426734238, 0.24903430715386413, 2.0, 6.0, 0.0, 0.0008608689260511948, 0.001650071760848859, 0.7447237460962913, 0.007025599331980138], "scale": [0.026846053189021318, 0.04707549989895349, 1.0, 18.930210709898574, 2.538244448304127, 2.424571056681033, 0.7404658763278011, 0.038694190778957846, 0.45769605403660735, 0.6785542506874651, 0.010685121907851203, 0.02669971744173205, 0.003189441275815658, 0.35423093240573666, 0.4109935626019233, 0.008655650016979544, 4.272500514984131, 0.07521230520660632, 1.0, 1.0, 0.05826751551272358, 0.08753842617361501, 0.12073025941447446, 0.1376539152450108, 0.0614276410254301, 0.17423757851807278, 2.0, 7.0, 1.0, 0.025518405740311112, 0.014085473563451328, 0.1894799016591675, 0.027365008714550783], "features": ["SMA20_dist", "SMA50_dist", "sma_cross", "RSI14", "MACD", "MACD_sig", "MACD_hist", "BB_width", "BB_pos", "ATR14", "ret_1d", "ret_5d", "vol_10d", "vol_ratio", "obv_trend", "spy_ret_1d", "vix_level", "vix_change", "vix_regime", "asset_class", "ret_1m", "ret_3m", "ret_6m", "ret_12m", "high52w_dist", "low52w_dist", "day_of_week", "month", "is_options_expiry", "btc_ret_1d", "gold_ret_1d", "corr_spy_20d", "vwap_dist"]}