{"center": [0.009558376215234313, 0.02531204914865341, 1.0, 56.003592754522685, 0.13353321379488925, 0.13019655450010176, -0.0003652465635548552, 0.07579328518757744, 0.6446078042712267, 0.2542652302883843, 0.0016968960438576985, 0.006107337195249585, 0.010221830256485747, 0.9978648983843323, 1.0346099530203887, 0.0007457441398391884, 17.289999961853027, -0.004622023407450215, 1.0, 0.0, 0.021561093168697143, 0.06412156535051083, 0.12412233839123887, 0.18085877509619674, -0.0401443343731913, 0.3668152422657709, 2.0, 6.0, 0.0, -0.002408146445075532, 0.001788531730296361, 0.5672870185972221, 0.009708427588630003], "scale": [0.03824308148132671, 0.06435342146729683, 1.0, 23.327697049629556, 0.35502994672060995, 0.33346411472317533, 0.09404757274310738, 0.0335389771946052, 0.5164835178565322, 0.10156657957396206, 0.014565114313214667, 0.03615260777617088, 0.004322787589936771, 0.45787736776652566, 0.16509927030813965, 0.008950641148537997, 3.6549994945526123, 0.08053695996449617, 1.0, 1.0, 0.07491212769685798, 0.10202069919211054, 0.14024372075238367, 0.3871420109369135, 0.10002399262510996, 0.27503663555715113, 2.0, 7.0, 1.0, 0.027610930985410148, 0.015132825030534924, 0.38488487156485246, 0.03774104845669525], "features": ["SMA20_dist", "SMA50_dist", "sma_cross", "RSI14", "MACD", "MACD_sig", "MACD_hist", "BB_width", "BB_pos", "ATR14", "ret_1d", "ret_5d", "vol_10d", "vol_ratio", "obv_trend", "spy_ret_1d", "vix_level", "vix_change", "vix_regime", "asset_class", "ret_1m", "ret_3m", "ret_6m", "ret_12m", "high52w_dist", "low52w_dist", "day_of_week", "month", "is_options_expiry", "btc_ret_1d", "gold_ret_1d", "corr_spy_20d", "vwap_dist"]}