{"center": [0.005145227624900943, 0.011259769971109914, 1.0, 53.23474311666194, 0.12448933334467682, 0.1437000081341685, 0.011960440736994676, 0.058304058712613384, 0.5931583751911151, 0.5798997566458551, 0.0013967081206684995, 0.0025945376834664025, 0.009133601018641233, 0.9495203224480109, 1.0286638318020727, 0.0003309323466664793, 17.6200008392334, 0.0, 1.0, 0.0, 0.00798295246469638, 0.03644331744791329, 0.05978409968888543, 0.11635990478419278, -0.033325555843544206, 0.17526910432395848, 2.0, 6.0, 0.0, -0.00204861414171964, 0.0015753722020723782, 0.2596897151518136, 0.0060356761873477495], "scale": [0.026689299623604543, 0.04115798870501496, 1.0, 21.19515722557184, 0.47203208558783416, 0.4233783678960569, 0.16594371067808134, 0.030899179188658088, 0.47202775320936396, 0.14250995292922541, 0.011882254291579297, 0.025609590075759026, 0.003910520317126769, 0.36103071184667734, 0.18831819165402708, 0.009636570080683415, 3.9200000762939453, 0.0819842708871722, 1.0, 1.0, 0.05048425259346123, 0.08013212330354724, 0.08858380980162739, 0.1612533148620594, 0.04142249586444621, 0.06718183987919621, 2.0, 7.0, 1.0, 0.027967611400521508, 0.014628987675583294, 0.3498980616565238, 0.026799916049853663], "features": ["SMA20_dist", "SMA50_dist", "sma_cross", "RSI14", "MACD", "MACD_sig", "MACD_hist", "BB_width", "BB_pos", "ATR14", "ret_1d", "ret_5d", "vol_10d", "vol_ratio", "obv_trend", "spy_ret_1d", "vix_level", "vix_change", "vix_regime", "asset_class", "ret_1m", "ret_3m", "ret_6m", "ret_12m", "high52w_dist", "low52w_dist", "day_of_week", "month", "is_options_expiry", "btc_ret_1d", "gold_ret_1d", "corr_spy_20d", "vwap_dist"]}