{"center": [0.008270043559924901, 0.022308297382781225, 1.0, 58.10181710291383, 0.277154863245201, 0.25988135230717047, 0.0016114701044882551, 0.04253300241346839, 0.6977552705150812, 0.38683910741350197, 0.0009590254122695541, 0.003789328676868209, 0.007109434865275632, 0.9140970214065527, 1.021261960295143, 0.000408622523593305, 17.520000457763672, -0.0036643597696923713, 1.0, 0.0, 0.01863942737635038, 0.04469189305573984, 0.08445049130486049, 0.13245976831252326, -0.010012729546785077, 0.2175545995624832, 2.0, 6.0, 0.0, 0.00018283765004545316, 0.0017841598670260694, 0.7894965934596192, 0.008880596981252181], "scale": [0.01918761109489877, 0.026087177408497066, 1.0, 19.099570367606802, 0.3094198338848777, 0.2681029299675438, 0.10673803128544204, 0.0289303503099975, 0.3670685639284702, 0.20007879683046526, 0.010295898203693643, 0.01887765178085088, 0.0033863369697404444, 0.5056547579919386, 0.216064883764427, 0.009485739255121584, 4.119999885559082, 0.0864094622360293, 1.0, 1.0, 0.036558732442947606, 0.05603853383076374, 0.0709409879845827, 0.21706859877276818, 0.018333058813802112, 0.1560121054959166, 2.0, 7.0, 1.0, 0.026246080682542805, 0.015081252875263462, 0.15107376041689669, 0.01858967865710684], "features": ["SMA20_dist", "SMA50_dist", "sma_cross", "RSI14", "MACD", "MACD_sig", "MACD_hist", "BB_width", "BB_pos", "ATR14", "ret_1d", "ret_5d", "vol_10d", "vol_ratio", "obv_trend", "spy_ret_1d", "vix_level", "vix_change", "vix_regime", "asset_class", "ret_1m", "ret_3m", "ret_6m", "ret_12m", "high52w_dist", "low52w_dist", "day_of_week", "month", "is_options_expiry", "btc_ret_1d", "gold_ret_1d", "corr_spy_20d", "vwap_dist"]}