{"center": [-0.006166094037727172, -0.01776525914973784, 0.0, 47.53514681623592, -1.4252621132920922, -1.2869108331786234, 0.11530325246511652, 0.13463848353205207, 0.44560888798554404, 7.24423714836126, -0.0007016403087349854, -0.002263780453953479, 0.01872674153341276, 0.9242984262371329, 1.035925164490977, 0.0009013860201088075, 17.690000534057617, -0.006670313141271755, 1.0, 0.0, -0.011512849097773836, -0.05089632464655358, -0.1101232224698444, 0.0, -0.2837872092906996, 0.12261882131695961, 2.0, 6.0, 0.0, 0.0011828564931994912, 0.0019763991077348386, 0.4926943559986905, -0.0039819260365308445], "scale": [0.0690164778711445, 0.09690057971278056, 1.0, 25.10085695296909, 6.827157823304603, 6.036431338667816, 2.451397096841492, 0.08247672111029805, 0.549823568316491, 2.312177577269141, 0.023777509754831172, 0.06372618771181376, 0.009991013572739568, 0.4453684567998236, 0.4010560020540038, 0.008688593627013685, 4.104999542236328, 0.09055591343995728, 1.0, 1.0, 0.1279921906156869, 0.21342732430376093, 0.2038291397823967, 0.27299812721323174, 0.2279232079873856, 0.17115532493676777, 2.0, 7.0, 1.0, 0.026943286158513047, 0.016079301275701285, 0.4831990259661534, 0.07044718654654271], "features": ["SMA20_dist", "SMA50_dist", "sma_cross", "RSI14", "MACD", "MACD_sig", "MACD_hist", "BB_width", "BB_pos", "ATR14", "ret_1d", "ret_5d", "vol_10d", "vol_ratio", "obv_trend", "spy_ret_1d", "vix_level", "vix_change", "vix_regime", "asset_class", "ret_1m", "ret_3m", "ret_6m", "ret_12m", "high52w_dist", "low52w_dist", "day_of_week", "month", "is_options_expiry", "btc_ret_1d", "gold_ret_1d", "corr_spy_20d", "vwap_dist"]}