{"center": [0.0011922496422944345, -0.001318201728758721, 0.0, 49.65820652621314, -0.7185868640891044, -0.39992974572638573, -0.22978142384024913, 0.08209928978776518, 0.5117135321757834, 8.233739349093858, -0.0002671160582230492, 0.0031485424569521747, 0.012136601026233138, 0.9400961740262559, 1.008502931071206, 0.0017923273750353186, 17.360000610351562, -0.006733946910202238, 1.0, 0.0, -0.004352904471194741, 0.004364579439613658, 0.0, 0.0, -0.10089685400023561, 0.1793873200625475, 2.0, 6.0, 0.0, -0.0008217291810309613, 0.001677776649860796, 0.5776276036270427, 0.0013598730708101047], "scale": [0.048284309985133396, 0.08851241660774933, 1.0, 27.814797407063516, 10.108297064992826, 10.37917129256294, 2.5594184682447665, 0.05306874858447341, 0.5589143016513544, 3.547819155377125, 0.01427357305281396, 0.042635813226357566, 0.007547433678000976, 0.3387691241317071, 0.6166730738727655, 0.00872776645370732, 3.5600013732910156, 0.08023054254335993, 1.0, 1.0, 0.0900696389433534, 0.1409810561684144, 0.20992382400038678, 0.13159964370070143, 0.13588927763199243, 0.307774245013797, 2.0, 7.0, 1.0, 0.0271412685574427, 0.01568597083498735, 0.34163757791198524, 0.04910072121263406], "features": ["SMA20_dist", "SMA50_dist", "sma_cross", "RSI14", "MACD", "MACD_sig", "MACD_hist", "BB_width", "BB_pos", "ATR14", "ret_1d", "ret_5d", "vol_10d", "vol_ratio", "obv_trend", "spy_ret_1d", "vix_level", "vix_change", "vix_regime", "asset_class", "ret_1m", "ret_3m", "ret_6m", "ret_12m", "high52w_dist", "low52w_dist", "day_of_week", "month", "is_options_expiry", "btc_ret_1d", "gold_ret_1d", "corr_spy_20d", "vwap_dist"]}