{"center": [0.0026704393125823503, 0.0065441645801925154, 1.0, 52.4084376820424, 0.15409073717390243, 0.18162030905965856, -0.01491262661870845, 0.051515619865607584, 0.5612646456558287, 0.6236966204431137, 0.0, 0.0009320470728211294, 0.007715414339057542, 0.8610968733982574, 1.0267952424377655, 0.0017228064887020444, 17.510000228881836, -0.00900898630432001, 1.0, 0.0, 0.010691603038781139, 0.018805931330006853, 0.026966623253938282, 0.0763509863466838, -0.029554491039628192, 0.1898364391667752, 2.0, 6.0, 0.0, 0.0008420581944230676, 0.0019404068737312041, 0.6051111595938262, 0.0023887674002355066], "scale": [0.023654347385101568, 0.038346985833300665, 1.0, 22.004434800300096, 0.5862224889988852, 0.5112484307404623, 0.21372537803443264, 0.0318077239436272, 0.4934070285369673, 0.1510785351112537, 0.011504068753332541, 0.02560287694416158, 0.003531151180961487, 0.4892838905755188, 0.3414192940831611, 0.008819381755017619, 3.9650001525878906, 0.07841403225897503, 1.0, 1.0, 0.04321893931655052, 0.07480516384198571, 0.08005099025174978, 0.12967702906841438, 0.05105206366173739, 0.1651184993688859, 2.0, 6.0, 1.0, 0.02690947184848902, 0.015081252875263462, 0.2808065999948131, 0.025380139982204227], "features": ["SMA20_dist", "SMA50_dist", "sma_cross", "RSI14", "MACD", "MACD_sig", "MACD_hist", "BB_width", "BB_pos", "ATR14", "ret_1d", "ret_5d", "vol_10d", "vol_ratio", "obv_trend", "spy_ret_1d", "vix_level", "vix_change", "vix_regime", "asset_class", "ret_1m", "ret_3m", "ret_6m", "ret_12m", "high52w_dist", "low52w_dist", "day_of_week", "month", "is_options_expiry", "btc_ret_1d", "gold_ret_1d", "corr_spy_20d", "vwap_dist"]}