{"center": [0.019483067756350805, 0.0640242371193395, 1.0, 56.27077378203604, 3.431474217174781, 3.566515797264734, 0.19454954239122024, 0.18064311933778168, 0.6207795008421844, 6.643104622609731, 0.0031901677094952063, 0.01529933270336259, 0.026140402802364984, 0.9480263674648203, 1.068681508889744, 0.0009012287764704752, 17.440000534057617, -0.005298008058610915, 1.0, 0.0, 0.058789040025365, 0.13522769455028594, 0.1013364708128508, 0.0, -0.11515379532469269, 0.48700494876690015, 2.0, 6.0, 0.0, -1.9742508661990676e-05, 0.0015263333689308212, 0.6488809306206933, 0.022420363886749565], "scale": [0.09296840680829663, 0.16403069721609428, 1.0, 24.303219469118247, 11.95927816043826, 12.493292652919882, 2.6719457129461865, 0.11982320681996553, 0.5196868618660946, 8.32432455867701, 0.029299003914393218, 0.07757809881381306, 0.01515344267726913, 0.41083160445035094, 0.276233635250246, 0.008989735772749419, 3.8900012969970703, 0.08116395488833139, 1.0, 1.0, 0.18803835901012533, 0.3983022848806309, 0.6730280666981554, 0.8515720036907315, 0.1649987892278257, 1.4702261980787352, 2.0, 6.0, 1.0, 0.02619645378671509, 0.016355386112589243, 0.19466396055317736, 0.0950506522074496], "features": ["SMA20_dist", "SMA50_dist", "sma_cross", "RSI14", "MACD", "MACD_sig", "MACD_hist", "BB_width", "BB_pos", "ATR14", "ret_1d", "ret_5d", "vol_10d", "vol_ratio", "obv_trend", "spy_ret_1d", "vix_level", "vix_change", "vix_regime", "asset_class", "ret_1m", "ret_3m", "ret_6m", "ret_12m", "high52w_dist", "low52w_dist", "day_of_week", "month", "is_options_expiry", "btc_ret_1d", "gold_ret_1d", "corr_spy_20d", "vwap_dist"]}