{"center": [0.002567729366438769, 0.0038061694817913966, 0.0, 50.347219827055255, -0.07990863823026473, -0.13371245245152422, -0.009829403491785849, 0.12224477484620973, 0.5162469671736938, 1.9544375155069014, 0.00047709707842757965, 0.0028342559592096084, 0.017670061048329383, 0.8947838446755212, 0.9931928237026023, 0.0004804602529762114, 17.520000457763672, -0.006586862594382348, 1.0, 0.0, 0.0009129372127041346, 0.0, 0.0, 0.0, -0.13820775059074372, 0.2544079662541368, 2.0, 6.0, 0.0, -0.0007713643170961237, 0.001677776649860796, 0.1837076376392274, 0.0033396986823759018], "scale": [0.062201421624291015, 0.09973879823521045, 1.0, 26.813217487739045, 2.1891132308125947, 2.064710832670001, 0.7467862396179948, 0.09498631961980906, 0.5300605073300101, 0.4403590180720194, 0.022808665579372778, 0.0557778439808162, 0.008838075448726949, 0.5142796190561778, 0.34121205190987225, 0.008973462358738082, 4.1100006103515625, 0.07772916295355059, 1.0, 1.0, 0.12799675241999742, 0.18503240721223202, 0.1522722189354878, 0.14237755363996563, 0.10045557209197675, 0.26846608278932077, 2.0, 7.0, 1.0, 0.02879856211516918, 0.015940281927406375, 0.362401633780299, 0.061814531588277], "features": ["SMA20_dist", "SMA50_dist", "sma_cross", "RSI14", "MACD", "MACD_sig", "MACD_hist", "BB_width", "BB_pos", "ATR14", "ret_1d", "ret_5d", "vol_10d", "vol_ratio", "obv_trend", "spy_ret_1d", "vix_level", "vix_change", "vix_regime", "asset_class", "ret_1m", "ret_3m", "ret_6m", "ret_12m", "high52w_dist", "low52w_dist", "day_of_week", "month", "is_options_expiry", "btc_ret_1d", "gold_ret_1d", "corr_spy_20d", "vwap_dist"]}