{"center": [-0.008100762165687747, -0.020861217702279205, 0.0, 47.18782225873764, -0.9462671868193695, -0.8572510057443992, -0.07504836293901851, 0.15930944749344478, 0.42550639420208314, 5.162713187081473, -0.00021890873539975875, -0.0038130765146009438, 0.019696486704546087, 0.9401909284977573, 0.9780479645440147, 0.0015704538117717881, 17.479999542236328, -0.006586862594382348, 1.0, 0.0, -0.02131276181783681, -0.05646154085069166, -0.061730878910076115, 0.0, -0.21920042428765202, 0.25136838023299124, 2.0, 6.0, 0.0, 0.0008014800420892421, 0.0020516615880092903, 0.5229830790779171, -0.00687093497777018], "scale": [0.0861767789458438, 0.1549325065962074, 1.0, 25.419691521798278, 7.4751031790979425, 7.527773255049624, 1.9433772387585124, 0.11813440576676715, 0.5586555529080509, 1.090142386300224, 0.028308515717107352, 0.06575340920350503, 0.014577093431815444, 0.4636605260939093, 0.5841515003229434, 0.009178101107463199, 4.385000705718994, 0.0917644108298622, 1.0, 1.0, 0.17027292511062248, 0.34183235809162765, 0.24413426673101024, 0.2997292551058721, 0.26129395443837533, 0.22949282533300008, 2.0, 7.0, 1.0, 0.02900339150379233, 0.01563231619450528, 0.5037692283109938, 0.08253540548577945], "features": ["SMA20_dist", "SMA50_dist", "sma_cross", "RSI14", "MACD", "MACD_sig", "MACD_hist", "BB_width", "BB_pos", "ATR14", "ret_1d", "ret_5d", "vol_10d", "vol_ratio", "obv_trend", "spy_ret_1d", "vix_level", "vix_change", "vix_regime", "asset_class", "ret_1m", "ret_3m", "ret_6m", "ret_12m", "high52w_dist", "low52w_dist", "day_of_week", "month", "is_options_expiry", "btc_ret_1d", "gold_ret_1d", "corr_spy_20d", "vwap_dist"]}