{"center": [0.014510390061003804, 0.03709782811289219, 1.0, 58.46558316405771, 0.4516493546017273, 0.45999115557523285, -0.0019814816630354115, 0.06913101871307496, 0.7360966760106473, 0.5210940678481689, 0.002527388874092873, 0.00792912682571445, 0.010101230024571759, 0.7694403781930635, 1.038327603284091, 0.000984473178775147, 17.520000457763672, -0.006658632403358511, 1.0, 0.0, 0.03249302789255526, 0.10673542164181682, 0.17676475949179604, 0.39021089880133375, -0.014703063398066997, 0.44730333812346207, 2.0, 6.0, 0.0, -0.00151319093281288, 0.0015263333689308212, 0.584896370537914, 0.016063573591839804], "scale": [0.034575325282833566, 0.04351543001454652, 1.0, 19.262692971079396, 0.5636436212882643, 0.4448680144587721, 0.18707587619942995, 0.04568064719215413, 0.4044958026278128, 0.24260574759497644, 0.014095613102967253, 0.030608546690206295, 0.004958224412617727, 0.717904524062458, 0.1608824500768692, 0.009409979526932566, 4.180000305175781, 0.08378855632578108, 1.0, 1.0, 0.05647113778270141, 0.10719101926022367, 0.18783303213968305, 0.5203684945161409, 0.035788430535097046, 0.4571193271881737, 2.0, 7.0, 1.0, 0.0261836220602798, 0.01620153782617595, 0.2723399401742767, 0.0332564113533714], "features": ["SMA20_dist", "SMA50_dist", "sma_cross", "RSI14", "MACD", "MACD_sig", "MACD_hist", "BB_width", "BB_pos", "ATR14", "ret_1d", "ret_5d", "vol_10d", "vol_ratio", "obv_trend", "spy_ret_1d", "vix_level", "vix_change", "vix_regime", "asset_class", "ret_1m", "ret_3m", "ret_6m", "ret_12m", "high52w_dist", "low52w_dist", "day_of_week", "month", "is_options_expiry", "btc_ret_1d", "gold_ret_1d", "corr_spy_20d", "vwap_dist"]}