{"center": [0.011821466181188086, 0.048149315700120425, 1.0, 52.65822188166989, 0.08085085574610318, 0.0972871022399067, 0.007534081340043852, 0.2661555629365479, 0.5409460229612045, 0.42807380452886085, 0.0013960498939260546, 0.009771976566141038, 0.04099975820994538, 0.9964213932563766, 1.027640755203388, 0.0005685229860479257, 17.479999542236328, -0.006626930447881874, 1.0, 0.0, 0.05116278367493243, 0.20462391900418808, 0.4397272497710423, 0.43949150074052246, -0.16699280636656583, 0.8514631412054804, 2.0, 6.0, 0.0, -0.0007713643170961237, 0.0019383092584315254, 0.31873893476870085, 0.010170561992604764], "scale": [0.1341244541141118, 0.2402714725257998, 1.0, 23.68128139568622, 0.5497392674820092, 0.5206337652465397, 0.13611933505428617, 0.20828152232837926, 0.5076480028069609, 0.6732355507315281, 0.05233283901670094, 0.12750615135442656, 0.020090285358187313, 0.4598694729464643, 0.48547812484635466, 0.009161477988293198, 4.390000343322754, 0.07973599905105916, 1.0, 1.0, 0.25974468620078284, 0.419852525734256, 0.8983279841546752, 1.5282871268015574, 0.2179463029517013, 1.5918121053465473, 2.0, 7.0, 1.0, 0.028112873581973175, 0.015091977619580144, 0.48536610409585845, 0.1308185138298297], "features": ["SMA20_dist", "SMA50_dist", "sma_cross", "RSI14", "MACD", "MACD_sig", "MACD_hist", "BB_width", "BB_pos", "ATR14", "ret_1d", "ret_5d", "vol_10d", "vol_ratio", "obv_trend", "spy_ret_1d", "vix_level", "vix_change", "vix_regime", "asset_class", "ret_1m", "ret_3m", "ret_6m", "ret_12m", "high52w_dist", "low52w_dist", "day_of_week", "month", "is_options_expiry", "btc_ret_1d", "gold_ret_1d", "corr_spy_20d", "vwap_dist"]}