{"center": [0.005358918240345119, 0.01289710206551143, 1.0, 52.06838861903162, 0.09559601866966361, 0.11669633064702725, 0.012868715238632755, 0.11636888259105423, 0.5649989570316796, 0.6310716356549945, 0.001335144083768558, 0.0034418072760817875, 0.017264021789778764, 0.8002540489044141, 1.0168812207155196, 0.000731139787988333, 17.350000381469727, -0.006393225162856231, 1.0, 0.0, 0.006401018752761667, 0.022252012534710985, 0.0, 0.0, -0.06709597314902375, 0.249441200161508, 2.0, 6.0, 0.0, -0.0008264678561502592, 0.0011289903434381632, 0.6092782497881001, 0.004998730343624474], "scale": [0.05979645981325507, 0.10533751921190174, 1.0, 25.176498756771636, 0.8187476749172724, 0.7540885616754425, 0.22188854689830606, 0.09194450975984239, 0.5480637394094081, 0.35471398489815853, 0.02292333780409206, 0.04813416394821135, 0.008083735686568184, 0.6660309739490982, 0.1434707629528268, 0.009165377869935543, 3.600001335144043, 0.08129418656431364, 1.0, 1.0, 0.10718717616122186, 0.20781170239329094, 0.18992169650678903, 0.07507135056262726, 0.11474297929017405, 0.17259728192481033, 2.0, 7.0, 1.0, 0.026458580447635494, 0.015750702293596763, 0.30438871803921375, 0.055846280833972695], "features": ["SMA20_dist", "SMA50_dist", "sma_cross", "RSI14", "MACD", "MACD_sig", "MACD_hist", "BB_width", "BB_pos", "ATR14", "ret_1d", "ret_5d", "vol_10d", "vol_ratio", "obv_trend", "spy_ret_1d", "vix_level", "vix_change", "vix_regime", "asset_class", "ret_1m", "ret_3m", "ret_6m", "ret_12m", "high52w_dist", "low52w_dist", "day_of_week", "month", "is_options_expiry", "btc_ret_1d", "gold_ret_1d", "corr_spy_20d", "vwap_dist"]}