{"center": [-0.03812894425132004, -0.08521506346994977, 0.0, 44.27481182776912, -0.408887855155216, -0.3999591997352535, 0.039305370437791975, 0.27634162507897975, 0.34339755879607237, 1.2250001089913505, -0.003910064872230001, -0.011764675963158666, 0.040523612124423056, 0.9378375546861171, 1.0462221400430598, 0.0014769019367719682, 17.15999984741211, -0.006658632403358511, 1.0, 0.0, -0.06858597720888038, -0.2042682625437542, -0.23877552577427452, -0.26265826089281663, -0.48826291037771413, 0.12066836518267231, 2.0, 7.0, 0.0, 0.000879679657679322, 0.0017481999132260562, 0.3818827378666701, -0.0407452167416765], "scale": [0.13110160792184192, 0.22597129750973957, 1.0, 23.189278918567624, 0.9542111495794909, 0.9929487395840568, 0.4183909098532949, 0.2096785182440462, 0.46744212673255425, 1.0335710389273507, 0.05646004584382969, 0.11442477351741809, 0.017566205905283815, 0.49468297984347365, 0.3337966940043523, 0.009053423724454723, 4.010001182556152, 0.07699644822274399, 1.0, 1.0, 0.27349747162674576, 0.30654470121453703, 0.4956521573274032, 0.5853932817039552, 0.3009929472478416, 0.2814832268760542, 2.0, 7.0, 1.0, 0.0278623069418108, 0.014468785607361645, 0.3194403601924445, 0.13863801045534263], "features": ["SMA20_dist", "SMA50_dist", "sma_cross", "RSI14", "MACD", "MACD_sig", "MACD_hist", "BB_width", "BB_pos", "ATR14", "ret_1d", "ret_5d", "vol_10d", "vol_ratio", "obv_trend", "spy_ret_1d", "vix_level", "vix_change", "vix_regime", "asset_class", "ret_1m", "ret_3m", "ret_6m", "ret_12m", "high52w_dist", "low52w_dist", "day_of_week", "month", "is_options_expiry", "btc_ret_1d", "gold_ret_1d", "corr_spy_20d", "vwap_dist"]}