{"center": [0.014302544938132655, 0.04430959817415508, 1.0, 54.10711109505362, 0.6902429068402398, 0.7779920468730475, -0.042140012748431765, 0.15378122357460128, 0.624904388195922, 2.104757190334238, 0.00018638571704387985, 0.004291803389087301, 0.024733759801828303, 0.9428451476755059, 0.8845589394640997, 0.0005685229860479257, 17.479999542236328, -0.005681812794001595, 1.0, 0.0, 0.03627333672954225, 0.12012851449708606, 0.15058644344842298, 0.022251589179906217, -0.09522581053355587, 0.6581479744169457, 2.0, 6.0, 0.0, -0.0023550097882448773, 0.0015263333689308212, 0.5678967172895618, 0.01697582536870947], "scale": [0.08313388516732387, 0.12663001436048416, 1.0, 24.884770454941872, 1.9546087455019538, 1.8097391414561403, 0.7189026333422072, 0.10431118175357602, 0.5571484013295569, 0.8062459682551175, 0.03247148804620065, 0.07721451935438445, 0.013388442993666386, 0.4623599472897648, 0.5760599184778272, 0.009418769896465728, 4.280000686645508, 0.08545806009793333, 1.0, 1.0, 0.1691911296511514, 0.24557709725521526, 0.29872017691722164, 0.3399751891450705, 0.13869067429250018, 0.2823380681821346, 2.0, 7.0, 1.0, 0.026850558685150128, 0.015108954529638452, 0.21015353056724762, 0.08165775883620773], "features": ["SMA20_dist", "SMA50_dist", "sma_cross", "RSI14", "MACD", "MACD_sig", "MACD_hist", "BB_width", "BB_pos", "ATR14", "ret_1d", "ret_5d", "vol_10d", "vol_ratio", "obv_trend", "spy_ret_1d", "vix_level", "vix_change", "vix_regime", "asset_class", "ret_1m", "ret_3m", "ret_6m", "ret_12m", "high52w_dist", "low52w_dist", "day_of_week", "month", "is_options_expiry", "btc_ret_1d", "gold_ret_1d", "corr_spy_20d", "vwap_dist"]}