{"center": [0.0083149793618758, 0.002579185984350793, 0.0, 53.792024647886265, 0.7412499332826172, 0.6207699988648601, 0.5422230775492884, 0.15756117443243123, 0.571537925665915, 7.821389879499163, -9.681036244546526e-05, 0.005514576715033748, 0.022499153624997832, 0.9347730024813712, 1.0179194254174773, 0.0013523998778992574, 17.630000114440918, -0.006195237320022584, 1.0, 0.0, 0.018720475452990826, 0.02176825172719432, 0.0, 0.0, -0.10320697802502962, 0.31366267523873304, 2.0, 6.0, 0.0, -0.0005528134329213508, 0.0007381741937566577, 0.4612862207627568, 0.014047875766717125], "scale": [0.0926969738008134, 0.16718748358373095, 1.0, 29.222356530210682, 9.714679121493177, 9.281289937029971, 2.42643245089896, 0.11780913535724914, 0.5811378557201744, 2.7916806084769092, 0.02752874178265763, 0.05846823283135541, 0.015691757165611747, 0.5091628010029612, 0.47263614862635306, 0.008735786017698033, 3.9850001335144043, 0.07974783770153065, 1.0, 1.0, 0.17931677639537671, 0.2503698509556933, 0.5858254694082997, 0.23537315154853328, 0.328923493450939, 0.5128625619557917, 2.0, 6.0, 1.0, 0.026141111855359028, 0.017034690355443055, 0.35767613771752227, 0.09471573640486455], "features": ["SMA20_dist", "SMA50_dist", "sma_cross", "RSI14", "MACD", "MACD_sig", "MACD_hist", "BB_width", "BB_pos", "ATR14", "ret_1d", "ret_5d", "vol_10d", "vol_ratio", "obv_trend", "spy_ret_1d", "vix_level", "vix_change", "vix_regime", "asset_class", "ret_1m", "ret_3m", "ret_6m", "ret_12m", "high52w_dist", "low52w_dist", "day_of_week", "month", "is_options_expiry", "btc_ret_1d", "gold_ret_1d", "corr_spy_20d", "vwap_dist"]}