{"center": [0.003338527079731487, 0.026699210836737076, 1.0, 50.82598155270685, 3.0665003173043033, 2.1763744114468344, -0.19900693528349223, 0.19871845482789646, 0.5197554491599877, 16.456785474504745, 0.0014392319415058585, -0.008260992169947856, 0.02995168440725758, 0.9360640422799411, 1.0158902354248958, 0.0007457891330568955, 17.324999809265137, -0.007286293642272013, 1.0, 0.0, 0.005064990812015613, 0.06690979787206919, 0.01491795110562033, 0.0600138506138298, -0.1773568398253709, 0.6990219882915167, 2.0, 6.0, 0.0, -0.0005761781022241008, 0.0016024120815585352, 0.6107512258217183, 0.003963713565968943], "scale": [0.10509824275901553, 0.16952978813246636, 1.0, 23.90751018304946, 17.38586941312704, 15.594602669257952, 5.091947504372892, 0.15157406672554846, 0.5213073862865368, 5.017139434814453, 0.04596945808275629, 0.09096223913173082, 0.012709258428935478, 0.31621904960697855, 0.1725625570744469, 0.00910124417188593, 4.3025007247924805, 0.0803978215862497, 1.0, 1.0, 0.2090605007600305, 0.35141008815268704, 0.39023157362061417, 0.34253816245312163, 0.21385546293951613, 0.457052860849814, 2.0, 7.0, 1.0, 0.026951648526962524, 0.0146425342116831, 0.27258769538284566, 0.10141121776661621], "features": ["SMA20_dist", "SMA50_dist", "sma_cross", "RSI14", "MACD", "MACD_sig", "MACD_hist", "BB_width", "BB_pos", "ATR14", "ret_1d", "ret_5d", "vol_10d", "vol_ratio", "obv_trend", "spy_ret_1d", "vix_level", "vix_change", "vix_regime", "asset_class", "ret_1m", "ret_3m", "ret_6m", "ret_12m", "high52w_dist", "low52w_dist", "day_of_week", "month", "is_options_expiry", "btc_ret_1d", "gold_ret_1d", "corr_spy_20d", "vwap_dist"]}