{"center": [0.0032175934252742676, 0.01317717337734641, 1.0, 52.4060005576299, 0.2653030643047174, 0.24184804506943486, -0.05273737039266957, 0.08105279010079884, 0.5416203401110173, 1.5469798904940169, -0.0010321029525106606, -0.0014255239951744825, 0.012512387594872533, 0.9201902472168505, 1.0625757165887348, 0.0009529899591387281, 17.510000228881836, -0.00790227414327227, 1.0, 0.0, 0.010058612227942687, 0.0202327825949995, 0.0, 0.031087119247179995, -0.050341993373171384, 0.22846569170808453, 2.0, 6.0, 0.0, 0.00029724205673309356, 0.0017481999132260562, 0.6403728807559927, 0.002579146316086221], "scale": [0.041269331912773585, 0.06504332083393781, 1.0, 24.731461357811177, 1.4980082358318043, 1.4143973444084246, 0.44755659764511724, 0.05061373526684516, 0.5301942548942875, 0.44887385401018665, 0.016240376063012985, 0.037792185999496075, 0.004717456397054809, 0.4203608016237146, 0.5174252095066117, 0.008799105782152705, 4.160001754760742, 0.07699644822274399, 1.0, 1.0, 0.0828173537909982, 0.12740968125670082, 0.09934653044903785, 0.12413028690105166, 0.06371041603450339, 0.2252843081093273, 2.0, 7.0, 1.0, 0.026870005523800256, 0.015049507481865065, 0.2261658076335301, 0.04046469642488998], "features": ["SMA20_dist", "SMA50_dist", "sma_cross", "RSI14", "MACD", "MACD_sig", "MACD_hist", "BB_width", "BB_pos", "ATR14", "ret_1d", "ret_5d", "vol_10d", "vol_ratio", "obv_trend", "spy_ret_1d", "vix_level", "vix_change", "vix_regime", "asset_class", "ret_1m", "ret_3m", "ret_6m", "ret_12m", "high52w_dist", "low52w_dist", "day_of_week", "month", "is_options_expiry", "btc_ret_1d", "gold_ret_1d", "corr_spy_20d", "vwap_dist"]}