{"center": [0.0040885350600263085, 0.012394912898013375, 1.0, 52.21408860784361, 0.3248226033817616, 0.32899538312680976, 0.06142446200944246, 0.10673472609949558, 0.5442369440918347, 2.965743945082953, 0.0011449475105220763, -0.0007400686202545526, 0.01761354367111255, 0.8815733368626983, 1.0074076247787203, 0.0012624511025224328, 17.479999542236328, -0.007885968150674327, 1.0, 0.0, 0.015548120053967884, 0.0, -0.014216693933746916, 0.0, -0.22622091156198681, 0.13270951000676387, 2.0, 6.0, 0.0, -0.0014998349928206922, 0.0007381741937566577, 0.31791349573035205, 0.0070652657827111245], "scale": [0.05152708818476713, 0.08820589920851313, 1.0, 19.699325070381477, 2.806679497588661, 2.64926324181634, 0.9771467009290533, 0.05431242659683541, 0.4796540035717418, 0.6687295428593383, 0.022451954660173884, 0.050795082050056034, 0.006361506405949374, 0.3322776973796997, 0.2042668520235449, 0.008890830764141683, 3.6974987983703613, 0.07694408226668908, 1.0, 1.0, 0.09790025871279795, 0.22719073804285833, 0.23023630208074314, 0.2538559893744652, 0.2969872781204023, 0.1310246407260487, 2.0, 7.0, 1.0, 0.027708234916487468, 0.014288884155170989, 0.5229107432935873, 0.05206814625244423], "features": ["SMA20_dist", "SMA50_dist", "sma_cross", "RSI14", "MACD", "MACD_sig", "MACD_hist", "BB_width", "BB_pos", "ATR14", "ret_1d", "ret_5d", "vol_10d", "vol_ratio", "obv_trend", "spy_ret_1d", "vix_level", "vix_change", "vix_regime", "asset_class", "ret_1m", "ret_3m", "ret_6m", "ret_12m", "high52w_dist", "low52w_dist", "day_of_week", "month", "is_options_expiry", "btc_ret_1d", "gold_ret_1d", "corr_spy_20d", "vwap_dist"]}