{"center": [0.009445013690415536, 0.04803931435618043, 1.0, 54.06957926769746, 3.2945078956244203, 3.1903610390330623, 0.42060758911705476, 0.21493858636396593, 0.5626181046082207, 12.274720328194753, -0.00157523693938999, 0.0030994853161615543, 0.02833899583494716, 0.8518172799589188, 0.9988627074148626, 0.001401398144692978, 17.270000457763672, -0.00615351204657788, 1.0, 0.0, 0.04244079386157529, 0.057214744192450206, 0.0, 0.0, -0.23988192065702807, 0.5069884218866034, 2.0, 6.0, 0.0, -0.0015742310644737412, 0.0015508527855015997, 0.455135153638216, 0.005205046602982938], "scale": [0.11451104793239289, 0.18488353281078979, 1.0, 27.078874307518845, 12.078418199237504, 13.175640645807091, 4.655127781206367, 0.13656226531075613, 0.551447072250371, 7.152012961251398, 0.03646462268825301, 0.09198892370295705, 0.017172253127054872, 0.5276736556227047, 0.6363606804754545, 0.00872710405755156, 3.3824996948242188, 0.07513847765685783, 1.0, 1.0, 0.22097652324294126, 0.43601642312664113, 0.6285983516508302, 0.280382431127299, 0.3265728572174397, 0.9017911040217875, 2.0, 7.0, 1.0, 0.02698022698719399, 0.014455774601076554, 0.2492141610414546, 0.10848752509135956], "features": ["SMA20_dist", "SMA50_dist", "sma_cross", "RSI14", "MACD", "MACD_sig", "MACD_hist", "BB_width", "BB_pos", "ATR14", "ret_1d", "ret_5d", "vol_10d", "vol_ratio", "obv_trend", "spy_ret_1d", "vix_level", "vix_change", "vix_regime", "asset_class", "ret_1m", "ret_3m", "ret_6m", "ret_12m", "high52w_dist", "low52w_dist", "day_of_week", "month", "is_options_expiry", "btc_ret_1d", "gold_ret_1d", "corr_spy_20d", "vwap_dist"]}