{"center": [-0.020344864894893944, -0.04317660041394159, 0.0, 45.74435026747754, -0.487189039965763, -0.5423419707663191, 0.06523782219933816, 0.20996516648099242, 0.3849355611845251, 2.0135710580008372, -0.0009318989407370859, 0.0, 0.03747384756864257, 0.9802209508911865, 1.0029000025927357, 0.0009004595313388819, 17.850000381469727, -0.004632673488730754, 1.0, 0.0, -0.025945605803205152, -0.09891474524209665, -0.0484581649559066, -0.0057077626564995265, -0.5264347067479377, 0.10666665913146219, 2.0, 6.0, 0.0, -0.0003109860024155253, 0.0005219558189655249, -0.874348503569592, -0.0278161331289743], "scale": [0.09165193940684427, 0.1698608597190198, 1.0, 21.103129220266545, 1.8626627194714516, 1.8128463098726886, 0.35234797471604584, 0.1513172243253706, 0.4348890132619135, 1.2814282008579798, 0.04161698055317342, 0.083574055776239, 0.025354762981495197, 0.5616861803644856, 0.33046276116776785, 0.009714931947716554, 4.229999542236328, 0.08170271415817087, 1.0, 1.0, 0.2066518437761915, 0.3037013189683948, 0.2733023952953245, 0.36711707970598195, 0.14613274946168603, 0.21339650254191253, 2.0, 7.0, 1.0, 0.03157170512524776, 0.014187329138487303, 0.08865661893909571, 0.08710899444621556], "features": ["SMA20_dist", "SMA50_dist", "sma_cross", "RSI14", "MACD", "MACD_sig", "MACD_hist", "BB_width", "BB_pos", "ATR14", "ret_1d", "ret_5d", "vol_10d", "vol_ratio", "obv_trend", "spy_ret_1d", "vix_level", "vix_change", "vix_regime", "asset_class", "ret_1m", "ret_3m", "ret_6m", "ret_12m", "high52w_dist", "low52w_dist", "day_of_week", "month", "is_options_expiry", "btc_ret_1d", "gold_ret_1d", "corr_spy_20d", "vwap_dist"]}