{"center": [0.002872488831823185, 0.003507269546591582, 1.0, 51.319273235485575, 0.00042767602188575893, 0.02776876980424393, 0.015203118247432146, 0.09852503497750033, 0.5509873122425888, 0.6876622360991976, 0.0010831619773565837, 0.003271176195883241, 0.01451272659270245, 0.9257373737373737, 1.0348705467668162, 0.0007605411933127026, 17.510000228881836, -0.002998497855734139, 1.0, 0.0, -0.001633984582500414, 0.0, 0.0, 0.0, -0.08500395236031244, 0.17892420612733367, 2.0, 6.0, 0.0, -9.567341618454961e-05, 0.0016294519610446923, 0.6183762436808545, 0.005469811503424905], "scale": [0.053209981459613385, 0.09000759858752116, 1.0, 25.260659848208242, 0.8594454382921413, 0.8388254461612477, 0.21926271177741302, 0.06489653012602449, 0.5411822366877481, 0.26154148848057346, 0.020402580512099422, 0.04447005361830758, 0.00852436634216463, 0.6496304985778948, 0.24579075657556937, 0.008801346299842305, 4.099998474121094, 0.07722993564644365, 1.0, 1.0, 0.09270635551593165, 0.1412577349658497, 0.18263905478481024, 0.05404239093880825, 0.12981457727395698, 0.1536774714816741, 2.0, 7.0, 1.0, 0.024828451669791418, 0.01590110917463672, 0.2773800319159003, 0.05250705957046144], "features": ["SMA20_dist", "SMA50_dist", "sma_cross", "RSI14", "MACD", "MACD_sig", "MACD_hist", "BB_width", "BB_pos", "ATR14", "ret_1d", "ret_5d", "vol_10d", "vol_ratio", "obv_trend", "spy_ret_1d", "vix_level", "vix_change", "vix_regime", "asset_class", "ret_1m", "ret_3m", "ret_6m", "ret_12m", "high52w_dist", "low52w_dist", "day_of_week", "month", "is_options_expiry", "btc_ret_1d", "gold_ret_1d", "corr_spy_20d", "vwap_dist"]}