{"center": [0.011455038882204765, 0.03710997197745412, 1.0, 52.811860311319876, 1.2685940672276388, 1.4764568506236189, -0.11736399668565944, 0.1673634142057193, 0.5867406295743388, 5.486630413758198, 0.0008212073498203853, 0.0035538666726218082, 0.026014077937990897, 0.8915051507655697, 1.0310340085765084, 0.0016184868692048493, 17.600000381469727, -0.007843129677328364, 1.0, 0.0, 0.014430929181159291, 0.03993012864361001, 0.0, 0.0, -0.12291923469705365, 0.5869046750443568, 2.0, 6.0, 0.0, 0.0007548627203146641, 0.0022257895319868215, 0.6893670957519095, 0.014604263293734081], "scale": [0.09315666434630213, 0.11737483448762391, 1.0, 24.171475855596427, 5.719716851531459, 5.268539434190442, 1.7053476014734228, 0.12662236587318754, 0.5442369614712727, 1.3351265295039036, 0.03191073505351283, 0.0779113345862037, 0.010792374421273936, 0.48744773133859665, 0.2891031102210494, 0.009836795278086785, 3.969999313354492, 0.086847328967386, 1.0, 1.0, 0.19235430145843135, 0.2300137173902309, 0.20076789362833636, 0.11138379765950668, 0.143065418175844, 0.26708212562729455, 2.0, 7.0, 1.0, 0.027683558799803665, 0.0153075522055367, 0.27278737979754386, 0.0907046265232365], "features": ["SMA20_dist", "SMA50_dist", "sma_cross", "RSI14", "MACD", "MACD_sig", "MACD_hist", "BB_width", "BB_pos", "ATR14", "ret_1d", "ret_5d", "vol_10d", "vol_ratio", "obv_trend", "spy_ret_1d", "vix_level", "vix_change", "vix_regime", "asset_class", "ret_1m", "ret_3m", "ret_6m", "ret_12m", "high52w_dist", "low52w_dist", "day_of_week", "month", "is_options_expiry", "btc_ret_1d", "gold_ret_1d", "corr_spy_20d", "vwap_dist"]}