{"center": [0.027423732221693455, 0.05769148189753713, 1.0, 58.64661301190998, 0.9972485964114242, 0.8182444582210819, 0.035612100669236924, 0.14773240646842162, 0.6941232371523036, 1.7768916123600358, 0.004341091931384655, 0.013192986052635858, 0.022340296836478903, 0.8961326959577971, 1.0277430394090352, 0.0006498311171316828, 17.38499927520752, -0.005438782390179864, 1.0, 0.0, 0.05295262196855188, 0.1602830097420701, 0.11214520887130852, 0.13229962516737725, -0.07275823911088075, 0.5907791417072625, 2.0, 6.0, 0.0, -0.0020828935405181603, 0.0006160067523005575, 0.7777128388484751, 0.0269867062886889], "scale": [0.06517144456737335, 0.10750148272906267, 1.0, 20.45610340518666, 1.9959370959946554, 1.9383549422640112, 0.5758936778770193, 0.09881737863808714, 0.43516959507812275, 1.851930981834684, 0.028944762790682615, 0.07308838216989352, 0.010285619189066363, 0.5305745632378542, 0.14179066373873894, 0.009067842382753433, 3.567500114440918, 0.07721358831714131, 1.0, 1.0, 0.14076700509444479, 0.23458317991052263, 0.5171505602610482, 0.5142961861124749, 0.12305203941154837, 1.134907936278266, 2.0, 7.0, 1.0, 0.0277765929494434, 0.015059459446836732, 0.1592032914203615, 0.062347275250865516], "features": ["SMA20_dist", "SMA50_dist", "sma_cross", "RSI14", "MACD", "MACD_sig", "MACD_hist", "BB_width", "BB_pos", "ATR14", "ret_1d", "ret_5d", "vol_10d", "vol_ratio", "obv_trend", "spy_ret_1d", "vix_level", "vix_change", "vix_regime", "asset_class", "ret_1m", "ret_3m", "ret_6m", "ret_12m", "high52w_dist", "low52w_dist", "day_of_week", "month", "is_options_expiry", "btc_ret_1d", "gold_ret_1d", "corr_spy_20d", "vwap_dist"]}