{"center": [0.0020664556648041345, 0.0032690519416744192, 1.0, 54.170484296631145, 0.029683190974278517, 0.025367571342311327, 0.002795856889926247, 0.019940935006815857, 0.6212812549898052, 0.1390313735201258, 0.0003024180108207597, 0.0006086752398285489, 0.0032668319084837583, 0.6359065758672058, 1.0156985874005957, 0.0009008786581177208, 17.515000343322754, -0.00608320965806558, 1.0, 0.0, 0.003147836574355356, 0.005978260447065509, 0.009283708307188276, 0.005410210271806215, -0.012511247385921898, 0.05831252866684419, 2.0, 7.0, 0.0, -5.770796242327014e-05, 0.002009593458897063, 0.061200893057223774, 0.0021683902290313296], "scale": [0.008841275197935858, 0.01326623155740928, 1.0, 20.002817756755412, 0.12252150879756485, 0.11686274683559966, 0.04131689183664976, 0.01610456437939587, 0.46754365912843776, 0.04949937305862484, 0.00452365183347489, 0.009162971033192552, 0.001710548861577019, 0.9492342360240382, 0.09603203906453028, 0.008828981547003789, 4.294999599456787, 0.08302213322683921, 1.0, 1.0, 0.01664934138006391, 0.023117885640399405, 0.024577145701099867, 0.03307015800573454, 0.012102259796968717, 0.03759753638140861, 2.0, 7.0, 1.0, 0.026121236455511815, 0.014271766245056577, 0.6125640811318132, 0.009034412833912903], "features": ["SMA20_dist", "SMA50_dist", "sma_cross", "RSI14", "MACD", "MACD_sig", "MACD_hist", "BB_width", "BB_pos", "ATR14", "ret_1d", "ret_5d", "vol_10d", "vol_ratio", "obv_trend", "spy_ret_1d", "vix_level", "vix_change", "vix_regime", "asset_class", "ret_1m", "ret_3m", "ret_6m", "ret_12m", "high52w_dist", "low52w_dist", "day_of_week", "month", "is_options_expiry", "btc_ret_1d", "gold_ret_1d", "corr_spy_20d", "vwap_dist"]}