{"center": [0.009709091025403042, 0.018619405320779468, 1.0, 55.22105948107171, 0.4463399228015277, 0.47986600699911897, 0.014714448521404883, 0.07126202848284299, 0.6404130184068786, 1.0008538118135868, 0.0008956726539990356, 0.003102929165769708, 0.009922984297936855, 0.6704035948831778, 1.0335285769848577, 0.0012349370416842032, 17.61500072479248, -0.007856395917702375, 1.0, 0.0, 0.01635180104840228, 0.03928977288877389, 0.07481130009031478, 0.02980984786722163, -0.0524971526428548, 0.2297807063330249, 2.0, 6.0, 0.0, -0.0007965467490635425, 0.0020207561863795354, 0.6187807192068588, 0.011020974723228886], "scale": [0.03518460092710301, 0.047374036938961625, 1.0, 22.56676621636811, 1.069704483921921, 0.9569785318892988, 0.4567318145746842, 0.04004684424643071, 0.5010612370925436, 0.521395601065253, 0.013506968451376139, 0.03372245446983041, 0.005696024891323483, 0.7330633904879362, 0.21187862870579444, 0.008881583231557716, 4.00499963760376, 0.08084666882248961, 1.0, 1.0, 0.06575215706647447, 0.07107274629091637, 0.1609690878484501, 0.25024943403857036, 0.07121303963098127, 0.2634272529438626, 2.0, 7.0, 1.0, 0.028058123805896645, 0.015007304071496225, 0.2650576208518664, 0.034372447690580586], "features": ["SMA20_dist", "SMA50_dist", "sma_cross", "RSI14", "MACD", "MACD_sig", "MACD_hist", "BB_width", "BB_pos", "ATR14", "ret_1d", "ret_5d", "vol_10d", "vol_ratio", "obv_trend", "spy_ret_1d", "vix_level", "vix_change", "vix_regime", "asset_class", "ret_1m", "ret_3m", "ret_6m", "ret_12m", "high52w_dist", "low52w_dist", "day_of_week", "month", "is_options_expiry", "btc_ret_1d", "gold_ret_1d", "corr_spy_20d", "vwap_dist"]}