{"center": [0.016866169714717303, 0.0624168544789204, 1.0, 54.628093884410916, 2.457334936742811, 2.6703824538744727, 0.17574609606468417, 0.2131325439780961, 0.6108032606311196, 7.499214172363281, 0.0013600471573571582, 0.013048152754282949, 0.026842273343090015, 0.9145429081028023, 1.030055724607652, 0.0007606438304508245, 17.3799991607666, -0.005025144893802347, 1.0, 0.0, 0.05056254209486144, 0.13662747651143792, 0.22446706465147748, 0.3142428189974007, -0.08226631315841891, 0.9478493978059543, 2.0, 6.0, 0.0, -0.00151319093281288, 0.0010471549570203464, 0.5028547535145698, 0.014904117517482057], "scale": [0.09773558316061122, 0.14951094439676058, 1.0, 24.316427837119676, 6.307535820163395, 5.387753583959291, 1.9318365411081198, 0.19365428320904007, 0.4752580528577124, 4.360146113804409, 0.03944518807849329, 0.09023083847095303, 0.012914174036238759, 0.433410419668655, 0.1260987541513553, 0.008643054827676466, 4.119998931884766, 0.08223205320230165, 1.0, 1.0, 0.16780387518501205, 0.328702554814552, 0.6366202540328587, 1.0253596552683857, 0.18004564724491567, 0.8794354699363408, 2.0, 7.0, 1.0, 0.028029117707813134, 0.014143821898156994, 0.3521855917764773, 0.09842584938525821], "features": ["SMA20_dist", "SMA50_dist", "sma_cross", "RSI14", "MACD", "MACD_sig", "MACD_hist", "BB_width", "BB_pos", "ATR14", "ret_1d", "ret_5d", "vol_10d", "vol_ratio", "obv_trend", "spy_ret_1d", "vix_level", "vix_change", "vix_regime", "asset_class", "ret_1m", "ret_3m", "ret_6m", "ret_12m", "high52w_dist", "low52w_dist", "day_of_week", "month", "is_options_expiry", "btc_ret_1d", "gold_ret_1d", "corr_spy_20d", "vwap_dist"]}