{"center": [0.01791755082333104, 0.026955422686714997, 1.0, 56.94159757577401, 1.161620252987916, 0.9812608141112259, 0.27276921768558804, 0.13053906391772632, 0.6689274238444095, 3.5296811169088165, 0.0013739911905883417, 0.012484135828340515, 0.017817859622090045, 0.9176359540321812, 1.0873829774539039, 0.0005685229860479257, 17.3799991607666, -0.004632673488730754, 1.0, 0.0, 0.0344949579798135, 0.04608514001767472, 0.08829758534197607, 0.0, -0.08795404737285106, 0.42602977812244786, 2.0, 6.0, 0.0, -0.0016352711961346023, 0.0016294519610446923, 0.1681666618549491, 0.018143036179244034], "scale": [0.055016604436853085, 0.0694628680314569, 1.0, 23.984826367559243, 2.757658590812447, 2.554234968576153, 1.252650650324528, 0.07804601655516427, 0.4313347589546658, 1.8639898274039712, 0.01997017271980106, 0.05190216133682207, 0.0069962458756417795, 0.3994883101924931, 0.7806971470882159, 0.009305373946334516, 3.875000476837158, 0.08448849316663609, 1.0, 1.0, 0.10833829963109681, 0.1873606971967059, 0.2828927826805998, 0.30138622349256206, 0.112080551318293, 0.4461316975550292, 2.0, 7.0, 1.0, 0.027503243292746726, 0.016555550948723297, 0.528174339983235, 0.054385750368655346], "features": ["SMA20_dist", "SMA50_dist", "sma_cross", "RSI14", "MACD", "MACD_sig", "MACD_hist", "BB_width", "BB_pos", "ATR14", "ret_1d", "ret_5d", "vol_10d", "vol_ratio", "obv_trend", "spy_ret_1d", "vix_level", "vix_change", "vix_regime", "asset_class", "ret_1m", "ret_3m", "ret_6m", "ret_12m", "high52w_dist", "low52w_dist", "day_of_week", "month", "is_options_expiry", "btc_ret_1d", "gold_ret_1d", "corr_spy_20d", "vwap_dist"]}