{"center": [0.010397310156474993, 0.016052539794657008, 1.0, 54.92309701235231, 0.05081656241221566, 0.04385198637971778, 0.009811993083123267, 0.1301700025433367, 0.6122512399524009, 0.3177856717790876, 0.001645947650514179, 0.006950543296592393, 0.01882096892822415, 0.9560238100626938, 1.023345431701632, 0.0014267171117980926, 17.600000381469727, -0.0067322198012426115, 1.0, 0.0, 0.019300280731160413, 0.06445342886599215, 0.24233987319717532, 0.36263355870287683, -0.06918103636720616, 0.4783450969705437, 2.0, 6.0, 0.0, -0.00032588834829794244, 0.001992014086009908, 0.2569600835887757, 0.010157746248995306], "scale": [0.06600679132131912, 0.09706637836309898, 1.0, 23.910534293748505, 0.33051899791624173, 0.3034472796901135, 0.09600924909409432, 0.13427301079511267, 0.5230971920330422, 0.3844287736075266, 0.02551831009647587, 0.05511967685139574, 0.01467552660148854, 0.6947748183680461, 0.22901274306168062, 0.008780006002981677, 3.780000686645508, 0.07804705753301067, 1.0, 1.0, 0.11163118041177855, 0.2651561678871599, 0.46976858871461546, 0.8448956019792615, 0.09544491855386746, 0.7945802085000235, 2.0, 6.0, 1.0, 0.02829443694245748, 0.016080506700155928, 0.5118226097329468, 0.06143292994317955], "features": ["SMA20_dist", "SMA50_dist", "sma_cross", "RSI14", "MACD", "MACD_sig", "MACD_hist", "BB_width", "BB_pos", "ATR14", "ret_1d", "ret_5d", "vol_10d", "vol_ratio", "obv_trend", "spy_ret_1d", "vix_level", "vix_change", "vix_regime", "asset_class", "ret_1m", "ret_3m", "ret_6m", "ret_12m", "high52w_dist", "low52w_dist", "day_of_week", "month", "is_options_expiry", "btc_ret_1d", "gold_ret_1d", "corr_spy_20d", "vwap_dist"]}