{"center": [0.012822871966394448, 0.027732891301291376, 1.0, 52.531765315009096, 0.3466388857249818, 0.3541091530736218, 0.002713375354137737, 0.1349534619913273, 0.6076189417114632, 1.1771493728386215, -0.0006434970465867829, 0.006048369238044415, 0.019501045268400657, 0.9041799925044975, 0.9923315890101164, 0.0005625013995373962, 17.460000038146973, -0.0029360086450138656, 1.0, 0.0, 0.013930164402975787, 0.06996682523195785, 0.05139697572801638, 0.0, -0.08074389494364555, 0.5740634868706793, 2.0, 6.0, 0.0, -0.002408146445075532, 0.001712988281543426, 0.8062246881230979, 0.011019703047034335], "scale": [0.06856903448740839, 0.13068258238743186, 1.0, 25.51071498653277, 1.5199367596877007, 1.4279106394295837, 0.3649262618115997, 0.08927839969761384, 0.5548859859047103, 0.3543732238075692, 0.027680315939515004, 0.05335888158280758, 0.009765896691034094, 0.5218420628709127, 0.3467645004057781, 0.008806415102544929, 3.5425009727478027, 0.0784907724456948, 1.0, 1.0, 0.1496853291187834, 0.37529197825535593, 0.3697704241579802, 0.30517341086688154, 0.23471325223420736, 0.5119137233844397, 2.0, 7.0, 1.0, 0.028016876183625167, 0.015257946806125106, 0.2055876955478949, 0.06723986394206871], "features": ["SMA20_dist", "SMA50_dist", "sma_cross", "RSI14", "MACD", "MACD_sig", "MACD_hist", "BB_width", "BB_pos", "ATR14", "ret_1d", "ret_5d", "vol_10d", "vol_ratio", "obv_trend", "spy_ret_1d", "vix_level", "vix_change", "vix_regime", "asset_class", "ret_1m", "ret_3m", "ret_6m", "ret_12m", "high52w_dist", "low52w_dist", "day_of_week", "month", "is_options_expiry", "btc_ret_1d", "gold_ret_1d", "corr_spy_20d", "vwap_dist"]}