{"center": [0.005470965569281653, 0.0190691106693694, 1.0, 52.73958566399371, 0.2459983735635305, 0.22957768027785036, -0.012978650933567981, 0.07814760375827258, 0.5785870755713429, 0.7580769604372377, 0.00022920671239012869, 0.0018841825277506885, 0.011194347687201836, 0.8411527082914207, 1.0157935247876164, 0.00049523081140046, 17.494999885559082, -0.00615351204657788, 1.0, 0.0, 0.004971005635192927, 0.026784277657009525, 0.020122648908413976, 0.0, -0.04876819967253283, 0.27522083732365177, 2.0, 6.0, 0.0, -0.0005528134329213508, 0.001712988281543426, 0.8227045897738526, 0.005934347214057454], "scale": [0.041927028301385325, 0.07525444693347166, 1.0, 26.282121883720905, 1.1828889492804802, 1.0723118369211304, 0.25795904484917154, 0.05496253857272142, 0.5392972273593518, 0.32793786491089416, 0.013054302596495121, 0.03473077973858568, 0.006286770643567915, 0.5148857429997367, 0.20047663277197358, 0.009237457111016423, 4.344999313354492, 0.08515282746182262, 1.0, 1.0, 0.08286192529963762, 0.1488942258953144, 0.16561734717241683, 0.13879750647594535, 0.1336678051458824, 0.19687333150822112, 2.0, 7.0, 1.0, 0.027701002137449166, 0.016027121084413842, 0.18964416299110887, 0.04444983705325607], "features": ["SMA20_dist", "SMA50_dist", "sma_cross", "RSI14", "MACD", "MACD_sig", "MACD_hist", "BB_width", "BB_pos", "ATR14", "ret_1d", "ret_5d", "vol_10d", "vol_ratio", "obv_trend", "spy_ret_1d", "vix_level", "vix_change", "vix_regime", "asset_class", "ret_1m", "ret_3m", "ret_6m", "ret_12m", "high52w_dist", "low52w_dist", "day_of_week", "month", "is_options_expiry", "btc_ret_1d", "gold_ret_1d", "corr_spy_20d", "vwap_dist"]}