{"center": [0.014302544938132655, 0.045642101639677586, 1.0, 54.10709515195709, 0.6902432389815871, 0.8662648900909421, -0.04213997689638016, 0.1649849665743648, 0.6215810686616955, 2.0842762390655483, -0.0021933633695702115, 0.002739194399734579, 0.02637894309035542, 0.9553590669591209, 0.9726159622789675, 0.00039470808698149895, 17.510000228881836, -0.002998497855734139, 1.0, 0.0, 0.03360823128292556, 0.12322948089219299, 0.15262660536698425, 0.02837405181536523, -0.10293426885650583, 0.6564149901223633, 2.0, 6.0, 0.0, -0.002374738351372918, 0.0017929035935666526, 0.5640232925850127, 0.01701040987342703], "scale": [0.08354962346503617, 0.13086965711486673, 1.0, 24.86798979497697, 1.9653020722532872, 1.843021500047614, 0.7198405535218029, 0.12430399294664578, 0.5240791031006333, 0.7952166772718245, 0.030089977324443407, 0.07049477872388377, 0.01339330261433663, 0.4434507948972506, 0.3251030508368896, 0.009335584363087901, 4.25, 0.0845229329634627, 1.0, 1.0, 0.1715373856703658, 0.2511101190877246, 0.2902778925231053, 0.34668307491756867, 0.14328459895327558, 0.2692815825101672, 2.0, 7.0, 1.0, 0.027978058130078476, 0.016075193520879383, 0.2218442368118429, 0.08285288193448473], "features": ["SMA20_dist", "SMA50_dist", "sma_cross", "RSI14", "MACD", "MACD_sig", "MACD_hist", "BB_width", "BB_pos", "ATR14", "ret_1d", "ret_5d", "vol_10d", "vol_ratio", "obv_trend", "spy_ret_1d", "vix_level", "vix_change", "vix_regime", "asset_class", "ret_1m", "ret_3m", "ret_6m", "ret_12m", "high52w_dist", "low52w_dist", "day_of_week", "month", "is_options_expiry", "btc_ret_1d", "gold_ret_1d", "corr_spy_20d", "vwap_dist"]}