{"center": [-0.01017745324107049, -0.02368259364077099, 0.0, 44.869046107330036, -0.4093056439217051, -0.31348271780263015, -0.040220322852408896, 0.127928417390214, 0.4234411153835608, 1.744738550454519, -0.0023630151521603637, -0.007886470091167053, 0.019294098516653764, 0.9139448321030275, 0.9847181523894522, 0.0005306533832217797, 17.289999961853027, -0.005118433089179364, 1.0, 0.0, -0.014989539883966452, -0.08050847977760528, -0.05143850668633981, -0.06729433031383153, -0.1988589130940766, 0.13995134137055415, 2.0, 6.0, 0.0, -0.0020828935405181603, 0.002054320244525898, 0.3187384306792797, -0.01033745316131985], "scale": [0.06130290750949472, 0.08844790096700962, 1.0, 25.791387092563177, 1.6725624845593572, 1.461763168799136, 0.6363188466889409, 0.06955308274148107, 0.4789740736243027, 0.48839463370708014, 0.022206251784563258, 0.058230470077540175, 0.009283068079875865, 0.44971203569086904, 0.40800268323915556, 0.00901343622443565, 3.770000457763672, 0.07996461791495169, 1.0, 1.0, 0.09751160815454596, 0.1652292139733668, 0.23154400178967358, 0.18322977166421042, 0.15292896456133726, 0.17570553753119222, 2.0, 7.0, 1.0, 0.027536426113099033, 0.013690252554812765, 0.29308573691343554, 0.0631646965396592], "features": ["SMA20_dist", "SMA50_dist", "sma_cross", "RSI14", "MACD", "MACD_sig", "MACD_hist", "BB_width", "BB_pos", "ATR14", "ret_1d", "ret_5d", "vol_10d", "vol_ratio", "obv_trend", "spy_ret_1d", "vix_level", "vix_change", "vix_regime", "asset_class", "ret_1m", "ret_3m", "ret_6m", "ret_12m", "high52w_dist", "low52w_dist", "day_of_week", "month", "is_options_expiry", "btc_ret_1d", "gold_ret_1d", "corr_spy_20d", "vwap_dist"]}