{"center": [0.02185907026788239, 0.05665193257329755, 1.0, 54.94934937196045, 0.430492852700894, 0.3653703724692088, -0.023087497166038196, 0.20491900319286832, 0.6295139621731863, 1.045253216705097, 0.00340685539321095, 0.010887152493713526, 0.028119909343798297, 0.901242576974899, 1.0662295350927502, 0.0005685787823312971, 17.389999389648438, -0.005298008058610915, 1.0, 0.0, 0.0535151339490052, 0.12924600659222163, 0.3338084294884742, 0.4309461627487472, -0.07537840596960058, 0.60854668051156, 2.0, 7.0, 0.0, -0.00204861414171964, 0.002012776164397767, 0.28117796514667187, 0.020429037077875082], "scale": [0.08893838669633593, 0.12926948857119555, 1.0, 21.50780367517271, 1.1796439924848308, 1.0994073073684998, 0.37304374581723837, 0.12534763346987632, 0.4809865273239797, 1.3598234700534797, 0.03407226565839272, 0.08119980109411828, 0.013434271492224478, 0.46800383523919875, 0.31675680594761446, 0.009242699986505398, 3.9200010299682617, 0.08326112811329078, 1.0, 1.0, 0.15123081881037237, 0.24329658975871493, 0.4636360301185478, 1.0217634541594292, 0.12692406551908683, 0.929735780732132, 2.0, 7.0, 1.0, 0.027879882707073533, 0.016240452262262117, 0.4935892985744696, 0.08484701109408352], "features": ["SMA20_dist", "SMA50_dist", "sma_cross", "RSI14", "MACD", "MACD_sig", "MACD_hist", "BB_width", "BB_pos", "ATR14", "ret_1d", "ret_5d", "vol_10d", "vol_ratio", "obv_trend", "spy_ret_1d", "vix_level", "vix_change", "vix_regime", "asset_class", "ret_1m", "ret_3m", "ret_6m", "ret_12m", "high52w_dist", "low52w_dist", "day_of_week", "month", "is_options_expiry", "btc_ret_1d", "gold_ret_1d", "corr_spy_20d", "vwap_dist"]}