{"center": [-0.011159312410573117, -0.03567735055902548, 0.0, 46.5116242965263, -0.05948549519759272, -0.057542487346950215, -0.0016156820947134803, 0.15902646927960434, 0.4108853998468168, 0.2081428255353655, 0.0015923171513687606, 0.0, 0.02590277545213217, 0.9312781954887218, 1.0183396808688703, 0.0016182723864499593, 17.479999542236328, -0.008169153323245748, 1.0, 0.0, -0.03423683881870643, -0.04613094530627959, -0.10132159515684691, -0.0785498474193097, -0.3673469462229875, 0.13422821906282936, 2.0, 6.0, 0.0, -0.0003342625487465778, 0.0019404068737312041, 0.43924487523868655, -0.012484242829574058], "scale": [0.07698163908767304, 0.12721680356589982, 1.0, 21.553599555836065, 0.15799711247338566, 0.16927095273058607, 0.06514377338369787, 0.09100285470383578, 0.4941340644604528, 0.07292859043393815, 0.029159529131584372, 0.06383353471372089, 0.013593699760009396, 0.4829463371030931, 0.6680665539643404, 0.008691377691727287, 4.1399993896484375, 0.077183976479825, 1.0, 1.0, 0.13319961799777397, 0.24239191132129728, 0.243278254243737, 0.3777909865897156, 0.2448866544108395, 0.2619206978398754, 2.0, 7.0, 1.0, 0.028208550606508176, 0.015263713227712583, 0.365042487804185, 0.0793279040858384], "features": ["SMA20_dist", "SMA50_dist", "sma_cross", "RSI14", "MACD", "MACD_sig", "MACD_hist", "BB_width", "BB_pos", "ATR14", "ret_1d", "ret_5d", "vol_10d", "vol_ratio", "obv_trend", "spy_ret_1d", "vix_level", "vix_change", "vix_regime", "asset_class", "ret_1m", "ret_3m", "ret_6m", "ret_12m", "high52w_dist", "low52w_dist", "day_of_week", "month", "is_options_expiry", "btc_ret_1d", "gold_ret_1d", "corr_spy_20d", "vwap_dist"]}