{"center": [0.007521456689648474, 0.016470625200207457, 1.0, 55.5944224432522, 0.27541856809575904, 0.2590454550913637, 0.02331565375077488, 0.059005937297371476, 0.6395905184973142, 0.5338734943032019, 0.0, 0.0029556722471453245, 0.008734393492085586, 0.8899026701208624, 1.0003147493918276, 0.0012780826440004223, 17.280000686645508, -0.007869662158076385, 1.0, 0.0, 0.012272938472740691, 0.035005687349549675, 0.06355039585913325, 0.07772901008588051, -0.027436178537834838, 0.20286602995541944, 2.0, 6.0, 0.0, -0.001682150134457161, 0.0016294519610446923, 0.5001368666013633, 0.009038941903355885], "scale": [0.0281393952769869, 0.04093739015558866, 1.0, 20.970470542984458, 0.6501188352777447, 0.5637629961733375, 0.19001612673082713, 0.02750614732571409, 0.486970547045333, 0.192888489040959, 0.011229119026733847, 0.026091366527039472, 0.003967073812513033, 0.62890316650098, 0.3130866547577188, 0.008658128425219958, 4.040000915527344, 0.08038628954730143, 1.0, 1.0, 0.05600190891404744, 0.07650287213564844, 0.10365073763623811, 0.16773550356784117, 0.049688840573816034, 0.1399695622069692, 2.0, 7.0, 1.0, 0.027414163734779562, 0.015603159213234408, 0.2738127378460562, 0.03095786246880674], "features": ["SMA20_dist", "SMA50_dist", "sma_cross", "RSI14", "MACD", "MACD_sig", "MACD_hist", "BB_width", "BB_pos", "ATR14", "ret_1d", "ret_5d", "vol_10d", "vol_ratio", "obv_trend", "spy_ret_1d", "vix_level", "vix_change", "vix_regime", "asset_class", "ret_1m", "ret_3m", "ret_6m", "ret_12m", "high52w_dist", "low52w_dist", "day_of_week", "month", "is_options_expiry", "btc_ret_1d", "gold_ret_1d", "corr_spy_20d", "vwap_dist"]}