{"center": [0.014981114721912691, 0.039194329264069634, 1.0, 59.149736698747056, 0.45527803979996406, 0.4719527588199466, -0.004042823312670918, 0.06879699392393661, 0.7314139549813301, 0.5138152789196369, 0.0011466445242513945, 0.006548164605425066, 0.010101230024571715, 0.7509360698932187, 1.0312459324388819, 0.0010938140906693317, 17.440000534057617, -0.00790227414327227, 1.0, 0.0, 0.03475250704375532, 0.10673554762821169, 0.17863262399019209, 0.3882452362803701, -0.01404027272274259, 0.453652585809467, 2.0, 6.0, 0.0, 0.0007548627203146641, 0.0019715725978484144, 0.577071387872484, 0.015864770702631818], "scale": [0.03280471134781479, 0.04532416255982925, 1.0, 20.00870428929192, 0.5754441876139396, 0.46984140635433036, 0.18001684769755394, 0.04697743798518422, 0.39163348027925704, 0.22553231747985641, 0.014300405689288476, 0.030776429073196554, 0.004675015133074615, 0.7428986857204896, 0.13674300265469796, 0.008851401067807019, 4.020000457763672, 0.07855099679107058, 1.0, 1.0, 0.06121892161383968, 0.11321736109698377, 0.20839891288274215, 0.5203685929045982, 0.03482440713766681, 0.464344843514939, 2.0, 7.0, 1.0, 0.02608984543285775, 0.01597607790587341, 0.2699032392656833, 0.03269530639455913], "features": ["SMA20_dist", "SMA50_dist", "sma_cross", "RSI14", "MACD", "MACD_sig", "MACD_hist", "BB_width", "BB_pos", "ATR14", "ret_1d", "ret_5d", "vol_10d", "vol_ratio", "obv_trend", "spy_ret_1d", "vix_level", "vix_change", "vix_regime", "asset_class", "ret_1m", "ret_3m", "ret_6m", "ret_12m", "high52w_dist", "low52w_dist", "day_of_week", "month", "is_options_expiry", "btc_ret_1d", "gold_ret_1d", "corr_spy_20d", "vwap_dist"]}