{"center": [0.0007718836050612292, 0.004909594555429908, 1.0, 50.40872129320029, 0.007863111643906961, 0.008257819374905825, -0.0003528562246669382, 0.07744781264363702, 0.503085008159882, 0.07378581592014857, 0.00011387642291249556, 0.0012919839786946774, 0.012031397860746371, 0.890740456596255, 0.9839844984408722, 0.0007310561539983773, 17.200000762939453, -0.004522324550077617, 1.0, 1.0], "scale": [0.040006074336416064, 0.07522662684706574, 1.0, 22.61293495225226, 0.09835270140060004, 0.09361849761316086, 0.027741131950119458, 0.0375547981764266, 0.515737878468671, 0.03028563090733119, 0.01540605979908638, 0.036760500124969786, 0.00565846370425711, 0.7270557211520458, 0.2654206139388253, 0.009022034545669744, 3.939999580383301, 0.08002304821709127, 1.0, 1.0], "features": ["SMA20_dist", "SMA50_dist", "sma_cross", "RSI14", "MACD", "MACD_sig", "MACD_hist", "BB_width", "BB_pos", "ATR14", "ret_1d", "ret_5d", "vol_10d", "vol_ratio", "obv_trend", "spy_ret_1d", "vix_level", "vix_change", "vix_regime", "asset_class"]}