{"center": [0.023532205200555552, 0.06129530717060936, 1.0, 54.67040918667501, 0.7650308669452812, 0.7071118175710853, -0.004002299944251497, 0.20659642987035648, 0.6225322002062695, 2.110251133561581, 0.0014544036242127856, 0.005949574061573815, 0.033517528256579276, 0.9103380906890385, 1.014364721795885, 0.0010938196429841618, 17.440000534057617, -0.006733946910202238, 1.0, 0.0, 0.05361442218058854, 0.0776724733573837, 0.0, 0.0, -0.18620814060927196, 0.9458592763335348, 2.0, 6.0, 0.0, 0.00029724205673309356, 0.0020187288833615202, 0.8406729903022334, 0.024630666256611214], "scale": [0.09614145783498329, 0.18738616158836452, 1.0, 19.508401818910023, 1.7747211970599537, 1.9208425987833424, 0.5873750866789974, 0.1388781972525244, 0.4571850641196404, 0.9563202791354171, 0.04251380380166769, 0.10144781766624644, 0.013340098016182224, 0.3885988642747146, 0.3185843295078583, 0.008637130401377924, 4.25, 0.07654958092588837, 1.0, 1.0, 0.20023714991879327, 0.3062906110048452, 0.5441499435302682, 0.19768287270188645, 0.23854044013322426, 1.0983472181366907, 2.0, 7.0, 1.0, 0.025354193402112868, 0.01469978069284239, 0.12500838606465958, 0.09424425123333052], "features": ["SMA20_dist", "SMA50_dist", "sma_cross", "RSI14", "MACD", "MACD_sig", "MACD_hist", "BB_width", "BB_pos", "ATR14", "ret_1d", "ret_5d", "vol_10d", "vol_ratio", "obv_trend", "spy_ret_1d", "vix_level", "vix_change", "vix_regime", "asset_class", "ret_1m", "ret_3m", "ret_6m", "ret_12m", "high52w_dist", "low52w_dist", "day_of_week", "month", "is_options_expiry", "btc_ret_1d", "gold_ret_1d", "corr_spy_20d", "vwap_dist"]}