{"center": [0.0024316878066261705, 0.00954330723176939, 1.0, 52.32438752710984, 0.019806005642001523, 0.03664176967154799, -0.006860753504949718, 0.1722547312197193, 0.518401576519048, 0.4853214536394392, 0.0013628532202609733, 0.0027751139271523506, 0.02294408986109727, 0.9701357901612907, 1.0229639533121206, 0.0004952308438069819, 17.420000076293945, -0.008662493394246573, 1.0, 0.0, 0.00697748123460562, 0.0, 0.0, 0.0, -0.17748773411035612, 0.33987794073704003, 2.0, 6.0, 0.0, -0.00016245832696676343, 0.0006566930743739929, 0.5015033285864916, 0.003031472643996012], "scale": [0.09730118814386615, 0.1252736197682619, 1.0, 32.10662584968693, 0.4686439871429653, 0.4570588522128769, 0.2036192369819414, 0.08768676428133429, 0.5661154989014503, 0.13778565611158095, 0.027236060335348977, 0.06772359892749416, 0.012066150836585993, 0.5057873459445313, 0.23013967756168197, 0.009314217960521398, 4.047500133514404, 0.08420827611671844, 1.0, 1.0, 0.15642799272373817, 0.2713220498871328, 0.3822973513693566, 0.15934430198224825, 0.18823666124547284, 0.3819194205409589, 2.0, 7.0, 1.0, 0.027050699129719552, 0.015201542573784976, 0.28246909286183847, 0.09472268108620084], "features": ["SMA20_dist", "SMA50_dist", "sma_cross", "RSI14", "MACD", "MACD_sig", "MACD_hist", "BB_width", "BB_pos", "ATR14", "ret_1d", "ret_5d", "vol_10d", "vol_ratio", "obv_trend", "spy_ret_1d", "vix_level", "vix_change", "vix_regime", "asset_class", "ret_1m", "ret_3m", "ret_6m", "ret_12m", "high52w_dist", "low52w_dist", "day_of_week", "month", "is_options_expiry", "btc_ret_1d", "gold_ret_1d", "corr_spy_20d", "vwap_dist"]}