{"center": [0.008048418442241434, 0.017514986963003906, 1.0, 52.77778536268354, 0.43135921510069863, 0.4047864022503893, 0.021589027913618553, 0.10431500228375255, 0.5883184364079025, 2.255942588332769, 0.00010733972879339859, 0.0038879097148134534, 0.016773230268215367, 0.8914874944338388, 0.9511786164135547, 0.0013579397972762752, 17.3799991607666, -0.0067322198012426115, 1.0, 0.0, 0.01844454536504503, 0.043125003990488464, 0.0016778127995715764, 0.0, -0.15704643347607455, 0.2594624420337491, 2.0, 6.0, 0.0, -0.0008217291810309613, 0.0011289903434381632, 0.29143581788905204, 0.008602970872585844], "scale": [0.04635935762294145, 0.08297071419438562, 1.0, 19.706186921488268, 2.0337597953170103, 2.042539800198476, 0.7217538122142657, 0.05334492694206895, 0.44700705338167096, 0.6279731380411491, 0.020205426880048227, 0.04744228035415066, 0.008758151026588487, 0.3482839586320374, 0.4645598343314453, 0.008759122479804593, 3.6999988555908203, 0.07630442915291058, 1.0, 1.0, 0.098724182280435, 0.16246759792794052, 0.17845878882384214, 0.04836235766296659, 0.20599576667753644, 0.1917953627076022, 2.0, 6.0, 1.0, 0.027109678553063454, 0.014694166132094066, 0.41894298477087905, 0.05054444046684111], "features": ["SMA20_dist", "SMA50_dist", "sma_cross", "RSI14", "MACD", "MACD_sig", "MACD_hist", "BB_width", "BB_pos", "ATR14", "ret_1d", "ret_5d", "vol_10d", "vol_ratio", "obv_trend", "spy_ret_1d", "vix_level", "vix_change", "vix_regime", "asset_class", "ret_1m", "ret_3m", "ret_6m", "ret_12m", "high52w_dist", "low52w_dist", "day_of_week", "month", "is_options_expiry", "btc_ret_1d", "gold_ret_1d", "corr_spy_20d", "vwap_dist"]}