{"center": [0.010057411104691522, 0.027835972203818192, 1.0, 55.395467202795636, 1.9546755020155189, 1.7835063442462533, -0.06986277981287625, 0.07240860907577298, 0.643817531933703, 3.9165703552734823, 0.0002125668240419154, 0.0027559067249484093, 0.011239961346103979, 0.9671552564514877, 1.0453407851982606, 0.001401392640401844, 17.440000534057617, -0.007885968150674327, 1.0, 0.0, 0.022461235446462502, 0.04537405204099998, 0.02820579140661339, 0.011298357305671747, -0.0384909039410165, 0.27631417789393187, 2.0, 6.0, 0.0, 0.0005386804107375687, 0.002023732545861412, 0.8414943358092732, 0.010037503033154609], "scale": [0.03324909812044254, 0.06066613188313716, 1.0, 19.016876087811838, 3.281399120699149, 3.597361743945169, 1.098658961930341, 0.04527340310485453, 0.43565273747055305, 1.4230773232426, 0.014302196575137649, 0.03380329927100245, 0.004352372125623772, 0.38599417804666636, 0.3726931585120735, 0.008672611413515857, 4.28749942779541, 0.07670933776172945, 1.0, 1.0, 0.0669817447746166, 0.0977848458700496, 0.1670309478701581, 0.16244046647071064, 0.07194952213479744, 0.2971411326800735, 2.0, 7.0, 1.0, 0.025588392649736003, 0.014833836738933792, 0.12119847843823928, 0.03248414657595418], "features": ["SMA20_dist", "SMA50_dist", "sma_cross", "RSI14", "MACD", "MACD_sig", "MACD_hist", "BB_width", "BB_pos", "ATR14", "ret_1d", "ret_5d", "vol_10d", "vol_ratio", "obv_trend", "spy_ret_1d", "vix_level", "vix_change", "vix_regime", "asset_class", "ret_1m", "ret_3m", "ret_6m", "ret_12m", "high52w_dist", "low52w_dist", "day_of_week", "month", "is_options_expiry", "btc_ret_1d", "gold_ret_1d", "corr_spy_20d", "vwap_dist"]}