{"center": [0.006931110259533405, 0.020071765023252225, 1.0, 56.484991755108666, 0.41686421223728587, 0.4300936777722424, -0.0031444161008357674, 0.04838017799152058, 0.6715825926919472, 0.7770913344469343, -0.0001480832014217337, 0.001898351615302607, 0.007690611747431899, 0.9424812788099843, 1.0319723847359525, 0.0009270572536191901, 17.494999885559082, -0.007288538293765301, 1.0, 0.0, 0.014891375052328404, 0.03854430269272946, 0.054566272528907445, 0.09490110888092007, -0.011643142251359229, 0.21853879916353175, 2.0, 6.0, 0.0, -0.00032262427558105156, 0.000686881516564597, 0.8666458054475512, 0.007675961241848422], "scale": [0.02151988226519363, 0.03007604479081396, 1.0, 19.517823657051423, 0.5944228350692278, 0.4969322899166244, 0.1975639061145518, 0.035647179295771284, 0.441608800428142, 0.3566886002416061, 0.01035604805582055, 0.019468211434086558, 0.0038518902230795004, 0.39093881641724226, 0.18467645921116804, 0.00895847829123314, 3.9875001907348633, 0.08382417176810031, 1.0, 1.0, 0.042352519117761916, 0.04933437867328405, 0.09660417726873982, 0.15171055809108086, 0.02399539684382606, 0.1378729130840431, 2.0, 7.0, 1.0, 0.02685454949021096, 0.015702137397465704, 0.11842293177290641, 0.021132577769479757], "features": ["SMA20_dist", "SMA50_dist", "sma_cross", "RSI14", "MACD", "MACD_sig", "MACD_hist", "BB_width", "BB_pos", "ATR14", "ret_1d", "ret_5d", "vol_10d", "vol_ratio", "obv_trend", "spy_ret_1d", "vix_level", "vix_change", "vix_regime", "asset_class", "ret_1m", "ret_3m", "ret_6m", "ret_12m", "high52w_dist", "low52w_dist", "day_of_week", "month", "is_options_expiry", "btc_ret_1d", "gold_ret_1d", "corr_spy_20d", "vwap_dist"]}