{"center": [0.008344417589750932, 0.0236270816482076, 1.0, 57.783762328481494, 0.4839120063692235, 0.5008439250035666, 0.007907601680490206, 0.05437827999813111, 0.6753797729056913, 0.5568304936079735, 0.0, 0.004514703566385503, 0.00840021473741878, 0.5480030992463196, 1.01611691866226, 0.0009012287764704752, 17.479999542236328, -0.005720161498773413, 1.0, 0.0, 0.017497217085243433, 0.05284341976646134, 0.08401021299432765, 0.09967332178068689, -0.01698062225353494, 0.25594357623094455, 2.0, 6.0, 0.0, -0.00151319093281288, 0.0011289903434381632, 0.6409610597525145, 0.006401808162116123], "scale": [0.027752254241780697, 0.04083028105323095, 1.0, 25.76775444659294, 0.8346200418301493, 0.7478769745543402, 0.2758226935135113, 0.03495968938884047, 0.4681014824808818, 0.28844066776821364, 0.008162880078551704, 0.027489696833232546, 0.0035451923238468495, 1.134267441939884, 0.20579344588191273, 0.009340587652357568, 3.8500003814697266, 0.07920418989892009, 1.0, 1.0, 0.05138966266188605, 0.08510883413708736, 0.14011283517623596, 0.2091142552839682, 0.0380352668874109, 0.14804738182583488, 2.0, 7.0, 1.0, 0.02696102376134968, 0.015741919542681004, 0.2204644434435039, 0.026331132221192797], "features": ["SMA20_dist", "SMA50_dist", "sma_cross", "RSI14", "MACD", "MACD_sig", "MACD_hist", "BB_width", "BB_pos", "ATR14", "ret_1d", "ret_5d", "vol_10d", "vol_ratio", "obv_trend", "spy_ret_1d", "vix_level", "vix_change", "vix_regime", "asset_class", "ret_1m", "ret_3m", "ret_6m", "ret_12m", "high52w_dist", "low52w_dist", "day_of_week", "month", "is_options_expiry", "btc_ret_1d", "gold_ret_1d", "corr_spy_20d", "vwap_dist"]}