{"center": [0.008941024877632694, 0.023584965959974995, 1.0, 56.32824497011133, 0.5195231076690803, 0.5435259611959491, -0.008533893327821174, 0.04970591945603248, 0.6961612900017851, 0.683284077156372, 0.0013036212866291974, 0.003152065360887746, 0.007691845236078614, 0.8697405474539768, 1.0143602368891886, 0.0013668916477928006, 17.3799991607666, -0.007872701910300317, 1.0, 0.0, 0.01925111519222389, 0.04965790891886923, 0.11088363377370303, 0.17826699000880764, -0.013632149660499894, 0.24935050444381818, 2.0, 6.0, 0.0, 0.0005386804107375687, 0.0020691449988656796, 0.7669450038509433, 0.010282178832575501], "scale": [0.022775812992491252, 0.03333623335874282, 1.0, 20.45668044392407, 0.5863928525101212, 0.4935060852310043, 0.21598993250377346, 0.022206948711218893, 0.4358147540022007, 0.34785137851185854, 0.009886888620287387, 0.023172698840798284, 0.0036379766354044836, 0.5367939280288535, 0.25281353429218456, 0.008705384735874816, 3.47499942779541, 0.08065904651751443, 1.0, 1.0, 0.044552871048191556, 0.06038655330055198, 0.1345709086821108, 0.24941952495172914, 0.03247438171984533, 0.227377950372619, 2.0, 7.0, 1.0, 0.027284447242453658, 0.015152202802555664, 0.15833198525069359, 0.022827563925382672], "features": ["SMA20_dist", "SMA50_dist", "sma_cross", "RSI14", "MACD", "MACD_sig", "MACD_hist", "BB_width", "BB_pos", "ATR14", "ret_1d", "ret_5d", "vol_10d", "vol_ratio", "obv_trend", "spy_ret_1d", "vix_level", "vix_change", "vix_regime", "asset_class", "ret_1m", "ret_3m", "ret_6m", "ret_12m", "high52w_dist", "low52w_dist", "day_of_week", "month", "is_options_expiry", "btc_ret_1d", "gold_ret_1d", "corr_spy_20d", "vwap_dist"]}