{"center": [0.013635612201212998, 0.018457449710965492, 1.0, 53.97673899149717, 0.8785005646335833, 0.593751743339357, 0.054416110518595184, 0.14903546854935487, 0.6114374657394414, 5.3644118158802865, 0.002748443952534485, 0.008371551533626231, 0.023859000317067718, 0.0013730986678519574, 17.479999542236328, -0.007869662158076385, 1.0], "scale": [0.07387366206334645, 0.13284609076850667, 1.0, 21.515640679984187, 5.643569188685504, 5.210465240566366, 1.488048946095744, 0.1154825643432762, 0.46509692149789583, 1.723787574537445, 0.031246875952486597, 0.07829303638463164, 0.011466208563392432, 0.00908386223093044, 4.3600006103515625, 0.08102048041686649, 1.0], "features": ["SMA20_dist", "SMA50_dist", "sma_cross", "RSI14", "MACD", "MACD_sig", "MACD_hist", "BB_width", "BB_pos", "ATR14", "ret_1d", "ret_5d", "vol_10d", "spy_ret_1d", "vix_level", "vix_change", "vix_regime"]}