{"center": [0.0009482936067545917, 0.0063497610958122095, 1.0, 51.11258070830796, 0.15971685699750537, 0.18319132989899856, 0.007613327164037804, 0.06306460034049166, 0.5196842533115971, 1.3957291920240127, 0.00011385976030053868, 0.0010782070307304714, 0.009551736764771543, 0.9553009298642934, 1.0273699130715412, 0.0015057439160097719, 17.440000534057617, -0.009126572595774263, 1.0, 0.0, 0.0025026194030535187, 0.02552076956802307, 0.023988508724662072, 0.03500881774915898, -0.04330300740259137, 0.16331672070056563, 2.0, 6.0, 0.0, -0.00016245832696676343, 0.0016024120815585352, -0.014091551835777842, 0.0012609948721339186], "scale": [0.02946554758565196, 0.049072548222575604, 1.0, 19.18156299344102, 1.2716762046224872, 1.181959265337837, 0.38948278058576774, 0.03131653119307605, 0.5060958325289553, 0.3518136949359971, 0.013372104324656436, 0.029800146570706093, 0.004469896133653482, 0.4269042683193959, 0.17235834524652727, 0.008631681038899108, 3.7599997520446777, 0.07595187771704806, 1.0, 1.0, 0.05591440851894264, 0.1099837893768569, 0.056846797267354754, 0.09277463709662354, 0.06328312319406779, 0.06918282371534254, 2.0, 7.0, 1.0, 0.027259829801930896, 0.01475950858744493, 0.3499095534360873, 0.030055182776999857], "features": ["SMA20_dist", "SMA50_dist", "sma_cross", "RSI14", "MACD", "MACD_sig", "MACD_hist", "BB_width", "BB_pos", "ATR14", "ret_1d", "ret_5d", "vol_10d", "vol_ratio", "obv_trend", "spy_ret_1d", "vix_level", "vix_change", "vix_regime", "asset_class", "ret_1m", "ret_3m", "ret_6m", "ret_12m", "high52w_dist", "low52w_dist", "day_of_week", "month", "is_options_expiry", "btc_ret_1d", "gold_ret_1d", "corr_spy_20d", "vwap_dist"]}