{"center": [-0.02053976366065401, -0.05204052790117697, 0.0, 44.189055080651315, -0.5139848091913777, -0.576665382570106, 0.05918704822844156, 0.212803405163545, 0.38008286338697655, 1.9339286940438405, -0.00045039730998958083, -0.002926045542574085, 0.03653903640547018, 0.9836648669700186, 0.998350839789036, 0.00046293680888476185, 17.824999809265137, -0.004911547305363029, 1.0, 0.0, -0.031288520325158775, -0.09859377769052852, -0.04906135223273289, -0.1323121877875258, -0.5301306491562046, 0.10500167545276837, 2.0, 6.0, 0.0, 3.399940949205815e-05, 0.0019559897357898093, -0.8729909528456463, -0.028339800437646324], "scale": [0.09238587875580621, 0.16913607884313753, 1.0, 21.68354194086644, 2.0256802365662736, 1.9795866696860887, 0.37211322347501485, 0.14736630792744454, 0.444907592525583, 1.275892972946167, 0.042134561985911534, 0.08862422319472432, 0.02892391509938451, 0.603309037438252, 0.3261186083893751, 0.008769956256704736, 4.507500171661377, 0.08626640577556366, 1.0, 1.0, 0.20104521748886364, 0.3263550663034831, 0.2793666859177226, 0.366323983298388, 0.14256346966310596, 0.2205850630109462, 2.0, 7.0, 1.0, 0.02756603686561615, 0.014313222762537214, 0.09508068571901052, 0.0916152059050512], "features": ["SMA20_dist", "SMA50_dist", "sma_cross", "RSI14", "MACD", "MACD_sig", "MACD_hist", "BB_width", "BB_pos", "ATR14", "ret_1d", "ret_5d", "vol_10d", "vol_ratio", "obv_trend", "spy_ret_1d", "vix_level", "vix_change", "vix_regime", "asset_class", "ret_1m", "ret_3m", "ret_6m", "ret_12m", "high52w_dist", "low52w_dist", "day_of_week", "month", "is_options_expiry", "btc_ret_1d", "gold_ret_1d", "corr_spy_20d", "vwap_dist"]}