{"center": [0.009597417271562016, 0.025410538051197022, 1.0, 57.21339772017056, 0.2461936553448325, 0.24939437141641285, 0.0013317323542108017, 0.05306408788320331, 0.6856179646018207, 0.36903531210763113, 0.001139755962219935, 0.0055850587060657375, 0.008525224281585711, 0.9353318934237779, 1.0359499402678418, 0.001426329605057508, 17.3100004196167, -0.0049221973866435675, 1.0, 1.0, 0.019325290463799494, 0.06007493838538014, 0.07408427088003677, 0.10598793748810909, -0.025917610959061047, 0.24393635866955846, 2.0, 6.0, 0.0, -0.0016413950679323164, 0.001712988281543426, 0.492008474292297, 0.009689277406362513], "scale": [0.031177282129447106, 0.0529116398575204, 1.0, 23.415498394403215, 0.5542999173897041, 0.5189203595247379, 0.1360778550005171, 0.05598383313171919, 0.49922473450811405, 0.2553216048649378, 0.011326860220641888, 0.027756960964521155, 0.0051430252411597205, 0.5125755206597845, 0.8000769167475023, 0.008858440461107037, 3.6999998092651367, 0.07891744891219687, 1.0, 1.0, 0.058301073025002315, 0.08457125430901352, 0.17363693735284158, 0.2263385663302276, 0.040392795245305646, 0.29206434854651714, 2.0, 7.0, 1.0, 0.027206854874876035, 0.01378982667776077, 0.4046091856940048, 0.03172668658109487], "features": ["SMA20_dist", "SMA50_dist", "sma_cross", "RSI14", "MACD", "MACD_sig", "MACD_hist", "BB_width", "BB_pos", "ATR14", "ret_1d", "ret_5d", "vol_10d", "vol_ratio", "obv_trend", "spy_ret_1d", "vix_level", "vix_change", "vix_regime", "asset_class", "ret_1m", "ret_3m", "ret_6m", "ret_12m", "high52w_dist", "low52w_dist", "day_of_week", "month", "is_options_expiry", "btc_ret_1d", "gold_ret_1d", "corr_spy_20d", "vwap_dist"]}