{"center": [0.010113130748509721, 0.02651247555917637, 1.0, 58.39548837019733, 0.36010503395564086, 0.3586593164203941, -0.009581680980845164, 0.049839465929959054, 0.7106664554321975, 0.5135418652314583, 0.0015898560104856685, 0.00563009994664565, 0.007895285091302957, 0.9024881888232105, 1.0809258712993706, 0.0004802810674313651, 17.479999542236328, -0.005025144893802347, 1.0, 0.0, 0.023767377360101483, 0.0681649153660917, 0.12556265461105598, 0.233783728848723, -0.011250791799012928, 0.3014291326339771, 2.0, 6.0, 0.0, -0.0023550097882448773, 0.001670691560653026, 0.7068852682286376, 0.011280296598580663], "scale": [0.02431618647630011, 0.03689767083761245, 1.0, 16.643532580476602, 0.48517800427342905, 0.4542536464220403, 0.15243492592826868, 0.032178677715518765, 0.4193318230630961, 0.26056751143331575, 0.011199009919501735, 0.024043561559323412, 0.004290087362216043, 0.58533218644749, 0.37172012744969285, 0.008531975299749694, 4.159999847412109, 0.07958102788826182, 1.0, 1.0, 0.04178208749101986, 0.07478565363932255, 0.13991702059491629, 0.3261236947497803, 0.026390256946697725, 0.2494955942038728, 2.0, 7.0, 1.0, 0.027709664534986023, 0.014682782603758437, 0.2263174601976724, 0.02436704661413678], "features": ["SMA20_dist", "SMA50_dist", "sma_cross", "RSI14", "MACD", "MACD_sig", "MACD_hist", "BB_width", "BB_pos", "ATR14", "ret_1d", "ret_5d", "vol_10d", "vol_ratio", "obv_trend", "spy_ret_1d", "vix_level", "vix_change", "vix_regime", "asset_class", "ret_1m", "ret_3m", "ret_6m", "ret_12m", "high52w_dist", "low52w_dist", "day_of_week", "month", "is_options_expiry", "btc_ret_1d", "gold_ret_1d", "corr_spy_20d", "vwap_dist"]}