{"center": [0.006488946836445845, 0.012991704425417472, 1.0, 55.329177271555984, 0.0800821987636624, 0.07992371173199445, 0.0018975753356359204, 0.040011317988790575, 0.6699221326018542, 0.14914141883471416, 0.00026257966040033054, 0.001526871237816252, 0.005835148579118256, 0.6275767292716445, 1.0278223088676393, 0.0005563986064420767, 17.520000457763672, -0.007843129677328364, 1.0, 0.0, 0.013815489464539699, 0.0306116948580486, 0.05037174108935716, 0.049386092481482846, -0.029379532757024887, 0.11067864885869363, 2.0, 6.0, 0.0, -0.0007713643170961237, 0.0017481999132260562, 0.5871372984149181, 0.00642602737721696], "scale": [0.020690133483099546, 0.027000979697414693, 1.0, 22.8985166047366, 0.1437747356397363, 0.12890259186804495, 0.05383816285700127, 0.024686118338047493, 0.5125566900712492, 0.04240662333405837, 0.008362387379292013, 0.018742138215918303, 0.0020042974595165398, 0.8013860823299496, 0.1749888091881282, 0.009461663331990389, 4.404999732971191, 0.08473377679689154, 1.0, 1.0, 0.03867853242861413, 0.05923471422631932, 0.09295327872054615, 0.16305776358114188, 0.042607414288722285, 0.1498630786635826, 2.0, 7.0, 1.0, 0.027239560698149867, 0.015645971299413974, 0.3484773801962192, 0.020901862669656972], "features": ["SMA20_dist", "SMA50_dist", "sma_cross", "RSI14", "MACD", "MACD_sig", "MACD_hist", "BB_width", "BB_pos", "ATR14", "ret_1d", "ret_5d", "vol_10d", "vol_ratio", "obv_trend", "spy_ret_1d", "vix_level", "vix_change", "vix_regime", "asset_class", "ret_1m", "ret_3m", "ret_6m", "ret_12m", "high52w_dist", "low52w_dist", "day_of_week", "month", "is_options_expiry", "btc_ret_1d", "gold_ret_1d", "corr_spy_20d", "vwap_dist"]}