{"center": [-0.009317378356936057, -0.019624278600202258, 0.0, 48.793335091551256, -0.08649860181010816, -0.11679879188794307, -0.022072364585178694, 0.13916791457419514, 0.420863462628181, 0.7765359197344099, -0.001529860955647222, -0.006368743129098464, 0.020881806800352877, 0.866947021495442, 0.9864689576976823, 0.0009265684523158679, 17.494999885559082, -0.007978996509270586, 1.0, 0.0, -0.018688213026995915, -0.02332061384731987, 0.0, 0.0, -0.15709279622480116, 0.21222833053511775, 2.0, 6.0, 0.0, -0.0017024351995931775, 0.0008572162351966339, 0.39671552705762897, -0.007988597869862769], "scale": [0.07421946859301493, 0.14915379151311647, 1.0, 26.135002447130887, 0.9726611280501016, 0.9264950229207559, 0.2222218924344992, 0.11390267273944825, 0.5479254851207709, 0.26162518773760124, 0.025361384628218242, 0.0655675949727979, 0.014712361039108777, 0.5466121000722752, 0.6042057810340185, 0.008778436778003634, 4.084999084472656, 0.08127788814071205, 1.0, 1.0, 0.15675313275604952, 0.22380628443659548, 0.4391147424613626, 0.1291964385090473, 0.3471322877188081, 0.28232741008671375, 2.0, 7.0, 1.0, 0.028958567474465013, 0.016159348136595114, 0.3624155124033287, 0.07142067236093363], "features": ["SMA20_dist", "SMA50_dist", "sma_cross", "RSI14", "MACD", "MACD_sig", "MACD_hist", "BB_width", "BB_pos", "ATR14", "ret_1d", "ret_5d", "vol_10d", "vol_ratio", "obv_trend", "spy_ret_1d", "vix_level", "vix_change", "vix_regime", "asset_class", "ret_1m", "ret_3m", "ret_6m", "ret_12m", "high52w_dist", "low52w_dist", "day_of_week", "month", "is_options_expiry", "btc_ret_1d", "gold_ret_1d", "corr_spy_20d", "vwap_dist"]}