{"center": [0.011729186712299496, 0.02683144739047924, 1.0, 56.70187565959894, 0.2683342268614588, 0.1861467483784764, 0.0025861280676919562, 0.08451369662032077, 0.6627207705934213, 0.6846821304458403, 0.000654896823978679, 0.006214892070755873, 0.012468779151101232, 0.95362700158744, 1.056238329899636, 0.001468910751724839, 17.289999961853027, -0.008307433577955048, 1.0, 0.0, 0.02798037324275149, 0.041174916780228665, 0.05432414807797914, 0.0, -0.04854081295762465, 0.2634438834490227, 2.0, 6.0, 0.0, -0.0005687269292828923, 0.0019393580660813647, 0.436449385418898, 0.010772555617372205], "scale": [0.04876843114599833, 0.06959360608871819, 1.0, 22.093683385410344, 0.756543465747165, 0.7248225405985539, 0.21208899703214612, 0.06543448031012962, 0.5406389156121597, 0.2302044527290239, 0.016966495717134406, 0.041086261651808786, 0.004593839604172308, 0.4163516708867201, 0.330035807420346, 0.00866436573759316, 4.192501068115234, 0.07475312195286726, 1.0, 1.0, 0.08957267476752331, 0.1342466401820471, 0.15823378265634058, 0.14399665088798325, 0.08583755365767384, 0.33515752096283197, 2.0, 7.0, 1.0, 0.026320020221042933, 0.01613680185134389, 0.3453010368457029, 0.048272982336231146], "features": ["SMA20_dist", "SMA50_dist", "sma_cross", "RSI14", "MACD", "MACD_sig", "MACD_hist", "BB_width", "BB_pos", "ATR14", "ret_1d", "ret_5d", "vol_10d", "vol_ratio", "obv_trend", "spy_ret_1d", "vix_level", "vix_change", "vix_regime", "asset_class", "ret_1m", "ret_3m", "ret_6m", "ret_12m", "high52w_dist", "low52w_dist", "day_of_week", "month", "is_options_expiry", "btc_ret_1d", "gold_ret_1d", "corr_spy_20d", "vwap_dist"]}