{"center": [0.002931641187519168, 0.008795842980152613, 1.0, 51.51646038704578, 0.5217393965730963, 0.4520002013878286, -0.07301487297912247, 0.06906843039625657, 0.5465054942700324, 2.580979424396247, -0.000486347741230575, -0.00032123698259828304, 0.010076567060422374, 0.8584275009723146, 0.9786930758443512, 0.0009270572536191901, 17.38499927520752, -0.0048289091912665505, 1.0, 0.0, 0.00012719578229070105, 0.02371062107123001, 0.03260197771568096, 0.0, -0.05385443354718402, 0.20926066247921155, 2.0, 6.0, 0.0, 0.0003404140829932345, 0.0015778926649877567, 0.6633638679108299, 0.00322137228521967], "scale": [0.0336398147166075, 0.04700717545873638, 1.0, 20.498856652792597, 2.977434986467067, 2.3943437440905764, 0.8767840652574542, 0.038564754799017456, 0.4942552159000687, 1.1844700607355345, 0.013831690536909552, 0.02977630198399092, 0.0036252121962586543, 0.47850552471783525, 0.22129970448879144, 0.008678798190889125, 3.8150010108947754, 0.07543518087687745, 1.0, 1.0, 0.07704782515908984, 0.09357739536570142, 0.10365260429266149, 0.15999577934850906, 0.05343230898599345, 0.16687071319302402, 2.0, 7.0, 1.0, 0.027119907394687642, 0.014848577067749696, 0.24179635711726088, 0.03360087085821267], "features": ["SMA20_dist", "SMA50_dist", "sma_cross", "RSI14", "MACD", "MACD_sig", "MACD_hist", "BB_width", "BB_pos", "ATR14", "ret_1d", "ret_5d", "vol_10d", "vol_ratio", "obv_trend", "spy_ret_1d", "vix_level", "vix_change", "vix_regime", "asset_class", "ret_1m", "ret_3m", "ret_6m", "ret_12m", "high52w_dist", "low52w_dist", "day_of_week", "month", "is_options_expiry", "btc_ret_1d", "gold_ret_1d", "corr_spy_20d", "vwap_dist"]}