{"center": [0.03140497052894141, 0.056967666493915436, 1.0, 54.785478340102955, 0.08653451218727426, 0.07792589259155625, 0.02642262211588478, 0.33731786526827684, 0.6088604229646152, 0.57571428162711, -0.0023584322133207714, 0.018181800842285156, 0.05404419038136354, 0.9638615762544732, 1.0763509715296515, 0.0013579397972762752, 17.299999237060547, -0.007869662158076385, 1.0, 0.0, 0.050618649256085835, 0.15855174379522352, 0.33291297902066797, 0.0, -0.33071984874983357, 1.77456655364983, 2.0, 6.0, 0.0, 0.00038358610925337544, 0.0017481999132260562, 0.34792180151630003, 0.015934506492797276], "scale": [0.20436724224520436, 0.2997611716669625, 1.0, 27.178675165740984, 0.557778926617936, 0.5207275151400614, 0.19069613517488682, 0.26000180155671876, 0.5402056323209921, 0.37285714490073063, 0.06469694551900806, 0.1665888907820373, 0.023418068475091015, 0.6754867611975299, 0.48841224875703426, 0.008908586953720266, 4.159999847412109, 0.07545683579428641, 1.0, 1.0, 0.34688536105658097, 0.6180202752641649, 0.6603469643890102, 1.0752255177785084, 0.27207550722225426, 1.5702910048239467, 2.0, 6.0, 1.0, 0.029110723631847635, 0.013477145064078544, 0.3239403522423894, 0.18627792998351772], "features": ["SMA20_dist", "SMA50_dist", "sma_cross", "RSI14", "MACD", "MACD_sig", "MACD_hist", "BB_width", "BB_pos", "ATR14", "ret_1d", "ret_5d", "vol_10d", "vol_ratio", "obv_trend", "spy_ret_1d", "vix_level", "vix_change", "vix_regime", "asset_class", "ret_1m", "ret_3m", "ret_6m", "ret_12m", "high52w_dist", "low52w_dist", "day_of_week", "month", "is_options_expiry", "btc_ret_1d", "gold_ret_1d", "corr_spy_20d", "vwap_dist"]}