{"center": [0.007561751850836575, 0.0065095865799376495, 1.0, 52.33674281594152, 0.7048270115006829, 0.5454199512592298, 0.1090756568983342, 0.15082402574590242, 0.5522166901414175, 5.122852403646897, 0.00039755940001373613, 0.005315079630267783, 0.01946707763864565, 0.9269382356037834, 0.9841261746075362, 0.0006365110445835098, 17.494999885559082, -0.005254864671583648, 1.0, 0.0, 0.012715250689965929, 0.03070645384962345, 0.008575300154445742, 0.0, -0.12022370531777496, 0.2753332611169342, 2.0, 6.0, 0.0, -0.0007989160866231915, 0.001650071760848859, 0.5382091285910353, 0.007010398695181025], "scale": [0.08119919217559651, 0.14252946409875364, 1.0, 30.672323044144136, 7.923988409004835, 7.518560105022356, 1.8677810899963898, 0.09941203375960797, 0.5754988294843159, 1.480277923832194, 0.022697411306727977, 0.0623400309780294, 0.01079568939333661, 0.4009679964431718, 0.7081697345471966, 0.009221646950210938, 4.367501258850098, 0.07721301197719038, 1.0, 1.0, 0.15513591517410955, 0.23337139771024068, 0.17997066939126508, 0.0961979850730389, 0.1165504814868721, 0.3198857889053799, 2.0, 7.0, 1.0, 0.027235962609659325, 0.01521581485403753, 0.4133082897418232, 0.082287921969541], "features": ["SMA20_dist", "SMA50_dist", "sma_cross", "RSI14", "MACD", "MACD_sig", "MACD_hist", "BB_width", "BB_pos", "ATR14", "ret_1d", "ret_5d", "vol_10d", "vol_ratio", "obv_trend", "spy_ret_1d", "vix_level", "vix_change", "vix_regime", "asset_class", "ret_1m", "ret_3m", "ret_6m", "ret_12m", "high52w_dist", "low52w_dist", "day_of_week", "month", "is_options_expiry", "btc_ret_1d", "gold_ret_1d", "corr_spy_20d", "vwap_dist"]}