{"center": [-0.003026849699055107, -0.009715981946249938, 0.0, 49.142838458646, -0.0896226474173325, -0.07595969119308116, 0.014663973426047139, 0.07909923312730796, 0.4528925046957634, 0.42857115609305246, -0.0014613095782808339, 0.0, 0.012389554849766336, 0.9337284439722997, 1.0422307239552677, 0.0005563903663643455, 17.510000228881836, -0.006586862594382348, 1.0, 0.0, -0.01041666666666663, -0.014893633254030925, -0.03983231646728014, 0.0, -0.14389802015132883, 0.04228329877927266, 2.0, 6.0, 0.0, -9.567341618454961e-05, 0.001670691560653026, -0.03092737990654509, -0.004313636421794573], "scale": [0.037541914721419205, 0.06003835681325122, 1.0, 21.392701374956566, 0.4068592728051055, 0.36260712887565627, 0.1089081393791421, 0.03706146986620038, 0.49116591658460523, 0.18214293888637, 0.016603401805203533, 0.03537624244918175, 0.005511533605318173, 0.4914811723957009, 0.326092726220484, 0.009597698095777485, 3.839999198913574, 0.0785246186457379, 1.0, 1.0, 0.07677755016768528, 0.08016836827608564, 0.10380605160202439, 0.14925264182580167, 0.12968318401476842, 0.08396315913237687, 2.0, 7.0, 1.0, 0.02691746142150958, 0.015260651307223927, 0.4398506013092266, 0.03503539066871023], "features": ["SMA20_dist", "SMA50_dist", "sma_cross", "RSI14", "MACD", "MACD_sig", "MACD_hist", "BB_width", "BB_pos", "ATR14", "ret_1d", "ret_5d", "vol_10d", "vol_ratio", "obv_trend", "spy_ret_1d", "vix_level", "vix_change", "vix_regime", "asset_class", "ret_1m", "ret_3m", "ret_6m", "ret_12m", "high52w_dist", "low52w_dist", "day_of_week", "month", "is_options_expiry", "btc_ret_1d", "gold_ret_1d", "corr_spy_20d", "vwap_dist"]}