{"center": [0.017482962285126323, 0.05016378334003606, 1.0, 55.7905825317232, 2.4395107540679817, 2.557080962410619, -0.13895078981009767, 0.14343954058053185, 0.633221027111533, 6.351218718903518, 0.00039642888221780304, 0.00360583455943031, 0.01971427104162641, 0.8868608788926158, 1.020186548182854, 0.001151803537192908, 17.479999542236328, -0.006626930447881874, 1.0, 0.0, 0.04507692337528102, 0.13310645784018105, 0.10388893611242467, 0.11062396899885107, -0.0718529398601171, 0.6089901570308979, 2.0, 7.0, 0.0, 0.0008014800420892421, 0.0019715725978484144, 0.4910368052753196, 0.018953807389829404], "scale": [0.06144619691557508, 0.11248569722569693, 1.0, 24.211960327770967, 4.8244400831202086, 4.118635998100128, 1.8334180086278777, 0.14420791351976414, 0.45034138420076403, 3.8667453062213175, 0.028904064071717084, 0.05987870436561882, 0.01102371573459059, 0.4571480297509741, 0.1504590893197545, 0.008768590788622688, 3.760000228881836, 0.07844142134323484, 1.0, 1.0, 0.1136326285071152, 0.2724560704501543, 0.40263639748341973, 0.4597376261136499, 0.15888426665151908, 0.21403310734003328, 2.0, 7.0, 1.0, 0.026840451113742447, 0.015089221359314342, 0.32084116158278914, 0.062240318059000974], "features": ["SMA20_dist", "SMA50_dist", "sma_cross", "RSI14", "MACD", "MACD_sig", "MACD_hist", "BB_width", "BB_pos", "ATR14", "ret_1d", "ret_5d", "vol_10d", "vol_ratio", "obv_trend", "spy_ret_1d", "vix_level", "vix_change", "vix_regime", "asset_class", "ret_1m", "ret_3m", "ret_6m", "ret_12m", "high52w_dist", "low52w_dist", "day_of_week", "month", "is_options_expiry", "btc_ret_1d", "gold_ret_1d", "corr_spy_20d", "vwap_dist"]}