{"center": [0.00613415290866401, 0.0161946326474177, 1.0, 50.40338241711841, 0.963070495425967, 0.4871405278547721, -0.018857473870017127, 0.1306822030034447, 0.5489716177843581, 5.717141287667411, 0.0008004655131756966, 0.003943575349052653, 0.01855303545498737, 0.8801193107518545, 1.001796800406093, 0.0007044991031190939, 17.479999542236328, -0.005025144893802347, 1.0, 0.0, 0.0069038657826256955, 0.027990679874598356, 0.04642332642589264, 0.06704005049629314, -0.09433373772592174, 0.38524058706178876, 2.0, 6.0, 0.0, -0.0016352711961346023, 0.001677776649860796, 0.3545243890619815, 0.005368931787274163], "scale": [0.06949347487031846, 0.10699785666411075, 1.0, 28.002591341200528, 5.860324975644659, 5.820516654553128, 2.120138689663046, 0.10462163572149207, 0.5430013730895116, 1.749285016741072, 0.023916351645571488, 0.06387961716677404, 0.008454179748813169, 0.4407464195806352, 0.19404682956996144, 0.009633444459341889, 3.8500003814697266, 0.08127532834503393, 1.0, 1.0, 0.12564372954040504, 0.19498902959710995, 0.20033638627567685, 0.32081343900612147, 0.10035443249563758, 0.3585047294785909, 2.0, 7.0, 1.0, 0.028353346679886093, 0.015915721834795837, 0.42135113281693276, 0.07048908799339895], "features": ["SMA20_dist", "SMA50_dist", "sma_cross", "RSI14", "MACD", "MACD_sig", "MACD_hist", "BB_width", "BB_pos", "ATR14", "ret_1d", "ret_5d", "vol_10d", "vol_ratio", "obv_trend", "spy_ret_1d", "vix_level", "vix_change", "vix_regime", "asset_class", "ret_1m", "ret_3m", "ret_6m", "ret_12m", "high52w_dist", "low52w_dist", "day_of_week", "month", "is_options_expiry", "btc_ret_1d", "gold_ret_1d", "corr_spy_20d", "vwap_dist"]}