{"center": [0.012872451467997214, 0.03559119733700511, 1.0, 56.552809763623216, 2.2980532824596906, 2.1275687628876443, -0.07868982723750495, 0.09993937107743625, 0.6684888549456278, 4.500261536301402, 0.0015522140678960739, 0.005119325198912672, 0.014354621252679594, 0.8809131945057378, 1.0417320307751035, 0.0013669450371407432, 17.38499927520752, -0.007287674739285488, 1.0, 0.0, 0.025420037180732602, 0.08621622045268029, 0.12018804732961796, 0.2685916071515706, -0.028151087174253034, 0.4798670076355017, 2.0, 6.0, 0.0, -0.0003300754485222601, 0.0009256230818284195, 0.8811941373480394, 0.015573099714064832], "scale": [0.045904626835857505, 0.08570317631645588, 1.0, 23.91859592773462, 4.855213816921349, 4.923002814952066, 1.3906504215157802, 0.07636455230630611, 0.4451269883324025, 3.0007905325411444, 0.018467059531180025, 0.04725412426305314, 0.007508149955752856, 0.6279778957144323, 0.4368086878281936, 0.00897080664069888, 3.982499599456787, 0.08021251820380543, 1.0, 1.0, 0.0869159464554271, 0.16582889908497006, 0.23011585122136735, 0.40694325406000015, 0.05946517319869214, 0.41590115576403036, 2.0, 7.0, 1.0, 0.026107465305319794, 0.014935951966450367, 0.07777405617628597, 0.045565863486226724], "features": ["SMA20_dist", "SMA50_dist", "sma_cross", "RSI14", "MACD", "MACD_sig", "MACD_hist", "BB_width", "BB_pos", "ATR14", "ret_1d", "ret_5d", "vol_10d", "vol_ratio", "obv_trend", "spy_ret_1d", "vix_level", "vix_change", "vix_regime", "asset_class", "ret_1m", "ret_3m", "ret_6m", "ret_12m", "high52w_dist", "low52w_dist", "day_of_week", "month", "is_options_expiry", "btc_ret_1d", "gold_ret_1d", "corr_spy_20d", "vwap_dist"]}