{"center": [0.019409892532854016, 0.05077147544349783, 1.0, 56.53786227413585, 0.8895991052082444, 0.8694156396988242, 0.0029089425992678275, 0.12250632330209828, 0.6749131596236869, 1.2219937819879836, 0.0019024469693180723, 0.009703347117479555, 0.016053748854612616, 0.9833728741246417, 1.0130652947539955, 0.0013669450371407432, 17.289999961853027, -0.0067012664712571834, 1.0, 0.0, 0.04454219388765168, 0.19512043559208103, 0.35686231218053066, 0.22613300153341065, -0.07192634889574587, 0.5123672331010303, 2.0, 6.0, 0.0, -0.0011564734544893818, 0.00195494092813997, 0.6453361288075947, 0.01990588010056339], "scale": [0.07902912661142758, 0.1337610235737455, 0.75, 24.44546253637025, 2.971590709780214, 2.8244817347745097, 0.6643928307368203, 0.13620510936463426, 0.5285116616091998, 2.7729529862198814, 0.024751173251107345, 0.05955764793276144, 0.013692131675351115, 0.5547843733453217, 0.3736538002132197, 0.009313730362485784, 3.9600000381469727, 0.0843238537325095, 1.0, 1.0, 0.15028901464087688, 0.3020134313385275, 0.6381104996994609, 1.2727655066035397, 0.13581334966583625, 1.3766965621737908, 2.0, 7.0, 1.0, 0.026868846440676247, 0.015747603168234425, 0.287593110389978, 0.06998927007442074], "features": ["SMA20_dist", "SMA50_dist", "sma_cross", "RSI14", "MACD", "MACD_sig", "MACD_hist", "BB_width", "BB_pos", "ATR14", "ret_1d", "ret_5d", "vol_10d", "vol_ratio", "obv_trend", "spy_ret_1d", "vix_level", "vix_change", "vix_regime", "asset_class", "ret_1m", "ret_3m", "ret_6m", "ret_12m", "high52w_dist", "low52w_dist", "day_of_week", "month", "is_options_expiry", "btc_ret_1d", "gold_ret_1d", "corr_spy_20d", "vwap_dist"]}