{"center": [0.004486630885884246, 0.03517562059898202, 1.0, 53.02943256415206, 0.7842189125268817, 0.8090574540732731, -0.03832018945182203, 0.1255388473651873, 0.5529945036153205, 2.2041424342564175, 0.0014773474748199789, 0.001721286550995016, 0.017635758343740038, 0.9227845950344791, 1.030013387022354, 0.0012149009854593995, 17.440000534057617, -0.005700987146387504, 1.0, 0.0, 0.02971421251636952, 0.06468662362501576, 0.04606894165987807, 0.0033089800853719487, -0.07637874121415607, 0.33524626680154146, 2.0, 6.0, 0.0, -0.0012267572257766424, 0.0007764358777558877, 0.3653403508423032, 0.0022980232700045393], "scale": [0.06670538405455277, 0.1097792328335131, 1.0, 26.359798328372555, 2.540851307964605, 2.1258755753360603, 0.8516935387161666, 0.10116577970165229, 0.51285782811034, 1.1614648274012978, 0.022540204862557228, 0.055854478234668326, 0.012889448674614017, 0.4524576033209683, 0.14172865450665384, 0.008691649057444045, 4.232499599456787, 0.0833487812809694, 1.0, 1.0, 0.1392366923972058, 0.1787756347662794, 0.1458974812454707, 0.17892708264423657, 0.08327143372774409, 0.17737707979268236, 2.0, 7.0, 1.0, 0.025667815305314617, 0.014517799400754094, 0.32619278032970106, 0.06643620734181338], "features": ["SMA20_dist", "SMA50_dist", "sma_cross", "RSI14", "MACD", "MACD_sig", "MACD_hist", "BB_width", "BB_pos", "ATR14", "ret_1d", "ret_5d", "vol_10d", "vol_ratio", "obv_trend", "spy_ret_1d", "vix_level", "vix_change", "vix_regime", "asset_class", "ret_1m", "ret_3m", "ret_6m", "ret_12m", "high52w_dist", "low52w_dist", "day_of_week", "month", "is_options_expiry", "btc_ret_1d", "gold_ret_1d", "corr_spy_20d", "vwap_dist"]}