{"center": [-0.0008676381936185047, 0.004746273790732192, 0.0, 49.90725111448482, 0.1014420204498876, -0.00665819203115401, -0.04735833236912668, 0.08767635786185583, 0.48871374052105926, 2.0800222465760707, 0.0001782048073634135, 0.0022554412711257577, 0.011952945376830983, 0.9389096421602463, 0.9663485308985105, 0.0012602095048520612, 17.5600004196167, -0.006606896521132111, 1.0, 0.0, 0.0018292366706383345, -0.003694581704098976, 0.0, 0.0, -0.08679249524185162, 0.2976613816530316, 2.0, 6.0, 0.0, 0.00035304210520692436, 0.0019584029907330214, 0.47468044601378556, 1.869758723209142e-05], "scale": [0.045458914967082265, 0.07847609102093478, 1.0, 23.714506669933307, 2.320084294997173, 1.904280734126914, 0.6856474136511599, 0.06074412204624345, 0.5342452695977193, 0.5106393046857183, 0.01749658347867622, 0.037964522718633126, 0.005540373846925385, 0.37768733362208984, 0.4769274997210591, 0.008855347248120066, 4.192501068115234, 0.08331614500173995, 1.0, 1.0, 0.105482819802755, 0.16105530211185418, 0.1588224966080767, 0.14565045397562332, 0.11376689994652203, 0.23174865878717796, 2.0, 7.0, 1.0, 0.028084256423141413, 0.01583955345183305, 0.31246634250867056, 0.04541387764771367], "features": ["SMA20_dist", "SMA50_dist", "sma_cross", "RSI14", "MACD", "MACD_sig", "MACD_hist", "BB_width", "BB_pos", "ATR14", "ret_1d", "ret_5d", "vol_10d", "vol_ratio", "obv_trend", "spy_ret_1d", "vix_level", "vix_change", "vix_regime", "asset_class", "ret_1m", "ret_3m", "ret_6m", "ret_12m", "high52w_dist", "low52w_dist", "day_of_week", "month", "is_options_expiry", "btc_ret_1d", "gold_ret_1d", "corr_spy_20d", "vwap_dist"]}