{"center": [0.011810742856411743, 0.02180266281886955, 1.0, 51.99205058359988, 0.22187222624254588, 0.253868404443947, 0.006077336079696183, 0.13680247646776447, 0.5958842916487667, 1.193599418144799, -0.00018273808211388687, 0.005070015216521728, 0.020133293499588183, 0.8949449899589734, 0.9823957911776608, 0.001277977174232836, 17.610000610351562, -0.006586862594382348, 1.0, 0.0, 0.013908461721969134, 0.027726927267624824, 0.06867778315411899, 0.0, -0.08800193958640028, 0.5730106411617469, 2.0, 6.0, 0.0, -0.0008264678561502592, 0.0015753722020723782, 0.8080088409798927, 0.010083943646272667], "scale": [0.07077396572188727, 0.12936330153947725, 1.0, 25.326661661791107, 1.5127550259629494, 1.4038844298683844, 0.380865908654036, 0.09516823241317446, 0.547739579566112, 0.36485140369825375, 0.02562236084700298, 0.05964245630848425, 0.009771926033509966, 0.51738060279729, 0.29405521138910395, 0.008726571712379116, 3.984999656677246, 0.08065254374227737, 1.0, 1.0, 0.14243378640594384, 0.3850475970667164, 0.4162589766755306, 0.30332196973663583, 0.23725054644131138, 0.4416589973060421, 2.0, 7.0, 1.0, 0.02887253920219407, 0.0152434312913996, 0.1964190078354443, 0.07009313967161035], "features": ["SMA20_dist", "SMA50_dist", "sma_cross", "RSI14", "MACD", "MACD_sig", "MACD_hist", "BB_width", "BB_pos", "ATR14", "ret_1d", "ret_5d", "vol_10d", "vol_ratio", "obv_trend", "spy_ret_1d", "vix_level", "vix_change", "vix_regime", "asset_class", "ret_1m", "ret_3m", "ret_6m", "ret_12m", "high52w_dist", "low52w_dist", "day_of_week", "month", "is_options_expiry", "btc_ret_1d", "gold_ret_1d", "corr_spy_20d", "vwap_dist"]}