{"center": [-0.003431082088197744, -0.008292878247715373, 0.0, 49.46807296419714, -0.009179517453862474, -0.012833210564055068, 0.009758226364566136, 0.21788511696628626, 0.4785267224041392, 0.27357142312186106, 0.00228304835237525, 0.0075757502779743024, 0.03611456109979265, 0.8955494588095332, 1.0200176019898617, 0.0009004595313388819, 17.280000686645508, -0.0046113733261696765, 1.0, 0.0, -0.008928562875609058, -0.0022727792420651483, 0.0, 0.07494149252711302, -0.3548795641672039, 0.4926686288771597, 2.0, 6.0, 0.0, 0.00038358610925337544, 0.0017929035935666526, 0.20694369331459078, -0.007760400853525857], "scale": [0.11602872371802292, 0.23511343214137853, 1.0, 18.89987883651493, 0.30184032741590094, 0.3141996563343893, 0.06348186546671858, 0.17042924584518757, 0.5060496095437924, 0.11714289869580949, 0.04970086836275922, 0.09895952172173461, 0.01839523733014622, 0.4755122416076084, 0.1285174283004904, 0.009894745767498936, 4.280000686645508, 0.08351789453833136, 1.0, 1.0, 0.22161899544664676, 0.4120168826288686, 0.27854185381497387, 0.281306651454033, 0.16476555294466894, 0.5217896689978647, 2.0, 6.0, 1.0, 0.028536606148248933, 0.015190859247662725, 0.3663346116131203, 0.12062098984560964], "features": ["SMA20_dist", "SMA50_dist", "sma_cross", "RSI14", "MACD", "MACD_sig", "MACD_hist", "BB_width", "BB_pos", "ATR14", "ret_1d", "ret_5d", "vol_10d", "vol_ratio", "obv_trend", "spy_ret_1d", "vix_level", "vix_change", "vix_regime", "asset_class", "ret_1m", "ret_3m", "ret_6m", "ret_12m", "high52w_dist", "low52w_dist", "day_of_week", "month", "is_options_expiry", "btc_ret_1d", "gold_ret_1d", "corr_spy_20d", "vwap_dist"]}