{"center": [0.0017711817171084522, 0.004620953620765909, 1.0, 62.331512819822976, 0.03187338767921588, 0.0329017633761302, 0.0005025659044690239, 0.007825122059849652, 0.749624803868299, 0.03611744583742344, 0.00018912353722799757, 0.0009549143527722848, 0.000983666064371882, 0.5905826017557861, 1.0428781148119197, 0.0005686124327104469, 17.700000762939453, -0.005681812794001595, 1.0, 0.0, 0.004061898620269178, 0.012099886877285249, 0.021900195218482743, 0.040065668169129154, -0.0013415368577707914, 0.05080875042084476, 2.0, 6.0, 0.0, -0.0014864790528285043, 0.0014259144001700363, -0.018924107925533392, 0.0018959393485973846], "scale": [0.0033867252979622505, 0.005554337376284867, 1.0, 21.812199894103955, 0.04161268604936019, 0.039789400930642406, 0.011111993778970848, 0.004796547182881512, 0.3604069203395711, 0.009739564044211182, 0.0013199099123547553, 0.0032491780260176517, 0.00041399982104601944, 0.766717399729342, 0.2161948456871836, 0.009049062850275402, 4.619999885559082, 0.08378146972867545, 1.0, 1.0, 0.0071274020584325415, 0.009572086848379624, 0.017068834774819797, 0.05672334448948102, 0.0036462858414074814, 0.024349107827119985, 2.0, 7.0, 1.0, 0.02816318156061126, 0.01689944609709737, 0.4227298278578575, 0.003634990736195584], "features": ["SMA20_dist", "SMA50_dist", "sma_cross", "RSI14", "MACD", "MACD_sig", "MACD_hist", "BB_width", "BB_pos", "ATR14", "ret_1d", "ret_5d", "vol_10d", "vol_ratio", "obv_trend", "spy_ret_1d", "vix_level", "vix_change", "vix_regime", "asset_class", "ret_1m", "ret_3m", "ret_6m", "ret_12m", "high52w_dist", "low52w_dist", "day_of_week", "month", "is_options_expiry", "btc_ret_1d", "gold_ret_1d", "corr_spy_20d", "vwap_dist"]}