{"center": [0.0019886786531180616, 0.003269061889121645, 1.0, 54.08160233568315, 0.02995366682406697, 0.025535888145779874, 0.0022811727442392446, 0.01984725853341632, 0.6198158495594471, 0.13878060795929034, 0.0003039044719979067, 0.0006036503609272437, 0.003262836619359545, 0.6299212598425197, 1.0156067025784061, 0.0009012287764704752, 17.600000381469727, -0.005579556721748813, 1.0, 0.0, 0.00312019403787156, 0.006034985383532643, 0.00913586662897048, 0.005506621218154262, -0.012417644386383283, 0.05861810080687808, 2.0, 6.0, 0.0, -9.567341618454961e-05, 0.0020064107533963593, 0.06601216818195162, 0.0021373682906179726], "scale": [0.008830795618262673, 0.013327465878989753, 1.0, 20.296429669952623, 0.12346184029684792, 0.11641876279005359, 0.04317686198660357, 0.016147424059385358, 0.46697296936842037, 0.049501554883234336, 0.004529385063058666, 0.0090986353326733, 0.0017115576161721132, 0.9506677389118825, 0.09502254685490963, 0.008857962187474477, 4.289999008178711, 0.08326112811329078, 1.0, 1.0, 0.016772087996760665, 0.023026451292612382, 0.02431320981266083, 0.033055268423238804, 0.012066093961504449, 0.037671035440902764, 2.0, 7.0, 1.0, 0.02632903001287401, 0.014310535749416986, 0.6137790847300808, 0.009105535897878984], "features": ["SMA20_dist", "SMA50_dist", "sma_cross", "RSI14", "MACD", "MACD_sig", "MACD_hist", "BB_width", "BB_pos", "ATR14", "ret_1d", "ret_5d", "vol_10d", "vol_ratio", "obv_trend", "spy_ret_1d", "vix_level", "vix_change", "vix_regime", "asset_class", "ret_1m", "ret_3m", "ret_6m", "ret_12m", "high52w_dist", "low52w_dist", "day_of_week", "month", "is_options_expiry", "btc_ret_1d", "gold_ret_1d", "corr_spy_20d", "vwap_dist"]}