{"center": [0.005157203912577105, 0.01964361536149499, 1.0, 53.68772934176934, 0.704396000025902, 0.7607315759122817, -0.059741734724074846, 0.057215400114425385, 0.6085507282193687, 1.5727425286917938, -3.924656955744954e-05, 0.0020348073642475484, 0.00915538582804178, 0.8948304060497416, 1.0309910653857974, 0.001513865109399548, 17.494999885559082, -0.005254864671583648, 1.0, 0.0, 0.01013620112440694, 0.02999406130069937, 0.033306235663605466, 0.02908001092997181, -0.028318187976013938, 0.2361860178497807, 2.0, 6.0, 0.0, 0.0008608689260511948, 0.0021520129299148483, 0.6930387556865268, 0.005603692347944654], "scale": [0.030862734647749454, 0.04245397797474979, 1.0, 24.464573090493765, 1.7237022166445222, 1.638029991449899, 0.5373580153100559, 0.04026551502320351, 0.5158711850543564, 0.4836738663563658, 0.010768075336300392, 0.027694472572123097, 0.0037750420987191623, 0.5697115847028453, 0.30660286303584183, 0.008668654119785651, 4.232499599456787, 0.08229131776346377, 1.0, 1.0, 0.06718766302185417, 0.08897241708698683, 0.09463575514766276, 0.13926793816305133, 0.04946033924560847, 0.09051553851495425, 2.0, 7.0, 1.0, 0.02696844376481619, 0.01466561886860332, 0.22812397272026186, 0.030953742028494977], "features": ["SMA20_dist", "SMA50_dist", "sma_cross", "RSI14", "MACD", "MACD_sig", "MACD_hist", "BB_width", "BB_pos", "ATR14", "ret_1d", "ret_5d", "vol_10d", "vol_ratio", "obv_trend", "spy_ret_1d", "vix_level", "vix_change", "vix_regime", "asset_class", "ret_1m", "ret_3m", "ret_6m", "ret_12m", "high52w_dist", "low52w_dist", "day_of_week", "month", "is_options_expiry", "btc_ret_1d", "gold_ret_1d", "corr_spy_20d", "vwap_dist"]}