{"center": [0.005008347245409015, 0.013012083374487523, 1.0, 51.964414985069226, 0.14568845314916246, 0.12179570848462631, -0.05381472544066834, 0.12476552382748221, 0.5569374641068034, 1.632857322692871, 0.001494298817352524, 0.001058225299859883, 0.019426245314767856, 0.9324443458410449, 1.036720400909098, 0.0005563903663643455, 17.790000915527344, -0.002595714617073419, 1.0, 0.0, 0.011915994838136656, 0.0, 0.005256952886456112, 0.0, -0.17527959979957025, 0.6715013330878927, 2.0, 6.0, 0.0, -0.002374738351372918, 0.0020516615880092903, 0.30841426164857405, 0.0054102736086294265], "scale": [0.06652625954507427, 0.12846931796286204, 1.0, 23.11931728253238, 1.6299454455374693, 1.663854860873448, 0.4882724207997733, 0.1098992241720763, 0.5276718141441055, 0.9749995640345983, 0.026912541643434262, 0.06075336933288711, 0.010783644731520794, 0.4242200472464315, 0.17483822183143694, 0.00982056450220492, 4.1399993896484375, 0.07609111455879414, 1.0, 1.0, 0.12379164893665029, 0.3634231305747445, 0.9468955850343967, 1.1894335075166143, 0.2751674511119723, 1.7431163050549545, 2.0, 7.0, 1.0, 0.029601522932119262, 0.0162253608425299, 0.32194413572956143, 0.07117936667848192], "features": ["SMA20_dist", "SMA50_dist", "sma_cross", "RSI14", "MACD", "MACD_sig", "MACD_hist", "BB_width", "BB_pos", "ATR14", "ret_1d", "ret_5d", "vol_10d", "vol_ratio", "obv_trend", "spy_ret_1d", "vix_level", "vix_change", "vix_regime", "asset_class", "ret_1m", "ret_3m", "ret_6m", "ret_12m", "high52w_dist", "low52w_dist", "day_of_week", "month", "is_options_expiry", "btc_ret_1d", "gold_ret_1d", "corr_spy_20d", "vwap_dist"]}