{"center": [-0.03579420478865658, -0.08729013161524464, 0.0, 44.8656123576758, -1.8895500112769312, -2.052303376862133, 0.24487061287500866, 0.3241438402756768, 0.36424893915511114, 5.532856804983957, -0.0016751701798624063, -0.003289301127516908, 0.055845259113780174, 0.9813100372505649, 0.970815934993942, 0.0005625013995373962, 17.824999809265137, -0.005254864671583648, 1.0, 0.0, -0.05343684829193446, -0.19325197375560937, -0.17292226261654214, -0.28329489397305846, -0.7140259458319382, 0.11427875985606314, 2.0, 6.0, 0.0, -0.00016245832696676343, 0.0003642325043460293, -0.8741005976964975, -0.04690300255292135], "scale": [0.13342440257790464, 0.23730089605995416, 1.0, 21.184063731212284, 4.505992812812794, 4.419561883059839, 0.987766727941995, 0.21945834282494406, 0.40746478293392874, 6.091246128082275, 0.06568023641900608, 0.12484259682037432, 0.03889992684476659, 0.49437212106978334, 0.8827885201000255, 0.0093696550989254, 4.174999713897705, 0.08389177152576993, 1.0, 1.0, 0.30267799188433586, 0.412349606861166, 0.4390310782027458, 0.6060745482764889, 0.13225523846136933, 0.2572075643386724, 2.0, 7.0, 1.0, 0.030824874269185232, 0.01423672702112852, 0.0941207582321949, 0.13299458449648394], "features": ["SMA20_dist", "SMA50_dist", "sma_cross", "RSI14", "MACD", "MACD_sig", "MACD_hist", "BB_width", "BB_pos", "ATR14", "ret_1d", "ret_5d", "vol_10d", "vol_ratio", "obv_trend", "spy_ret_1d", "vix_level", "vix_change", "vix_regime", "asset_class", "ret_1m", "ret_3m", "ret_6m", "ret_12m", "high52w_dist", "low52w_dist", "day_of_week", "month", "is_options_expiry", "btc_ret_1d", "gold_ret_1d", "corr_spy_20d", "vwap_dist"]}