{"center": [0.0028835464291550508, 0.009028526355136946, 1.0, 52.048129067959024, 0.2755620215193133, 0.2653561846231037, -0.02116344427924957, 0.0507922436938998, 0.584094657128535, 1.055693482146574, 0.0005193159180546525, 0.002116659760399764, 0.008925750419118576, 0.4338833399030566, 1.038776188184036, 0.0012149076348427768, 17.5600004196167, -0.007885968150674327, 1.0, 0.0, 0.005645369614810547, 0.02170547413506385, 0.017634117739894983, 0.0, -0.04540148865746448, 0.14878534352440304, 2.0, 6.0, 0.0, -0.0018336589963325878, 0.002023732545861412, 0.3988254344062198, 0.0034757497615303147], "scale": [0.025694965878088505, 0.031387178708030206, 1.0, 17.734140226660436, 0.7574106855773799, 0.6508372018420207, 0.3291315458315194, 0.024713803180498456, 0.48894227781090793, 0.28006020802344544, 0.01157920729892975, 0.02415446838423263, 0.004057838880942559, 0.49992443492058036, 0.2705214556480723, 0.008907267104548838, 4.190001010894775, 0.07831629454217404, 1.0, 1.0, 0.0412720063714517, 0.06785310573504627, 0.0643130709515124, 0.05315877811883285, 0.054063580249043876, 0.07905998892378091, 2.0, 7.0, 1.0, 0.026908878673496617, 0.014900281422473488, 0.37485230520202656, 0.025260466488697716], "features": ["SMA20_dist", "SMA50_dist", "sma_cross", "RSI14", "MACD", "MACD_sig", "MACD_hist", "BB_width", "BB_pos", "ATR14", "ret_1d", "ret_5d", "vol_10d", "vol_ratio", "obv_trend", "spy_ret_1d", "vix_level", "vix_change", "vix_regime", "asset_class", "ret_1m", "ret_3m", "ret_6m", "ret_12m", "high52w_dist", "low52w_dist", "day_of_week", "month", "is_options_expiry", "btc_ret_1d", "gold_ret_1d", "corr_spy_20d", "vwap_dist"]}