{"center": [0.008077094261190703, 0.025359851491012865, 1.0, 55.53308334259849, 1.8546998795177956, 2.0104349089300437, -0.07796827754063962, 0.06615269269948512, 0.6251908386720417, 3.638479743109936, -0.00026892557834101716, 0.0027344446810102507, 0.009689491185098072, 0.8972413480703025, 0.987041164369589, 0.0014609058966514876, 17.440000534057617, -0.009244158887228515, 1.0, 0.0, 0.0206177868948918, 0.04051137175234487, 0.04807809727630441, 0.011758910557871927, -0.028975537563120518, 0.26558861265299266, 2.0, 6.0, 0.0, -0.00022924323774897726, 0.001677776649860796, 0.843554985943535, 0.008972229359639006], "scale": [0.028140133720906374, 0.047172865544902444, 1.0, 18.701911225550205, 2.7757275313578447, 3.006529840220326, 0.9616281048969069, 0.047753870209044605, 0.4415773863058545, 1.2238365733104062, 0.01247767285866952, 0.027548637496073947, 0.004388169036003493, 0.4681530939077261, 0.5555778593280214, 0.008612432739433351, 3.9850001335144043, 0.07476608172909205, 1.0, 1.0, 0.05476032131183911, 0.07313101220271156, 0.12718653394016155, 0.1306339721371108, 0.06157275809432815, 0.18331205035928305, 2.0, 7.0, 1.0, 0.026976396610064346, 0.01448791894441459, 0.135937347484972, 0.027256679746508063], "features": ["SMA20_dist", "SMA50_dist", "sma_cross", "RSI14", "MACD", "MACD_sig", "MACD_hist", "BB_width", "BB_pos", "ATR14", "ret_1d", "ret_5d", "vol_10d", "vol_ratio", "obv_trend", "spy_ret_1d", "vix_level", "vix_change", "vix_regime", "asset_class", "ret_1m", "ret_3m", "ret_6m", "ret_12m", "high52w_dist", "low52w_dist", "day_of_week", "month", "is_options_expiry", "btc_ret_1d", "gold_ret_1d", "corr_spy_20d", "vwap_dist"]}