{"center": [0.008469865318934976, 0.02216157879413206, 1.0, 58.23659715988714, 3.765997595303247, 3.7310390052837583, -0.14059635075523413, 0.04983765443968985, 0.6867586436012694, 6.133158409016302, 0.0004971022933237812, 0.004051363658006846, 0.00756815805620014, 0.9163683029948776, 1.0482369586732134, 0.0008305544118971664, 17.420000076293945, -0.0067330833557224246, 1.0, 0.0, 0.019788801710941217, 0.044385047739692096, 0.05990129825495494, 0.13327829187129825, -0.010160171664884842, 0.2593914302117358, 2.0, 6.0, 0.0, -0.0015742310644737412, 0.001423505566895189, 0.9997635169407468, 0.009827207963344388], "scale": [0.021428555261923173, 0.03660801650584443, 1.0, 22.04424473649756, 4.808912323980664, 4.483936109161991, 1.5155948776554502, 0.03231520876991717, 0.4051530815090254, 2.562155649460525, 0.008920609056488754, 0.023105952756261844, 0.004139458085298222, 0.5021736970637682, 0.23891767844433365, 0.00871118635858345, 3.9025001525878906, 0.07614909942927217, 1.0, 1.0, 0.040620514446107425, 0.07480878624903753, 0.11135109938602639, 0.18133631688104374, 0.02522871703670534, 0.20150981791702266, 2.0, 7.0, 1.0, 0.02664665777049499, 0.013931021629141366, 0.00022802664999155287, 0.02062302720217083], "features": ["SMA20_dist", "SMA50_dist", "sma_cross", "RSI14", "MACD", "MACD_sig", "MACD_hist", "BB_width", "BB_pos", "ATR14", "ret_1d", "ret_5d", "vol_10d", "vol_ratio", "obv_trend", "spy_ret_1d", "vix_level", "vix_change", "vix_regime", "asset_class", "ret_1m", "ret_3m", "ret_6m", "ret_12m", "high52w_dist", "low52w_dist", "day_of_week", "month", "is_options_expiry", "btc_ret_1d", "gold_ret_1d", "corr_spy_20d", "vwap_dist"]}