{"center": [0.008461764842962962, 0.021711040172092574, 1.0, 55.57212951536073, 0.4933122562075596, 0.5316091634816711, -0.01322835595956312, 0.04949934344984582, 0.6918353395398286, 0.6848789125545319, 0.001197871878870771, 0.003244600001629072, 0.007626651654063347, 0.8567389899265907, 1.0152220494142212, 0.0007605411152529218, 17.610000610351562, -0.0046113733261696765, 1.0, 0.0, 0.01927389926426981, 0.05120880702259312, 0.10656360621920369, 0.1679569929989284, -0.01446723833343258, 0.24746362135429456, 2.0, 6.0, 0.0, -1.9742508661990676e-05, 0.0019404068737312041, 0.7622526730444983, 0.009945412528037805], "scale": [0.02101984253119613, 0.03360663881204008, 1.0, 18.969157156133875, 0.6317966585295096, 0.5164043566043433, 0.2171923785535554, 0.022978141607021135, 0.4236991081695491, 0.3219635220250622, 0.010130855938303096, 0.02135103982886155, 0.0036103352309972223, 0.5324090370550075, 0.26337058902997224, 0.008930297137163756, 3.6100006103515625, 0.08064036236970817, 1.0, 1.0, 0.039971495526034406, 0.060066294160035394, 0.14207011545614678, 0.24393019971024343, 0.031046382109785553, 0.2290618387483485, 2.0, 7.0, 1.0, 0.028107753758130127, 0.015719852171108384, 0.15923245473014924, 0.02180287185247272], "features": ["SMA20_dist", "SMA50_dist", "sma_cross", "RSI14", "MACD", "MACD_sig", "MACD_hist", "BB_width", "BB_pos", "ATR14", "ret_1d", "ret_5d", "vol_10d", "vol_ratio", "obv_trend", "spy_ret_1d", "vix_level", "vix_change", "vix_regime", "asset_class", "ret_1m", "ret_3m", "ret_6m", "ret_12m", "high52w_dist", "low52w_dist", "day_of_week", "month", "is_options_expiry", "btc_ret_1d", "gold_ret_1d", "corr_spy_20d", "vwap_dist"]}