{"center": [-0.006885276324688113, 0.015134073281459716, 1.0, 47.86778220635259, 0.5899073400646841, 0.8783872015040632, -0.3700636837979787, 0.1944365819339242, 0.46785802510771923, 7.346624227969061, -0.0010225120919683528, -0.006564789263452497, 0.026545625985698026, 0.9475662748188841, 1.0492070372536952, 0.000564447547122704, 17.494999885559082, -0.005118433089179364, 1.0, 0.0, 0.014218356840988933, 0.0013782556451701344, 0.0, 0.0, -0.18513418124777645, 0.4042940595565822, 2.0, 6.0, 0.0, -0.0011698293944815696, 0.002054320244525898, 0.5266179447836751, -0.007557507708851085], "scale": [0.11063694554067446, 0.23970564530141175, 1.0, 29.826179348991126, 11.66280115509364, 11.131670317743026, 2.2617952768256777, 0.1500822897440078, 0.5923511212192981, 3.825630505941543, 0.034057181034013145, 0.08846057965506138, 0.015777985512005138, 0.5559601758803525, 0.37091630034299683, 0.00872270725514468, 4.312500953674316, 0.08232356324704543, 1.0, 1.0, 0.2513055166859255, 0.46478744382930665, 0.5013858746582628, 0.2504946656869347, 0.36467937589288246, 0.45193933895819, 2.0, 7.0, 1.0, 0.026954442269573248, 0.015689749242609935, 0.3276046122035506, 0.11080901885735367], "features": ["SMA20_dist", "SMA50_dist", "sma_cross", "RSI14", "MACD", "MACD_sig", "MACD_hist", "BB_width", "BB_pos", "ATR14", "ret_1d", "ret_5d", "vol_10d", "vol_ratio", "obv_trend", "spy_ret_1d", "vix_level", "vix_change", "vix_regime", "asset_class", "ret_1m", "ret_3m", "ret_6m", "ret_12m", "high52w_dist", "low52w_dist", "day_of_week", "month", "is_options_expiry", "btc_ret_1d", "gold_ret_1d", "corr_spy_20d", "vwap_dist"]}