{"center": [0.0075034190955230295, 0.0237692701663251, 1.0, 55.81788441756778, 0.15267991518459567, 0.15540674835716328, 0.0002852358157384438, 0.057390238728093804, 0.6529381788179398, 0.2257347276041931, 0.0005257875576145654, 0.003955696917621321, 0.007737328309907731, 0.4582936830344757, 1.0148513264054304, 0.0005625013995373962, 17.790000915527344, -0.0032689396019929817, 1.0, 0.0, 0.016816302447520082, 0.05321949896868905, 0.104695780415488, 0.16096188013423696, -0.023149553566064338, 0.24875294823854935, 2.0, 6.0, 0.0, -0.0015976705336350205, 0.001788531730296361, 0.476552049694547, 0.006501291462301403], "scale": [0.030228176486968787, 0.04400469940068716, 1.0, 22.33016611211599, 0.2499044293535917, 0.22680387166853921, 0.08983446042551255, 0.03970848423289483, 0.4964548044709157, 0.11590328615798062, 0.010931264992688317, 0.02840279719761249, 0.0046762283856667, 0.7156898931631289, 0.1943679604214531, 0.009874943583317614, 4.347500324249268, 0.08550238280520694, 1.0, 1.0, 0.05788897523000555, 0.08566360003195228, 0.15899297567848114, 0.2506978788883542, 0.058063475990597274, 0.24328881972051908, 2.0, 7.0, 1.0, 0.028577754950057127, 0.01652020204580862, 0.3233625638231726, 0.03001929302080513], "features": ["SMA20_dist", "SMA50_dist", "sma_cross", "RSI14", "MACD", "MACD_sig", "MACD_hist", "BB_width", "BB_pos", "ATR14", "ret_1d", "ret_5d", "vol_10d", "vol_ratio", "obv_trend", "spy_ret_1d", "vix_level", "vix_change", "vix_regime", "asset_class", "ret_1m", "ret_3m", "ret_6m", "ret_12m", "high52w_dist", "low52w_dist", "day_of_week", "month", "is_options_expiry", "btc_ret_1d", "gold_ret_1d", "corr_spy_20d", "vwap_dist"]}