{"center": [-0.001365925151932815, 0.0026480002096740222, 1.0, 49.08583322228348, 0.0041469767447779304, 0.23333310397926504, 0.06364410653641406, 0.10200875871130902, 0.4777562228673162, 5.084323406052363, -0.0008975638949211828, -0.0030998318916616863, 0.015992829192686072, 0.9439888531244318, 0.986172955531945, 0.0017052997881011889, 17.414999961853027, -0.008334578568971518, 1.0, 0.0, -0.0005574420833524552, 0.0, 0.0, 0.0, -0.09733406030856034, 0.22354601088837278, 2.0, 6.0, 0.0, -0.00027756579302345985, 0.0019842065968723732, 0.4698068736862001, 0.0010182356384747912], "scale": [0.05385164427680959, 0.09841691461357313, 1.0, 22.201069199731606, 6.920927863638163, 6.7185054305402785, 1.6407813445875976, 0.059966551580557054, 0.5265997866394556, 1.562950803714525, 0.02067354940523658, 0.05065845172246311, 0.006973907182665972, 0.49502157661932567, 0.7498318874737515, 0.008874740068463005, 3.9300007820129395, 0.07553143902088766, 1.0, 1.0, 0.09340368321289008, 0.2338126097203644, 0.39487252349127916, 0.045190321161038466, 0.21354661860601537, 0.35121804719991867, 2.0, 7.0, 1.0, 0.02673650886415882, 0.015254542575448699, 0.39982680453166697, 0.04954170348069304], "features": ["SMA20_dist", "SMA50_dist", "sma_cross", "RSI14", "MACD", "MACD_sig", "MACD_hist", "BB_width", "BB_pos", "ATR14", "ret_1d", "ret_5d", "vol_10d", "vol_ratio", "obv_trend", "spy_ret_1d", "vix_level", "vix_change", "vix_regime", "asset_class", "ret_1m", "ret_3m", "ret_6m", "ret_12m", "high52w_dist", "low52w_dist", "day_of_week", "month", "is_options_expiry", "btc_ret_1d", "gold_ret_1d", "corr_spy_20d", "vwap_dist"]}