{"center": [0.001779413249667699, 0.004338627292003683, 1.0, 57.74464406257772, 0.02218987944569406, 0.023832822337087712, 0.00012554601546013733, 0.011453032341896555, 0.6769220291569701, 0.04372840329390547, 0.0, 0.0010389774867305412, 0.0016225041254846763, 0.7245374373162718, 1.0180645992425132, 0.0018521864059071191, 17.610000610351562, -0.006658632403358511, 1.0, 0.0, 0.003749402104781696, 0.01117493682477666, 0.01912253355122706, 0.04846013777926528, -0.0038681490286542994, 0.05815464768142314, 2.0, 6.0, 0.0, 0.00018283765004545316, 0.0017929035935666526, 0.11067665346522858, 0.001409825740750566], "scale": [0.0055754906776380115, 0.008541639909295512, 1.0, 21.563581274408108, 0.045480305966680845, 0.042863857875461445, 0.012388458927592766, 0.008044068676209153, 0.474179922605151, 0.01277758253154384, 0.002590813233729339, 0.004545578898387359, 0.0007565099419629441, 0.6013799743541575, 0.07668022137301778, 0.009775703246748035, 4.019998550415039, 0.08583113274428178, 1.0, 1.0, 0.010462798386209227, 0.016981325359542998, 0.02128603326187095, 0.062079346542759595, 0.006563113769689285, 0.02408081075705744, 2.0, 7.0, 1.0, 0.028536606148248933, 0.01526428701660032, 0.49214821822129573, 0.005276776561093318], "features": ["SMA20_dist", "SMA50_dist", "sma_cross", "RSI14", "MACD", "MACD_sig", "MACD_hist", "BB_width", "BB_pos", "ATR14", "ret_1d", "ret_5d", "vol_10d", "vol_ratio", "obv_trend", "spy_ret_1d", "vix_level", "vix_change", "vix_regime", "asset_class", "ret_1m", "ret_3m", "ret_6m", "ret_12m", "high52w_dist", "low52w_dist", "day_of_week", "month", "is_options_expiry", "btc_ret_1d", "gold_ret_1d", "corr_spy_20d", "vwap_dist"]}