{"center": [0.006391152647666838, 0.01767376425558858, 1.0, 53.57571866789144, 0.23533788539347, 0.2509858971420018, -0.01100547820439804, 0.07837562717062835, 0.6049535831494579, 0.5748421933610562, 0.0013632255883493372, 0.003852978173726984, 0.011116514150013109, 0.707185860555015, 1.006044332417883, 0.0011228088139311199, 17.494999885559082, -0.007318110526737254, 1.0, 0.0, 0.0157574333994277, 0.038244106355739715, 0.08319605561983534, 0.12380154673640942, -0.030428225200952112, 0.22987137154035311, 2.0, 7.0, 0.0, -0.0016413950679323164, 0.0019393580660813647, 0.6929258598430865, 0.006593478270356426], "scale": [0.03668685669145725, 0.05353892126178079, 1.0, 23.379901112643488, 0.6598823222319012, 0.6028220132356114, 0.24097415407861883, 0.043945042517383834, 0.5106064789510585, 0.32762086751593283, 0.015036849047020212, 0.03611057137858356, 0.005598258520174509, 0.7722374134562333, 0.11759440381533615, 0.00899066252835276, 4.237499713897705, 0.08273520133545464, 1.0, 1.0, 0.06559283721960096, 0.06860763244781465, 0.14168315881899513, 0.21159520629677453, 0.061013026135021645, 0.20454338464429903, 2.0, 7.0, 1.0, 0.02846644618661423, 0.015878504023634388, 0.24232840599772898, 0.04023396895388406], "features": ["SMA20_dist", "SMA50_dist", "sma_cross", "RSI14", "MACD", "MACD_sig", "MACD_hist", "BB_width", "BB_pos", "ATR14", "ret_1d", "ret_5d", "vol_10d", "vol_ratio", "obv_trend", "spy_ret_1d", "vix_level", "vix_change", "vix_regime", "asset_class", "ret_1m", "ret_3m", "ret_6m", "ret_12m", "high52w_dist", "low52w_dist", "day_of_week", "month", "is_options_expiry", "btc_ret_1d", "gold_ret_1d", "corr_spy_20d", "vwap_dist"]}