{"center": [-0.004351337926920586, -0.01035988158477921, 0.0, 46.974330500479056, -0.6098662457927446, -1.0185949756076726, -0.39764805319363017, 0.09505387597564396, 0.44209276200461045, 12.42107173374721, -0.0003816174154068208, -0.003575771665096983, 0.015372579345315015, 0.9241140915132273, 0.9960639888183844, 0.0014438116652567556, 17.494999885559082, -0.0067021300257369965, 1.0, 0.0, -0.010418650569780141, 0.0, 0.005206767063210105, 0.0, -0.13643214349525423, 0.21597954012952203, 2.0, 6.0, 0.0, 0.0009855813517825052, 0.0019842065968723732, 0.6060245468165089, -0.0015586284670892864], "scale": [0.044623566620931344, 0.10921634159664206, 1.0, 23.224688373115008, 15.802159297436305, 15.446521526836996, 3.329573094418871, 0.06876773614563012, 0.49424811222772397, 3.2664200919015087, 0.017787936674141053, 0.04131194803344504, 0.007983492251494806, 0.3866156065279587, 0.659874978168114, 0.008801556949826816, 4.225000858306885, 0.07989968821687049, 1.0, 1.0, 0.09960845252841705, 0.24712434068689773, 0.09872395476363538, 0.06332997334469903, 0.17089380270837687, 0.1954420270724131, 2.0, 7.0, 1.0, 0.02917513648109296, 0.01550408850264115, 0.34013405729286605, 0.043833068809486606], "features": ["SMA20_dist", "SMA50_dist", "sma_cross", "RSI14", "MACD", "MACD_sig", "MACD_hist", "BB_width", "BB_pos", "ATR14", "ret_1d", "ret_5d", "vol_10d", "vol_ratio", "obv_trend", "spy_ret_1d", "vix_level", "vix_change", "vix_regime", "asset_class", "ret_1m", "ret_3m", "ret_6m", "ret_12m", "high52w_dist", "low52w_dist", "day_of_week", "month", "is_options_expiry", "btc_ret_1d", "gold_ret_1d", "corr_spy_20d", "vwap_dist"]}