{"center": [0.0019852806667683956, 0.003269098831240726, 1.0, 54.004582901413066, 0.029717939714622332, 0.02552509976100658, 0.0020892356932959155, 0.01978332474850694, 0.6198211838082621, 0.13769059702756742, 0.00030376885178351465, 0.0006084011945794998, 0.003166025645982075, 0.6199460916442049, 1.0139074746702352, 0.0009012287764704752, 17.600000381469727, -0.005579556721748813, 1.0, 0.0, 0.002909370474041717, 0.0062474340677600715, 0.009135783041849477, 0.005313611761213144, -0.012322712126292788, 0.05861821365024392, 2.0, 6.0, 0.0, -0.00032588834829794244, 0.001992014086009908, 0.0660110848631831, 0.0021373337729702533], "scale": [0.009296806730351609, 0.013327432248181911, 1.0, 20.322386250911308, 0.12055289341019204, 0.11235237642441835, 0.04245981791431225, 0.015759789134469848, 0.47045152531383205, 0.04911363774183615, 0.004519930880337419, 0.00909760601738352, 0.0016229377865548573, 0.9498609498609498, 0.09103121399680092, 0.008785495911635577, 4.1399993896484375, 0.08136629075088508, 1.0, 1.0, 0.016882527672296588, 0.022595418775012144, 0.02254971184511967, 0.0301519332356337, 0.01182054274255842, 0.037670875361740866, 2.0, 7.0, 1.0, 0.026577663712368804, 0.014628987675583294, 0.6137763141853622, 0.009386516898079336], "features": ["SMA20_dist", "SMA50_dist", "sma_cross", "RSI14", "MACD", "MACD_sig", "MACD_hist", "BB_width", "BB_pos", "ATR14", "ret_1d", "ret_5d", "vol_10d", "vol_ratio", "obv_trend", "spy_ret_1d", "vix_level", "vix_change", "vix_regime", "asset_class", "ret_1m", "ret_3m", "ret_6m", "ret_12m", "high52w_dist", "low52w_dist", "day_of_week", "month", "is_options_expiry", "btc_ret_1d", "gold_ret_1d", "corr_spy_20d", "vwap_dist"]}