{"center": [0.00873665950713581, 0.03145883279385564, 1.0, 54.23625753355352, 0.977434437586659, 1.0039624362023758, -0.033875234541826726, 0.09334265249642754, 0.5963388576482385, 2.6827973485707175, 0.0014386475368352025, 0.0026500716179009842, 0.01389753917337868, 0.959586954403083, 1.0206597312502792, 0.0018645384634849993, 17.515000343322754, -0.010555299724805456, 1.0, 0.0, 0.02085173848046773, 0.10133208295003349, 0.18187313869915056, 0.27543726508894895, -0.04460959312634214, 0.4803891642530934, 2.0, 6.0, 0.0, 0.00024003985338927336, 0.0020207561863795354, 0.24936589555413624, 0.009367754276612458], "scale": [0.044105042461876215, 0.07232626490016114, 1.0, 20.836231085234175, 1.8447367516970807, 1.6060549618678577, 0.6560884160254875, 0.054179351576985, 0.4741663403670603, 1.170635282319441, 0.017099127210232323, 0.04590848007655693, 0.006376660447713265, 0.4283160336288582, 0.07347360177631646, 0.008981417020465648, 4.112499713897705, 0.07820801574344491, 1.0, 1.0, 0.08569780129448637, 0.1411943133632435, 0.21759384720302022, 0.3999753410373744, 0.062385946229631006, 0.1934917340293565, 2.0, 7.0, 1.0, 0.02662403955900436, 0.015010391072456247, 0.3166965433918322, 0.04574995517595997], "features": ["SMA20_dist", "SMA50_dist", "sma_cross", "RSI14", "MACD", "MACD_sig", "MACD_hist", "BB_width", "BB_pos", "ATR14", "ret_1d", "ret_5d", "vol_10d", "vol_ratio", "obv_trend", "spy_ret_1d", "vix_level", "vix_change", "vix_regime", "asset_class", "ret_1m", "ret_3m", "ret_6m", "ret_12m", "high52w_dist", "low52w_dist", "day_of_week", "month", "is_options_expiry", "btc_ret_1d", "gold_ret_1d", "corr_spy_20d", "vwap_dist"]}