{"center": [0.007882973035654278, 0.02585304950006323, 1.0, 54.66957145959016, 0.4856490862735825, 0.44965533537017743, 0.009442007535139574, 0.08893428590352793, 0.6055401900040759, 1.2080721173967635, 0.0008526175066458919, 0.004783331781537115, 0.012874027926759995, 0.717948717948718, 1.026284314011494, 0.001550370850589733, 17.479999542236328, -0.00790227414327227, 1.0, 0.0, 0.019865828482632297, 0.044902140846800886, 0.0798448292760936, 0.12453799605296623, -0.05512288484281876, 0.3064697890547004, 2.0, 6.0, 0.0, -0.00022924323774897726, 0.000554096378723612, 0.7571593705338712, 0.008373347680168078], "scale": [0.049070931224782635, 0.08986079073263809, 1.0, 27.540634804475715, 2.124146914665232, 2.0916983788262833, 0.45767706916229245, 0.04941009888817924, 0.5205769041377346, 0.44124786896682044, 0.01732620784109179, 0.03914380604704509, 0.006281942486974057, 0.7956652917917336, 0.09879109603878411, 0.008826323615275689, 3.854999542236328, 0.07911285829371284, 1.0, 1.0, 0.09024153875993163, 0.1742224293191083, 0.20755976303936863, 0.37544334385215183, 0.10938567264827678, 0.3764473360653213, 2.0, 7.0, 1.0, 0.026901197153198997, 0.014636404139265702, 0.18624917028152355, 0.049212752723857965], "features": ["SMA20_dist", "SMA50_dist", "sma_cross", "RSI14", "MACD", "MACD_sig", "MACD_hist", "BB_width", "BB_pos", "ATR14", "ret_1d", "ret_5d", "vol_10d", "vol_ratio", "obv_trend", "spy_ret_1d", "vix_level", "vix_change", "vix_regime", "asset_class", "ret_1m", "ret_3m", "ret_6m", "ret_12m", "high52w_dist", "low52w_dist", "day_of_week", "month", "is_options_expiry", "btc_ret_1d", "gold_ret_1d", "corr_spy_20d", "vwap_dist"]}