{"center": [0.02003665640139343, 0.06154708378578018, 1.0, 54.967657040373425, 5.15465075728153, 5.251074476678657, 0.18380807457077797, 0.18253167621112582, 0.6316093648488563, 16.262326921735493, 0.0021900499444661436, 0.00829196681179567, 0.02448966842888988, 0.8780287705394871, 0.9718194614254307, 0.0004628846064497205, 17.829999923706055, -0.0032689396019929817, 1.0, 0.0, 0.05190119325542031, 0.07302768506720647, 0.10975620935338126, 0.0, -0.13176517526505205, 0.6721925678031074, 2.0, 6.0, 0.0, -0.0008240985185906102, 0.0006566930743739929, 0.5164308744559503, 0.020010985957525384], "scale": [0.09210067828344128, 0.16549781693491766, 1.0, 26.638182655408272, 18.637501257563102, 18.1684101914552, 4.738829461992541, 0.11983820976719463, 0.5541388785949064, 5.587358747209821, 0.03540406032941751, 0.08303174559826504, 0.01220481067300384, 0.4793807796056663, 0.25953495247455316, 0.009343771575527848, 4.340000152587891, 0.08155901665016374, 1.0, 1.0, 0.17931045554381855, 0.34301053754650523, 0.3153035300108155, 0.4028171217464698, 0.15801325162944913, 0.4156986970818043, 2.0, 7.0, 1.0, 0.027988280876013127, 0.01606056698740052, 0.35533427623087005, 0.09195355392681616], "features": ["SMA20_dist", "SMA50_dist", "sma_cross", "RSI14", "MACD", "MACD_sig", "MACD_hist", "BB_width", "BB_pos", "ATR14", "ret_1d", "ret_5d", "vol_10d", "vol_ratio", "obv_trend", "spy_ret_1d", "vix_level", "vix_change", "vix_regime", "asset_class", "ret_1m", "ret_3m", "ret_6m", "ret_12m", "high52w_dist", "low52w_dist", "day_of_week", "month", "is_options_expiry", "btc_ret_1d", "gold_ret_1d", "corr_spy_20d", "vwap_dist"]}