{"center": [-0.011614058657737961, -0.03023584340611769, 0.0, 43.53807790285786, -0.4577128154487937, -0.46913716239858894, 0.029822431160053557, 0.08147878163796872, 0.34305217352486, 0.9807855923763741, -0.0011708019993695862, -0.006251887929888511, 0.014025884071930197, 0.9591580297092575, 1.024189175985547, 0.0018767398754619968, 17.389999389648438, -0.01192610360644697, 1.0, 0.0, -0.02847674839116665, -0.07132848904283895, -0.13380603828093107, -0.19051591917702804, -0.26673735220410133, 0.029091635143900355, 2.0, 6.0, 0.0, 0.00038358610925337544, 0.001670691560653026, -0.1304082088106183, -0.011796338903715549], "scale": [0.03392063480959044, 0.046591852856713745, 1.0, 19.938150582137638, 0.6118880841070862, 0.6277389186687394, 0.28784943300028776, 0.046366770559251175, 0.4107421087697383, 0.27732084277125013, 0.016506350105018996, 0.034782451919621815, 0.005522681202969613, 0.3876922198911995, 0.45075499693494303, 0.009247664366704988, 4.129999160766602, 0.08619707165365353, 1.0, 1.0, 0.05587547701200446, 0.07791961586458251, 0.10755577287264162, 0.2822943014946271, 0.11462466039977359, 0.049101717396383325, 2.0, 7.0, 1.0, 0.028565296590828737, 0.016069561499660656, 0.412736037701138, 0.03415284148599947], "features": ["SMA20_dist", "SMA50_dist", "sma_cross", "RSI14", "MACD", "MACD_sig", "MACD_hist", "BB_width", "BB_pos", "ATR14", "ret_1d", "ret_5d", "vol_10d", "vol_ratio", "obv_trend", "spy_ret_1d", "vix_level", "vix_change", "vix_regime", "asset_class", "ret_1m", "ret_3m", "ret_6m", "ret_12m", "high52w_dist", "low52w_dist", "day_of_week", "month", "is_options_expiry", "btc_ret_1d", "gold_ret_1d", "corr_spy_20d", "vwap_dist"]}