{"center": [0.027106170160991747, 0.0725402189308554, 1.0, 58.471243040036725, 0.5394785193879077, 0.532686320554131, 0.021967082079579925, 0.1548927129759202, 0.720741646575717, 0.8098876098548495, 0.0014895681901200275, 0.01059272639632769, 0.020961215521838796, 0.9826224933284502, 0.9826588986047946, 0.0009266726310533935, 17.22000026702881, -0.006622747498870429, 1.0, 0.0, 0.0631906593172804, 0.19463421969553063, 0.32334408519179547, 0.6357513122625452, -0.03652783469341157, 0.8038264300209781, 2.0, 6.0, 0.0, -0.0003184371753567339, 0.001865606425999089, 0.6152354216060776, 0.022227169106134495], "scale": [0.0767030260923519, 0.1072460940182966, 1.0, 24.514115370138683, 0.8918000812957345, 0.8167654360986496, 0.3237786414921628, 0.11172628078171477, 0.49977831443331955, 0.7765661253266432, 0.02659460305735642, 0.056891027546824846, 0.008735125876739927, 0.7858298548943791, 1.077414829573483, 0.008771659299967843, 3.56499981880188, 0.07440686886574172, 1.0, 1.0, 0.14057879659008946, 0.19309940785862062, 0.3209220694295493, 0.9166477929446118, 0.07777501960127196, 0.636513403664699, 2.0, 6.0, 1.0, 0.026157302470670107, 0.015075561378638164, 0.22035337136912825, 0.07096734356291873], "features": ["SMA20_dist", "SMA50_dist", "sma_cross", "RSI14", "MACD", "MACD_sig", "MACD_hist", "BB_width", "BB_pos", "ATR14", "ret_1d", "ret_5d", "vol_10d", "vol_ratio", "obv_trend", "spy_ret_1d", "vix_level", "vix_change", "vix_regime", "asset_class", "ret_1m", "ret_3m", "ret_6m", "ret_12m", "high52w_dist", "low52w_dist", "day_of_week", "month", "is_options_expiry", "btc_ret_1d", "gold_ret_1d", "corr_spy_20d", "vwap_dist"]}