{"center": [0.00968577904479425, 0.03662223579612489, 1.0, 51.13851326305473, 0.32783813331900014, 0.3756180191035998, 0.01138471005213848, 0.1953070472088741, 0.560275284914812, 1.2997399283696738, 0.0020549792187185556, 0.007025488687918302, 0.026297226896355566, 0.9111951082069468, 1.0239300617093297, 0.0002365436968619905, 17.460000038146973, -0.0009584097667360014, 1.0, 0.0, 0.0329323859335674, 0.09012968749291539, 0.13847928918909336, 0.34766982488366927, -0.1228765742106104, 0.8585882936412039, 2.0, 6.0, 0.0, 0.0005692244147840197, 0.000978748110388561, 0.5368499653599068, 0.01235707740863121], "scale": [0.10870764537093233, 0.1949190145852201, 1.0, 28.875865835527996, 1.7969159231918699, 1.7898993257601123, 0.46974182387076985, 0.11006692994358602, 0.5588132268401994, 1.2781946549486096, 0.03341838574861561, 0.09037967512092243, 0.013659307396742325, 0.48947635524002475, 0.2801005346370179, 0.009991809991915235, 3.852499485015869, 0.08038576302653974, 1.0, 1.0, 0.20653916532381633, 0.30790916981733385, 0.3943288864765324, 0.8199653532324608, 0.1692726607208193, 1.0744373614304652, 2.0, 7.0, 1.0, 0.029234012187411285, 0.014349776340951581, 0.3275386208981277, 0.10916098729349506], "features": ["SMA20_dist", "SMA50_dist", "sma_cross", "RSI14", "MACD", "MACD_sig", "MACD_hist", "BB_width", "BB_pos", "ATR14", "ret_1d", "ret_5d", "vol_10d", "vol_ratio", "obv_trend", "spy_ret_1d", "vix_level", "vix_change", "vix_regime", "asset_class", "ret_1m", "ret_3m", "ret_6m", "ret_12m", "high52w_dist", "low52w_dist", "day_of_week", "month", "is_options_expiry", "btc_ret_1d", "gold_ret_1d", "corr_spy_20d", "vwap_dist"]}