{"center": [0.009765637684037501, 0.025918293700040028, 1.0, 57.82612858968285, 0.36204262328486436, 0.37037051751473915, -0.011929329629033758, 0.052013466558359034, 0.7122656723416944, 0.5068278603440349, 0.00114490714962856, 0.005258038732727899, 0.007691675747976358, 0.886779789317138, 1.0946114419613027, 0.0013179850133168136, 17.5600004196167, -0.0067012664712571834, 1.0, 0.0, 0.024134425306106322, 0.06848385472637508, 0.11947871952784384, 0.22922277136459035, -0.01113966858344254, 0.29064187753784654, 2.0, 6.0, 0.0, -0.0014998349928206922, 0.0016536143054527441, 0.710315512201902, 0.010663973168539061], "scale": [0.024303183359132362, 0.03614919299647402, 1.0, 16.82550465478881, 0.4892752973474739, 0.47202639785003614, 0.15271794183353807, 0.032195870844309485, 0.40351392411568343, 0.24572760703576457, 0.010510896996518748, 0.023976771912756933, 0.0042235970327963775, 0.5943210899443888, 0.39323239647105035, 0.009464544860542157, 4.200000762939453, 0.08056617403477395, 1.0, 1.0, 0.044307675582441725, 0.07125022424326977, 0.15170293676986846, 0.31280997278283046, 0.02571427570212894, 0.24184329517698616, 2.0, 7.0, 1.0, 0.026312206567255525, 0.015027624184679067, 0.2305957188763159, 0.024264072691169498], "features": ["SMA20_dist", "SMA50_dist", "sma_cross", "RSI14", "MACD", "MACD_sig", "MACD_hist", "BB_width", "BB_pos", "ATR14", "ret_1d", "ret_5d", "vol_10d", "vol_ratio", "obv_trend", "spy_ret_1d", "vix_level", "vix_change", "vix_regime", "asset_class", "ret_1m", "ret_3m", "ret_6m", "ret_12m", "high52w_dist", "low52w_dist", "day_of_week", "month", "is_options_expiry", "btc_ret_1d", "gold_ret_1d", "corr_spy_20d", "vwap_dist"]}