{"center": [0.015476093046505407, 0.0376745130037178, 1.0, 55.08699598294321, 0.14616732059535487, 0.12912862004229092, 0.0055483887362022255, 0.19104097785401736, 0.6230584592554926, 0.5196428639548165, 0.0, 0.0007486653168926605, 0.02739907300573617, 0.919335699156389, 1.0333529977647624, 0.0005624886943866869, 17.635000228881836, -0.006664472772315133, 1.0, 0.0, 0.04521234380525163, 0.054232163714614035, 0.0, 0.0, -0.24391814790344263, 0.3705132385696531, 2.0, 6.0, 0.0, -0.0002701146200822513, 0.0017274257138395477, 0.4774028794698999, 0.015404540504378932], "scale": [0.09555927940038608, 0.16490343350650033, 1.0, 27.044757122057376, 0.5577338229127524, 0.5335215363920671, 0.17449877216958326, 0.11716787002822698, 0.5514444370438769, 0.15749996049063553, 0.03236356987115033, 0.08144582802770473, 0.01599020303365429, 0.4510581726577788, 0.632625049568738, 0.009205013428890158, 4.252499580383301, 0.08369159943911719, 1.0, 1.0, 0.21972469255841118, 0.31178481889972814, 0.3229178122489514, 0.05289412875637825, 0.2338743771676299, 0.29575518180587024, 2.0, 7.0, 1.0, 0.027262602734614394, 0.01528491117163297, 0.2930061310310723, 0.0966473080276258], "features": ["SMA20_dist", "SMA50_dist", "sma_cross", "RSI14", "MACD", "MACD_sig", "MACD_hist", "BB_width", "BB_pos", "ATR14", "ret_1d", "ret_5d", "vol_10d", "vol_ratio", "obv_trend", "spy_ret_1d", "vix_level", "vix_change", "vix_regime", "asset_class", "ret_1m", "ret_3m", "ret_6m", "ret_12m", "high52w_dist", "low52w_dist", "day_of_week", "month", "is_options_expiry", "btc_ret_1d", "gold_ret_1d", "corr_spy_20d", "vwap_dist"]}