{"center": [0.0019137831563472685, 0.00070660769024832, 1.0, 51.226105024903745, 0.030286303375120838, 0.024045698774711237, -0.010776315390245036, 0.05672445975581927, 0.5474088543367983, 0.9140676600280959, -0.0005837319723802081, 0.001224570297101324, 0.009329689859648969, 0.845404353559392, 1.0335528041468025, 0.0014439171236625414, 17.440000534057617, -0.006664472772315133, 1.0, 0.0, 0.0027589616107582815, 0.0, 0.0, 0.0, -0.04192864177810747, 0.14106318079158908, 2.0, 6.0, 0.0, -0.00032262427558105156, 0.002066486342349072, 0.640917562707771, 0.0023006272551593394], "scale": [0.026251696936399754, 0.03675923090618803, 1.0, 21.811163635255063, 0.712509716646057, 0.6575730062279619, 0.28074593445455653, 0.025844135309849137, 0.49379265857927274, 0.21950879418493274, 0.013387898964228262, 0.0238862737623044, 0.0031885536025313584, 0.416774993697403, 0.3213529811808241, 0.00914861578263726, 4.522500276565552, 0.08381238121181328, 1.0, 1.0, 0.053634096207569176, 0.07883948411514247, 0.08759088933602233, 0.04971495213686056, 0.05925318485187891, 0.1662402049792232, 2.0, 7.0, 1.0, 0.026879543763062202, 0.01570233867673107, 0.22467163954824498, 0.027654334401408444], "features": ["SMA20_dist", "SMA50_dist", "sma_cross", "RSI14", "MACD", "MACD_sig", "MACD_hist", "BB_width", "BB_pos", "ATR14", "ret_1d", "ret_5d", "vol_10d", "vol_ratio", "obv_trend", "spy_ret_1d", "vix_level", "vix_change", "vix_regime", "asset_class", "ret_1m", "ret_3m", "ret_6m", "ret_12m", "high52w_dist", "low52w_dist", "day_of_week", "month", "is_options_expiry", "btc_ret_1d", "gold_ret_1d", "corr_spy_20d", "vwap_dist"]}