{"center": [0.004214270621065748, 0.008639658904756894, 1.0, 54.40798016996049, 0.09950032271280662, 0.0751487106630676, 0.008040804429932547, 0.06971777480284942, 0.5733880684946225, 0.7687249393314914, -0.00023039064706020795, 0.00299401069307903, 0.010799231897204121, 0.9460171733047111, 1.0162060134018263, 0.0005603844216792719, 17.68000030517578, -0.009244158887228515, 1.0, 0.0, 0.0067130261159817906, 0.023773820542589696, 0.0603273644567941, 0.07791519359581622, -0.053620651807138785, 0.21111582640094012, 2.0, 6.0, 0.0, 0.00038358610925337544, 0.0020516615880092903, -0.021948066847018607, 0.0037185610065990494], "scale": [0.03678701838436596, 0.06723671309912947, 1.0, 21.982528749309296, 0.7778107724435053, 0.7220993915199855, 0.2330633435982154, 0.041672738650066835, 0.5289952658314843, 0.257621312166601, 0.015131406829124283, 0.029261055581589146, 0.004545584296533718, 0.32931601434737334, 0.12063474278215813, 0.009323275926057362, 4.140000343322754, 0.0830232798224958, 1.0, 1.0, 0.07423861927341657, 0.12067943270123588, 0.1319755776682412, 0.1805126436622806, 0.053002198266331374, 0.13400053760561098, 2.0, 7.0, 1.0, 0.02483294386926893, 0.01623290655239601, 0.3224016107095712, 0.03499969372101128], "features": ["SMA20_dist", "SMA50_dist", "sma_cross", "RSI14", "MACD", "MACD_sig", "MACD_hist", "BB_width", "BB_pos", "ATR14", "ret_1d", "ret_5d", "vol_10d", "vol_ratio", "obv_trend", "spy_ret_1d", "vix_level", "vix_change", "vix_regime", "asset_class", "ret_1m", "ret_3m", "ret_6m", "ret_12m", "high52w_dist", "low52w_dist", "day_of_week", "month", "is_options_expiry", "btc_ret_1d", "gold_ret_1d", "corr_spy_20d", "vwap_dist"]}