{"center": [0.010592936107580053, 0.021141841382508346, 1.0, 56.24271112335647, 0.3396330650728032, 0.38326015529490587, 0.016104940874264062, 0.07931271474549567, 0.6426441322996328, 1.1106474776704027, 0.0014768131272580032, 0.00374285187733725, 0.012319175565634926, 0.9014366268397507, 1.00984140086119, 0.0017923273750353186, 17.440000534057617, -0.006658632403358511, 1.0, 0.0, 0.019226970521771802, 0.07069348607981008, 0.16117620552361211, 0.12146509398521532, -0.04003240235080091, 0.3204869235971553, 2.0, 6.0, 0.0, -9.567341618454961e-05, 0.0016294519610446923, 0.4383829226188039, 0.011023470673344206], "scale": [0.03966993444913535, 0.05901115897611215, 1.0, 19.678444020280708, 0.8744372058116383, 0.8795494795307321, 0.28932775855993964, 0.04017012860700657, 0.4841089448486514, 0.343465836172659, 0.017699135726781723, 0.03691641206883883, 0.00460827986949537, 0.4320429979504131, 0.11137560492408083, 0.008914828301958833, 4.369998931884766, 0.07922841801737124, 1.0, 1.0, 0.05960036589024709, 0.12137095925712305, 0.2397825401253646, 0.3886833205392862, 0.11665983970317821, 0.37065348459313924, 2.0, 7.0, 1.0, 0.02464739158272844, 0.015411426886971114, 0.32359263619231116, 0.03820226689101967], "features": ["SMA20_dist", "SMA50_dist", "sma_cross", "RSI14", "MACD", "MACD_sig", "MACD_hist", "BB_width", "BB_pos", "ATR14", "ret_1d", "ret_5d", "vol_10d", "vol_ratio", "obv_trend", "spy_ret_1d", "vix_level", "vix_change", "vix_regime", "asset_class", "ret_1m", "ret_3m", "ret_6m", "ret_12m", "high52w_dist", "low52w_dist", "day_of_week", "month", "is_options_expiry", "btc_ret_1d", "gold_ret_1d", "corr_spy_20d", "vwap_dist"]}