{"center": [0.010266052297888732, 0.027098197387974754, 1.0, 56.25546336262201, 0.19130961508185784, 0.19118518287769165, 0.000440690743288355, 0.054983152766512965, 0.6731821123621959, 0.263404746639737, 0.0013296538078311215, 0.004893565320997939, 0.007816184386196254, 0.8361101706634022, 1.0367586854569628, 0.001508034113058554, 17.460000038146973, -0.0066285878678270516, 1.0, 0.0, 0.02248550608204647, 0.0661256132257253, 0.09903535592500734, 0.19537898526203135, -0.01634542817473986, 0.39129721800929096, 2.0, 6.0, 0.0, -0.00016245832696676343, 0.0020207561863795354, 0.604173673783909, 0.01137253562113269], "scale": [0.02703095192434566, 0.03983108079042544, 1.0, 25.331817599310725, 0.26688851390459867, 0.2264559842320038, 0.10001362106599875, 0.0309405908140631, 0.4552627557554134, 0.1281930287892939, 0.010270019066143665, 0.026046965511767134, 0.004378413029299701, 0.6240292488383299, 0.07622626036134872, 0.008793693962186155, 3.9449996948242188, 0.07305545931802646, 1.0, 1.0, 0.04849444358833285, 0.07850490345531919, 0.1635619353735227, 0.3203054590736462, 0.030628778804186456, 0.21972988167394558, 2.0, 7.0, 1.0, 0.02654262144551453, 0.015161980248248663, 0.23725812834354687, 0.02798884745438817], "features": ["SMA20_dist", "SMA50_dist", "sma_cross", "RSI14", "MACD", "MACD_sig", "MACD_hist", "BB_width", "BB_pos", "ATR14", "ret_1d", "ret_5d", "vol_10d", "vol_ratio", "obv_trend", "spy_ret_1d", "vix_level", "vix_change", "vix_regime", "asset_class", "ret_1m", "ret_3m", "ret_6m", "ret_12m", "high52w_dist", "low52w_dist", "day_of_week", "month", "is_options_expiry", "btc_ret_1d", "gold_ret_1d", "corr_spy_20d", "vwap_dist"]}