{"center": [0.004631784935864522, 0.011636014783977145, 1.0, 54.188066756118026, 0.16167655576661843, 0.14794030508508701, -0.0025398965337679325, 0.07201412877498121, 0.5733884668106135, 0.7563496091190502, 0.0009272825891628589, 0.003922885513437668, 0.010681917704967894, 0.9313523663225761, 1.0382453081317908, 0.001722787837563633, 17.520000457763672, -0.008169153323245748, 1.0, 0.0, 0.01095439752374916, 0.03274222258186299, 0.057645938715720435, 0.03581334660942059, -0.045598581664046275, 0.20880971986247107, 2.0, 6.0, 0.0, 0.001045771070669721, 0.0019715725978484144, -0.005821284677732931, 0.00489023274954764], "scale": [0.03853935218966209, 0.07091532951501832, 1.0, 21.090264265196325, 0.8422805247507341, 0.7838576862943814, 0.22441834089881713, 0.04328835671339105, 0.5075320551024864, 0.264367593083343, 0.015818677005033033, 0.030268798306151035, 0.004466565771648176, 0.37260849776260985, 0.14331857508685908, 0.009097219975194526, 4.310001373291016, 0.08113421554471567, 1.0, 1.0, 0.07891725448968634, 0.11606081114802036, 0.12901561523080152, 0.172184425647806, 0.058621743206278845, 0.1398420428879492, 2.0, 7.0, 1.0, 0.026401411152411458, 0.015568139811582449, 0.3312981942446831, 0.03744016812615725], "features": ["SMA20_dist", "SMA50_dist", "sma_cross", "RSI14", "MACD", "MACD_sig", "MACD_hist", "BB_width", "BB_pos", "ATR14", "ret_1d", "ret_5d", "vol_10d", "vol_ratio", "obv_trend", "spy_ret_1d", "vix_level", "vix_change", "vix_regime", "asset_class", "ret_1m", "ret_3m", "ret_6m", "ret_12m", "high52w_dist", "low52w_dist", "day_of_week", "month", "is_options_expiry", "btc_ret_1d", "gold_ret_1d", "corr_spy_20d", "vwap_dist"]}