{"center": [0.006453241574729032, 0.007080934194074964, 1.0, 53.917700344956934, 0.45348775653431517, 0.4663987249092861, 0.12012574653811603, 0.08686125444600294, 0.5694843279447168, 4.570011731284828, 0.0, 0.00353099009697333, 0.014215707539037286, 0.9443005389047857, 1.0019132832340225, 0.0005051110763807376, 17.610000610351562, -0.002595714617073419, 1.0, 0.0, 0.011351564546995707, 0.00976144722811112, 0.05108898690455543, 0.07513454857236845, -0.08227984883746871, 0.23496509647890648, 2.0, 6.0, 0.0, -0.00151319093281288, 0.0017841598670260694, 0.14542484264951455, 0.008689182368152304], "scale": [0.043560488768874805, 0.07103286759805574, 1.0, 25.784003205291413, 3.5485623662698345, 3.2802992491258802, 1.1637614774272915, 0.06401372486143429, 0.5027770742298661, 2.0697188465402308, 0.016731105265137436, 0.04130021361865521, 0.007653564181635965, 0.4507907385187896, 0.5044415541953937, 0.008980329778914276, 4.420000076293945, 0.07400098445103165, 1.0, 1.0, 0.07801927677748954, 0.18074970492743558, 0.11484821087301444, 0.1968839391019801, 0.08888315120897022, 0.1787030895834469, 2.0, 7.0, 1.0, 0.028107753758130127, 0.014702583196445573, 0.4345649997228034, 0.044798641598992814], "features": ["SMA20_dist", "SMA50_dist", "sma_cross", "RSI14", "MACD", "MACD_sig", "MACD_hist", "BB_width", "BB_pos", "ATR14", "ret_1d", "ret_5d", "vol_10d", "vol_ratio", "obv_trend", "spy_ret_1d", "vix_level", "vix_change", "vix_regime", "asset_class", "ret_1m", "ret_3m", "ret_6m", "ret_12m", "high52w_dist", "low52w_dist", "day_of_week", "month", "is_options_expiry", "btc_ret_1d", "gold_ret_1d", "corr_spy_20d", "vwap_dist"]}