{"center": [6.722375469535213e-05, 0.013089252794349, 1.0, 50.66963805650114, 0.08902877028295819, 0.09244337718736566, -0.010010978338272913, 0.0980012553842422, 0.5008546529612401, 1.2124171056372515, -0.0001952453344437055, 0.0026927995176371233, 0.015915876183621325, 0.9042827493528499, 1.0140174544866365, 0.00157043300066384, 17.3799991607666, -0.006658632403358511, 1.0, 0.0, 0.008312143637600355, 0.0337682282590821, 0.04109125573634187, 0.0, -0.0781337495051924, 0.34456790469228316, 2.0, 6.0, 0.0, -0.0003109860024155253, 0.001677776649860796, 0.16402465238716726, 0.003350303247095601], "scale": [0.047904282610442994, 0.0734174258969304, 1.0, 22.552411365172723, 1.106942842494199, 1.0205604040160297, 0.31724817735322647, 0.05385356764264994, 0.4781895038744961, 0.35618338788427506, 0.02018965649027782, 0.045128951781218896, 0.008333993370549594, 0.41783434478338377, 0.10802587540746833, 0.009112408386619308, 4.30000114440918, 0.0799703839691589, 1.0, 1.0, 0.08575095886057171, 0.18686675198777747, 0.32918848400888034, 0.03965967771914092, 0.18799187297104808, 0.22969215717555208, 2.0, 7.0, 1.0, 0.028013930198729553, 0.014735914016986373, 0.4776914662935737, 0.047789582953216586], "features": ["SMA20_dist", "SMA50_dist", "sma_cross", "RSI14", "MACD", "MACD_sig", "MACD_hist", "BB_width", "BB_pos", "ATR14", "ret_1d", "ret_5d", "vol_10d", "vol_ratio", "obv_trend", "spy_ret_1d", "vix_level", "vix_change", "vix_regime", "asset_class", "ret_1m", "ret_3m", "ret_6m", "ret_12m", "high52w_dist", "low52w_dist", "day_of_week", "month", "is_options_expiry", "btc_ret_1d", "gold_ret_1d", "corr_spy_20d", "vwap_dist"]}