{"center": [0.0024230723990039415, 0.007734911429777251, 1.0, 53.06075814000029, 0.3210593954255927, 0.33621931139996475, 0.005901295581657806, 0.06368796765642139, 0.5452972336874837, 1.7759186166280212, 0.0003332046798709687, 0.001051283397918601, 0.009946363123247457, 0.9681175369557655, 1.0216537264581338, 0.0018739229140237734, 17.260000228881836, -0.00980141759376807, 1.0, 0.0, 0.008350844932710544, 0.02437326657735528, 0.037131518720511125, 0.06184758108267119, -0.03866283111142543, 0.17959287459503714, 2.0, 6.0, 0.0, 0.001001153013906797, 0.0005336452493653887, -0.122682439070984, 0.004249542942552524], "scale": [0.03020572166146395, 0.04754493674812151, 1.0, 19.81061292873749, 1.6745172598651124, 1.6522060917644685, 0.5222537167884582, 0.035998912615367765, 0.509148196330122, 0.42622957484241075, 0.014056623979053023, 0.031209960535348885, 0.0034825818463783045, 0.3696221002221962, 0.1498558251685741, 0.008969250821090208, 4.027499675750732, 0.07573533819298112, 1.0, 1.0, 0.05587938473685905, 0.08997941894238898, 0.07105319311497421, 0.1213458328242702, 0.04594508742312979, 0.055974415957732254, 2.0, 7.0, 1.0, 0.025658297183234147, 0.014915786544878351, 0.3209571966778642, 0.029840352597855176], "features": ["SMA20_dist", "SMA50_dist", "sma_cross", "RSI14", "MACD", "MACD_sig", "MACD_hist", "BB_width", "BB_pos", "ATR14", "ret_1d", "ret_5d", "vol_10d", "vol_ratio", "obv_trend", "spy_ret_1d", "vix_level", "vix_change", "vix_regime", "asset_class", "ret_1m", "ret_3m", "ret_6m", "ret_12m", "high52w_dist", "low52w_dist", "day_of_week", "month", "is_options_expiry", "btc_ret_1d", "gold_ret_1d", "corr_spy_20d", "vwap_dist"]}