{"center": [-0.0007572903733039044, 0.009565011957143536, 1.0, 49.78981135653235, 0.040652140641469714, 0.04525794443431996, -0.004435535778663038, 0.08259299219419729, 0.4900489163430735, 0.3172856739589146, 0.00040821835757398617, 9.818112050807848e-05, 0.01156571633250382, 0.7397260273972602, 0.9854390351522283, 0.0007605411152529218, 17.360000610351562, -0.005025144893802347, 1.0, 0.0, -0.001531688944142351, 0.04288476890160697, 0.0, 0.0, -0.06803839881233499, 0.3627190719651088, 2.0, 6.0, 0.0, -0.0007713643170961237, 0.0016294519610446923, 0.610505381579351, -0.00026522775413238765], "scale": [0.04888375346451339, 0.08403573518703542, 1.0, 26.967032609303857, 0.5464718661786332, 0.5515002052571175, 0.12583472251500982, 0.05564240917427688, 0.5639440521497323, 0.10257293148927349, 0.014134731031577696, 0.039471601987030425, 0.00554336472726899, 0.7443781645531284, 0.5654499124620913, 0.009316538091804993, 3.8299994468688965, 0.08388343754159988, 1.0, 1.0, 0.09127664239173694, 0.21489414110420074, 0.3394056470860207, 0.21342537274626394, 0.16515402596101633, 0.4079880593834153, 2.0, 7.0, 1.0, 0.027640563317262667, 0.015702911503047867, 0.21634380953837423, 0.04671680346535295], "features": ["SMA20_dist", "SMA50_dist", "sma_cross", "RSI14", "MACD", "MACD_sig", "MACD_hist", "BB_width", "BB_pos", "ATR14", "ret_1d", "ret_5d", "vol_10d", "vol_ratio", "obv_trend", "spy_ret_1d", "vix_level", "vix_change", "vix_regime", "asset_class", "ret_1m", "ret_3m", "ret_6m", "ret_12m", "high52w_dist", "low52w_dist", "day_of_week", "month", "is_options_expiry", "btc_ret_1d", "gold_ret_1d", "corr_spy_20d", "vwap_dist"]}