{"center": [0.004789796672925469, 0.018639481521520927, 1.0, 51.82350528419454, 0.09792186149048376, 0.10200831091271267, -0.011293596548525964, 0.091221679948364, 0.5992979891508006, 0.32575266616202164, 0.0005051163214937482, 0.002210380714608773, 0.011467547331989996, 0.7997664915353182, 1.0369708631115997, 0.0013579397972762752, 17.3799991607666, -0.0067322198012426115, 1.0, 0.0, 0.015006244185559403, 0.02588099482247208, 0.0, 0.0, -0.07409567539438315, 0.21088309171613806, 2.0, 6.0, 0.0, -9.567341618454961e-05, 0.0016294519610446923, 0.6181847079216226, 0.0056222720610467946], "scale": [0.050905387115479886, 0.07290871384448139, 1.0, 28.643602866353525, 0.4078521318069228, 0.39843078657333614, 0.13722611985258637, 0.06174572033287236, 0.5618804100293134, 0.10762375587926182, 0.01365704256212158, 0.03364650021701521, 0.0062053726122376675, 0.6285147037017669, 0.44759434702977796, 0.00864481506156023, 3.695000648498535, 0.07409699408356596, 1.0, 1.0, 0.09246079251495859, 0.16340110031677707, 0.19396173473637168, 0.11321281614091117, 0.18136037406336936, 0.16765072663472136, 2.0, 7.0, 1.0, 0.027532121317939473, 0.014574890453627087, 0.24345539790842807, 0.048392968392450886], "features": ["SMA20_dist", "SMA50_dist", "sma_cross", "RSI14", "MACD", "MACD_sig", "MACD_hist", "BB_width", "BB_pos", "ATR14", "ret_1d", "ret_5d", "vol_10d", "vol_ratio", "obv_trend", "spy_ret_1d", "vix_level", "vix_change", "vix_regime", "asset_class", "ret_1m", "ret_3m", "ret_6m", "ret_12m", "high52w_dist", "low52w_dist", "day_of_week", "month", "is_options_expiry", "btc_ret_1d", "gold_ret_1d", "corr_spy_20d", "vwap_dist"]}