{"center": [0.011009472281096267, 0.02357658360263674, 1.0, 56.680761032132864, 2.082751920060275, 1.8107499662096256, 0.12880711957587132, 0.0769588654264603, 0.6694060906828398, 4.8210098737762, 0.0011209337916145978, 0.0077806465184012685, 0.010040623492071401, 0.0012149316004383959, 17.515000343322754, -0.007856395917702375, 1.0], "scale": [0.03987430975526769, 0.05970234056211287, 1.0, 25.887634899456238, 5.393878701172028, 5.002588614057246, 1.8078956766826324, 0.039612555935513646, 0.5089240665116468, 2.0960533462942843, 0.012873391400275103, 0.03321573173979203, 0.005043435156976691, 0.009016155999946263, 4.345000267028809, 0.0813240088150258, 1.0], "features": ["SMA20_dist", "SMA50_dist", "sma_cross", "RSI14", "MACD", "MACD_sig", "MACD_hist", "BB_width", "BB_pos", "ATR14", "ret_1d", "ret_5d", "vol_10d", "spy_ret_1d", "vix_level", "vix_change", "vix_regime"]}