{"center": [0.0005300789928778312, 0.004562021544522297, 1.0, 50.22789515382439, 0.0698273232483615, 0.07560785980405381, -0.0596232143299511, 0.1175913782738835, 0.5029404310880383, 1.393508604642523, 0.0010989326370405283, -0.0006988329113312153, 0.017057771060575627, 0.9150479595695672, 1.0286046143120977, 0.000984565078659072, 17.81999969482422, -0.005720161498773413, 1.0, 0.0, -0.007814415246548467, 0.0, 0.0, 0.0, -0.11244879353476844, 0.3141615375494497, 2.0, 6.0, 0.0, 0.001045771070669721, 0.001992014086009908, 0.682111699524809, 0.0020850794539323063], "scale": [0.06190591687317734, 0.11453229967610709, 1.0, 25.014644012660973, 1.6514103688353785, 1.3514780040309495, 0.4362672088972698, 0.08196086218324115, 0.5430206000571978, 0.3188308611446895, 0.024011535573291387, 0.05778079029383032, 0.00796177618046118, 0.5304827924750893, 0.29483352626205894, 0.01022046024100054, 4.219999313354492, 0.08338024054562354, 1.0, 1.0, 0.13127935456627637, 0.2072603585280065, 0.1541553397346872, 0.0487462794956387, 0.15484947014589484, 0.3014581605424903, 2.0, 7.0, 1.0, 0.026399754259620822, 0.015096087740362862, 0.16827811656995617, 0.0602843622517218], "features": ["SMA20_dist", "SMA50_dist", "sma_cross", "RSI14", "MACD", "MACD_sig", "MACD_hist", "BB_width", "BB_pos", "ATR14", "ret_1d", "ret_5d", "vol_10d", "vol_ratio", "obv_trend", "spy_ret_1d", "vix_level", "vix_change", "vix_regime", "asset_class", "ret_1m", "ret_3m", "ret_6m", "ret_12m", "high52w_dist", "low52w_dist", "day_of_week", "month", "is_options_expiry", "btc_ret_1d", "gold_ret_1d", "corr_spy_20d", "vwap_dist"]}