{"center": [0.006716156292592052, 0.017480149744296684, 1.0, 53.973637528900824, 0.16551344617612962, 0.1611348125073572, -0.005916376076866625, 0.1367633853910311, 0.5635869977291714, 0.8357391911182903, 0.0008788716673832075, 0.005788444617148003, 0.019743230438854835, 0.9640051799051602, 1.0265003513096533, 0.0015604019256267865, 17.394999504089355, -0.008242576903709442, 1.0, 0.0, 0.026881237791874346, 0.04711635014744753, 0.0, 0.0, -0.2002733664591101, 0.16024459873317648, 2.0, 6.0, 0.0, 0.000922436330302423, 0.0015985124647919235, 0.2943419283001465, 0.007934931821505469], "scale": [0.06963994193012804, 0.12358672215896924, 1.0, 22.740427901353556, 0.9166322001245684, 0.9569744096218298, 0.29366674016789784, 0.06982874020992243, 0.4999557025727143, 0.4371256138518993, 0.027025366994245514, 0.07284949033666699, 0.0077599028416445726, 0.4672632419259499, 0.4538351035228788, 0.008776189974449011, 3.6649999618530273, 0.07506130487661627, 1.0, 1.0, 0.12041257685016987, 0.3060406003715058, 0.6343394572161389, 0.28254192861799315, 0.24589861530541457, 0.6891017506089113, 2.0, 7.0, 1.0, 0.027215807669360187, 0.016049053361310683, 0.41070942411990974, 0.0707041934687195], "features": ["SMA20_dist", "SMA50_dist", "sma_cross", "RSI14", "MACD", "MACD_sig", "MACD_hist", "BB_width", "BB_pos", "ATR14", "ret_1d", "ret_5d", "vol_10d", "vol_ratio", "obv_trend", "spy_ret_1d", "vix_level", "vix_change", "vix_regime", "asset_class", "ret_1m", "ret_3m", "ret_6m", "ret_12m", "high52w_dist", "low52w_dist", "day_of_week", "month", "is_options_expiry", "btc_ret_1d", "gold_ret_1d", "corr_spy_20d", "vwap_dist"]}