{"center": [0.010818302326365, 0.02335058506709092, 1.0, 56.14206455245528, 1.0154825786614197, 0.9529729039877858, -0.005215648729058664, 0.07462582379786374, 0.6643833301489874, 2.1855651225939687, 0.0009074745869424028, 0.003316212280821018, 0.010856341083151007, 0.9070677097383328, 1.0215588046729236, 0.0009004595313388819, 17.649999618530273, -0.005681812794001595, 1.0, 0.0, 0.022191101477737174, 0.062234620599618484, 0.12651067986510856, 0.26604706912140275, -0.03022446913167261, 0.33540766690775736, 2.0, 6.0, 0.0, -0.0003109860024155253, 0.0015753722020723782, 0.6655870902340936, 0.011471721816417852], "scale": [0.03546088962140729, 0.06081230615313073, 1.0, 23.257238636508063, 2.2461793086233826, 2.406337412480658, 0.749072037414368, 0.04165187466143849, 0.4697573473548437, 1.471708003935918, 0.014135284549823157, 0.034616080013367356, 0.005521587088371626, 0.44874731064344386, 0.2827636617208801, 0.008925864529896077, 4.0, 0.08183169609249752, 1.0, 1.0, 0.06756804300391406, 0.12031944715730059, 0.16204079626199475, 0.3717202423664945, 0.05324102481303151, 0.3126534508061243, 2.0, 7.0, 1.0, 0.02786577038061311, 0.01606629640198065, 0.24654183918095285, 0.03695389292177963], "features": ["SMA20_dist", "SMA50_dist", "sma_cross", "RSI14", "MACD", "MACD_sig", "MACD_hist", "BB_width", "BB_pos", "ATR14", "ret_1d", "ret_5d", "vol_10d", "vol_ratio", "obv_trend", "spy_ret_1d", "vix_level", "vix_change", "vix_regime", "asset_class", "ret_1m", "ret_3m", "ret_6m", "ret_12m", "high52w_dist", "low52w_dist", "day_of_week", "month", "is_options_expiry", "btc_ret_1d", "gold_ret_1d", "corr_spy_20d", "vwap_dist"]}