{"center": [0.005417891537908984, 0.02759506447625679, 1.0, 54.309881586848086, 0.21922869962531166, 0.25378716813995633, -0.008703074691134266, 0.10056013210812048, 0.5686537790748052, 0.4861154359354204, 0.0012424227342658911, 0.0015268624665931707, 0.013759186777304543, 0.9029972190484655, 1.03710384439885, 0.000968666777912075, 17.460000038146973, -0.006606896521132111, 1.0, 0.0, 0.012269462722382496, 0.0749930127696169, 0.13300335792522255, 0.03312108255360846, -0.05832563399536214, 0.2719388749267023, 2.0, 6.0, 0.0, -0.0002701146200822513, 0.002023732545861412, 0.474131127257156, 0.005501266432845148], "scale": [0.05791103958311417, 0.07049625542156178, 1.0, 28.540211146879656, 0.5983773493244664, 0.5262556843420744, 0.2151124067050431, 0.05625823625051053, 0.5632661976987708, 0.2092213897212638, 0.016007256907524914, 0.04379682847621402, 0.005713217611338063, 0.44202423631493803, 0.2016831297107693, 0.008897157332268313, 4.242499828338623, 0.08570628560778282, 1.0, 1.0, 0.1124775003590161, 0.13452250727372855, 0.2316967706205708, 0.36132709347318837, 0.08518530081159766, 0.37148939528981606, 2.0, 7.0, 1.0, 0.028455305452179225, 0.014241667041374917, 0.28881434731551536, 0.05717076309518501], "features": ["SMA20_dist", "SMA50_dist", "sma_cross", "RSI14", "MACD", "MACD_sig", "MACD_hist", "BB_width", "BB_pos", "ATR14", "ret_1d", "ret_5d", "vol_10d", "vol_ratio", "obv_trend", "spy_ret_1d", "vix_level", "vix_change", "vix_regime", "asset_class", "ret_1m", "ret_3m", "ret_6m", "ret_12m", "high52w_dist", "low52w_dist", "day_of_week", "month", "is_options_expiry", "btc_ret_1d", "gold_ret_1d", "corr_spy_20d", "vwap_dist"]}