{"center": [0.007093466962202854, 0.02452633016701413, 1.0, 55.37785831433536, 0.24834181316400006, 0.24675671115345355, -0.017860857248655798, 0.06637429526254993, 0.6226986000070954, 0.49284997210748016, -0.0001480834674292275, 0.0013605818823105853, 0.010630369202107578, 0.9421995479220492, 1.003227229831641, 0.00102340476856555, 17.605000495910645, -0.008035713733259009, 1.0, 0.0, 0.020088607791324042, 0.048211144950691565, 0.07698905258980726, 0.00036918455940837536, -0.0437210378000392, 0.2945235660964264, 2.0, 6.0, 0.0, 0.00013874977403555144, 0.0020157525238796437, 0.7096849492572985, 0.008492659019556177], "scale": [0.03336837125308488, 0.056895336590158274, 1.0, 22.548222248254675, 0.47683049094895313, 0.46535434182255353, 0.14075439958639702, 0.05030908749371331, 0.4588554632976961, 0.12542295228318323, 0.012830639317639336, 0.027018087165957466, 0.0037444060488991213, 0.38623083581065965, 0.17410439322256088, 0.009031625194174275, 4.372500896453857, 0.08504274167009251, 1.0, 1.0, 0.06735997546725139, 0.10285040823378411, 0.16125005197625555, 0.17557143610903275, 0.07548102415167877, 0.24964519676948377, 2.0, 7.0, 1.0, 0.026992112177139177, 0.014994462743126297, 0.20896804901723176, 0.03213107504610495], "features": ["SMA20_dist", "SMA50_dist", "sma_cross", "RSI14", "MACD", "MACD_sig", "MACD_hist", "BB_width", "BB_pos", "ATR14", "ret_1d", "ret_5d", "vol_10d", "vol_ratio", "obv_trend", "spy_ret_1d", "vix_level", "vix_change", "vix_regime", "asset_class", "ret_1m", "ret_3m", "ret_6m", "ret_12m", "high52w_dist", "low52w_dist", "day_of_week", "month", "is_options_expiry", "btc_ret_1d", "gold_ret_1d", "corr_spy_20d", "vwap_dist"]}