{"center": [0.002796117642410943, 0.007607300917882875, 1.0, 50.45383656440521, 0.04605541721255335, 0.0676645753299733, 0.004546400571698556, 0.12203044779253634, 0.532800511862245, 0.8433574948992049, 0.00027680981029742924, 0.0005620944757058766, 0.01760946599707776, 0.8749619899390235, 1.0752398780601946, 0.0006498313870181294, 17.25, -0.005438782390179864, 1.0, 0.0, 0.004218629003961083, 0.0, -0.021965450680411613, 0.0, -0.15295820677309652, 0.23014467236052538, 2.0, 6.0, 0.0, -0.0007989160866231915, 0.0017309682584434327, 0.6663090211098959, 0.005623409801795966], "scale": [0.06308581910134342, 0.08893470778247693, 1.0, 24.94103352506621, 0.7803454763926769, 0.7834551659344968, 0.28634659731818346, 0.09614503010177397, 0.5632853022920947, 0.36791035107203895, 0.02501192806277716, 0.058419595412609604, 0.008193902065757236, 0.7232979663685826, 0.8392015339085069, 0.009006565729603566, 3.8274991512298584, 0.08385142768217407, 1.0, 1.0, 0.11502243497872452, 0.1953412395024812, 0.1392369088394542, 0.11569336375864664, 0.10173620256215535, 0.1258583730993666, 2.0, 7.0, 1.0, 0.027984506269593756, 0.014850840938632065, 0.35263635581668384, 0.06020595247091502], "features": ["SMA20_dist", "SMA50_dist", "sma_cross", "RSI14", "MACD", "MACD_sig", "MACD_hist", "BB_width", "BB_pos", "ATR14", "ret_1d", "ret_5d", "vol_10d", "vol_ratio", "obv_trend", "spy_ret_1d", "vix_level", "vix_change", "vix_regime", "asset_class", "ret_1m", "ret_3m", "ret_6m", "ret_12m", "high52w_dist", "low52w_dist", "day_of_week", "month", "is_options_expiry", "btc_ret_1d", "gold_ret_1d", "corr_spy_20d", "vwap_dist"]}