{"center": [0.0042642817838293625, 0.014561499901624506, 1.0, 53.21124430307475, 1.9833468116067365, 2.1468686168426965, -0.05087867170329563, 0.05940855773372326, 0.5840992518906509, 6.974290832502943, -0.0003928843375409219, 0.0029954925422799317, 0.0098462029830382, 0.9831653264346429, 0.9966788192707143, 0.001151824796685963, 17.440000534057617, -0.007869662158076385, 1.0, 0.0, 0.010852079384433111, 0.0231946472151896, 0.0, 0.0, -0.03948443846826897, 0.1235191689643931, 2.0, 6.0, 0.0, -0.00032588834829794244, 0.001992014086009908, 0.40913995694419497, 0.005659725495658178], "scale": [0.033701352766605325, 0.05125283608609351, 1.0, 21.409653153843692, 6.122060798484313, 5.62474433337731, 1.9300582723339228, 0.04164643680858206, 0.552773493924307, 2.4252155373902315, 0.013808941734455682, 0.030790339713469228, 0.0035202267684256716, 0.38716777329488294, 0.4189386664591579, 0.008524516648401481, 3.9200010299682617, 0.08032102085573956, 1.0, 1.0, 0.05502305292763787, 0.0967986774247781, 0.06984287551144308, 0.06447417419860346, 0.05823820518230527, 0.08999523214852777, 2.0, 7.0, 1.0, 0.029186780557885594, 0.01606956635655843, 0.4214559488257482, 0.0343883837861476], "features": ["SMA20_dist", "SMA50_dist", "sma_cross", "RSI14", "MACD", "MACD_sig", "MACD_hist", "BB_width", "BB_pos", "ATR14", "ret_1d", "ret_5d", "vol_10d", "vol_ratio", "obv_trend", "spy_ret_1d", "vix_level", "vix_change", "vix_regime", "asset_class", "ret_1m", "ret_3m", "ret_6m", "ret_12m", "high52w_dist", "low52w_dist", "day_of_week", "month", "is_options_expiry", "btc_ret_1d", "gold_ret_1d", "corr_spy_20d", "vwap_dist"]}