{"center": [0.0062964897001189886, 0.0176743446069513, 1.0, 57.41373646665494, 0.5214573178790616, 0.5671261531208911, 0.0024875276092554133, 0.04512329158154019, 0.6694056470049023, 1.004464830671038, 0.00042041408437598626, 0.003479229092315128, 0.0070721638653027715, 0.9318907520635089, 1.0174682305632607, 0.0011227628468546413, 17.7450008392334, -0.006195237320022584, 1.0, 1.0], "scale": [0.022458383467163816, 0.030597707323367418, 1.0, 25.468723401065205, 0.8213461783891489, 0.6986725936909907, 0.31562530301209707, 0.03498902381022506, 0.4659087569441522, 0.44633756365094857, 0.00857322954976622, 0.021332482040110845, 0.0045778530013340785, 0.4158733692558414, 0.4041274690585476, 0.009515632721111722, 4.467501163482666, 0.08578094299289243, 1.0, 1.0], "features": ["SMA20_dist", "SMA50_dist", "sma_cross", "RSI14", "MACD", "MACD_sig", "MACD_hist", "BB_width", "BB_pos", "ATR14", "ret_1d", "ret_5d", "vol_10d", "vol_ratio", "obv_trend", "spy_ret_1d", "vix_level", "vix_change", "vix_regime", "asset_class"]}