{"center": [0.00496279063707592, 0.008163170864667902, 1.0, 54.20445087356481, 0.3468990665225249, 0.33220104704773473, 0.022095577188192328, 0.04177194399741582, 0.6315304897723366, 1.3270148165593594, -0.00036178566571865023, 0.0027479903835827546, 0.006451959746564726, 0.9381396214286922, 0.9914577206439681, 0.0009004595313388819, 17.299999237060547, -0.006733946910202238, 1.0, 0.0, 0.011183132036956644, 0.015345130133962659, 0.04212159943063076, 0.007668713194561416, -0.028484303934527444, 0.14464903393293657, 2.0, 7.0, 0.0, -0.0008217291810309613, 0.0015263333689308212, 0.49823755599543473, 0.005208568383626498], "scale": [0.018962259862177443, 0.02958278787585275, 1.0, 18.335500377385642, 0.9285158482163922, 0.8498802708246264, 0.3864582718853564, 0.021022747023875393, 0.46252083611357, 0.30365505459724007, 0.009230740135738269, 0.019470277400272407, 0.002074864439299864, 0.3904796144898097, 0.22717244914288792, 0.009228673881855554, 4.030000686645508, 0.08023950252542045, 1.0, 1.0, 0.03668225035006889, 0.06193768254228793, 0.07465893347813857, 0.10413105250006205, 0.033660154687832566, 0.08209317789341875, 2.0, 6.0, 1.0, 0.028084465994129892, 0.016096543230381455, 0.33852066621731397, 0.020585595603591716], "features": ["SMA20_dist", "SMA50_dist", "sma_cross", "RSI14", "MACD", "MACD_sig", "MACD_hist", "BB_width", "BB_pos", "ATR14", "ret_1d", "ret_5d", "vol_10d", "vol_ratio", "obv_trend", "spy_ret_1d", "vix_level", "vix_change", "vix_regime", "asset_class", "ret_1m", "ret_3m", "ret_6m", "ret_12m", "high52w_dist", "low52w_dist", "day_of_week", "month", "is_options_expiry", "btc_ret_1d", "gold_ret_1d", "corr_spy_20d", "vwap_dist"]}