{"center": [-0.0014266669546025418, 0.007863155766018993, 1.0, 49.32321181751331, 0.27653626553475164, 0.28724808442099625, -0.16095935049945248, 0.14810618024193206, 0.48709152593569904, 3.734642573765346, 0.00045188417748154297, 0.0001794728762160025, 0.022147398030022192, 0.9097358097756125, 0.9418358694966498, 0.0018127637068421354, 17.6850004196167, -0.007318110526737254, 1.0, 0.0, -0.0026920670433630556, -0.009888868824616093, -0.013026026132896162, 0.0, -0.14553586138461116, 0.2668452765421824, 2.0, 6.0, 0.0, -0.0015976705336350205, 0.0020157525238796437, 0.3458601789247161, 0.0004312568719306805], "scale": [0.07784132600874012, 0.10307553757083315, 1.0, 22.13260805195892, 3.2209273453189518, 2.966805713397023, 1.185199078303041, 0.11006595483515028, 0.5131692762093096, 1.8057501656668529, 0.030621172947870395, 0.06871581983943356, 0.017778432522914736, 0.5585739642751325, 0.42886951067887513, 0.00957258751441381, 4.502499103546143, 0.08668197631949856, 1.0, 1.0, 0.14504226382700647, 0.16975892215824137, 0.11321628011606258, 0.061735659873887655, 0.12184571307864074, 0.24801302806686576, 2.0, 7.0, 1.0, 0.02692442399883968, 0.015220732219399874, 0.3090429013625454, 0.0748225982265261], "features": ["SMA20_dist", "SMA50_dist", "sma_cross", "RSI14", "MACD", "MACD_sig", "MACD_hist", "BB_width", "BB_pos", "ATR14", "ret_1d", "ret_5d", "vol_10d", "vol_ratio", "obv_trend", "spy_ret_1d", "vix_level", "vix_change", "vix_regime", "asset_class", "ret_1m", "ret_3m", "ret_6m", "ret_12m", "high52w_dist", "low52w_dist", "day_of_week", "month", "is_options_expiry", "btc_ret_1d", "gold_ret_1d", "corr_spy_20d", "vwap_dist"]}