{"center": [0.007765448020235194, -0.01677846087843053, 0.0, 53.05691834108112, -0.22379433103358792, -0.18546631474934933, 0.07395907241049038, 0.3167852774081382, 0.5320508893251503, 2.536428587777274, -0.0026380026852985683, 0.006530323481189537, 0.04688305769526663, 0.8463968515884702, 1.002876654091056, 0.001375843498309326, 17.209999084472656, -0.005298008058610915, 1.0, 0.0, -0.006141957765850803, -0.03699037554642848, 0.0, 0.0, -0.4752099968570061, 0.847307053578492, 2.0, 6.0, 0.0, -0.0003109860024155253, 0.001677776649860796, 0.48394057469365265, -0.0008697895735895242], "scale": [0.1566159941575223, 0.24361419946495863, 1.0, 25.24464191255438, 2.9764336883998936, 2.910239662665532, 0.740363963831975, 0.33308509364281713, 0.5146127194400629, 1.1814287730625699, 0.06033242090558122, 0.14868320519230027, 0.03689693763320325, 0.5211745451557147, 0.2477166635829824, 0.008642958444205928, 3.419999122619629, 0.08222667877972767, 1.0, 1.0, 0.3230749959113126, 0.32928269375687413, 0.40903199585627914, 0.1497175256240849, 0.16903631918289497, 1.130410084509147, 2.0, 7.0, 1.0, 0.029577483728074783, 0.014578282164125267, 0.3227885076628214, 0.15222901941921171], "features": ["SMA20_dist", "SMA50_dist", "sma_cross", "RSI14", "MACD", "MACD_sig", "MACD_hist", "BB_width", "BB_pos", "ATR14", "ret_1d", "ret_5d", "vol_10d", "vol_ratio", "obv_trend", "spy_ret_1d", "vix_level", "vix_change", "vix_regime", "asset_class", "ret_1m", "ret_3m", "ret_6m", "ret_12m", "high52w_dist", "low52w_dist", "day_of_week", "month", "is_options_expiry", "btc_ret_1d", "gold_ret_1d", "corr_spy_20d", "vwap_dist"]}