{"center": [0.008762097578520665, 0.023296896723190783, 1.0, 57.0900862644758, 0.4067998064341225, 0.432942990334088, -0.0018218062112406834, 0.058615028596109696, 0.6607741125228976, 0.6142152155323652, 0.0004921409770484164, 0.0032022831885196723, 0.009285439871380714, 0.8944628195656181, 1.0175301268695718, 0.000856557975309924, 17.280000686645508, -0.0067330833557224246, 1.0, 0.0, 0.01906560953869263, 0.049944097505694396, 0.09644333003477856, 0.1900331834725293, -0.019144748469050378, 0.2659794624976799, 2.0, 6.0, 0.0, -0.0002817528932477775, 0.0020691449988656796, 0.7129996356114435, 0.010141721763432827], "scale": [0.02582197050647749, 0.04107169480994, 1.0, 21.02796495477527, 0.6421324163150022, 0.5650793138304679, 0.19084587868239677, 0.028910751790414996, 0.44662557824358406, 0.34045892089628005, 0.013364605052739065, 0.02685118403493092, 0.0044081781948996385, 0.5329502440022437, 0.11721935494177582, 0.008717118058435919, 3.544999599456787, 0.08036984258907648, 1.0, 1.0, 0.04617339406768722, 0.08204736495243425, 0.11493220273890409, 0.26872429742613, 0.04206602096723268, 0.22457164282087616, 2.0, 7.0, 1.0, 0.027170805880211285, 0.015301504741430078, 0.19762147713226608, 0.026408371436539152], "features": ["SMA20_dist", "SMA50_dist", "sma_cross", "RSI14", "MACD", "MACD_sig", "MACD_hist", "BB_width", "BB_pos", "ATR14", "ret_1d", "ret_5d", "vol_10d", "vol_ratio", "obv_trend", "spy_ret_1d", "vix_level", "vix_change", "vix_regime", "asset_class", "ret_1m", "ret_3m", "ret_6m", "ret_12m", "high52w_dist", "low52w_dist", "day_of_week", "month", "is_options_expiry", "btc_ret_1d", "gold_ret_1d", "corr_spy_20d", "vwap_dist"]}