{"center": [0.0029610274725265875, 0.02057360414999448, 1.0, 52.33170510800568, 0.4766817584781293, 0.45807995751364405, -0.005928567337134635, 0.07824615647698627, 0.5477117540198733, 1.4303116718487365, 0.0009951583497899152, 0.0019236205603399004, 0.011608085911776957, 0.8486708533995619, 1.043545629051409, 0.0009971395871615218, 17.3799991607666, -0.005438782390179864, 1.0, 0.0, 0.007648109579499129, 0.0728289380576076, 0.08592211823475626, 0.0, -0.04816884447193155, 0.36500177250916743, 2.0, 6.0, 0.0, -0.0007965467490635425, 0.001674234105256911, 0.6628296825249731, 0.004028473277862432], "scale": [0.04568477626303955, 0.08682890668242366, 1.0, 25.160882433857182, 2.3864258133052694, 2.306477365840323, 0.5514525740338617, 0.05053001827291225, 0.554077689327913, 0.3733156939983886, 0.015730755765824694, 0.03695925844237882, 0.005006195822321237, 0.6302218724142108, 0.2263354744194861, 0.008978344092354762, 3.770000457763672, 0.08028824262051423, 1.0, 1.0, 0.0934513732307641, 0.20114337520350356, 0.26974750902951394, 0.3028483020158307, 0.12650462491869707, 0.3934641186543368, 2.0, 7.0, 1.0, 0.0264017878498837, 0.013957972458316176, 0.2200774471501421, 0.04616209130485569], "features": ["SMA20_dist", "SMA50_dist", "sma_cross", "RSI14", "MACD", "MACD_sig", "MACD_hist", "BB_width", "BB_pos", "ATR14", "ret_1d", "ret_5d", "vol_10d", "vol_ratio", "obv_trend", "spy_ret_1d", "vix_level", "vix_change", "vix_regime", "asset_class", "ret_1m", "ret_3m", "ret_6m", "ret_12m", "high52w_dist", "low52w_dist", "day_of_week", "month", "is_options_expiry", "btc_ret_1d", "gold_ret_1d", "corr_spy_20d", "vwap_dist"]}