{"center": [0.004927041912649682, 0.012257930358164729, 1.0, 57.959282908590495, 0.17586134221230054, 0.1758073324887559, -0.002766175188159088, 0.02470874589578284, 0.7182975398052542, 0.2427351869677365, 0.0004152477217705952, 0.0016226298556294427, 0.003923349696533868, 0.8960898851756582, 1.07963416006478, 0.0016705837326954631, 17.38499927520752, -0.010105145627009537, 1.0, 0.0, 0.011667989681821811, 0.021584298182308004, 0.04133799128645943, 0.08899477452809301, -0.005367816437764995, 0.11690470538618823, 2.0, 6.0, 0.0, -0.0014998349928206922, 0.0018432545858287908, 0.8773429984580254, 0.005489672914095726], "scale": [0.01083143615486139, 0.016244911322878135, 1.0, 18.91850103267067, 0.20241125545348204, 0.2225297095606482, 0.06443844998939718, 0.012865655706281315, 0.4346873363774234, 0.07610966630275573, 0.0048994121237590504, 0.011938460761984904, 0.0015998285868511607, 0.6178878405761659, 0.3779120903079659, 0.009725114912777055, 4.052500486373901, 0.08161588826808219, 1.0, 1.0, 0.020861035885404194, 0.03268071042552617, 0.058167644119009154, 0.12409912451934962, 0.011500714267166683, 0.10758951936337469, 2.0, 7.0, 1.0, 0.027917877862770807, 0.014260259380777879, 0.13498375528847328, 0.011076986184177311], "features": ["SMA20_dist", "SMA50_dist", "sma_cross", "RSI14", "MACD", "MACD_sig", "MACD_hist", "BB_width", "BB_pos", "ATR14", "ret_1d", "ret_5d", "vol_10d", "vol_ratio", "obv_trend", "spy_ret_1d", "vix_level", "vix_change", "vix_regime", "asset_class", "ret_1m", "ret_3m", "ret_6m", "ret_12m", "high52w_dist", "low52w_dist", "day_of_week", "month", "is_options_expiry", "btc_ret_1d", "gold_ret_1d", "corr_spy_20d", "vwap_dist"]}