{"center": [0.0021123464261131437, 0.0039975409497499306, 1.0, 54.00436147969376, 0.03481931996483212, 0.029069286052510603, 0.0020896294287783695, 0.01948305097553966, 0.6229904017321395, 0.13913220570255522, 0.0006192260032067409, 0.0006190866770463543, 0.003137410054796241, 0.6451612903225806, 1.016264957601017, 0.0007044991031190939, 17.649999618530273, -0.006626930447881874, 1.0, 0.0, 0.004016087802110269, 0.007138324786432726, 0.008211535441652318, 0.004928323956160607, -0.011892538584232004, 0.058618016728743984, 2.0, 6.0, 0.0, 0.00038358610925337544, 0.0019715725978484144, 0.043051408786863136, 0.0021846719988462184], "scale": [0.009038571351053949, 0.013878164004294334, 1.0, 19.75078177867973, 0.1238502976811624, 0.10859487612423058, 0.04219769089235571, 0.01579554059701186, 0.45880194181855544, 0.04956535065193775, 0.004412482726233957, 0.008607965254737948, 0.001479548166049165, 1.0112849709915108, 0.10674449909679762, 0.008897333546130981, 3.960000991821289, 0.07957713878761707, 1.0, 1.0, 0.017154009510658763, 0.022448235689107143, 0.022512261314655335, 0.03162638138416618, 0.012549494214552741, 0.03843124390161941, 2.0, 6.5, 1.0, 0.026642835331656622, 0.015121776261187103, 0.6204739178936718, 0.00903256679441047], "features": ["SMA20_dist", "SMA50_dist", "sma_cross", "RSI14", "MACD", "MACD_sig", "MACD_hist", "BB_width", "BB_pos", "ATR14", "ret_1d", "ret_5d", "vol_10d", "vol_ratio", "obv_trend", "spy_ret_1d", "vix_level", "vix_change", "vix_regime", "asset_class", "ret_1m", "ret_3m", "ret_6m", "ret_12m", "high52w_dist", "low52w_dist", "day_of_week", "month", "is_options_expiry", "btc_ret_1d", "gold_ret_1d", "corr_spy_20d", "vwap_dist"]}