{"center": [0.008143868795131431, 0.02024804671171623, 1.0, 58.834235409787524, 1.1443155239959708, 1.0820950204563626, 0.015201425871040675, 0.04481355863350912, 0.7151746778434354, 1.7436628089073725, -0.00010961494557354401, 0.002110618156774824, 0.006625352188826187, 0.9922621996293091, 1.0072887766895944, 0.000926724745238805, 17.460000038146973, -0.006119094562553662, 1.0, 0.0, 0.021413664054352632, 0.04208165021606991, 0.06802368456524588, 0.07595492500546663, -0.011928783061863435, 0.19026518049827484, 2.0, 6.0, 0.0, -0.0011564734544893818, 0.0019842065968723732, 0.7658391416299806, 0.008894621071703506], "scale": [0.018826084571178917, 0.02780109612741475, 1.0, 18.112969342831057, 1.3033874343084833, 1.221895099553336, 0.4456480047774032, 0.02393317199648058, 0.4135414773616361, 0.5311369585990904, 0.009541076713707713, 0.019305628109534928, 0.002562372471855017, 0.3781773402318451, 0.891978533749638, 0.009274498282253019, 3.965000629425049, 0.07886927661098103, 1.0, 1.0, 0.039067581150297875, 0.05627020466988064, 0.11549104051451414, 0.16138886931869156, 0.03289156174934821, 0.1509091702459892, 2.0, 7.0, 1.0, 0.027700110599241906, 0.015556778164841772, 0.1742725883881987, 0.01847906751858834], "features": ["SMA20_dist", "SMA50_dist", "sma_cross", "RSI14", "MACD", "MACD_sig", "MACD_hist", "BB_width", "BB_pos", "ATR14", "ret_1d", "ret_5d", "vol_10d", "vol_ratio", "obv_trend", "spy_ret_1d", "vix_level", "vix_change", "vix_regime", "asset_class", "ret_1m", "ret_3m", "ret_6m", "ret_12m", "high52w_dist", "low52w_dist", "day_of_week", "month", "is_options_expiry", "btc_ret_1d", "gold_ret_1d", "corr_spy_20d", "vwap_dist"]}