{"center": [0.0009110244938199134, 0.007235045540305905, 1.0, 49.637918042834, 0.03966297380310024, 0.02808594390681563, -0.00853686281431848, 0.0808660313582644, 0.5121176622327477, 0.4961553935988606, 0.0006509803920171642, 0.003071777489349836, 0.011446824982001964, 0.6950598623118278, 1.0147022731739312, 0.0009008441539046785, 17.479999542236328, -0.004622023407450215, 1.0, 0.0, 0.005861129661531406, 0.029917782522803416, 0.011609768568894507, 0.0, -0.05616465856297698, 0.2912442821563114, 2.0, 6.0, 0.0, -0.0016340123250006555, 0.0019842065968723732, 0.5608882792736338, -0.0013325196885248772], "scale": [0.04598435968272348, 0.08039459983839743, 1.0, 26.417214968628464, 0.6296133548329985, 0.6189653693403309, 0.15272878652224053, 0.04216004927496181, 0.5694079834519632, 0.13871758718963928, 0.014839891787011006, 0.04229721278213025, 0.004475895147390198, 0.6879260765245554, 0.18978243399885297, 0.009741488143369198, 3.955000400543213, 0.08117571624861511, 1.0, 1.0, 0.0865620960263579, 0.16988400049541572, 0.3011793562256459, 0.2633078332757998, 0.11823233360616373, 0.2792364716565544, 2.0, 7.0, 1.0, 0.024989793745039096, 0.016014221216965135, 0.26330957179651615, 0.044808445556688385], "features": ["SMA20_dist", "SMA50_dist", "sma_cross", "RSI14", "MACD", "MACD_sig", "MACD_hist", "BB_width", "BB_pos", "ATR14", "ret_1d", "ret_5d", "vol_10d", "vol_ratio", "obv_trend", "spy_ret_1d", "vix_level", "vix_change", "vix_regime", "asset_class", "ret_1m", "ret_3m", "ret_6m", "ret_12m", "high52w_dist", "low52w_dist", "day_of_week", "month", "is_options_expiry", "btc_ret_1d", "gold_ret_1d", "corr_spy_20d", "vwap_dist"]}