{"center": [-0.006252927825187685, -0.01690593702441205, 0.0, 49.92308983435998, -0.2351496849599144, -0.19498677858678873, 0.01894029291421484, 0.1798166659999292, 0.4504752189937027, 2.449642998831613, -0.0004329268550460341, -0.009421828472129246, 0.02754815130793499, 0.8493408315663317, 1.02057960896133, 0.0014265993667199606, 17.479999542236328, -0.005211721284556381, 1.0, 0.0, -0.008097169302144769, 0.0, 0.0, 0.0, -0.39989827473984657, 0.3231707600735979, 2.0, 6.0, 0.0, -0.00151319093281288, 0.0015263333689308212, 0.3087363361882326, -0.004623609524107417], "scale": [0.08845406574123543, 0.19169309195057668, 1.0, 22.262331415368145, 3.0767126060356134, 3.3511105026738885, 0.915564319782475, 0.12659061369866437, 0.5173393320737895, 1.3206432887486048, 0.03680785963162647, 0.0810213405655561, 0.012491293241360037, 0.41617112798528166, 0.23893881733786737, 0.00911034456094062, 3.450000762939453, 0.07855355465698521, 1.0, 1.0, 0.19011910216398786, 0.4485341473595962, 0.8393167399507468, 0.5115655366199436, 0.4693136425318948, 0.4700427915420382, 2.0, 6.0, 1.0, 0.027838939242917915, 0.014926935208344094, 0.2642251326870775, 0.08887032040021298], "features": ["SMA20_dist", "SMA50_dist", "sma_cross", "RSI14", "MACD", "MACD_sig", "MACD_hist", "BB_width", "BB_pos", "ATR14", "ret_1d", "ret_5d", "vol_10d", "vol_ratio", "obv_trend", "spy_ret_1d", "vix_level", "vix_change", "vix_regime", "asset_class", "ret_1m", "ret_3m", "ret_6m", "ret_12m", "high52w_dist", "low52w_dist", "day_of_week", "month", "is_options_expiry", "btc_ret_1d", "gold_ret_1d", "corr_spy_20d", "vwap_dist"]}