{"center": [0.0033183426523622885, 0.011453667522684454, 1.0, 52.516984253521535, 2.175084982770386, 2.259007529384238, -0.19292667281284182, 0.08921334119701732, 0.5443531759657848, 10.633014586760579, -0.0002642295567671926, 0.001146616098340436, 0.012985054169822754, 0.9376884865662712, 1.0041411547369967, 0.0009528858299909793, 17.360000610351562, -0.006626930447881874, 1.0, 0.0, 0.009457302616332708, 0.033136120890493226, 0.08493424572340724, 0.13066326457321153, -0.07824483635903251, 0.2554087877756164, 2.0, 6.0, 0.0, 0.00038358610925337544, 0.0019404068737312041, 0.06394333992566412, 0.002968369720434641], "scale": [0.04967571838889101, 0.0966078184434938, 1.0, 24.784049616450446, 14.35842173442407, 13.900443043163797, 4.14485978238654, 0.06376851976087629, 0.5624919499017322, 5.173785322548435, 0.016746305437334408, 0.04066333429614516, 0.008311719506165244, 0.41348095941514695, 0.15601569696787, 0.008695515105715812, 3.905000686645508, 0.07949812559672276, 1.0, 1.0, 0.09127381113266286, 0.23495939130902138, 0.18978683268405538, 0.21288369121917072, 0.09580283541165822, 0.2179030062063043, 2.0, 7.0, 1.0, 0.026737961821083067, 0.014287616551434401, 0.469704682599201, 0.05144212791480693], "features": ["SMA20_dist", "SMA50_dist", "sma_cross", "RSI14", "MACD", "MACD_sig", "MACD_hist", "BB_width", "BB_pos", "ATR14", "ret_1d", "ret_5d", "vol_10d", "vol_ratio", "obv_trend", "spy_ret_1d", "vix_level", "vix_change", "vix_regime", "asset_class", "ret_1m", "ret_3m", "ret_6m", "ret_12m", "high52w_dist", "low52w_dist", "day_of_week", "month", "is_options_expiry", "btc_ret_1d", "gold_ret_1d", "corr_spy_20d", "vwap_dist"]}