{"center": [0.036099190178917995, 0.0752902205131395, 1.0, 55.298648903983086, 0.10407841796214545, 0.10608157346647429, 0.02623088484093561, 0.3491821881903559, 0.623233047752369, 0.5749999625342233, 0.0055492932926397565, 0.01427071736351393, 0.05487225471797359, 0.9525507829792755, 1.0530309899661887, 0.0013180112206383487, 17.18000030517578, -0.004329985820592741, 1.0, 0.0, 0.07601172177003557, 0.16674888418948752, 0.3357241798256052, 0.0, -0.3207771985883806, 1.6276372415874454, 2.0, 6.0, 0.0, -0.0011698293944815696, 0.0016536143054527441, 0.3401721173315623, 0.021948640584344828], "scale": [0.19453127659150993, 0.28307112099825454, 1.0, 26.96678217833975, 0.562300243333556, 0.5176080961773892, 0.18758363469167955, 0.2490979746846299, 0.5319056711947606, 0.3894642165728978, 0.062229713755212634, 0.16074785667927616, 0.02379469665684198, 0.6618831394311043, 0.4949537082801938, 0.008994868390288818, 4.259999752044678, 0.07837585487718085, 1.0, 1.0, 0.350875666698113, 0.6075185436239905, 0.659604161236966, 1.021045241775752, 0.2656974775116514, 1.5978113068687576, 2.0, 7.0, 1.0, 0.026931517900921603, 0.014940899751271608, 0.3104736232695805, 0.17762213704841884], "features": ["SMA20_dist", "SMA50_dist", "sma_cross", "RSI14", "MACD", "MACD_sig", "MACD_hist", "BB_width", "BB_pos", "ATR14", "ret_1d", "ret_5d", "vol_10d", "vol_ratio", "obv_trend", "spy_ret_1d", "vix_level", "vix_change", "vix_regime", "asset_class", "ret_1m", "ret_3m", "ret_6m", "ret_12m", "high52w_dist", "low52w_dist", "day_of_week", "month", "is_options_expiry", "btc_ret_1d", "gold_ret_1d", "corr_spy_20d", "vwap_dist"]}