{"center": [0.00795400042885528, 0.004205827366649411, 0.0, 53.53533881229127, 0.010748330588853605, 0.017857670308618748, 0.027264817359782215, 0.2090248766556781, 0.5687041367776766, 0.4667560916875772, -0.0006074308124311978, 0.008239605222549962, 0.028525359318350565, 0.8901703511770219, 0.8986369694453369, 0.0016134830190519533, 17.520000457763672, -0.0067322198012426115, 1.0, 0.0, 0.015890968515836823, -0.013031664161970657, 0.0, 0.0, -0.22610474177369938, 0.6598725579807805, 2.0, 6.0, 0.0, -0.00022924323774897726, 0.002012776164397767, 0.42523461629592496, 0.010797438207540085], "scale": [0.09784671596346095, 0.17576645976769828, 1.0, 24.106880755921942, 0.5777426016003977, 0.5529885753419586, 0.14738597415245697, 0.12630307755543738, 0.5198579313405547, 0.1309985258967017, 0.03126869054304093, 0.08102850186142069, 0.01109173416584324, 0.46438900660716875, 0.7321398300060198, 0.00900595581518615, 3.880000591278076, 0.08378146972867545, 1.0, 1.0, 0.22323490761131515, 0.4192910986785999, 0.4911689770234556, 0.5573423429437797, 0.2015757079401735, 0.7697753611268375, 2.0, 7.0, 1.0, 0.027323724616667044, 0.01422298911492792, 0.2211106377712354, 0.09901703660972282], "features": ["SMA20_dist", "SMA50_dist", "sma_cross", "RSI14", "MACD", "MACD_sig", "MACD_hist", "BB_width", "BB_pos", "ATR14", "ret_1d", "ret_5d", "vol_10d", "vol_ratio", "obv_trend", "spy_ret_1d", "vix_level", "vix_change", "vix_regime", "asset_class", "ret_1m", "ret_3m", "ret_6m", "ret_12m", "high52w_dist", "low52w_dist", "day_of_week", "month", "is_options_expiry", "btc_ret_1d", "gold_ret_1d", "corr_spy_20d", "vwap_dist"]}