{"center": [0.0026171665311538017, 0.009567675393521994, 1.0, 52.301057752229, 0.26104589187622906, 0.2719504006070164, -0.013294450226986193, 0.05336071790534, 0.5538046457439798, 1.2931441762345908, 0.001173844612698538, 0.0015949284145192477, 0.00839933770103593, 0.5626605606558625, 1.007883307768075, 0.0006456662600351493, 17.460000038146973, -0.008109137313722703, 1.0, 0.0, 0.0075078314104716215, 0.04027503658851539, 0.055708880183673926, 0.10592701641277658, -0.029872212178223213, 0.18205467325552294, 2.0, 6.0, 0.0, -0.0019731664656665315, 0.0007764358777558877, 0.27937820417328874, 0.0034180103763185813], "scale": [0.025355525150357036, 0.03877522937361073, 1.0, 21.069144940680978, 1.1282562662639144, 0.9558565997154879, 0.38664398415709356, 0.027555628364578567, 0.4899420973453069, 0.32731527738723143, 0.011168674041518667, 0.024778358458514393, 0.0035887792156513634, 0.5414954116814672, 0.09777230905802936, 0.008872056919138727, 3.982499837875366, 0.07821251580465838, 1.0, 1.0, 0.051534068316943016, 0.06938721754056676, 0.07931756494595976, 0.15274985465888524, 0.03961445564275911, 0.05907830566510272, 2.0, 7.0, 1.0, 0.027099562031555197, 0.01438519307079289, 0.3373357343085732, 0.023681519233764037], "features": ["SMA20_dist", "SMA50_dist", "sma_cross", "RSI14", "MACD", "MACD_sig", "MACD_hist", "BB_width", "BB_pos", "ATR14", "ret_1d", "ret_5d", "vol_10d", "vol_ratio", "obv_trend", "spy_ret_1d", "vix_level", "vix_change", "vix_regime", "asset_class", "ret_1m", "ret_3m", "ret_6m", "ret_12m", "high52w_dist", "low52w_dist", "day_of_week", "month", "is_options_expiry", "btc_ret_1d", "gold_ret_1d", "corr_spy_20d", "vwap_dist"]}