{"center": [0.0023345980615783867, -0.0010458689167724287, 0.0, 52.32775869050817, 0.02561650483810496, -0.001361011083939559, 0.04434905113329597, 0.12530408684231828, 0.5231058515739078, 1.2339682325872279, -0.0001588430674313024, 0.00417561872576333, 0.01862715178077192, 0.878723871892566, 1.010727143479557, 0.0013579397972762752, 17.260000228881836, -0.005211721284556381, 1.0, 0.0, 0.006728452058357481, -0.018010529882661275, 0.0, 0.0, -0.19942634424135916, 0.1919136084514452, 2.0, 6.0, 0.0, -0.0017695992030517527, 0.0019715725978484144, 0.1289052006650151, 0.0033026546598422806], "scale": [0.06135232406457938, 0.08125631398723414, 1.0, 22.87081752084648, 1.1177466891360552, 0.9962680007028145, 0.3914030872694666, 0.05901915456019212, 0.529247507831564, 0.3975577400097474, 0.023383324500809488, 0.06392203369676386, 0.00796611649433681, 0.40472709951345953, 0.27871805496577584, 0.008924147032465246, 3.9600000381469727, 0.07598845920163477, 1.0, 1.0, 0.1195680100756612, 0.19365151857873797, 0.16943697252778145, 0.1325931310686056, 0.0922293456419914, 0.2159370067436998, 2.0, 7.0, 1.0, 0.030131722684713202, 0.015047761157037765, 0.5142299173180547, 0.06563255241103576], "features": ["SMA20_dist", "SMA50_dist", "sma_cross", "RSI14", "MACD", "MACD_sig", "MACD_hist", "BB_width", "BB_pos", "ATR14", "ret_1d", "ret_5d", "vol_10d", "vol_ratio", "obv_trend", "spy_ret_1d", "vix_level", "vix_change", "vix_regime", "asset_class", "ret_1m", "ret_3m", "ret_6m", "ret_12m", "high52w_dist", "low52w_dist", "day_of_week", "month", "is_options_expiry", "btc_ret_1d", "gold_ret_1d", "corr_spy_20d", "vwap_dist"]}