{"center": [0.0121561868230392, 0.021123124267252418, 1.0, 52.91064322608514, 0.8561033059791612, 0.6275371412188382, 0.07412768983541373, 0.18946582779860371, 0.590963324337014, 4.253286634172712, 0.0015752239791477773, 0.0011309689975114168, 0.026301069658100095, 0.9105606493991023, 1.0112302753435665, 0.0014456352254532678, 17.479999542236328, -0.010067088749702191, 1.0, 0.0, 0.02892741824459044, 0.08567430229463335, 0.08321334068324937, 0.09241099348110171, -0.13025636039219304, 0.6221140427996108, 2.0, 6.0, 0.0, 0.0013036230231544543, 0.0019404068737312041, 0.5422512245056053, 0.014357336714236129], "scale": [0.09696191726836262, 0.1632778931399574, 1.0, 23.178990448311183, 4.216114490526763, 3.9819891735572495, 1.329376785255254, 0.11999765305967658, 0.4979324245966963, 1.5480335780552448, 0.03327406773360303, 0.0822905890638338, 0.01621572626383227, 0.47483166760340745, 0.2747015052976147, 0.008771608171249556, 4.459999084472656, 0.07708651085341045, 1.0, 1.0, 0.18719152670403122, 0.33665074387483757, 0.21030940036100598, 0.4977924747193112, 0.14976243536143058, 0.3919425557950857, 2.0, 7.0, 1.0, 0.02452618454260247, 0.015398713715149281, 0.29806074593088805, 0.09476990563117813], "features": ["SMA20_dist", "SMA50_dist", "sma_cross", "RSI14", "MACD", "MACD_sig", "MACD_hist", "BB_width", "BB_pos", "ATR14", "ret_1d", "ret_5d", "vol_10d", "vol_ratio", "obv_trend", "spy_ret_1d", "vix_level", "vix_change", "vix_regime", "asset_class", "ret_1m", "ret_3m", "ret_6m", "ret_12m", "high52w_dist", "low52w_dist", "day_of_week", "month", "is_options_expiry", "btc_ret_1d", "gold_ret_1d", "corr_spy_20d", "vwap_dist"]}