{"center": [0.008866082360481977, 0.00476549184151209, 0.0, 53.903537115513004, 0.6526535455651015, -0.08583007725293244, 0.49316296353456623, 0.1736666616425795, 0.5715379256659148, 7.765640803745814, 0.00143869305286759, 0.00526774424185672, 0.022623373099179375, 0.9221548857408107, 1.03547778884591, 0.0014361762526201582, 17.6850004196167, -0.006642781425620192, 1.0, 0.0, 0.021262421612474047, 0.03006470400001726, 0.0, 0.0, -0.10913114864114337, 0.3016367578335162, 2.0, 6.0, 0.0, -0.0020828935405181603, 0.0007764358777558877, 0.4494287363060239, 0.011722473876052783], "scale": [0.09023613178376277, 0.16017862576782205, 1.0, 27.76630693235684, 9.828092136907301, 9.085871253114512, 2.418813530863333, 0.12273245120643492, 0.5503422468523234, 2.5814620426722925, 0.0274478436763618, 0.05785546719233545, 0.015891071965488952, 0.5242066581061637, 0.3474212229245264, 0.008796390555455114, 3.679999828338623, 0.08035069742879603, 1.0, 1.0, 0.1835494268400935, 0.23350402010646615, 0.6302035698590855, 0.3085733329035554, 0.4172518773529669, 0.5188576195762048, 2.0, 7.0, 1.0, 0.025258585802037964, 0.01597148379925792, 0.3871045390711273, 0.09109186034740528], "features": ["SMA20_dist", "SMA50_dist", "sma_cross", "RSI14", "MACD", "MACD_sig", "MACD_hist", "BB_width", "BB_pos", "ATR14", "ret_1d", "ret_5d", "vol_10d", "vol_ratio", "obv_trend", "spy_ret_1d", "vix_level", "vix_change", "vix_regime", "asset_class", "ret_1m", "ret_3m", "ret_6m", "ret_12m", "high52w_dist", "low52w_dist", "day_of_week", "month", "is_options_expiry", "btc_ret_1d", "gold_ret_1d", "corr_spy_20d", "vwap_dist"]}