{"center": [-0.004682091920936959, -0.006626202217370399, 1.0, 48.20440839105424, -0.08111965973462532, -0.04727089804715058, -0.0194813782573994, 0.08719757006575023, 0.4368589653814675, 0.5534626818285372, -0.00016430914759779647, -0.00392004627881215, 0.01255918691571798, 0.9527398221441453, 1.0283987034309354, 0.001151711603039951, 17.479999542236328, -0.007869662158076385, 1.0, 0.0, 0.0, -0.012806681311903434, 0.0, 0.0, -0.07937476515531063, 0.1294150988040388, 2.0, 6.0, 0.0, -0.0017695992030517527, 0.0019383092584315254, 0.34312974366479787, -0.00465435430813347], "scale": [0.04483327039384687, 0.07871485367887059, 1.0, 26.706977510699303, 0.736399298791266, 0.7558065674599173, 0.1842761832300292, 0.06214200412696318, 0.5409921547261253, 0.1643172254248062, 0.016415695254456075, 0.036838809323555655, 0.007285348838834587, 0.48048873732660424, 0.28279569637276747, 0.009196634677486326, 4.3899993896484375, 0.0837650673713507, 1.0, 1.0, 0.07949277271321753, 0.12828956443881478, 0.11713038752248384, 0.11429262450033906, 0.09311425585546093, 0.1906152765755443, 2.0, 7.0, 1.0, 0.029506168307154357, 0.01479215198271544, 0.37446794055747407, 0.045491676782083115], "features": ["SMA20_dist", "SMA50_dist", "sma_cross", "RSI14", "MACD", "MACD_sig", "MACD_hist", "BB_width", "BB_pos", "ATR14", "ret_1d", "ret_5d", "vol_10d", "vol_ratio", "obv_trend", "spy_ret_1d", "vix_level", "vix_change", "vix_regime", "asset_class", "ret_1m", "ret_3m", "ret_6m", "ret_12m", "high52w_dist", "low52w_dist", "day_of_week", "month", "is_options_expiry", "btc_ret_1d", "gold_ret_1d", "corr_spy_20d", "vwap_dist"]}