{"center": [0.017032152634181626, 0.04162614643074069, 1.0, 53.82491041203382, 1.0777403867801638, 1.11947826322728, -0.0007353936792686699, 0.16509203750362775, 0.6302633247407763, 2.8690211242877197, 0.0018008945830338963, 0.011215762909632998, 0.021697521268515915, 0.9456450704862889, 1.0288857636543975, 0.0014611171355269903, 17.200000762939453, -0.007843129677328364, 1.0, 0.0, 0.04094749577763657, 0.12080777002126775, 0.27821942090688334, 0.4389891058934787, -0.054136834406239995, 0.6992599011386756, 2.0, 6.0, 0.0, 0.0003224981011604733, 0.002415209844427002, 0.3508637146237132, 0.016705805034708487], "scale": [0.06899663963080616, 0.1194150405920407, 1.0, 22.907374135355845, 2.825471036132413, 2.6947436765077315, 0.8981366328267311, 0.0998457138227862, 0.4842516709042581, 2.991551920189631, 0.0294886589192751, 0.07758026652828942, 0.011224199542686546, 0.4391539552484307, 0.1330483967121452, 0.00885633357677007, 3.780000686645508, 0.07654958092588837, 1.0, 1.0, 0.13672763096271634, 0.20423952911173204, 0.35313842862521483, 0.7665700485888727, 0.1204639185612396, 0.6267306414904222, 2.0, 7.0, 1.0, 0.027986969099362824, 0.014436385045474287, 0.49876858137602725, 0.07242976306416242], "features": ["SMA20_dist", "SMA50_dist", "sma_cross", "RSI14", "MACD", "MACD_sig", "MACD_hist", "BB_width", "BB_pos", "ATR14", "ret_1d", "ret_5d", "vol_10d", "vol_ratio", "obv_trend", "spy_ret_1d", "vix_level", "vix_change", "vix_regime", "asset_class", "ret_1m", "ret_3m", "ret_6m", "ret_12m", "high52w_dist", "low52w_dist", "day_of_week", "month", "is_options_expiry", "btc_ret_1d", "gold_ret_1d", "corr_spy_20d", "vwap_dist"]}