{"center": [0.0025794533630196033, 0.010105910158853634, 1.0, 50.45208405668469, 0.2332827031517013, 0.25582781516533915, 0.06932853680481621, 0.1796139975076125, 0.5152161439762492, 4.037857600620815, 0.0022714019456038237, -0.0011318446615523614, 0.027531960453693608, 0.8894426838011839, 1.0187381754860372, 0.000556300212536609, 17.299999237060547, -0.005025144893802347, 1.0, 0.0, 0.0005652617259250814, 0.02258184762363835, 0.020060428083702897, 0.023073411023425416, -0.21688520964997493, 0.23991676157913974, 2.0, 6.0, 0.0, -0.0017695992030517527, 0.0017481999132260562, 0.4075412312966931, -0.0021207576343912887], "scale": [0.08749970406456267, 0.1130456318388697, 1.0, 24.396748128371527, 3.0242467855150466, 2.9360793778575895, 1.3753337068320115, 0.10338236281706276, 0.4944827731803047, 2.254287719726563, 0.03354668362477997, 0.08334948417879473, 0.013612731621318718, 0.5967214693114397, 0.14458095071739108, 0.009119402614524375, 3.7200002670288086, 0.07920424983546237, 1.0, 1.0, 0.15743425504578845, 0.14403508954280853, 0.21334509995043782, 0.38529690665502736, 0.094431245781882, 0.44626597423079206, 2.0, 7.0, 1.0, 0.028031501293825367, 0.013725127956003558, 0.4617745868359735, 0.08957667248059903], "features": ["SMA20_dist", "SMA50_dist", "sma_cross", "RSI14", "MACD", "MACD_sig", "MACD_hist", "BB_width", "BB_pos", "ATR14", "ret_1d", "ret_5d", "vol_10d", "vol_ratio", "obv_trend", "spy_ret_1d", "vix_level", "vix_change", "vix_regime", "asset_class", "ret_1m", "ret_3m", "ret_6m", "ret_12m", "high52w_dist", "low52w_dist", "day_of_week", "month", "is_options_expiry", "btc_ret_1d", "gold_ret_1d", "corr_spy_20d", "vwap_dist"]}