{"center": [-0.00774552349589345, -0.020653923571263867, 0.0, 45.33630187429388, -0.3912343211331475, -0.39738530714299297, 0.014163456260482876, 0.08915338154117282, 0.39650251438535256, 1.3756898343912924, -0.0003427175040603414, -0.0037458839556240298, 0.013943707031435337, 0.9544358220494682, 0.949663404768899, 0.0008309366371598292, 17.394999504089355, -0.005254864671583648, 1.0, 0.0, -0.015887043984817883, -0.04466860011539048, -0.050198555163593284, -0.05529859924343283, -0.15544406772135752, 0.05478188273456726, 2.0, 6.0, 0.0, -0.0011564734544893818, 0.001788531730296361, -0.049989235087303935, -0.007693018184676807], "scale": [0.03900415572666727, 0.053966612106407984, 1.0, 20.056465428415166, 1.138239988926319, 1.0147475069397718, 0.49289038684337727, 0.05962110236054252, 0.4628249178322666, 0.42425375916188623, 0.020295680957166717, 0.04314794975016953, 0.006323162509465239, 0.4756569609273662, 0.6574323592412691, 0.009492656039440883, 4.210000514984131, 0.08174926508691066, 1.0, 1.0, 0.0694488436627328, 0.09088956939840018, 0.13486533979487125, 0.16525987085908558, 0.12591881765796675, 0.06510513983406022, 2.0, 7.0, 1.0, 0.02738380739989152, 0.016250473303616564, 0.38606163650932757, 0.040338983490497166], "features": ["SMA20_dist", "SMA50_dist", "sma_cross", "RSI14", "MACD", "MACD_sig", "MACD_hist", "BB_width", "BB_pos", "ATR14", "ret_1d", "ret_5d", "vol_10d", "vol_ratio", "obv_trend", "spy_ret_1d", "vix_level", "vix_change", "vix_regime", "asset_class", "ret_1m", "ret_3m", "ret_6m", "ret_12m", "high52w_dist", "low52w_dist", "day_of_week", "month", "is_options_expiry", "btc_ret_1d", "gold_ret_1d", "corr_spy_20d", "vwap_dist"]}