{"center": [0.010730087484421202, 0.02863020904801776, 1.0, 55.98551262297949, 2.3238178673822176, 2.190256451154803, -0.06261447970727119, 0.07228319779485347, 0.6745019116078469, 4.698455422282486, 0.0017193222499967131, 0.004441868212020861, 0.011247937611762914, 0.9479686386315039, 0.9566232899566233, 0.0007044991031190939, 17.3799991607666, -0.005298008058610915, 1.0, 0.0, 0.022490562756172228, 0.06283752748040339, 0.06124280412765448, 0.04414724213452681, -0.03270565071001, 0.2897395909873916, 2.0, 6.0, 0.0, -0.00151319093281288, 0.001670691560653026, 0.8666967253266478, 0.011662887779783089], "scale": [0.03062325865594458, 0.04746198765266166, 1.0, 18.87225784682896, 3.6364679054338183, 3.179027055214352, 1.136221083838961, 0.04565854551988216, 0.4342305211263575, 2.183737748966603, 0.01506099826740831, 0.03197684282912877, 0.005592745674799742, 0.4108708797858218, 0.6902708149217416, 0.00893386561163545, 3.6100006103515625, 0.07833484092243981, 1.0, 1.0, 0.06079413363223518, 0.08468931095830112, 0.138455312189959, 0.145772885102897, 0.05824028075910163, 0.1861475914706724, 2.0, 7.0, 1.0, 0.027506838259093003, 0.013994356490490412, 0.08952105868820104, 0.030208547658001392], "features": ["SMA20_dist", "SMA50_dist", "sma_cross", "RSI14", "MACD", "MACD_sig", "MACD_hist", "BB_width", "BB_pos", "ATR14", "ret_1d", "ret_5d", "vol_10d", "vol_ratio", "obv_trend", "spy_ret_1d", "vix_level", "vix_change", "vix_regime", "asset_class", "ret_1m", "ret_3m", "ret_6m", "ret_12m", "high52w_dist", "low52w_dist", "day_of_week", "month", "is_options_expiry", "btc_ret_1d", "gold_ret_1d", "corr_spy_20d", "vwap_dist"]}