{"center": [0.0012824909807464763, 0.0033874316157503194, 1.0, 49.54891704085464, 0.03136376187282508, 0.01695058602684226, -0.008924942986597517, 0.07402708769916952, 0.5181399672211199, 0.5684678825971788, -0.0006489184046358787, -0.001914304009874357, 0.011785702248045508, 0.7731958762886598, 0.9968396102185936, 0.001550691849189434, 17.3799991607666, -0.009244158887228515, 1.0, 0.0, 0.0010740464805174543, -0.011574988732197755, 0.0, 0.0, -0.09756670391496498, 0.14376885394936526, 2.0, 6.0, 0.0, -0.0007713643170961237, 0.0016294519610446923, 0.5147727352263138, -0.000862799236527386], "scale": [0.038198357053207455, 0.048392575609617225, 1.0, 24.693269432387197, 0.6465090889081324, 0.6037871092913918, 0.24737854406994247, 0.035004408481736984, 0.5088603516693792, 0.11516050956928225, 0.015413997157065595, 0.03481943320014713, 0.003876926691480237, 0.8049295337430931, 0.16009313053138907, 0.009038851056904051, 4.159999847412109, 0.08169326696954349, 1.0, 1.0, 0.06944511568246137, 0.11848879033798909, 0.07808862227082514, 0.029813805987163766, 0.07236367866345883, 0.09533880254748316, 2.0, 7.0, 1.0, 0.026807901827222924, 0.01568597083498735, 0.32016748446912374, 0.04037673226646753], "features": ["SMA20_dist", "SMA50_dist", "sma_cross", "RSI14", "MACD", "MACD_sig", "MACD_hist", "BB_width", "BB_pos", "ATR14", "ret_1d", "ret_5d", "vol_10d", "vol_ratio", "obv_trend", "spy_ret_1d", "vix_level", "vix_change", "vix_regime", "asset_class", "ret_1m", "ret_3m", "ret_6m", "ret_12m", "high52w_dist", "low52w_dist", "day_of_week", "month", "is_options_expiry", "btc_ret_1d", "gold_ret_1d", "corr_spy_20d", "vwap_dist"]}