{"center": [0.007671614352476158, 0.01956226962621098, 1.0, 56.27820004501618, 0.41588986600731914, 0.4254450536122873, -0.00018990213509972875, 0.04702440179389713, 0.6788055094081582, 0.7608026066067056, -0.00013091508437390598, 0.0019466528213203382, 0.007848113347969159, 0.9050850852393094, 1.0347572905328468, 0.0009526774724943898, 17.3799991607666, -0.005211721284556381, 1.0, 0.0, 0.01615088175745072, 0.03845126063279447, 0.0626818081854581, 0.10405867176465211, -0.011514465909176314, 0.2249689186066363, 2.0, 6.0, 0.0, -0.0003109860024155253, 0.001677776649860796, 0.8667572359460858, 0.007908168865895614], "scale": [0.020469073419779497, 0.028284614615053997, 1.0, 19.634959542026102, 0.5334075635766737, 0.43656112201972974, 0.203268464197782, 0.035456236710849603, 0.4315765224065296, 0.3247414682165497, 0.010910071107959496, 0.020963665714237467, 0.004079997999618572, 0.41624573343404603, 0.19313138260671636, 0.009088194990378051, 4.020000457763672, 0.07984140203483225, 1.0, 1.0, 0.0350501933006897, 0.04478349978164209, 0.07399809395133672, 0.15038253322197725, 0.02163486634319354, 0.13551128165233775, 2.0, 7.0, 1.0, 0.02639219082881017, 0.0165656911751646, 0.11750944559141518, 0.02017494100219706], "features": ["SMA20_dist", "SMA50_dist", "sma_cross", "RSI14", "MACD", "MACD_sig", "MACD_hist", "BB_width", "BB_pos", "ATR14", "ret_1d", "ret_5d", "vol_10d", "vol_ratio", "obv_trend", "spy_ret_1d", "vix_level", "vix_change", "vix_regime", "asset_class", "ret_1m", "ret_3m", "ret_6m", "ret_12m", "high52w_dist", "low52w_dist", "day_of_week", "month", "is_options_expiry", "btc_ret_1d", "gold_ret_1d", "corr_spy_20d", "vwap_dist"]}