{"center": [0.009220860206014429, 0.03533455065295368, 1.0, 54.76541262558786, 3.1258941997601823, 3.055043835251894, -0.08433205030976576, 0.10677192291767841, 0.6064751430888531, 6.367324056936528, 0.00042069357342378044, 0.004030725971320703, 0.015434832303114012, 0.9341592921860133, 0.9715721319826176, 0.0007459431668290772, 17.289999961853027, -0.0045668489381236466, 1.0, 0.0, 0.02720608943124936, 0.09405970238385919, 0.10066151995379113, 0.05096739282762175, -0.05789979084939413, 0.3476286460079803, 2.0, 6.0, 0.0, -0.00016245832696676343, 0.0018666552336489284, 0.5832111980599215, 0.009144067897366947], "scale": [0.05348416738337651, 0.08044599150346095, 1.0, 26.129364136222705, 6.487808067736083, 6.2494798488058825, 2.135706779431153, 0.07914878939775855, 0.533478539952654, 3.2306523375605645, 0.01896262907704846, 0.04427481941809552, 0.005614532368896067, 0.39089343759634176, 0.4734140141181956, 0.008800391075963615, 3.9275007247924805, 0.08229131776346377, 1.0, 1.0, 0.10609845085086583, 0.1781925398785102, 0.22742738604438045, 0.2212411981882771, 0.09991710689796116, 0.2406626562618001, 2.0, 7.0, 1.0, 0.027037159196855953, 0.015097205570258121, 0.425706029698653, 0.05526688135583792], "features": ["SMA20_dist", "SMA50_dist", "sma_cross", "RSI14", "MACD", "MACD_sig", "MACD_hist", "BB_width", "BB_pos", "ATR14", "ret_1d", "ret_5d", "vol_10d", "vol_ratio", "obv_trend", "spy_ret_1d", "vix_level", "vix_change", "vix_regime", "asset_class", "ret_1m", "ret_3m", "ret_6m", "ret_12m", "high52w_dist", "low52w_dist", "day_of_week", "month", "is_options_expiry", "btc_ret_1d", "gold_ret_1d", "corr_spy_20d", "vwap_dist"]}