{"center": [0.003637769062384606, 0.003354057040395691, 1.0, 52.12589502233431, 0.10226578537674413, 0.23351334028814588, 0.04367183998595123, 0.11116942163934372, 0.5381636861121686, 2.750454027268069, 0.0013309050553305113, 0.0022932144943796917, 0.015176686591777584, 0.9276408046709671, 1.0213069242504729, 0.0009004595313388819, 17.280000686645508, -0.006733946910202238, 1.0, 0.0, 0.006085962851819948, 0.006797640246222869, 0.0, 0.0, -0.09632069157560688, 0.12255307770705434, 2.0, 6.0, 0.0, -0.0008264678561502592, 0.0020187288833615202, 0.08600720675459464, 0.0037950635297017772], "scale": [0.054616075665654615, 0.06032398916563473, 1.0, 22.56042012791815, 1.945691495530113, 1.6731316129146134, 0.9288534502176172, 0.05002025810889571, 0.5078880203608401, 0.9565830981795611, 0.017478059041446115, 0.054782970068074754, 0.006927231906506532, 0.37226390794165365, 0.26993147022159225, 0.008557973059795665, 3.9349989891052246, 0.07733788089103855, 1.0, 1.0, 0.10201621636052294, 0.1305430769379815, 0.10279678111370266, 0.021103363754712612, 0.0889105876707107, 0.11368775663629022, 2.0, 7.0, 1.0, 0.026839727258858415, 0.014718759610468368, 0.5602942256988689, 0.055081076109995915], "features": ["SMA20_dist", "SMA50_dist", "sma_cross", "RSI14", "MACD", "MACD_sig", "MACD_hist", "BB_width", "BB_pos", "ATR14", "ret_1d", "ret_5d", "vol_10d", "vol_ratio", "obv_trend", "spy_ret_1d", "vix_level", "vix_change", "vix_regime", "asset_class", "ret_1m", "ret_3m", "ret_6m", "ret_12m", "high52w_dist", "low52w_dist", "day_of_week", "month", "is_options_expiry", "btc_ret_1d", "gold_ret_1d", "corr_spy_20d", "vwap_dist"]}