{"center": [0.0037213035285666727, 0.014392176199986582, 1.0, 54.28570167449648, 0.06604565084043656, 0.07417102204269105, 0.0049170897876404385, 0.05286566027069488, 0.5927938649527102, 0.18519355117640415, 0.0005998495587933306, 0.0028312672673564965, 0.008153082849566529, 0.7041408281656332, 0.9949951251218719, 0.000984565078659072, 17.600000381469727, -0.005681812794001595, 1.0, 0.0, 0.008894504843965478, 0.046208458592430945, 0.08832033395259264, 0.05492245952430008, -0.04535978635402923, 0.25767134965431515, 2.0, 6.0, 0.0, -0.002268068291422898, 0.0008040912066364925, 0.5086195218651168, 0.0027649849381542217], "scale": [0.026817978609142964, 0.04477236110667117, 1.0, 22.18380352135766, 0.18656011238258685, 0.17495428651694897, 0.04932185874966746, 0.031743844532869867, 0.4948586321191104, 0.06554071918143403, 0.010442042523764128, 0.025064390032122907, 0.003722078123615599, 0.7983418521778961, 0.29362038198070106, 0.009780918274658545, 3.9800004959106445, 0.08250711822482937, 1.0, 1.0, 0.046439237623251695, 0.08672791525884732, 0.13548314316741172, 0.23405253218331246, 0.061220422299618854, 0.16633895889847866, 2.0, 7.0, 1.0, 0.029101235800826797, 0.016137228356251476, 0.3598522106344637, 0.02670185406216318], "features": ["SMA20_dist", "SMA50_dist", "sma_cross", "RSI14", "MACD", "MACD_sig", "MACD_hist", "BB_width", "BB_pos", "ATR14", "ret_1d", "ret_5d", "vol_10d", "vol_ratio", "obv_trend", "spy_ret_1d", "vix_level", "vix_change", "vix_regime", "asset_class", "ret_1m", "ret_3m", "ret_6m", "ret_12m", "high52w_dist", "low52w_dist", "day_of_week", "month", "is_options_expiry", "btc_ret_1d", "gold_ret_1d", "corr_spy_20d", "vwap_dist"]}