{"center": [0.010276493580523542, 0.048740948997648983, 1.0, 54.34174410264425, 3.3606064541274066, 3.236008028312157, 0.47760546611840304, 0.21616018506716808, 0.5667539000725414, 12.282010759626116, -0.0012737794572027505, 0.0036653673228821404, 0.028371142036268622, 0.8544814067646842, 1.0173482934709883, 0.0013759502770052112, 17.280000686645508, -0.006586862594382348, 1.0, 0.0, 0.044001920080291246, 0.05885655507161203, 0.0, 0.0, -0.2368834469618393, 0.501953982800097, 2.0, 6.0, 0.0, -0.00151319093281288, 0.0015753722020723782, 0.45804724677602077, 0.006225213655417773], "scale": [0.11261197008543067, 0.18520781135362668, 1.0, 26.660135802120458, 12.331877361184581, 12.880812129768778, 4.6523553735939185, 0.13671827037630585, 0.5518126128156071, 7.094571794782366, 0.03635644393008808, 0.09197943246920814, 0.017374974921467088, 0.527387244669404, 0.4526228316451233, 0.008699702908041784, 3.390000343322754, 0.07578261189372193, 1.0, 1.0, 0.22273996551706254, 0.4355614028975632, 0.6186672735333953, 0.2768756627857982, 0.32667081022070044, 0.8997659875958325, 2.0, 7.0, 1.0, 0.0268463615061848, 0.014362394795773281, 0.2488807330480194, 0.10766460397840921], "features": ["SMA20_dist", "SMA50_dist", "sma_cross", "RSI14", "MACD", "MACD_sig", "MACD_hist", "BB_width", "BB_pos", "ATR14", "ret_1d", "ret_5d", "vol_10d", "vol_ratio", "obv_trend", "spy_ret_1d", "vix_level", "vix_change", "vix_regime", "asset_class", "ret_1m", "ret_3m", "ret_6m", "ret_12m", "high52w_dist", "low52w_dist", "day_of_week", "month", "is_options_expiry", "btc_ret_1d", "gold_ret_1d", "corr_spy_20d", "vwap_dist"]}