{"center": [0.008676263686458081, 0.022475103531132887, 1.0, 58.07111591815795, 0.159205611731279, 0.16777607006231937, -0.0064655806506493455, 0.04969844850877046, 0.686276071669071, 0.2728543958254326, 0.0004257502100718513, 0.00474923031077179, 0.007537309300811583, 0.9541414976385111, 0.9552047343527105, 0.0009008441539046785, 17.440000534057617, -0.006642781425620192, 1.0, 0.0, 0.01759431765346975, 0.04569671099068939, 0.0572197205974303, 0.13216782930642523, -0.010181216443093, 0.2723483725421364, 2.0, 6.0, 0.0, -0.0016587106652958816, 0.0008295609063160292, 0.9976460538057286, 0.010436401330798038], "scale": [0.022049841534482847, 0.038635094411117184, 1.0, 22.086956938861718, 0.21473162079188945, 0.20141388087223244, 0.06583386898381778, 0.03201124587680554, 0.4105770566044662, 0.13319488045122863, 0.00901379570890909, 0.02314868346477522, 0.004409472832898537, 0.5186016338108796, 0.6387280928922199, 0.008631925379024019, 3.8625006675720215, 0.07595263323714657, 1.0, 1.0, 0.04430797623955787, 0.0764804025543171, 0.11457438658965052, 0.18634559572196363, 0.02598584401899296, 0.19256162201176116, 2.0, 7.0, 1.0, 0.027833468553623647, 0.014106902634887536, 0.0021229748904026957, 0.02250283761925176], "features": ["SMA20_dist", "SMA50_dist", "sma_cross", "RSI14", "MACD", "MACD_sig", "MACD_hist", "BB_width", "BB_pos", "ATR14", "ret_1d", "ret_5d", "vol_10d", "vol_ratio", "obv_trend", "spy_ret_1d", "vix_level", "vix_change", "vix_regime", "asset_class", "ret_1m", "ret_3m", "ret_6m", "ret_12m", "high52w_dist", "low52w_dist", "day_of_week", "month", "is_options_expiry", "btc_ret_1d", "gold_ret_1d", "corr_spy_20d", "vwap_dist"]}