{"center": [0.0037984947474905364, 0.009495007169357122, 1.0, 52.89477447616459, 0.061599469576052, 0.06326315798951634, 0.007443988730025136, 0.11916012576558144, 0.5420217606204448, 0.5436241267147377, 0.0023942929050839723, 0.0047884968038027775, 0.015962070665626844, 0.8625449409347714, 1.027605069635139, 0.0012780826440004223, 17.190000534057617, -0.005211721284556381, 1.0, 0.0, 0.011693483274784588, 0.02902973910908968, 0.01725088345182968, 0.0, -0.10298989692154117, 0.21150483382424679, 2.0, 6.0, 0.0, -0.0007713643170961237, 0.0015263333689308212, 0.22045571793570687, 0.005644141819105694], "scale": [0.059896778871450895, 0.0652516631492559, 1.0, 25.005758575700497, 0.44767816014967643, 0.362246979231949, 0.20210992191184562, 0.05530640532351122, 0.5310936197450599, 0.18209118466834795, 0.020292502676884205, 0.05129129692258261, 0.005112532456636162, 0.491980188523213, 0.41745065090635824, 0.008917422838167322, 3.914999008178711, 0.08092362241191381, 1.0, 1.0, 0.11540299382685498, 0.1192225225729826, 0.14142263239495545, 0.04160316504151951, 0.07210649367150031, 0.17254112622565154, 2.0, 7.0, 1.0, 0.02756573101976595, 0.014718759610468368, 0.6592342879195943, 0.0604960726303596], "features": ["SMA20_dist", "SMA50_dist", "sma_cross", "RSI14", "MACD", "MACD_sig", "MACD_hist", "BB_width", "BB_pos", "ATR14", "ret_1d", "ret_5d", "vol_10d", "vol_ratio", "obv_trend", "spy_ret_1d", "vix_level", "vix_change", "vix_regime", "asset_class", "ret_1m", "ret_3m", "ret_6m", "ret_12m", "high52w_dist", "low52w_dist", "day_of_week", "month", "is_options_expiry", "btc_ret_1d", "gold_ret_1d", "corr_spy_20d", "vwap_dist"]}