{"center": [0.00974857486011868, 0.020672356273362547, 1.0, 53.38945256892829, 1.5969889330617093, 1.9700807763126036, 0.011871469279228997, 0.12938675682244977, 0.5853240985943685, 7.061013770557001, 0.0007892781377656366, 0.004789820543757761, 0.017433463782191846, 0.8961738034042966, 1.0349362982916672, 0.0009529899591387281, 17.280000686645508, -0.0067322198012426115, 1.0, 0.0, 0.02384193165930637, 0.055907419268721226, 0.0, 0.0, -0.14148556021147007, 0.2146706092324757, 2.0, 6.0, 0.0, 0.0008014800420892421, 0.0019383092584315254, 0.4596793786055453, 0.010050504897295396], "scale": [0.06378497802330674, 0.0873598793297162, 1.0, 24.314366569969977, 6.16835054662991, 6.292886518431853, 2.788124784199618, 0.056694911555537714, 0.4933572631504789, 2.3779507466078638, 0.020937426706840956, 0.05558530797475392, 0.005568624260967301, 0.4848855468889175, 0.7209940924936162, 0.008830708003054522, 3.6800003051757812, 0.07321514631208659, 1.0, 1.0, 0.10913850868739916, 0.209029064065901, 0.39643170938722694, 0.09255257255161786, 0.1488095194335166, 0.4455254226949847, 2.0, 7.0, 1.0, 0.028746185895236143, 0.015919752945562526, 0.40654845075700535, 0.06377159212114882], "features": ["SMA20_dist", "SMA50_dist", "sma_cross", "RSI14", "MACD", "MACD_sig", "MACD_hist", "BB_width", "BB_pos", "ATR14", "ret_1d", "ret_5d", "vol_10d", "vol_ratio", "obv_trend", "spy_ret_1d", "vix_level", "vix_change", "vix_regime", "asset_class", "ret_1m", "ret_3m", "ret_6m", "ret_12m", "high52w_dist", "low52w_dist", "day_of_week", "month", "is_options_expiry", "btc_ret_1d", "gold_ret_1d", "corr_spy_20d", "vwap_dist"]}