{"center": [0.00583440665468813, 0.010813973467180948, 1.0, 55.19991419613034, 0.14398181460959592, 0.1372546029340997, 0.0030845926741831023, 0.044779369183106044, 0.6454219458676524, 0.4686213837542072, 0.0, 0.0026343203691293615, 0.0071732314728281555, 0.9318449605069566, 1.014421137494553, 0.0012148548999589837, 17.460000038146973, -0.005161576476206631, 1.0, 0.0, 0.013073430237293904, 0.021213940685160138, 0.02694554478291533, 0.0, -0.03377939618723247, 0.1481764731724461, 2.0, 6.0, 0.0, -0.0017258746687544568, 0.0020125698183789398, 0.45859141930708536, 0.0058095420344286075], "scale": [0.022611537247506246, 0.031453464627095876, 1.0, 20.605484700005746, 0.32830311014667224, 0.32400762899520186, 0.12858500773305534, 0.019819890259738675, 0.5057836627436426, 0.08156256078553226, 0.009781094466854406, 0.021375212728439646, 0.0029166274816399664, 0.4288571531758336, 0.7157985322659786, 0.008908678643406887, 3.932499408721924, 0.08217349509171967, 1.0, 1.0, 0.038871827257020375, 0.0778686203462163, 0.06564865952568699, 0.08101838682257717, 0.046346863248240534, 0.04841975143560148, 2.0, 7.0, 1.0, 0.027877886484953457, 0.014268683342960109, 0.3187109462748288, 0.022402973205842086], "features": ["SMA20_dist", "SMA50_dist", "sma_cross", "RSI14", "MACD", "MACD_sig", "MACD_hist", "BB_width", "BB_pos", "ATR14", "ret_1d", "ret_5d", "vol_10d", "vol_ratio", "obv_trend", "spy_ret_1d", "vix_level", "vix_change", "vix_regime", "asset_class", "ret_1m", "ret_3m", "ret_6m", "ret_12m", "high52w_dist", "low52w_dist", "day_of_week", "month", "is_options_expiry", "btc_ret_1d", "gold_ret_1d", "corr_spy_20d", "vwap_dist"]}