{"center": [0.015749455551918905, 0.054463547915361225, 1.0, 52.80900718305434, 0.10863829072598641, 0.11301474189003126, 0.008965249978755002, 0.2879220422096598, 0.5841462128770734, 0.4302141540118093, 0.0017825150831642933, 0.010380528336864314, 0.041328712224752526, 0.9901959215564448, 1.0523339053148186, 0.00040873357753001827, 17.3799991607666, -0.006586862594382348, 1.0, 0.0, 0.056339837274365756, 0.20367163447389025, 0.4588822105295858, 0.5137365206157534, -0.16055827819045546, 0.8861911832195576, 2.0, 7.0, 0.0, 0.0003224981011604733, 0.0007275678386380324, 0.34373982471941117, 0.01340449619259702], "scale": [0.1383447894414013, 0.23277112266321798, 1.0, 24.847817813086465, 0.5639794548953088, 0.5474360658467268, 0.16430184820770172, 0.2117387273106014, 0.5050387082257031, 0.707970439697302, 0.05282828632737613, 0.12685292107472268, 0.020408239072620557, 0.4594268462687665, 0.5077916523441409, 0.009384182715219125, 3.779998779296875, 0.08106207695896595, 1.0, 1.0, 0.25472239766536986, 0.43492571331497687, 0.8879457410835574, 1.595339867051086, 0.23099387458178722, 1.700139049084529, 2.0, 7.0, 1.0, 0.027689148492380466, 0.014715889304861451, 0.4841968177450844, 0.13569406555860333], "features": ["SMA20_dist", "SMA50_dist", "sma_cross", "RSI14", "MACD", "MACD_sig", "MACD_hist", "BB_width", "BB_pos", "ATR14", "ret_1d", "ret_5d", "vol_10d", "vol_ratio", "obv_trend", "spy_ret_1d", "vix_level", "vix_change", "vix_regime", "asset_class", "ret_1m", "ret_3m", "ret_6m", "ret_12m", "high52w_dist", "low52w_dist", "day_of_week", "month", "is_options_expiry", "btc_ret_1d", "gold_ret_1d", "corr_spy_20d", "vwap_dist"]}