{"center": [0.020663129688411757, 0.04742103622565668, 1.0, 59.359151162554525, 3.249038381218341, 2.8253058955459265, 0.28947825039620323, 0.12889260824557794, 0.7012358415077957, 6.0495579585511905, 0.0023274162517968877, 0.012875229127684462, 0.017525565946744752, 0.9286578444804792, 1.030151944718077, 0.0013179584857545557, 17.664999961853027, -0.0066486217945768145, 1.0, 0.0, 0.037034067640751234, 0.08895984499102882, 0.17713581578559312, 0.32310801624812646, -0.03751924861757229, 0.48203280662406706, 2.0, 6.0, 0.0, 8.154757069173124e-05, 0.0010849386412478124, 0.5776432903272645, 0.02308434043291791], "scale": [0.06804524177456321, 0.0923224883515319, 1.0, 26.57707461332771, 6.360168905714097, 6.253691978025111, 2.1082398534110194, 0.08656235963183076, 0.4967002838875382, 3.5379164973937076, 0.022345811413404276, 0.05572839434435803, 0.008317901257886711, 0.3980584052527709, 0.12554660252474048, 0.008816536556746246, 3.7849998474121094, 0.0804328377686902, 1.0, 1.0, 0.12624500494569604, 0.17314238396993792, 0.3351066713828769, 0.6271173165965018, 0.072619506737149, 0.5773908685225531, 2.0, 7.0, 1.0, 0.026638465272476597, 0.014305388086613552, 0.3625188321832059, 0.06666858809822745], "features": ["SMA20_dist", "SMA50_dist", "sma_cross", "RSI14", "MACD", "MACD_sig", "MACD_hist", "BB_width", "BB_pos", "ATR14", "ret_1d", "ret_5d", "vol_10d", "vol_ratio", "obv_trend", "spy_ret_1d", "vix_level", "vix_change", "vix_regime", "asset_class", "ret_1m", "ret_3m", "ret_6m", "ret_12m", "high52w_dist", "low52w_dist", "day_of_week", "month", "is_options_expiry", "btc_ret_1d", "gold_ret_1d", "corr_spy_20d", "vwap_dist"]}