{"center": [-2.303925313697577e-05, 0.00024729220841167234, 1.0, 48.44802792654341, -0.06982192288442945, -0.03167609415552966, -0.002318456874107311, 0.06890677738562018, 0.4988512868179662, 1.9237530724717118, -0.00034974941837179196, -0.003929416538877739, 0.012050212518284295, 0.8987641396589342, 1.0192398671706075, 0.001039192360821617, 17.479999542236328, -0.006622747498870429, 1.0, 0.0, -0.0012202478847871956, 0.0, 0.0, 0.0, -0.13088283626300246, 0.05461299883043636, 2.0, 6.0, 0.0, -0.0005779958648887695, 0.0007764358777558877, 0.39694745701011763, -0.001501728177610983], "scale": [0.034003467205611614, 0.05524179663802972, 1.0, 16.730920067140474, 1.5383543720631856, 1.4620458597290353, 0.4970990708886922, 0.03992617495535989, 0.5007480589116468, 0.5979279236542037, 0.014807581233856504, 0.03538007419010586, 0.0059600603371452905, 0.42739065147498745, 0.23453968301729244, 0.009260231429726373, 3.6374993324279785, 0.08101358321822849, 1.0, 1.0, 0.06375525939798987, 0.11843255091253607, 0.12071186156024832, 0.05805897866378337, 0.09713064784299232, 0.1096700843266967, 2.0, 7.0, 1.0, 0.02893100199050133, 0.01534656277859825, 0.3301052229179819, 0.036039027983138225], "features": ["SMA20_dist", "SMA50_dist", "sma_cross", "RSI14", "MACD", "MACD_sig", "MACD_hist", "BB_width", "BB_pos", "ATR14", "ret_1d", "ret_5d", "vol_10d", "vol_ratio", "obv_trend", "spy_ret_1d", "vix_level", "vix_change", "vix_regime", "asset_class", "ret_1m", "ret_3m", "ret_6m", "ret_12m", "high52w_dist", "low52w_dist", "day_of_week", "month", "is_options_expiry", "btc_ret_1d", "gold_ret_1d", "corr_spy_20d", "vwap_dist"]}