{"center": [0.0017828448826614674, 0.010529950255610468, 1.0, 50.098726882619005, 0.23769384093380097, 0.5810447451212207, -0.12386434628609, 0.09042483096425127, 0.5223499532857971, 3.8128759899197977, 0.0008578381494562803, -0.000505198190516698, 0.014234156949718586, 0.95058291515592, 0.9407954359502586, 0.0017257162742575494, 17.369999885559082, -0.0067012664712571834, 1.0, 0.0, 0.00017947422124575674, 0.022193239003489684, 0.020554775373357703, 0.0, -0.0904865040298943, 0.25163832125464825, 2.0, 6.0, 0.0, -0.0005486263326970331, 0.002240118713510819, 0.4951406762181613, 0.0033453188199262258], "scale": [0.050861284702739956, 0.09419078805589112, 1.0, 24.507518456204053, 4.305315381588507, 4.333047330928016, 1.0453907331000756, 0.054788654868437495, 0.5343751124666771, 1.128762436030125, 0.017719862709517836, 0.037532880016541925, 0.007288314512959609, 0.3753026464910123, 1.0569357553851066, 0.009359694998978596, 3.967499256134033, 0.08461871148831657, 1.0, 1.0, 0.10929255186901946, 0.186565052559603, 0.16424528758426984, 0.14011042000274726, 0.08632918398122219, 0.12684668895613202, 2.0, 7.0, 1.0, 0.02698373011939159, 0.014502302338308709, 0.3170513964581595, 0.049043825559553944], "features": ["SMA20_dist", "SMA50_dist", "sma_cross", "RSI14", "MACD", "MACD_sig", "MACD_hist", "BB_width", "BB_pos", "ATR14", "ret_1d", "ret_5d", "vol_10d", "vol_ratio", "obv_trend", "spy_ret_1d", "vix_level", "vix_change", "vix_regime", "asset_class", "ret_1m", "ret_3m", "ret_6m", "ret_12m", "high52w_dist", "low52w_dist", "day_of_week", "month", "is_options_expiry", "btc_ret_1d", "gold_ret_1d", "corr_spy_20d", "vwap_dist"]}