{"center": [0.009670155856790033, 0.010414712066922361, 1.0, 55.518795138324826, 0.2061223257813083, 0.17828683252610017, 0.13330468026984305, 0.08339077385335712, 0.6165151107326938, 2.218238241983767, 0.0010887396250598425, 0.006974403924864703, 0.013955581130432368, 0.8843507888626055, 0.9819982988393546, 0.000731139787988333, 17.360000610351562, -0.006586862594382348, 1.0, 0.0, 0.02051265337952457, -0.01688890493435513, 0.0, 0.0, -0.17596365485161625, 0.10580145538168784, 2.0, 6.0, 0.0, 0.00029724205673309356, 0.0019404068737312041, 0.3716287812387867, 0.009170124914340572], "scale": [0.04745057008745616, 0.09033821122284717, 1.0, 21.286126050803155, 2.524955326022628, 2.2882258178453556, 0.6467490487046348, 0.07764576637431939, 0.49797672533353937, 0.729297936435495, 0.019044128977499797, 0.03770361021485613, 0.006305931482897965, 0.3434040625626227, 0.37230745165220813, 0.008537980028169412, 3.8450002670288086, 0.08057819804562538, 1.0, 1.0, 0.09655666995526635, 0.20132757328962336, 0.2531126094691166, 0.14847975197225566, 0.18953078042445987, 0.18427613458817824, 2.0, 7.0, 1.0, 0.029435122064681074, 0.016368303760293135, 0.33728247197530925, 0.047356248168594885], "features": ["SMA20_dist", "SMA50_dist", "sma_cross", "RSI14", "MACD", "MACD_sig", "MACD_hist", "BB_width", "BB_pos", "ATR14", "ret_1d", "ret_5d", "vol_10d", "vol_ratio", "obv_trend", "spy_ret_1d", "vix_level", "vix_change", "vix_regime", "asset_class", "ret_1m", "ret_3m", "ret_6m", "ret_12m", "high52w_dist", "low52w_dist", "day_of_week", "month", "is_options_expiry", "btc_ret_1d", "gold_ret_1d", "corr_spy_20d", "vwap_dist"]}