{"center": [0.0070388133320908415, 0.017809607774521136, 1.0, 56.196987861087294, 1.0486717667876633, 1.090178741988682, -0.040379211039079044, 0.04537487115105145, 0.6566250032778145, 1.896427136778377, 0.0006037066415545134, 0.001811891270615762, 0.00747188680099127, 0.8875955145036367, 0.9517937169041594, 0.0007044854938154099, 17.479999542236328, -0.006658632403358511, 1.0, 0.0, 0.014811490972537866, 0.0356825841408015, 0.03335033653066177, 0.07412768272118186, -0.0138129728230312, 0.2159384343021042, 2.0, 6.0, 0.0, 0.00029724205673309356, 0.0017841598670260694, 0.9632171236300248, 0.0075052252207695085], "scale": [0.020267884463825443, 0.028039656546071465, 1.0, 18.425196456937407, 1.3231713748308493, 1.091781832909826, 0.4615283474710411, 0.027421395056874222, 0.426207572841347, 0.7524660311115432, 0.009923397900077735, 0.02198792781876252, 0.003800266560708509, 0.45097810398882054, 0.8358292862433903, 0.008867213079789105, 4.330000400543213, 0.08070479569557765, 1.0, 1.0, 0.03691716813700957, 0.05761338975280628, 0.0959319521575468, 0.11461201637670393, 0.03203245861255525, 0.16168348579253128, 2.0, 7.0, 1.0, 0.02676457600296267, 0.015048156576224159, 0.03875472968293292, 0.019930344113105822], "features": ["SMA20_dist", "SMA50_dist", "sma_cross", "RSI14", "MACD", "MACD_sig", "MACD_hist", "BB_width", "BB_pos", "ATR14", "ret_1d", "ret_5d", "vol_10d", "vol_ratio", "obv_trend", "spy_ret_1d", "vix_level", "vix_change", "vix_regime", "asset_class", "ret_1m", "ret_3m", "ret_6m", "ret_12m", "high52w_dist", "low52w_dist", "day_of_week", "month", "is_options_expiry", "btc_ret_1d", "gold_ret_1d", "corr_spy_20d", "vwap_dist"]}