{"center": [0.005857332037864982, 0.018139020646470255, 1.0, 51.869083501066406, 0.38204938856409143, 0.4039555033206404, 0.009841631124689887, 0.08866936995906645, 0.577933536044619, 1.5015366664269583, 0.0012223126645437565, 0.0013075715248808129, 0.013483074251143114, 0.8717846074926585, 1.025295588226422, 0.0009687254047134886, 17.605000495910645, -0.00615351204657788, 1.0, 0.0, 0.010602238917424622, 0.03472154640682734, 0.011603775983662579, 0.0046469847591460445, -0.04418521258143944, 0.2591526466980488, 2.0, 6.0, 0.0, -0.0003184371753567339, 0.001423505566895189, 0.7168220932711917, 0.008722856903232542], "scale": [0.04020614820961174, 0.07237546916727028, 1.0, 22.133394137485986, 1.6093484518735188, 1.403040415945349, 0.443454261381212, 0.04829717484465877, 0.5097484345733051, 0.6640002359558883, 0.0184503376509568, 0.039701930154293436, 0.007142674539564103, 0.5415884663863927, 0.11023020427327479, 0.00881619895022459, 3.892500400543213, 0.08292897945983446, 1.0, 1.0, 0.0719286207060727, 0.1501600994632092, 0.1610465829865826, 0.15469907171590935, 0.08526188109354568, 0.15226158562425265, 2.0, 7.0, 1.0, 0.026671939969724473, 0.015421162558997281, 0.2662353831162144, 0.04345754382974038], "features": ["SMA20_dist", "SMA50_dist", "sma_cross", "RSI14", "MACD", "MACD_sig", "MACD_hist", "BB_width", "BB_pos", "ATR14", "ret_1d", "ret_5d", "vol_10d", "vol_ratio", "obv_trend", "spy_ret_1d", "vix_level", "vix_change", "vix_regime", "asset_class", "ret_1m", "ret_3m", "ret_6m", "ret_12m", "high52w_dist", "low52w_dist", "day_of_week", "month", "is_options_expiry", "btc_ret_1d", "gold_ret_1d", "corr_spy_20d", "vwap_dist"]}