{"center": [0.00779183217752852, 0.01904478660886581, 1.0, 53.670289605508856, 0.15736195833807898, 0.162148645146445, 0.0046936972448036185, 0.13920764737739172, 0.5634234494728766, 0.8398109891845659, 0.0003739935114646098, 0.0041887668142195356, 0.020052290557679455, 0.9355282811262485, 1.0034814969776378, 0.000984565078659072, 17.440000534057617, -0.005720161498773413, 1.0, 0.0, 0.029064859075682126, 0.04821151440456073, 0.0, 0.0, -0.2034661054868342, 0.16978172726437643, 2.0, 6.0, 0.0, -0.0008264678561502592, 0.0017929035935666526, 0.26372386706777357, 0.008183523914402148], "scale": [0.06638985304573611, 0.12034894726173533, 1.0, 22.879336261030076, 0.9264326169803301, 0.9296501888296722, 0.287932911382765, 0.0750456814159243, 0.47110290968505775, 0.41740808926358564, 0.026566549545054607, 0.07017336892616788, 0.007764780389354974, 0.4835739110774291, 0.396968924798653, 0.00937478172451267, 4.175000190734863, 0.07657030672571213, 1.0, 1.0, 0.12737189140533328, 0.29066300009930907, 0.5566705171847279, 0.32187201966063583, 0.24165446354679393, 0.6698038396294613, 2.0, 7.0, 1.0, 0.026771427543536452, 0.01567612461974721, 0.44678636438510194, 0.07031587709736963], "features": ["SMA20_dist", "SMA50_dist", "sma_cross", "RSI14", "MACD", "MACD_sig", "MACD_hist", "BB_width", "BB_pos", "ATR14", "ret_1d", "ret_5d", "vol_10d", "vol_ratio", "obv_trend", "spy_ret_1d", "vix_level", "vix_change", "vix_regime", "asset_class", "ret_1m", "ret_3m", "ret_6m", "ret_12m", "high52w_dist", "low52w_dist", "day_of_week", "month", "is_options_expiry", "btc_ret_1d", "gold_ret_1d", "corr_spy_20d", "vwap_dist"]}