{"center": [0.002782911921254411, 0.018195412033364253, 1.0, 52.33170510800568, 0.33507392168924355, 0.34588926687773447, -0.001642221017019399, 0.07816002218807415, 0.5470061218021207, 1.4319655886078115, 0.0009951583497899152, 0.0008638722670583077, 0.011545417335053982, 0.8657136412777178, 1.0427816767442644, 0.0005644537038635988, 17.389999389648438, -0.005118433089179364, 1.0, 0.0, 0.0052671043930083705, 0.06261713217128806, 0.03574726472051015, 0.0, -0.05589551787371642, 0.36548169064136166, 2.0, 6.0, 0.0, -0.0014998349928206922, 0.0016024120815585352, 0.637916377129594, 0.0035696418716469392], "scale": [0.04549030897889198, 0.08550793070958777, 1.0, 25.597635856641645, 2.4263804925837, 2.39822915153432, 0.5583033875585233, 0.05217295360342379, 0.5514442763710687, 0.364594500923596, 0.015612658896057174, 0.03703645034006123, 0.005049424103783633, 0.6302219062517188, 0.22228615250050143, 0.009159203506465013, 3.717499256134033, 0.0813240088150258, 1.0, 1.0, 0.09091853394691607, 0.20284660514036645, 0.2970906724523707, 0.252539520565423, 0.1545404861874697, 0.39591273402205457, 2.0, 7.0, 1.0, 0.02653100726332072, 0.014493223722351484, 0.21800221134978293, 0.046066257035425204], "features": ["SMA20_dist", "SMA50_dist", "sma_cross", "RSI14", "MACD", "MACD_sig", "MACD_hist", "BB_width", "BB_pos", "ATR14", "ret_1d", "ret_5d", "vol_10d", "vol_ratio", "obv_trend", "spy_ret_1d", "vix_level", "vix_change", "vix_regime", "asset_class", "ret_1m", "ret_3m", "ret_6m", "ret_12m", "high52w_dist", "low52w_dist", "day_of_week", "month", "is_options_expiry", "btc_ret_1d", "gold_ret_1d", "corr_spy_20d", "vwap_dist"]}