{"center": [0.007453144730348579, 0.013894826266295643, 1.0, 53.75302069491403, 0.28442585645007057, 0.27762258143397545, 0.02842332300795928, 0.07086525292403736, 0.5973611322769445, 1.0835553233312132, 0.0023815605455317357, 0.007034649616361355, 0.011667601884398214, 0.9642458887703295, 1.034842390147988, 0.001151824796685963, 17.260000228881836, -0.006658632403358511, 1.0, 0.0, 0.01718559405924025, 0.025297487565284937, 0.08515058102642348, 0.10083399207042043, -0.041604080231514635, 0.22438953033135, 2.0, 6.0, 0.0, 0.00029724205673309356, 0.0014210967336203417, 0.11653730575898794, 0.007882427427619876], "scale": [0.033976270071589425, 0.05670540535570322, 1.0, 19.817234343423152, 1.0673467080651555, 0.9511186909963705, 0.353981233989731, 0.048917712185622894, 0.4938551421798465, 0.5765998063969684, 0.015656409666229887, 0.036908489213868245, 0.005913805413921199, 0.38019934135090205, 0.3429781521916838, 0.00928430583610268, 3.594999313354492, 0.08425642284860052, 1.0, 1.0, 0.07294640434540717, 0.08841652955345441, 0.1576938729273646, 0.205538709330221, 0.06991386636406005, 0.1628627073387565, 2.0, 7.0, 1.0, 0.027068926662595583, 0.01610225140602284, 0.5343839434528215, 0.03466826695011331], "features": ["SMA20_dist", "SMA50_dist", "sma_cross", "RSI14", "MACD", "MACD_sig", "MACD_hist", "BB_width", "BB_pos", "ATR14", "ret_1d", "ret_5d", "vol_10d", "vol_ratio", "obv_trend", "spy_ret_1d", "vix_level", "vix_change", "vix_regime", "asset_class", "ret_1m", "ret_3m", "ret_6m", "ret_12m", "high52w_dist", "low52w_dist", "day_of_week", "month", "is_options_expiry", "btc_ret_1d", "gold_ret_1d", "corr_spy_20d", "vwap_dist"]}