{"center": [0.008000632493035875, 0.02537661568755585, 1.0, 55.867387250719005, 0.15305211937699426, 0.15587847030764973, 0.003692997281620397, 0.058101441141410845, 0.6555287931491873, 0.222228597328129, 0.000522653274468432, 0.004105874818141508, 0.007771116922225528, 0.45892146217879115, 1.0173305202272507, 0.0005685787823312971, 17.790000915527344, -0.0036643597696923713, 1.0, 0.0, 0.019188678828272465, 0.053526228401796994, 0.09830101976253891, 0.15840671591937827, -0.022308511670104225, 0.2470571717472668, 2.0, 6.0, 0.0, -0.0008264678561502592, 0.0017929035935666526, 0.4913916873754975, 0.006440437940431826], "scale": [0.030410210350279816, 0.04428479711880921, 1.0, 22.517578131193048, 0.24921877341302157, 0.2272956200061113, 0.08768509914432024, 0.04009035013404746, 0.49647524625213957, 0.11225687563297718, 0.011141639572904649, 0.028260091497673723, 0.004615617796011459, 0.7119450413012798, 0.27362014480822694, 0.009871417200559673, 4.430000305175781, 0.08561137984383871, 1.0, 1.0, 0.05945851635367394, 0.08503362430544459, 0.15867289182665356, 0.24812735140053754, 0.058479433887181714, 0.23411306870057508, 2.0, 7.0, 1.0, 0.028553954785027702, 0.01609530603607745, 0.34161078627085006, 0.031049116992311436], "features": ["SMA20_dist", "SMA50_dist", "sma_cross", "RSI14", "MACD", "MACD_sig", "MACD_hist", "BB_width", "BB_pos", "ATR14", "ret_1d", "ret_5d", "vol_10d", "vol_ratio", "obv_trend", "spy_ret_1d", "vix_level", "vix_change", "vix_regime", "asset_class", "ret_1m", "ret_3m", "ret_6m", "ret_12m", "high52w_dist", "low52w_dist", "day_of_week", "month", "is_options_expiry", "btc_ret_1d", "gold_ret_1d", "corr_spy_20d", "vwap_dist"]}