{"center": [0.0008718096021937716, 0.0012423194727269828, 1.0, 50.980393205430694, 0.03896197678267299, 0.0509279141055016, -0.012171105382685787, 0.07139739349099504, 0.5175256533132707, 0.8135771255043228, 0.0018462247262291953, 0.0014758505710095182, 0.012459772150098063, 0.9145338917325888, 1.0286513473153989, 0.0007605411152529218, 17.479999542236328, -0.004048598315015806, 1.0, 0.0, -0.0003497328242236808, 0.0, 0.0, 0.0, -0.05040764594857063, 0.1585445900850149, 2.0, 6.0, 0.0, -0.00022924323774897726, 0.0011289903434381632, 0.6797983711757908, 0.0026288491865083244], "scale": [0.03790794640836388, 0.060168484559455775, 1.0, 19.91782168095647, 0.7166628825230248, 0.658198567170832, 0.2561815717696035, 0.052710478907918065, 0.491559059137559, 0.35664930407222317, 0.017037920428629838, 0.03700381669830238, 0.006188709428152951, 0.5720030066146085, 0.16799715944609472, 0.009187858820897066, 3.90000057220459, 0.0811125878308131, 1.0, 1.0, 0.06543878001095677, 0.10435427812171377, 0.09862206810181734, 0.023028578275691935, 0.07164232431630246, 0.07762057806845762, 2.0, 7.0, 1.0, 0.027589673606990994, 0.015898726014159648, 0.26811454915601607, 0.035315296660340584], "features": ["SMA20_dist", "SMA50_dist", "sma_cross", "RSI14", "MACD", "MACD_sig", "MACD_hist", "BB_width", "BB_pos", "ATR14", "ret_1d", "ret_5d", "vol_10d", "vol_ratio", "obv_trend", "spy_ret_1d", "vix_level", "vix_change", "vix_regime", "asset_class", "ret_1m", "ret_3m", "ret_6m", "ret_12m", "high52w_dist", "low52w_dist", "day_of_week", "month", "is_options_expiry", "btc_ret_1d", "gold_ret_1d", "corr_spy_20d", "vwap_dist"]}