{"center": [-0.0016114853157785007, -0.004836358263394528, 0.0, 48.75740050681033, -0.26208089341756136, -0.2467075802607787, 0.019841815422255715, 0.06505820683070021, 0.4784930802639987, 3.51866023644817, -0.000512510031545399, -0.0013305112755622739, 0.010816449549947075, 0.9326470718362411, 1.0240662163969965, 0.0013730986678519574, 17.360000610351562, -0.00790227414327227, 1.0, 0.0, -0.004685211687652124, -0.03096307200326276, -0.05736680989117382, -0.036234532538509834, -0.136479060273056, 0.07749829080513282, 2.0, 6.0, 0.0, -1.9742508661990676e-05, 0.0017481999132260562, 0.34752455971397034, -0.0006837948781270696], "scale": [0.0348531096167925, 0.03863110644311868, 1.0, 20.36307791385247, 1.9013278076177471, 1.8028542853182443, 1.003618688388768, 0.044282850834303125, 0.5336260606317579, 0.8017375456567164, 0.016116049147409828, 0.031814388670740934, 0.00541612787127407, 0.3898532002923585, 0.5250545902973032, 0.008699495297771587, 4.475000381469727, 0.08215186118446738, 1.0, 1.0, 0.0594518122756621, 0.0679358828888213, 0.09930598069378577, 0.13637516748155182, 0.11451279834395214, 0.08428769717815907, 2.0, 7.0, 1.0, 0.029246773228072287, 0.014266848874190552, 0.362428771392322, 0.03409944092741152], "features": ["SMA20_dist", "SMA50_dist", "sma_cross", "RSI14", "MACD", "MACD_sig", "MACD_hist", "BB_width", "BB_pos", "ATR14", "ret_1d", "ret_5d", "vol_10d", "vol_ratio", "obv_trend", "spy_ret_1d", "vix_level", "vix_change", "vix_regime", "asset_class", "ret_1m", "ret_3m", "ret_6m", "ret_12m", "high52w_dist", "low52w_dist", "day_of_week", "month", "is_options_expiry", "btc_ret_1d", "gold_ret_1d", "corr_spy_20d", "vwap_dist"]}