{"center": [0.008782543197682803, 0.022100537388555823, 1.0, 57.97868891434499, 0.16394594583392674, 0.15853584438188315, -0.008246641066438617, 0.05234415947125742, 0.6786400369725719, 0.2671327360070827, 0.0004338481872310229, 0.004465822510720141, 0.007778315611205409, 1.0140785173566225, 1.0777531920631214, 0.0013759502770052112, 17.610000610351562, -0.005720161498773413, 1.0, 0.0, 0.018842209105197405, 0.046760591473430146, 0.05706869119245739, 0.12933337905475306, -0.01182927863085518, 0.27045690829041286, 2.0, 6.0, 0.0, -0.0008264678561502592, 0.00022745542760316262, 0.9962463594495141, 0.010227881721147731], "scale": [0.023200377220855606, 0.040371533996807686, 1.0, 23.797331686838916, 0.22859670277871658, 0.22055415662482003, 0.07179936259498063, 0.032150274413813344, 0.4371615227315777, 0.12385490862500242, 0.009179212361599132, 0.02460676333394074, 0.004638391948826348, 0.47675169071822543, 1.0088486770878258, 0.009401400177019736, 4.004999160766602, 0.07952279596687617, 1.0, 1.0, 0.04373202235465512, 0.0753909950286401, 0.11720930160477128, 0.18173503381670975, 0.02783880993967097, 0.19221822442270092, 2.0, 6.0, 1.0, 0.02703155712045152, 0.014246727107383783, 0.0037318268431775214, 0.020637369603795322], "features": ["SMA20_dist", "SMA50_dist", "sma_cross", "RSI14", "MACD", "MACD_sig", "MACD_hist", "BB_width", "BB_pos", "ATR14", "ret_1d", "ret_5d", "vol_10d", "vol_ratio", "obv_trend", "spy_ret_1d", "vix_level", "vix_change", "vix_regime", "asset_class", "ret_1m", "ret_3m", "ret_6m", "ret_12m", "high52w_dist", "low52w_dist", "day_of_week", "month", "is_options_expiry", "btc_ret_1d", "gold_ret_1d", "corr_spy_20d", "vwap_dist"]}