{"center": [0.0038922131142616885, 0.008404255528029654, 1.0, 51.86225884163006, 0.7886507290267559, 0.8146432529914632, 0.19381009681033845, 0.1003463802963041, 0.5444755938313587, 6.896288659045305, 0.0009212956148123563, 0.0012737016133010926, 0.014518025100401146, 0.9199759470835839, 1.0329735250738996, 0.0016182856761448594, 17.690000534057617, -0.010543869546671303, 1.0, 0.0, 0.0013448975982026656, 0.011426084336161768, 0.0, 0.0, -0.09793772731748863, 0.16317067165743362, 2.0, 6.0, 0.0, -0.0017695992030517527, 0.0005858183101099534, 0.27950583656131284, 0.003593847069375079], "scale": [0.05745723392459044, 0.08183183941796243, 1.0, 25.221531089933052, 6.926121324784248, 6.458590908331325, 1.7937555639450462, 0.0542082998485674, 0.5325469017918983, 2.2788325696225256, 0.015472778047120217, 0.037377696304719654, 0.009012504904340583, 0.4130415839103856, 0.16704151084686902, 0.00888377888121844, 4.595000743865967, 0.0804646389335068, 1.0, 1.0, 0.10197060450919421, 0.17744291498924658, 0.17741767146399623, 0.20047204358745618, 0.08570251974681514, 0.20587928122766755, 2.0, 6.0, 1.0, 0.02658317149565309, 0.014819063573284386, 0.3928489566843649, 0.05522506703842253], "features": ["SMA20_dist", "SMA50_dist", "sma_cross", "RSI14", "MACD", "MACD_sig", "MACD_hist", "BB_width", "BB_pos", "ATR14", "ret_1d", "ret_5d", "vol_10d", "vol_ratio", "obv_trend", "spy_ret_1d", "vix_level", "vix_change", "vix_regime", "asset_class", "ret_1m", "ret_3m", "ret_6m", "ret_12m", "high52w_dist", "low52w_dist", "day_of_week", "month", "is_options_expiry", "btc_ret_1d", "gold_ret_1d", "corr_spy_20d", "vwap_dist"]}