{"center": [0.012417151664471346, 0.03583085114728812, 1.0, 53.666412770225264, 0.38610335922912853, 0.3493127727222075, -0.0032233250156339655, 0.1243223074713257, 0.6000251742842139, 1.0027838733837462, 0.0037692496983178225, 0.008371538855383887, 0.020080345260337883, 0.8664321387999421, 1.0580828332335919, 0.0004511897349551708, 17.610000610351562, -0.005118433089179364, 1.0, 0.0, 0.03263270354500858, 0.07039424766673397, 0.06396984601669731, 0.019320956422488544, -0.08763983485398909, 0.472360094546978, 2.0, 6.0, 0.0, -0.0005486263326970331, 0.000978748110388561, 0.6967938978820154, 0.013179235904545401], "scale": [0.06612349577403775, 0.10327585908680345, 1.0, 21.471980142133475, 1.0987853007707837, 1.0698564786025642, 0.293056028811107, 0.06384476905502308, 0.49458772011810465, 0.6981416897417018, 0.027727756856076313, 0.05495440046103872, 0.007031816033844247, 0.48280245360462737, 0.25051066372128084, 0.008974983498476863, 4.284999370574951, 0.08171024837550761, 1.0, 1.0, 0.11792922320128751, 0.20302895667988777, 0.3506583444656587, 0.4022644882485463, 0.11615879217026279, 0.8080666561600258, 2.0, 7.0, 1.0, 0.02640338037876383, 0.015101912182991284, 0.26569889442484673, 0.06394315902025552], "features": ["SMA20_dist", "SMA50_dist", "sma_cross", "RSI14", "MACD", "MACD_sig", "MACD_hist", "BB_width", "BB_pos", "ATR14", "ret_1d", "ret_5d", "vol_10d", "vol_ratio", "obv_trend", "spy_ret_1d", "vix_level", "vix_change", "vix_regime", "asset_class", "ret_1m", "ret_3m", "ret_6m", "ret_12m", "high52w_dist", "low52w_dist", "day_of_week", "month", "is_options_expiry", "btc_ret_1d", "gold_ret_1d", "corr_spy_20d", "vwap_dist"]}