{"center": [0.004201846196902854, 0.010673959034772291, 1.0, 52.618583855456464, 0.7249704073554852, 0.49421460496975106, -0.04035518418366396, 0.07157506430607152, 0.5726614424565, 2.5871418640371227, -0.00041105744071684436, 7.203021935586751e-05, 0.009962959763028837, 0.8636901208844419, 0.9793506202778788, 0.0009269530748816646, 17.38499927520752, -0.0045668489381236466, 1.0, 0.0, 0.008661251818693816, 0.025220300676831897, 0.03046088804152669, 0.0, -0.05041401911646917, 0.2042131799022758, 2.0, 6.0, 0.0, 0.0005692244147840197, 0.0015778926649877567, 0.6695511870632997, 0.004271834276961284], "scale": [0.03428129664486648, 0.04810384845598638, 1.0, 20.3112845964329, 2.996862300982073, 2.2993443268200515, 0.8975180234225411, 0.039396567150240196, 0.4987162820980856, 1.011084793436123, 0.014162857732756357, 0.031962754695240014, 0.003551437107130552, 0.4905127553514186, 0.24549921804835895, 0.008450499899613328, 3.802499294281006, 0.07183470470305764, 1.0, 1.0, 0.07400955339205176, 0.09348098812655536, 0.10101335653063137, 0.1578712575050472, 0.05650367019801544, 0.17412173918685064, 2.0, 7.0, 1.0, 0.02788674698928517, 0.014717930890946668, 0.23828052169431324, 0.034518240911209044], "features": ["SMA20_dist", "SMA50_dist", "sma_cross", "RSI14", "MACD", "MACD_sig", "MACD_hist", "BB_width", "BB_pos", "ATR14", "ret_1d", "ret_5d", "vol_10d", "vol_ratio", "obv_trend", "spy_ret_1d", "vix_level", "vix_change", "vix_regime", "asset_class", "ret_1m", "ret_3m", "ret_6m", "ret_12m", "high52w_dist", "low52w_dist", "day_of_week", "month", "is_options_expiry", "btc_ret_1d", "gold_ret_1d", "corr_spy_20d", "vwap_dist"]}