{"center": [0.007791839296444196, 0.018741550161401246, 1.0, 53.28640938820968, 0.1523289392081857, 0.16012111797181994, 0.004693686031887356, 0.13724814636034768, 0.5634234688356436, 0.825401536730485, 0.0, 0.004188918393074115, 0.019503343709592492, 0.9592067291559473, 1.0336484527474032, 0.001093923806363195, 17.479999542236328, -0.005579556721748813, 1.0, 0.0, 0.028896850508799865, 0.0477280040677075, 0.0, 0.0, -0.20126891253384122, 0.1528955623448149, 2.0, 6.0, 0.0, -0.0003109860024155253, 0.0017481999132260562, 0.2954768880004103, 0.008183430884562661], "scale": [0.06613000599641711, 0.12108218047957295, 1.0, 22.938342279723024, 0.9241979164012122, 0.9339981174536389, 0.28508601445115433, 0.07067651533407543, 0.47149342986550824, 0.41161706512226537, 0.026649976696605293, 0.07148245232578809, 0.007886580283633302, 0.4920293457377717, 0.4633313002459669, 0.009365844395454404, 4.329999923706055, 0.07578261189372193, 1.0, 1.0, 0.12588649119535367, 0.2914035949313778, 0.5708911040234423, 0.14886809668232437, 0.24089519553734556, 0.6330157273371054, 2.0, 7.0, 1.0, 0.027011997629655005, 0.015750702293596763, 0.420521659626896, 0.06997343697119128], "features": ["SMA20_dist", "SMA50_dist", "sma_cross", "RSI14", "MACD", "MACD_sig", "MACD_hist", "BB_width", "BB_pos", "ATR14", "ret_1d", "ret_5d", "vol_10d", "vol_ratio", "obv_trend", "spy_ret_1d", "vix_level", "vix_change", "vix_regime", "asset_class", "ret_1m", "ret_3m", "ret_6m", "ret_12m", "high52w_dist", "low52w_dist", "day_of_week", "month", "is_options_expiry", "btc_ret_1d", "gold_ret_1d", "corr_spy_20d", "vwap_dist"]}