{"center": [0.012049057390460652, 0.04916568436531436, 1.0, 52.479934123976896, 4.330951205251722, 3.631562275212116, -0.08839816425901503, 0.16183878989559933, 0.573897296719269, 17.467136928013392, 0.0008158493044168047, 0.011096095657050276, 0.026648649782065527, 0.8843206110783585, 1.0041423942787113, 0.0009013320810069558, 17.239999771118164, -0.0067322198012426115, 1.0, 0.0, 0.027364900035661943, 0.1295542874328992, 0.16873739004801291, 0.22843359294420895, -0.10096803119704743, 0.697105946926271, 2.0, 7.0, 0.0, -1.9742508661990676e-05, 0.0010471549570203464, 0.30024979400578317, 0.014351140673688837], "scale": [0.09874106200862784, 0.1750313823945966, 1.0, 21.66833573041921, 15.951229099944669, 16.685161120209944, 5.103596745195654, 0.12022092514352058, 0.5189166622714603, 6.924296787806922, 0.03424326155506863, 0.07868687484693782, 0.01704266371795586, 0.47841563989105507, 0.2967725304630423, 0.008916078931482274, 3.450000762939453, 0.07599767478961106, 1.0, 1.0, 0.19773869302797253, 0.35721184094586744, 0.3900613297226483, 0.7441512510827148, 0.1262570266144294, 0.41176252207740216, 2.0, 6.0, 1.0, 0.027563386110357135, 0.01485404853240846, 0.39864872658730566, 0.08984238754742142], "features": ["SMA20_dist", "SMA50_dist", "sma_cross", "RSI14", "MACD", "MACD_sig", "MACD_hist", "BB_width", "BB_pos", "ATR14", "ret_1d", "ret_5d", "vol_10d", "vol_ratio", "obv_trend", "spy_ret_1d", "vix_level", "vix_change", "vix_regime", "asset_class", "ret_1m", "ret_3m", "ret_6m", "ret_12m", "high52w_dist", "low52w_dist", "day_of_week", "month", "is_options_expiry", "btc_ret_1d", "gold_ret_1d", "corr_spy_20d", "vwap_dist"]}