{"center": [-0.0007680512993913178, -0.002310557738639548, 0.0, 49.03928753879241, -0.01633971185683336, -0.021133131714877317, -0.003566678937049539, 0.038650178552879465, 0.472904133566315, 0.4618617032183313, 0.0001775020218204304, -0.0005386508839227977, 0.005947999432400286, 0.9284596383133973, 1.00893034771119, 0.0006365110445835098, 17.420000076293945, -0.005438782390179864, 1.0, 0.0, -0.00035966169824896976, -0.0011305780192467085, 0.0, 0.0, -0.05676325936592362, 0.06022436994813264, 2.0, 6.0, 0.0, 0.00013874977403555144, 0.0019739858527916265, 0.1875840763755993, -0.001010074439537996], "scale": [0.018606479101644487, 0.027041927495777045, 1.0, 21.369006091161523, 0.3985181916099503, 0.37329229090232247, 0.16291975447645798, 0.023168605069881047, 0.5178411565285752, 0.16711959515578417, 0.008428687731517115, 0.01576720927281397, 0.002198198521831566, 0.4848859053830685, 0.18323206859744334, 0.009531728710648002, 3.752500057220459, 0.08463487413636678, 1.0, 1.0, 0.03210192678264456, 0.048263377270993446, 0.053465689381359344, 0.030256544196481605, 0.05894775068628954, 0.04280982286721693, 2.0, 7.0, 1.0, 0.028717305340418525, 0.01612534420506717, 0.519643672392623, 0.019935743937307508], "features": ["SMA20_dist", "SMA50_dist", "sma_cross", "RSI14", "MACD", "MACD_sig", "MACD_hist", "BB_width", "BB_pos", "ATR14", "ret_1d", "ret_5d", "vol_10d", "vol_ratio", "obv_trend", "spy_ret_1d", "vix_level", "vix_change", "vix_regime", "asset_class", "ret_1m", "ret_3m", "ret_6m", "ret_12m", "high52w_dist", "low52w_dist", "day_of_week", "month", "is_options_expiry", "btc_ret_1d", "gold_ret_1d", "corr_spy_20d", "vwap_dist"]}