{"center": [0.0073463247487196934, 0.019192337838311778, 1.0, 55.74029170170493, 0.22325828302938788, 0.22669176016520476, -0.003953637479435668, 0.052959498677138964, 0.6600069644267361, 0.3606428541512443, 0.00026745149746654207, 0.004025174387997876, 0.00752913935705913, 0.8764809372897705, 1.0147593942822726, 0.0008304490437567313, 17.479999542236328, -0.006642781425620192, 1.0, 0.0, 0.017122702398988388, 0.05484051820298541, 0.10895812651855108, 0.16777388815588445, -0.01638937731981823, 0.22994709850694978, 2.0, 6.0, 0.0, -0.0008240985185906102, 0.0019842065968723732, 0.6155569749644371, 0.008053685465381565], "scale": [0.02460576672203286, 0.038500982894884725, 1.0, 20.32836956580239, 0.45645052135317776, 0.3995150496409119, 0.11560314476621618, 0.028261777951291964, 0.44005661457670325, 0.15947868291437284, 0.010650324357817514, 0.02255044228867248, 0.002796628908346847, 0.5684217970490872, 0.30443904502483665, 0.008893790367342724, 3.9150009155273438, 0.08174398302049557, 1.0, 1.0, 0.048810692228216074, 0.06426552586118411, 0.1452917698998064, 0.25574640038804, 0.03675603583231635, 0.23091512508464773, 2.0, 7.0, 1.0, 0.02589584624150959, 0.015016170225198189, 0.23637080005181244, 0.025182749242659813], "features": ["SMA20_dist", "SMA50_dist", "sma_cross", "RSI14", "MACD", "MACD_sig", "MACD_hist", "BB_width", "BB_pos", "ATR14", "ret_1d", "ret_5d", "vol_10d", "vol_ratio", "obv_trend", "spy_ret_1d", "vix_level", "vix_change", "vix_regime", "asset_class", "ret_1m", "ret_3m", "ret_6m", "ret_12m", "high52w_dist", "low52w_dist", "day_of_week", "month", "is_options_expiry", "btc_ret_1d", "gold_ret_1d", "corr_spy_20d", "vwap_dist"]}