{"center": [0.010848173754890863, 0.04275866919420445, 1.0, 54.6163699538265, 0.07063549527939861, 0.07866543336097803, -0.003204217739227126, 0.12450581508907793, 0.6199970251916879, 0.1384977803916578, 0.0019240437653044173, 0.0040005850431720225, 0.016596922475518062, 0.9467209000325468, 1.0372963323925746, 0.0007349308352377903, 17.479999542236328, -0.005438782390179864, 1.0, 0.0, 0.02314368359177965, 0.10406231657325382, 0.18780995075604556, 0.26895870081152395, -0.05099206954134042, 0.5619622104795703, 2.0, 6.0, 0.0, -0.0005738087646644519, 0.0026001780084878856, 0.43081926619449007, 0.011208868578731504], "scale": [0.07006521902443123, 0.1060454354125515, 1.0, 28.621470063098094, 0.18094764739958635, 0.1553495850303715, 0.048674304431664955, 0.08534070039557289, 0.5519403165038368, 0.06916555492959299, 0.022690750227939566, 0.05174551059025459, 0.008647069729253656, 0.5006589395673309, 0.12596459959830197, 0.0085085290594836, 4.292500972747803, 0.08042361720365365, 1.0, 1.0, 0.13822165315390086, 0.19528726483639242, 0.33006647876152007, 0.5607365116403575, 0.09992499947993572, 0.5876477447113377, 2.0, 7.0, 1.0, 0.028439108660286982, 0.015254041123832163, 0.3041346678258734, 0.07313269925518165], "features": ["SMA20_dist", "SMA50_dist", "sma_cross", "RSI14", "MACD", "MACD_sig", "MACD_hist", "BB_width", "BB_pos", "ATR14", "ret_1d", "ret_5d", "vol_10d", "vol_ratio", "obv_trend", "spy_ret_1d", "vix_level", "vix_change", "vix_regime", "asset_class", "ret_1m", "ret_3m", "ret_6m", "ret_12m", "high52w_dist", "low52w_dist", "day_of_week", "month", "is_options_expiry", "btc_ret_1d", "gold_ret_1d", "corr_spy_20d", "vwap_dist"]}