{"center": [0.0024855876773634696, 0.004862929506846858, 1.0, 52.364303581410205, 0.02946547600696725, 0.035559697481800205, 4.593575740896583e-05, 0.05551258942858997, 0.5490722462299688, 0.2717855317252023, 0.0, 0.0009085794287765347, 0.0077558474369523135, 0.8489315666528409, 1.018667411240226, 0.0010232681017771084, 17.25, -0.004622023407450215, 1.0, 0.0, 0.005985730627529162, 0.009417247549503682, 0.014039551880841494, 0.0, -0.07337722904889225, 0.08159773632641455, 2.0, 6.0, 0.0, 0.0005692244147840197, 0.0020322188762035287, 0.11158016003930536, 0.001700533720679547], "scale": [0.02762644162664618, 0.044993906592035324, 1.0, 21.41351428645831, 0.2858410476155351, 0.26219298412367903, 0.09338327939414873, 0.03163804692228642, 0.5031703820835473, 0.08017826080322266, 0.011424407394026198, 0.024827928115810277, 0.004209867107063769, 0.6654194927158967, 0.29953634256514095, 0.009316604571668913, 3.922499179840088, 0.08186637321623791, 1.0, 1.0, 0.04794528987186386, 0.05613728577602728, 0.055364179320503304, 0.060164660033510564, 0.07064656851972662, 0.07007477423161507, 2.0, 7.0, 1.0, 0.028535820400802436, 0.013924167151665834, 0.49209540597108953, 0.02811282610083608], "features": ["SMA20_dist", "SMA50_dist", "sma_cross", "RSI14", "MACD", "MACD_sig", "MACD_hist", "BB_width", "BB_pos", "ATR14", "ret_1d", "ret_5d", "vol_10d", "vol_ratio", "obv_trend", "spy_ret_1d", "vix_level", "vix_change", "vix_regime", "asset_class", "ret_1m", "ret_3m", "ret_6m", "ret_12m", "high52w_dist", "low52w_dist", "day_of_week", "month", "is_options_expiry", "btc_ret_1d", "gold_ret_1d", "corr_spy_20d", "vwap_dist"]}