{"center": [0.008365454209583505, 0.020246047899103777, 1.0, 58.60835915761969, 1.1389299077885937, 1.0836396220905549, 0.027203656724819725, 0.04440020784989064, 0.7183839355426076, 1.730580753200497, -0.00011119301087358924, 0.0024784626082114958, 0.006705491167708365, 0.9894090999336067, 1.0038770005937263, 0.0009004595313388819, 17.479999542236328, -0.005298008058610915, 1.0, 0.0, 0.021031797414032383, 0.042139305956548245, 0.06584010475999746, 0.07760277217927913, -0.012247478306039101, 0.17593556354379308, 2.0, 6.0, 0.0, -0.0008264678561502592, 0.002012776164397767, 0.7739315429113783, 0.00925492314917149], "scale": [0.01865566180017534, 0.027226551518207714, 1.0, 18.021909757161417, 1.2825595420667923, 1.1957108058505308, 0.44592900696850296, 0.023812303596971257, 0.4155948651848567, 0.5153831260664592, 0.009793585611199362, 0.019892905766952573, 0.002599550417007118, 0.35821419683053124, 0.9248705621459469, 0.009126963146509737, 3.9200000762939453, 0.07734293771212375, 1.0, 1.0, 0.039378904410849014, 0.056035519072767936, 0.114121357508562, 0.1523467908002103, 0.03284775791936269, 0.15203252426398978, 2.0, 7.0, 1.0, 0.028625970818190627, 0.015507802849511032, 0.16117761258932328, 0.01839055109738454], "features": ["SMA20_dist", "SMA50_dist", "sma_cross", "RSI14", "MACD", "MACD_sig", "MACD_hist", "BB_width", "BB_pos", "ATR14", "ret_1d", "ret_5d", "vol_10d", "vol_ratio", "obv_trend", "spy_ret_1d", "vix_level", "vix_change", "vix_regime", "asset_class", "ret_1m", "ret_3m", "ret_6m", "ret_12m", "high52w_dist", "low52w_dist", "day_of_week", "month", "is_options_expiry", "btc_ret_1d", "gold_ret_1d", "corr_spy_20d", "vwap_dist"]}