{"center": [0.0016234803071473055, 0.002748107027419678, 1.0, 53.7972993681065, 0.07018177324285801, 0.05751692977998091, 0.0002839018044201516, 0.016474443998634368, 0.607529210802811, 0.2528050905969259, 0.00013594605474376298, 0.0004132625411404911, 0.002508809649806664, 0.9496817209394172, 1.0195468678094906, 0.0009008441073541373, 17.38499927520752, -0.0048289091912665505, 1.0, 0.0, 0.0034560535648286983, 0.007284516969225496, 0.010156748436088492, 0.02806992435342215, -0.011542712824861596, 0.04865957471355775, 2.0, 6.0, 0.0, -0.0018336589963325878, 0.0015508527855015997, 0.222218198013704, 0.0018029324009076397], "scale": [0.007625632611656077, 0.01075805897502438, 1.0, 20.356012024668395, 0.20428000773512878, 0.21200525909475065, 0.0854560547103419, 0.010229425520577633, 0.47422429693777274, 0.0835029323774695, 0.0036424674963818626, 0.007665941374185525, 0.0011398022012133469, 0.31724429358726014, 0.19569278111429256, 0.010144685051817176, 4.377500534057617, 0.08458064874685911, 1.0, 1.0, 0.012370557033384716, 0.020200450351057248, 0.034946845421855555, 0.05175560653537559, 0.014663689721098475, 0.03895293077196588, 2.0, 7.0, 1.0, 0.02709066662679563, 0.015759129061158617, 0.5649677226719636, 0.008091864348852111], "features": ["SMA20_dist", "SMA50_dist", "sma_cross", "RSI14", "MACD", "MACD_sig", "MACD_hist", "BB_width", "BB_pos", "ATR14", "ret_1d", "ret_5d", "vol_10d", "vol_ratio", "obv_trend", "spy_ret_1d", "vix_level", "vix_change", "vix_regime", "asset_class", "ret_1m", "ret_3m", "ret_6m", "ret_12m", "high52w_dist", "low52w_dist", "day_of_week", "month", "is_options_expiry", "btc_ret_1d", "gold_ret_1d", "corr_spy_20d", "vwap_dist"]}