{"center": [-0.00017369738206003972, -0.006136902176561126, 0.0, 49.308028310085355, -0.39708124664923616, -0.1322931498025746, 0.30871699253070517, 0.163102876059182, 0.49903238574985437, 7.679998670305524, 0.0019759179046812125, 0.002663834636881468, 0.022456929979803315, 0.9744416178534715, 0.9966418435607499, 0.000760531944440368, 17.700000762939453, -0.005298008058610915, 1.0, 0.0, -0.007706239131960446, 0.019404396498036824, 0.0, 0.0, -0.10700838632653704, 0.288691240576357, 2.0, 6.0, 0.0, -0.0008217291810309613, 0.0016294519610446923, 0.4736610998120869, 0.003995388766390157], "scale": [0.08869863985129114, 0.14969218978723947, 1.0, 29.448818443310245, 9.184302925070057, 7.9090676047622885, 2.3416578162605615, 0.11507364709720408, 0.5559301937837622, 2.6784643445696137, 0.02917229047972031, 0.05864033875176383, 0.015997353225409044, 0.4855742829502513, 0.2344653175733069, 0.009241316196106686, 4.3600006103515625, 0.08471627427402728, 1.0, 1.0, 0.17147790649082978, 0.24667950648575554, 0.5150353048133276, 0.2955237923000099, 0.27578169878069997, 0.48673146559772673, 2.0, 7.0, 1.0, 0.02715794304610225, 0.016042737484132263, 0.3500050666380953, 0.09177638895899834], "features": ["SMA20_dist", "SMA50_dist", "sma_cross", "RSI14", "MACD", "MACD_sig", "MACD_hist", "BB_width", "BB_pos", "ATR14", "ret_1d", "ret_5d", "vol_10d", "vol_ratio", "obv_trend", "spy_ret_1d", "vix_level", "vix_change", "vix_regime", "asset_class", "ret_1m", "ret_3m", "ret_6m", "ret_12m", "high52w_dist", "low52w_dist", "day_of_week", "month", "is_options_expiry", "btc_ret_1d", "gold_ret_1d", "corr_spy_20d", "vwap_dist"]}