{"center": [0.0003100836927375989, -0.0027665054119210553, 0.0, 50.709626476943264, -0.029611591323373432, -0.052493738995395486, 0.034854753595381816, 0.12530407534006563, 0.503031887632971, 1.2324903032385213, -0.00033997727578594095, 8.972801640272365e-05, 0.018652096691847173, 0.888429851204614, 1.0108806082348387, 0.0017924309359995672, 17.260000228881836, -0.009244158887228515, 1.0, 0.0, 0.004237469550802286, -0.03359248172894802, -0.00942582667407632, 0.0, -0.2018962570271338, 0.18297163362952837, 2.0, 6.0, 0.0, -0.0003342625487465778, 0.0014259144001700363, 0.12890084610159422, 0.000953958774725193], "scale": [0.06193245376097525, 0.07610283836352506, 1.0, 23.26323298262251, 1.0409390367751072, 0.9301948414224089, 0.4068900759001264, 0.06033654542372331, 0.5317667842960414, 0.4101930882197793, 0.022886389574120036, 0.06196222046058519, 0.008052753263728044, 0.4210983623075877, 0.29560608453864123, 0.008665401668471295, 3.59999942779541, 0.07253233498189948, 1.0, 1.0, 0.11522863720704069, 0.19775324749498557, 0.15146398051174992, 0.13031538346914628, 0.09196974756101986, 0.2165778117315131, 2.0, 7.0, 1.0, 0.026830077274149433, 0.014711967049260921, 0.5297665856475449, 0.06611551023673352], "features": ["SMA20_dist", "SMA50_dist", "sma_cross", "RSI14", "MACD", "MACD_sig", "MACD_hist", "BB_width", "BB_pos", "ATR14", "ret_1d", "ret_5d", "vol_10d", "vol_ratio", "obv_trend", "spy_ret_1d", "vix_level", "vix_change", "vix_regime", "asset_class", "ret_1m", "ret_3m", "ret_6m", "ret_12m", "high52w_dist", "low52w_dist", "day_of_week", "month", "is_options_expiry", "btc_ret_1d", "gold_ret_1d", "corr_spy_20d", "vwap_dist"]}