{"center": [0.0033181622028833108, 0.0002653631344371404, 0.0, 51.212121036974274, 5.208795377953379e-05, -0.005458818412097988, 0.012829985146511902, 0.11785863772716425, 0.5286401498392974, 0.6485715593610492, 0.0006856516184903239, 0.004616055841533351, 0.017377607014818292, 0.8672875436554133, 1.0180080705065147, 0.0007044991031190939, 17.649999618530273, -0.005211721284556381, 1.0, 0.0, 0.005492679690023428, 0.016622340467692176, 0.011928449526550366, 0.0, -0.10194896152154155, 0.15535508149781269, 2.0, 6.0, 0.0, -0.00151319093281288, 0.0017481999132260562, 0.02863480803432184, 0.004552481785525971], "scale": [0.056098599861896095, 0.08273725387188444, 1.0, 22.013135636781698, 0.6425907228364505, 0.5473938435711028, 0.24909536580073743, 0.10129342594758799, 0.4888448237671163, 0.4292858668736048, 0.024552245691187635, 0.04793017484599843, 0.010664143143048387, 0.5741405760506717, 0.23875215586482323, 0.009490860404618773, 4.494999885559082, 0.08827855701735476, 1.0, 1.0, 0.11066395831237319, 0.15571561245756743, 0.10754784313807281, 0.06446676178380495, 0.06878021612179512, 0.15790504726056773, 2.0, 7.0, 1.0, 0.02801496443606527, 0.01605812682894081, 0.5312116104465474, 0.050462310482700626], "features": ["SMA20_dist", "SMA50_dist", "sma_cross", "RSI14", "MACD", "MACD_sig", "MACD_hist", "BB_width", "BB_pos", "ATR14", "ret_1d", "ret_5d", "vol_10d", "vol_ratio", "obv_trend", "spy_ret_1d", "vix_level", "vix_change", "vix_regime", "asset_class", "ret_1m", "ret_3m", "ret_6m", "ret_12m", "high52w_dist", "low52w_dist", "day_of_week", "month", "is_options_expiry", "btc_ret_1d", "gold_ret_1d", "corr_spy_20d", "vwap_dist"]}