{"center": [0.0078122291006168295, 0.02061099936055028, 1.0, 58.973002170798864, 1.1649382660447998, 1.1550032890866708, 0.005852042213797537, 0.042608476998619076, 0.7087963978145813, 1.7598911190494948, -0.0006714294770336915, 0.0020678900957931123, 0.006629804390354936, 0.992840978514331, 1.0044910762210912, 0.0007605411152529218, 17.280000686645508, -0.006670313141271755, 1.0, 0.0, 0.022844921477674918, 0.04027212323901441, 0.0654743396678037, 0.07140771089107245, -0.012265240795093871, 0.1794034751687172, 2.0, 6.0, 0.0, -0.0016327534538667088, 0.0010471549570203464, 0.761213649017186, 0.008570989139778403], "scale": [0.018930545424086287, 0.028905409092632114, 1.0, 16.646764877393686, 1.2833649359418757, 1.1524919495031072, 0.4377727188692878, 0.021142233434629426, 0.43602545213333527, 0.5229971893913248, 0.01015717018079565, 0.01966775768740736, 0.002244656102380095, 0.3679234737943684, 0.8308787090451487, 0.008703828856831297, 3.8800010681152344, 0.076606128587004, 1.0, 1.0, 0.03898695719442069, 0.05653665961812937, 0.11547608831784295, 0.1661393414340735, 0.03254701383203451, 0.15220788794077222, 2.0, 7.0, 1.0, 0.026720696434579305, 0.014500929055707434, 0.17240520509473367, 0.019157077239875055], "features": ["SMA20_dist", "SMA50_dist", "sma_cross", "RSI14", "MACD", "MACD_sig", "MACD_hist", "BB_width", "BB_pos", "ATR14", "ret_1d", "ret_5d", "vol_10d", "vol_ratio", "obv_trend", "spy_ret_1d", "vix_level", "vix_change", "vix_regime", "asset_class", "ret_1m", "ret_3m", "ret_6m", "ret_12m", "high52w_dist", "low52w_dist", "day_of_week", "month", "is_options_expiry", "btc_ret_1d", "gold_ret_1d", "corr_spy_20d", "vwap_dist"]}