{"center": [-0.0021116122697017415, -0.0008442877626149026, 1.0, 49.293286635850286, 0.0032625619325905575, 0.005128858011414175, -0.007435846080391162, 0.09789763927048858, 0.4643251836393146, 0.5535714285714286, -0.0006747149401772345, -0.0016122131817705165, 0.01654868214126495, 0.9836686091900545, 0.9606015171444053, 0.0009529298360098082, 17.3799991607666, -0.005579556721748813, 1.0, 0.0, -0.0016366362785336097, -0.008973225625911185, 0.0, 0.0, -0.12195117012149456, 0.21561181622621867, 2.0, 7.0, 0.0, 0.0009202877056453396, 0.0020064107533963593, 0.4235730402465642, -0.0024631919112993177], "scale": [0.051385802474513714, 0.08825855717269379, 1.0, 21.411799236219558, 0.7332984996603749, 0.6470026183859959, 0.2253765442043678, 0.08041775316998626, 0.4948732272243187, 0.15071378435407368, 0.021911321059166045, 0.04802582988513182, 0.007339223022763646, 0.4734737659393691, 0.3792734724552549, 0.0085285819296409, 4.310001373291016, 0.07894131642681057, 1.0, 1.0, 0.08997866078673966, 0.1603199935433276, 0.1554401500047763, 0.077904023889515, 0.1116212759632029, 0.19660531303241174, 2.0, 6.0, 1.0, 0.02813257408305536, 0.015528250734954785, 0.2363493956842997, 0.05022185721999724], "features": ["SMA20_dist", "SMA50_dist", "sma_cross", "RSI14", "MACD", "MACD_sig", "MACD_hist", "BB_width", "BB_pos", "ATR14", "ret_1d", "ret_5d", "vol_10d", "vol_ratio", "obv_trend", "spy_ret_1d", "vix_level", "vix_change", "vix_regime", "asset_class", "ret_1m", "ret_3m", "ret_6m", "ret_12m", "high52w_dist", "low52w_dist", "day_of_week", "month", "is_options_expiry", "btc_ret_1d", "gold_ret_1d", "corr_spy_20d", "vwap_dist"]}