{"center": [-0.006259674035358729, -0.010755406058843814, 0.0, 49.088925760368696, -0.431480315498888, -0.20660546697551588, -0.11029668110501922, 0.09964759800884446, 0.4317950379328108, 5.084070440444227, -0.0007826949986563525, -0.0005760679644500888, 0.01428834491676599, 0.9719519472459557, 1.0303402259225365, 0.0006437650771763392, 17.38499927520752, -0.005509084778692164, 1.0, 0.0, -0.006333775228199223, -0.026455533510537865, 0.0, 0.0, -0.13299093738479006, 0.12973148478116753, 2.0, 6.0, 0.0, 4.3582116930451775e-05, 0.001788531730296361, 0.4008764808707894, -0.0046246229303408635], "scale": [0.06002947267721298, 0.08085851425360457, 1.0, 28.77177312195853, 5.362677137336263, 5.035916848608494, 1.9592096490216468, 0.046149497383563984, 0.569352914096868, 1.4858354815633215, 0.01768920361165932, 0.05211515019996979, 0.006988240023338019, 0.37026054167006417, 0.3321185605425385, 0.008812091754716395, 4.400000333786011, 0.0777235952375551, 1.0, 1.0, 0.10473018305348464, 0.16876060377909954, 0.16478347846386412, 0.0324220955526181, 0.11954512517873536, 0.11078240860620248, 2.0, 7.0, 1.0, 0.02712934823617591, 0.015819693184146055, 0.4082248464555901, 0.05896662201966839], "features": ["SMA20_dist", "SMA50_dist", "sma_cross", "RSI14", "MACD", "MACD_sig", "MACD_hist", "BB_width", "BB_pos", "ATR14", "ret_1d", "ret_5d", "vol_10d", "vol_ratio", "obv_trend", "spy_ret_1d", "vix_level", "vix_change", "vix_regime", "asset_class", "ret_1m", "ret_3m", "ret_6m", "ret_12m", "high52w_dist", "low52w_dist", "day_of_week", "month", "is_options_expiry", "btc_ret_1d", "gold_ret_1d", "corr_spy_20d", "vwap_dist"]}