{"center": [-0.0067103758810408915, -0.009927779064938113, 0.0, 47.71030229616105, -0.7392233979573462, -0.5139009712393575, -0.08778983983823752, 0.08542946582985889, 0.40823161568660843, 4.886331160165503, -0.00033063148654510766, -0.006686268258410344, 0.014924278558974812, 0.9349091881595061, 0.9810198758544532, 0.0017924307507057868, 17.389999389648438, -0.006733946910202238, 1.0, 0.0, -0.014850266176659632, -0.011323501048960738, -0.008378565375798175, 0.0, -0.14469394109633854, 0.10500101230759813, 2.0, 6.0, 0.0, -0.0007713643170961237, 0.0020187288833615202, -0.035930350970894295, -0.005153789253131327], "scale": [0.043997226032158956, 0.07554206904097624, 1.0, 20.82795598070031, 4.147749495363044, 4.178676390374471, 1.5693015397469299, 0.059594132769185335, 0.5132915235410922, 1.3930410172876684, 0.01854887249977477, 0.041257348383678505, 0.007930868281413404, 0.46539769696438116, 0.3175414123847755, 0.00943583286920785, 4.02500057220459, 0.08514279724497331, 1.0, 1.0, 0.07562219558260896, 0.1533567558841466, 0.1336390898226656, 0.0965068210945752, 0.11078507260363671, 0.15416160140406832, 2.0, 7.0, 1.0, 0.026090609408983834, 0.015574748374719838, 0.4271005452242778, 0.04609161137059783], "features": ["SMA20_dist", "SMA50_dist", "sma_cross", "RSI14", "MACD", "MACD_sig", "MACD_hist", "BB_width", "BB_pos", "ATR14", "ret_1d", "ret_5d", "vol_10d", "vol_ratio", "obv_trend", "spy_ret_1d", "vix_level", "vix_change", "vix_regime", "asset_class", "ret_1m", "ret_3m", "ret_6m", "ret_12m", "high52w_dist", "low52w_dist", "day_of_week", "month", "is_options_expiry", "btc_ret_1d", "gold_ret_1d", "corr_spy_20d", "vwap_dist"]}