{"center": [0.011564569368351011, 0.01990934951374314, 1.0, 52.254709590379555, 0.14177324879344155, 0.4307439095887963, 0.09724832946993, 0.2660466151782153, 0.5563632271376119, 6.954585796445136, 0.0017608354392528724, 0.0059294323703691365, 0.045581682558510105, 0.8945586266635168, 1.013443356480809, 0.001151824796685963, 17.479999542236328, -0.00790227414327227, 1.0, 0.0, 0.03021564691783829, 0.02946428405937862, 0.0, 0.0, -0.24509065379298364, 0.6957922075794429, 2.0, 6.0, 0.0, -0.00022924323774897726, 0.0020064107533963593, 0.6021925672829539, 0.021117523163842602], "scale": [0.12397036011085671, 0.23989178121692006, 1.0, 18.68578648341616, 6.280395217607747, 6.3564903894468, 1.8221061050211995, 0.13537934222985934, 0.5032085642225355, 4.681374470665104, 0.05909922914111143, 0.12585186889343425, 0.0176439270759062, 0.3872980721978183, 0.24122635290656513, 0.008673926911091812, 3.5699996948242188, 0.08415432145164892, 1.0, 1.0, 0.26021286005553046, 0.6286048001429703, 1.2404545604513624, 0.6291215442250382, 0.3457622539582849, 2.6357802781859196, 2.0, 7.0, 1.0, 0.02744759964370136, 0.01479215198271544, 0.22080893681174696, 0.12612542452629055], "features": ["SMA20_dist", "SMA50_dist", "sma_cross", "RSI14", "MACD", "MACD_sig", "MACD_hist", "BB_width", "BB_pos", "ATR14", "ret_1d", "ret_5d", "vol_10d", "vol_ratio", "obv_trend", "spy_ret_1d", "vix_level", "vix_change", "vix_regime", "asset_class", "ret_1m", "ret_3m", "ret_6m", "ret_12m", "high52w_dist", "low52w_dist", "day_of_week", "month", "is_options_expiry", "btc_ret_1d", "gold_ret_1d", "corr_spy_20d", "vwap_dist"]}