{"center": [0.006514641297024969, 0.01616785083336757, 1.0, 52.59591693239397, 1.4183046844848946, 1.3333825435693696, -0.08950979841907022, 0.07130627652979382, 0.5885567016552883, 5.443907475586126, 0.0008890047831842107, 0.002766503158146305, 0.01114777781362672, 0.9519525871396936, 1.0138773737299591, 0.00083044900473217, 17.61500072479248, -0.0045668489381236466, 1.0, 0.0, 0.014591935984116455, 0.03904607506513236, 0.025874603917837358, 0.10395125769542268, -0.046537125812979654, 0.2588620965897376, 2.0, 6.0, 0.0, -0.0016587106652958816, 0.0015006433011212073, 0.3903751485042785, 0.005208501351203003], "scale": [0.03313631719377885, 0.0489072834909219, 1.0, 19.85043085902341, 3.9588388072102845, 3.622817439413021, 1.3282647842783932, 0.047827245613679875, 0.4664193263571409, 2.2839981880535705, 0.014409942396271885, 0.03532832464537608, 0.005720580655907413, 0.40460907322124995, 0.2138599954173671, 0.00940795671609404, 3.9800000190734863, 0.08071671858381024, 1.0, 1.0, 0.0644595216045126, 0.10160232436837066, 0.19470984131695945, 0.2674710674603469, 0.09777933479230078, 0.3321793671417748, 2.0, 7.0, 1.0, 0.027901295476062543, 0.016116359575477857, 0.2893979853757218, 0.03108173514076254], "features": ["SMA20_dist", "SMA50_dist", "sma_cross", "RSI14", "MACD", "MACD_sig", "MACD_hist", "BB_width", "BB_pos", "ATR14", "ret_1d", "ret_5d", "vol_10d", "vol_ratio", "obv_trend", "spy_ret_1d", "vix_level", "vix_change", "vix_regime", "asset_class", "ret_1m", "ret_3m", "ret_6m", "ret_12m", "high52w_dist", "low52w_dist", "day_of_week", "month", "is_options_expiry", "btc_ret_1d", "gold_ret_1d", "corr_spy_20d", "vwap_dist"]}