{"center": [0.004912857853998631, 0.023201323205680184, 1.0, 51.92086679028408, 2.2099127152307574, 2.591418932893435, -0.10207174704095096, 0.07122040550580198, 0.5833425797766357, 5.854183551043084, 0.0007439318274152784, 0.0016446485301105929, 0.011955840355977023, 0.874740756325975, 1.0041859370406159, 0.0014013160099116684, 17.440000534057617, -0.008877113190078445, 1.0, 0.0, 0.012259577991070802, 0.041145646516605794, 0.0, 0.03781466269913447, -0.04878731060104052, 0.27626962508321184, 2.0, 6.0, 0.0, 0.0008002908160121835, 0.0019651616722207166, 0.8365129824364679, 0.005864428889478386], "scale": [0.037241420150867184, 0.05783456615327938, 1.0, 20.92477543157372, 5.3599801905762945, 4.905501624577591, 1.8090685582940313, 0.0541415023275679, 0.5151510504381013, 2.1508239156757583, 0.015492839638132777, 0.03578593827919069, 0.00523617927630271, 0.45519338552407906, 0.48524200027898956, 0.008900502611455863, 4.42750096321106, 0.0790649739249262, 1.0, 1.0, 0.07954977873432967, 0.11972867832556028, 0.12326165128972136, 0.15563872028377929, 0.0721628353513148, 0.1564994707539915, 2.0, 7.0, 1.0, 0.02781358287022212, 0.01516122473804718, 0.150167438660734, 0.03666269886395066], "features": ["SMA20_dist", "SMA50_dist", "sma_cross", "RSI14", "MACD", "MACD_sig", "MACD_hist", "BB_width", "BB_pos", "ATR14", "ret_1d", "ret_5d", "vol_10d", "vol_ratio", "obv_trend", "spy_ret_1d", "vix_level", "vix_change", "vix_regime", "asset_class", "ret_1m", "ret_3m", "ret_6m", "ret_12m", "high52w_dist", "low52w_dist", "day_of_week", "month", "is_options_expiry", "btc_ret_1d", "gold_ret_1d", "corr_spy_20d", "vwap_dist"]}