{"center": [0.0016703872541856788, 0.0027331593023107495, 1.0, 53.70476890288302, 0.10017377343476142, 0.08220638994743938, 0.00016759160458237887, 0.016905330821275773, 0.6050751234695027, 0.3481170566018191, 0.00012126949026547429, 0.0003334325831034768, 0.002589855432795722, 0.9239617909640363, 1.0315730523763882, 0.0009012287764704752, 17.389999389648438, -0.0046113733261696765, 1.0, 0.0, 0.003543502293483103, 0.007669973990352519, 0.010518817933438784, 0.028843784712678344, -0.012118639338278012, 0.04909257219409286, 2.0, 6.0, 0.0, -0.00204861414171964, 0.0016294519610446923, 0.227945117760673, 0.001631922262706459], "scale": [0.007271765889184008, 0.010966406913094398, 1.0, 20.758200326245202, 0.29278061410785483, 0.3068143760365037, 0.11682988735884814, 0.010600527688461278, 0.4652686149778073, 0.12508194453181531, 0.0034320191071677275, 0.007688468124250614, 0.0011111411354897873, 0.36744889524284263, 0.3902824836063441, 0.00997467204368252, 4.370000839233398, 0.08121768128011986, 1.0, 1.0, 0.012962647222367063, 0.02126474704572401, 0.03605150600699125, 0.052583315287764165, 0.015151836955716782, 0.0392430825100016, 2.0, 7.0, 1.0, 0.0259349265866341, 0.015261717397452967, 0.5722948322685139, 0.007365724019389739], "features": ["SMA20_dist", "SMA50_dist", "sma_cross", "RSI14", "MACD", "MACD_sig", "MACD_hist", "BB_width", "BB_pos", "ATR14", "ret_1d", "ret_5d", "vol_10d", "vol_ratio", "obv_trend", "spy_ret_1d", "vix_level", "vix_change", "vix_regime", "asset_class", "ret_1m", "ret_3m", "ret_6m", "ret_12m", "high52w_dist", "low52w_dist", "day_of_week", "month", "is_options_expiry", "btc_ret_1d", "gold_ret_1d", "corr_spy_20d", "vwap_dist"]}