{"center": [-0.003476767034768046, -0.017250068357947165, 0.0, 49.717816109483074, -11.379439258163984, -8.473281859394337, 1.6915827967729413, 0.18824498404138323, 0.47586908065889527, 131.4119437081473, -0.0005989901885826154, -0.0013930073090619999, 0.03046872847405998, 1.0044908917900943, 0.9933037773913461, 0.0004310919152525905, 17.190000534057617, -0.005118433089179364, 1.0, 0.0, -0.010441156816280106, -0.005327902636351856, -0.05294052013928496, 0.0, -0.33889846807700275, 0.46449933351615624, 3.0, 6.0, 0.0, 0.000796827354308749, 0.0007381741937566577, 0.39320839660639906, -0.006432037518793107], "scale": [0.09725597532884395, 0.19179176251460725, 1.0, 23.49013546286473, 134.40825820392467, 140.81988366408726, 42.967969813240565, 0.11136862897074087, 0.5287135249192401, 78.98702130998882, 0.04383226973023402, 0.0907631257163049, 0.013795412726431373, 0.5058398893922822, 0.36677142260098916, 0.009071528437271326, 3.505000114440918, 0.07413732306438098, 1.0, 1.0, 0.19301272800642466, 0.5533759385917529, 0.6416969734431193, 0.3952679771410806, 0.34491796230875205, 0.8858357665650768, 4.0, 7.0, 1.0, 0.02390814349253892, 0.014373335726022063, 0.3232483283573444, 0.09543985615373751], "features": ["SMA20_dist", "SMA50_dist", "sma_cross", "RSI14", "MACD", "MACD_sig", "MACD_hist", "BB_width", "BB_pos", "ATR14", "ret_1d", "ret_5d", "vol_10d", "vol_ratio", "obv_trend", "spy_ret_1d", "vix_level", "vix_change", "vix_regime", "asset_class", "ret_1m", "ret_3m", "ret_6m", "ret_12m", "high52w_dist", "low52w_dist", "day_of_week", "month", "is_options_expiry", "btc_ret_1d", "gold_ret_1d", "corr_spy_20d", "vwap_dist"]}