{"center": [-0.0027803028789817933, -0.009068202582597823, 0.0, 47.786181006544055, -0.4944136605231222, -0.39325493285810137, 0.04724022009630591, 0.08250892424214874, 0.46296687252396707, 2.555225349783766, -0.0008889222756410797, -0.0019697780405963927, 0.011450458331527894, 0.9691659481353205, 0.8557461428700754, 0.0009004595313388819, 17.520000457763672, -0.005720161498773413, 1.0, 0.0, -0.013681654985416736, -0.0006820498197209757, 0.0, 0.0, -0.11469860807282962, 0.11893476507948854, 2.0, 6.0, 0.0, -0.0003342625487465778, 0.0015753722020723782, 0.006950768917504276, -0.002017924272876651], "scale": [0.03939051218927855, 0.058052790942697524, 1.0, 24.701117110329385, 2.5403315819802614, 2.4240899108557095, 0.8843095545455623, 0.04641102520433958, 0.5013190410092873, 0.7520076767860804, 0.016690044944970617, 0.03511575872092937, 0.005013529376827239, 0.3561339903740939, 1.2624847634907002, 0.00913289168689091, 4.029999732971191, 0.07930928140954863, 1.0, 1.0, 0.071457925404253, 0.14883272201433712, 0.1677047703212523, 0.06015319545267128, 0.10008292233870252, 0.1447109835536952, 2.0, 7.0, 1.0, 0.02878251172027224, 0.015051589766748419, 0.37133362580049634, 0.0408147188869204], "features": ["SMA20_dist", "SMA50_dist", "sma_cross", "RSI14", "MACD", "MACD_sig", "MACD_hist", "BB_width", "BB_pos", "ATR14", "ret_1d", "ret_5d", "vol_10d", "vol_ratio", "obv_trend", "spy_ret_1d", "vix_level", "vix_change", "vix_regime", "asset_class", "ret_1m", "ret_3m", "ret_6m", "ret_12m", "high52w_dist", "low52w_dist", "day_of_week", "month", "is_options_expiry", "btc_ret_1d", "gold_ret_1d", "corr_spy_20d", "vwap_dist"]}