{"center": [-0.013766318214559807, -0.026742511282915056, 0.0, 45.99859018076701, -1.0998787985084277, -1.0127506921371165, -0.17021352592658473, 0.16319219665875612, 0.40427158887175896, 5.157215935843332, 0.0003210193497037994, -0.00802092298114676, 0.019275968266269355, 0.9476262510046751, 1.0097066793389002, 0.0013668915743373367, 17.479999542236328, -0.0066285878678270516, 1.0, 0.0, -0.02813099175848005, -0.0685751619349928, -0.08338665040353482, 0.0, -0.2339946596390113, 0.24353186641401386, 2.0, 6.0, 0.0, -0.0017024351995931775, 0.0006485235348347995, 0.5215365517063251, -0.009357040087739719], "scale": [0.08294897162722088, 0.16055814411766328, 1.0, 26.900154053254838, 7.767632122546907, 7.849074470847982, 1.9377565176703093, 0.12423734506167709, 0.5212691854428596, 1.2726767403738846, 0.029758281935384906, 0.060557469117258705, 0.014686445211096879, 0.4336061732611157, 0.713363661929822, 0.009014328501997099, 4.122499942779541, 0.09021682445162768, 1.0, 1.0, 0.17484496614404532, 0.37313369307724736, 0.2816667882956234, 0.32383964384172803, 0.2867153779287983, 0.2547471471746683, 2.0, 7.0, 1.0, 0.027622166659287822, 0.015808852269999035, 0.4957121914755725, 0.08120290949201639], "features": ["SMA20_dist", "SMA50_dist", "sma_cross", "RSI14", "MACD", "MACD_sig", "MACD_hist", "BB_width", "BB_pos", "ATR14", "ret_1d", "ret_5d", "vol_10d", "vol_ratio", "obv_trend", "spy_ret_1d", "vix_level", "vix_change", "vix_regime", "asset_class", "ret_1m", "ret_3m", "ret_6m", "ret_12m", "high52w_dist", "low52w_dist", "day_of_week", "month", "is_options_expiry", "btc_ret_1d", "gold_ret_1d", "corr_spy_20d", "vwap_dist"]}