{"center": [0.00955002633976287, -0.018781992587787254, 0.0, 53.32614324429048, -1.0863978990704197, -1.4797760564013707, 0.16301425038140424, 0.12426063936807921, 0.585576313472657, 9.816051825196773, 0.0006029858002506439, 0.0019824041189235864, 0.017769219347600937, 0.88444020731307, 0.9979639916050682, 0.0009687315689569376, 17.18000030517578, -0.006134337694191971, 1.0, 0.0, 0.01830510000411989, -0.040063480484350544, -0.048684982389603115, 0.0, -0.41593159000442836, 0.2000941007576212, 2.0, 6.0, 0.0, -0.0015742310644737412, 0.002066486342349072, 0.17434730183978459, 0.01068971791515072], "scale": [0.07516701662670036, 0.1422808396967661, 1.0, 29.789202578304923, 15.742070425825858, 13.837035673948463, 3.8164265628931946, 0.13275933743368826, 0.5555676735757453, 3.922943607886342, 0.023123280828308918, 0.06078948725190017, 0.01068606795610411, 0.4704051030497337, 0.32767539182124716, 0.008650144879243316, 3.942500591278076, 0.07803003874176326, 1.0, 1.0, 0.14527040254983398, 0.25680447412180435, 0.363331220124112, 0.3999050869592278, 0.3792259858427798, 0.3664126583275386, 2.0, 7.0, 1.0, 0.02754582188170593, 0.015067842835288309, 0.3206304983014282, 0.07473008436662035], "features": ["SMA20_dist", "SMA50_dist", "sma_cross", "RSI14", "MACD", "MACD_sig", "MACD_hist", "BB_width", "BB_pos", "ATR14", "ret_1d", "ret_5d", "vol_10d", "vol_ratio", "obv_trend", "spy_ret_1d", "vix_level", "vix_change", "vix_regime", "asset_class", "ret_1m", "ret_3m", "ret_6m", "ret_12m", "high52w_dist", "low52w_dist", "day_of_week", "month", "is_options_expiry", "btc_ret_1d", "gold_ret_1d", "corr_spy_20d", "vwap_dist"]}