{"center": [0.009243854833558943, 0.0229891480932053, 1.0, 58.299715327623225, 0.29584672611183294, 0.280751409119811, 0.002905078121039517, 0.05379304888572434, 0.6897345446009476, 0.46394390342954495, -0.00023290558131516814, 0.0024413518681767332, 0.007564515161323375, 0.9622430741733691, 0.9865895713887525, 0.0007044991031190939, 17.610000610351562, -0.0046113733261696765, 1.0, 0.0, 0.023622117125566167, 0.04675982354358732, 0.05447321725708565, 0.0552546809094423, -0.01921257627049408, 0.18349642833916915, 2.0, 6.0, 0.0, -0.00151319093281288, 0.0017841598670260694, 0.7980272611983829, 0.009351573006045557], "scale": [0.02150346333626891, 0.03535790853665285, 1.0, 19.40689041734837, 0.4223262219413684, 0.3401432001707956, 0.13833247740617272, 0.028704183866543866, 0.4149999432009384, 0.15081838978498802, 0.010134642602608657, 0.022429833006885835, 0.0026975316470427696, 0.4208967526351103, 0.5254422482753781, 0.00903147668766302, 4.229999542236328, 0.08062383912880033, 1.0, 1.0, 0.04682573439528448, 0.06912499638650615, 0.13168383534594286, 0.1523092393219021, 0.03961308531328422, 0.20600820266907632, 2.0, 7.0, 1.0, 0.025681580352953648, 0.015031589452345173, 0.15819581915627057, 0.022265355600210642], "features": ["SMA20_dist", "SMA50_dist", "sma_cross", "RSI14", "MACD", "MACD_sig", "MACD_hist", "BB_width", "BB_pos", "ATR14", "ret_1d", "ret_5d", "vol_10d", "vol_ratio", "obv_trend", "spy_ret_1d", "vix_level", "vix_change", "vix_regime", "asset_class", "ret_1m", "ret_3m", "ret_6m", "ret_12m", "high52w_dist", "low52w_dist", "day_of_week", "month", "is_options_expiry", "btc_ret_1d", "gold_ret_1d", "corr_spy_20d", "vwap_dist"]}