{"center": [0.00779183217752852, 0.01874148596899811, 1.0, 53.28635454266, 0.15232877899850195, 0.16012104220131393, 0.004693471795584325, 0.13815330515202634, 0.563423873325987, 0.8257437721053458, 0.0003740676854160352, 0.004188918393074115, 0.019538539857785434, 0.9592067291559473, 1.0344172030374188, 0.001093715365680037, 17.479999542236328, -0.005579556721748813, 1.0, 0.0, 0.028896850508799865, 0.047728075181473484, 0.0, 0.0, -0.20126882468126772, 0.15394281565214174, 2.0, 6.0, 0.0, -0.0003342625487465778, 0.0017481999132260562, 0.29321432920328505, 0.00818341019847982], "scale": [0.06613008083480568, 0.12108218278289581, 1.0, 22.938290510356893, 0.9242030496980469, 0.9355293561842681, 0.2869345286094056, 0.07082008851387166, 0.47149333701128815, 0.41408084098467257, 0.026476643413233747, 0.07148252636603603, 0.007886597097029855, 0.4873401779197283, 0.4679907940299861, 0.00936594941616209, 4.319999694824219, 0.07578261189372193, 1.0, 1.0, 0.12588633757099243, 0.28874953098035716, 0.5697719940149424, 0.16007193899362737, 0.24089519553734556, 0.6398440576740431, 2.0, 7.0, 1.0, 0.026972030398065283, 0.015612543066049756, 0.41992723464378584, 0.06997341786757297], "features": ["SMA20_dist", "SMA50_dist", "sma_cross", "RSI14", "MACD", "MACD_sig", "MACD_hist", "BB_width", "BB_pos", "ATR14", "ret_1d", "ret_5d", "vol_10d", "vol_ratio", "obv_trend", "spy_ret_1d", "vix_level", "vix_change", "vix_regime", "asset_class", "ret_1m", "ret_3m", "ret_6m", "ret_12m", "high52w_dist", "low52w_dist", "day_of_week", "month", "is_options_expiry", "btc_ret_1d", "gold_ret_1d", "corr_spy_20d", "vwap_dist"]}