{"center": [0.005806060640070637, 0.015095806525155235, 1.0, 54.16266080070902, 0.4423251405025681, 0.4789984989833303, -0.022046204216799814, 0.07192898317409456, 0.5965080532834336, 1.0185338361020757, 0.0006924437207429524, 0.0015055566308240786, 0.010174222135272613, 0.7002711901425114, 1.0324372927587355, 0.0008305517199299617, 17.515000343322754, -0.005254864671583648, 1.0, 0.0, 0.012187884306515184, 0.03639762327063334, 0.08281007549827968, 0.032871565917926504, -0.05492437123109838, 0.25146731305568065, 2.0, 6.0, 0.0, -0.0007289987863565162, 0.001865606425999089, 0.6177298105986169, 0.007419157044649877], "scale": [0.03626962340926598, 0.04765962729166737, 1.0, 22.693601801032443, 1.2451417310727777, 1.0626926480956287, 0.46571397288238386, 0.044845630983617636, 0.5330268087316312, 0.7352603982305228, 0.01288105244223095, 0.033385445166700195, 0.0056708014189658556, 0.743244297198637, 0.23236405103615876, 0.009493667397345362, 4.179999351501465, 0.07837585487718085, 1.0, 1.0, 0.07453499729918023, 0.07428850870761461, 0.16057259901337867, 0.2666452217757939, 0.06963524580450592, 0.2517430022364531, 2.0, 7.0, 1.0, 0.02729194674250332, 0.015741532278883252, 0.24574389770820837, 0.03705321250910667], "features": ["SMA20_dist", "SMA50_dist", "sma_cross", "RSI14", "MACD", "MACD_sig", "MACD_hist", "BB_width", "BB_pos", "ATR14", "ret_1d", "ret_5d", "vol_10d", "vol_ratio", "obv_trend", "spy_ret_1d", "vix_level", "vix_change", "vix_regime", "asset_class", "ret_1m", "ret_3m", "ret_6m", "ret_12m", "high52w_dist", "low52w_dist", "day_of_week", "month", "is_options_expiry", "btc_ret_1d", "gold_ret_1d", "corr_spy_20d", "vwap_dist"]}