{"center": [0.008782357035195098, 0.010886849598936368, 1.0, 53.88999809243393, 0.09496816783583117, 0.07290641910520593, 0.025065408974652773, 0.23495897764736728, 0.542051982645024, 0.7902143001556396, 0.0, 0.015444067030443986, 0.036720528239601466, 0.8970624477828104, 1.0084175642089055, 0.0004925841002234588, 17.440000534057617, -0.007301804534139311, 1.0, 0.0, 0.009240736332530863, 0.027849863830259558, 0.08515980000766965, 0.0, -0.23690204005200385, 0.9890254612614406, 2.0, 6.0, 0.0, -0.0008240985185906102, 0.001674234105256911, 0.21580992741356275, 0.0025247556530512234], "scale": [0.1263578984277795, 0.18278996766444314, 1.0, 23.11391646143754, 0.7692487530270666, 0.6890375398425446, 0.2835518458731741, 0.17418632573763573, 0.5306182830657746, 0.27351774488176617, 0.05054850797468091, 0.12241679578992945, 0.021153505389926913, 0.5759915133965138, 0.11356308103009327, 0.009177844239639715, 3.812499523162842, 0.08391742424100929, 1.0, 1.0, 0.20907563176491034, 0.4218104197317013, 0.5227729770332912, 0.651998873123143, 0.1937167779914272, 1.320124597348315, 2.0, 7.0, 1.0, 0.02741221720204845, 0.013989800319081397, 0.3724889969746853, 0.12095434026036711], "features": ["SMA20_dist", "SMA50_dist", "sma_cross", "RSI14", "MACD", "MACD_sig", "MACD_hist", "BB_width", "BB_pos", "ATR14", "ret_1d", "ret_5d", "vol_10d", "vol_ratio", "obv_trend", "spy_ret_1d", "vix_level", "vix_change", "vix_regime", "asset_class", "ret_1m", "ret_3m", "ret_6m", "ret_12m", "high52w_dist", "low52w_dist", "day_of_week", "month", "is_options_expiry", "btc_ret_1d", "gold_ret_1d", "corr_spy_20d", "vwap_dist"]}