{"center": [-0.0018932455562512022, -0.008417764058226328, 0.0, 49.37608899241408, -0.516222179268425, -0.4758125171101679, 0.06471862752953061, 0.07306567920573721, 0.47426116323306694, 2.4109144054164204, 0.0005512288659150766, -0.0014154048160882615, 0.01061825825915542, 0.9407323930214835, 1.0258218172300084, 0.0011517326256851312, 17.440000534057617, -0.006626930447881874, 1.0, 0.0, -0.007367547122829166, -0.015033281324583259, -0.021278208633336626, -0.0259112707278365, -0.09718072790345443, 0.0525570176188728, 2.0, 6.0, 0.0, 0.0003224981011604733, 0.0014259144001700363, -0.06183171965222831, -0.0012579507884123162], "scale": [0.03668303851645355, 0.04021221976160235, 1.0, 22.520455260132685, 1.9182887672889422, 1.7001587380338754, 0.8134034258398855, 0.031729513823034905, 0.5236334542738328, 0.7010916451129203, 0.013370457936569047, 0.034555306508652905, 0.004531751427959883, 0.3071628920496887, 0.2504237188986028, 0.00856967083507404, 3.8450002670288086, 0.07641408383980564, 1.0, 1.0, 0.05967220658471001, 0.057714225714696865, 0.054121504002064946, 0.08556458169715608, 0.07512989065374372, 0.043692908552766085, 2.0, 7.0, 1.0, 0.029264989373014638, 0.014018466029854626, 0.5862357516725962, 0.0378116203547865], "features": ["SMA20_dist", "SMA50_dist", "sma_cross", "RSI14", "MACD", "MACD_sig", "MACD_hist", "BB_width", "BB_pos", "ATR14", "ret_1d", "ret_5d", "vol_10d", "vol_ratio", "obv_trend", "spy_ret_1d", "vix_level", "vix_change", "vix_regime", "asset_class", "ret_1m", "ret_3m", "ret_6m", "ret_12m", "high52w_dist", "low52w_dist", "day_of_week", "month", "is_options_expiry", "btc_ret_1d", "gold_ret_1d", "corr_spy_20d", "vwap_dist"]}