{"center": [0.02544772560474269, 0.06346892521474862, 1.0, 56.91699630550205, 1.8794369602258172, 1.7853982582354329, 0.14754135179723774, 0.15566684173061182, 0.6637913462760681, 2.959798013973248, 0.004085075541688132, 0.014547845486059807, 0.02549831742361886, 0.9772463811214223, 1.0452887078230737, 0.0014361172960866142, 17.610000610351562, -0.005118433089179364, 1.0, 0.0, 0.049853004040254834, 0.1746284470938414, 0.3531903201438362, 0.2728064345361766, -0.08661169510918591, 0.6220068005550133, 2.0, 6.0, 0.0, 0.0005692244147840197, 0.002009593458897063, 0.6901390720296378, 0.028063004854486436], "scale": [0.08427683666030741, 0.1491411140889404, 1.0, 23.570481105436073, 3.8949753393822846, 3.8927691519903362, 1.06298978949017, 0.12392939846870102, 0.4473474202768064, 3.9482680671985166, 0.03240867133239367, 0.07384199360175212, 0.014937153574839407, 0.3980388617672669, 0.13966180744604717, 0.008760497644084042, 4.21250057220459, 0.07810758113418043, 1.0, 1.0, 0.17845523406117952, 0.22745750850148155, 0.5399940726715133, 1.0588901619141273, 0.15790831709683767, 1.2729082918392955, 2.0, 6.0, 1.0, 0.026980084703690815, 0.016058199581291177, 0.21233385418572415, 0.08008170461908426], "features": ["SMA20_dist", "SMA50_dist", "sma_cross", "RSI14", "MACD", "MACD_sig", "MACD_hist", "BB_width", "BB_pos", "ATR14", "ret_1d", "ret_5d", "vol_10d", "vol_ratio", "obv_trend", "spy_ret_1d", "vix_level", "vix_change", "vix_regime", "asset_class", "ret_1m", "ret_3m", "ret_6m", "ret_12m", "high52w_dist", "low52w_dist", "day_of_week", "month", "is_options_expiry", "btc_ret_1d", "gold_ret_1d", "corr_spy_20d", "vwap_dist"]}