{"center": [0.006493516664846596, 0.02257311250226153, 1.0, 53.49940924206957, 0.2833591708408463, 0.23059256200180936, -0.0212652734523191, 0.075181092306336, 0.6098001594851347, 0.7407142094203404, 0.00022664149119377974, 0.002659518219666479, 0.010842096449594402, 0.8332741855348144, 1.015153718367329, 0.0009004595313388819, 17.479999542236328, -0.004632673488730754, 1.0, 0.0, 0.014285648979488474, 0.03751801024154422, 0.03747174297226108, 0.0, -0.044498963455629086, 0.2860584570587286, 2.0, 6.0, 0.0, 0.0008014800420892421, 0.001992014086009908, 0.8325435463829457, 0.00649594711737115], "scale": [0.040507075019164486, 0.07391551531785126, 1.0, 25.141700974856292, 1.0404292186890345, 0.9257228560010476, 0.23344874731775783, 0.05006134905575443, 0.5565186979054854, 0.31153538467529884, 0.01313293836678886, 0.03461226152598251, 0.00577238150175716, 0.5590486940779981, 0.15734870337397078, 0.008776457023655815, 4.5099992752075195, 0.0831671172427243, 1.0, 1.0, 0.0789780864327313, 0.1509335732649465, 0.12001103167962868, 0.1568825713222215, 0.11696154129673529, 0.19480473487011343, 2.0, 7.0, 1.0, 0.027021843419819835, 0.015897016738469993, 0.17551286722787196, 0.04310434985081868], "features": ["SMA20_dist", "SMA50_dist", "sma_cross", "RSI14", "MACD", "MACD_sig", "MACD_hist", "BB_width", "BB_pos", "ATR14", "ret_1d", "ret_5d", "vol_10d", "vol_ratio", "obv_trend", "spy_ret_1d", "vix_level", "vix_change", "vix_regime", "asset_class", "ret_1m", "ret_3m", "ret_6m", "ret_12m", "high52w_dist", "low52w_dist", "day_of_week", "month", "is_options_expiry", "btc_ret_1d", "gold_ret_1d", "corr_spy_20d", "vwap_dist"]}