{"center": [0.00034899895199252756, 0.001242397719788244, 1.0, 50.93126403722793, 0.008090725432190027, 0.0509282955295061, -0.015289527443524298, 0.07139736021932243, 0.5058618322692303, 0.8115786137362251, 0.0018462247262291953, 0.0013531037647978028, 0.012205854906274682, 0.911327414696759, 1.0241415396847064, 0.001093923806363195, 17.520000457763672, -0.004632673488730754, 1.0, 0.0, -0.0003497328242236808, 0.0, 0.0, 0.0, -0.05040764594857063, 0.15753111098032319, 2.0, 6.0, 0.0, -0.0003109860024155253, 0.0009103412637567754, 0.6807997309280969, 0.001963382399827869], "scale": [0.03704534056091084, 0.05921226532078135, 1.0, 19.876209082302594, 0.7103582054586397, 0.6572789923075806, 0.25541979430260237, 0.05066819279127896, 0.48792698921459116, 0.33883467501828957, 0.017037841546024224, 0.036753655080038194, 0.006121971683225572, 0.5740352007593729, 0.15561795056749306, 0.009414477420051692, 3.90000057220459, 0.08122743064315041, 1.0, 1.0, 0.06488595421665022, 0.10221891608431566, 0.09790956326040001, 0.02302861703019443, 0.07103888250273269, 0.07789584999325429, 2.0, 7.0, 1.0, 0.027589673606990994, 0.015898726014159648, 0.26874153187160654, 0.03506029733810092], "features": ["SMA20_dist", "SMA50_dist", "sma_cross", "RSI14", "MACD", "MACD_sig", "MACD_hist", "BB_width", "BB_pos", "ATR14", "ret_1d", "ret_5d", "vol_10d", "vol_ratio", "obv_trend", "spy_ret_1d", "vix_level", "vix_change", "vix_regime", "asset_class", "ret_1m", "ret_3m", "ret_6m", "ret_12m", "high52w_dist", "low52w_dist", "day_of_week", "month", "is_options_expiry", "btc_ret_1d", "gold_ret_1d", "corr_spy_20d", "vwap_dist"]}