{"center": [0.018154198502754217, 0.050578349523074564, 1.0, 54.12095324431061, 0.35691141704145757, 0.3458595602452663, -0.035894367637736145, 0.2042915806623979, 0.602897944968664, 1.0986880715881817, 0.0012238691121538858, 0.012802628533542526, 0.028675197776279082, 0.9231542435052214, 1.039552184717607, 0.0009686733401450542, 17.4399995803833, -0.008008568742242539, 1.0, 0.0, 0.043177577758831465, 0.12375336527916447, 0.3079172019150199, 0.3576238765687162, -0.08420722773611505, 0.6233442252336325, 2.0, 6.0, 0.0, -0.0007965467490635425, 0.001865606425999089, 0.3018040201271175, 0.01773298245834786], "scale": [0.09350730019968437, 0.1372884476952494, 1.0, 22.698458073499154, 1.183642342635463, 1.1027526669693002, 0.3929812847467164, 0.12477673907326806, 0.4821988391013564, 1.3443120374454094, 0.037054156167877994, 0.07718237405679818, 0.013561200526361665, 0.4540021693741505, 0.2477141418220139, 0.008888428863363301, 4.009999752044678, 0.07809960129183924, 1.0, 1.0, 0.15499958695461494, 0.26309308637530493, 0.5088169296137037, 0.9826514045169488, 0.12338361499452201, 0.9205162119716508, 2.0, 7.0, 1.0, 0.027697173719614, 0.015048271280458853, 0.4712103060312194, 0.08913001486895993], "features": ["SMA20_dist", "SMA50_dist", "sma_cross", "RSI14", "MACD", "MACD_sig", "MACD_hist", "BB_width", "BB_pos", "ATR14", "ret_1d", "ret_5d", "vol_10d", "vol_ratio", "obv_trend", "spy_ret_1d", "vix_level", "vix_change", "vix_regime", "asset_class", "ret_1m", "ret_3m", "ret_6m", "ret_12m", "high52w_dist", "low52w_dist", "day_of_week", "month", "is_options_expiry", "btc_ret_1d", "gold_ret_1d", "corr_spy_20d", "vwap_dist"]}