{"center": [0.006343903779324242, 0.016456726006521885, 1.0, 52.398236607521824, 0.3388528404905031, 0.35073590784360126, -0.0024412734484790533, 0.0829347084713016, 0.5809978041707866, 1.2223985108503888, 0.002248868820947214, 0.0048473279640458555, 0.01247008738957253, 0.0013255791657679206, 17.494999885559082, -0.007885968150674327, 1.0], "scale": [0.04128365130742232, 0.06794926130925864, 1.0, 21.62766685015839, 1.3249180367350188, 1.2340675399120289, 0.39879555381309256, 0.05461763667623418, 0.5040510948328218, 0.45427246391536413, 0.016809772293749053, 0.039922927254282814, 0.006546936023252726, 0.009106339528316715, 4.375000953674316, 0.08118713643540876, 1.0], "features": ["SMA20_dist", "SMA50_dist", "sma_cross", "RSI14", "MACD", "MACD_sig", "MACD_hist", "BB_width", "BB_pos", "ATR14", "ret_1d", "ret_5d", "vol_10d", "spy_ret_1d", "vix_level", "vix_change", "vix_regime"]}