{"center": [0.014308842512095422, 0.07909817221812807, 1.0, 53.74732243944965, 1.1101958944422385, 1.2847113964111223, 0.09142761494567053, 0.25108760557599247, 0.5707398636175429, 3.711071014404297, 0.000970417213606245, 0.010650871561354358, 0.03881269929128863, 0.8541586196041222, 1.0181257314692806, 0.00156056250784542, 17.38499927520752, -0.007287674739285488, 1.0, 0.0, 0.046449754594439674, 0.1297667022136011, 0.044729582702725645, 0.0, -0.20762470070394884, 1.0657130609172496, 2.0, 6.0, 0.0, -0.0003300754485222601, 0.0015508527855015997, 0.5473464084566626, 0.012163020407552481], "scale": [0.1482813359797131, 0.26272878014261464, 1.0, 24.14280784233283, 4.512576223802146, 4.042267513679187, 1.2081215536054455, 0.19125539266438854, 0.5207504412298285, 1.2698941230773926, 0.05522581162750767, 0.11870232755395968, 0.017169733448989172, 0.4243016921044067, 0.24735251794610502, 0.008954360590011756, 3.72499942779541, 0.08053624292571049, 1.0, 1.0, 0.29526089733555266, 0.6466416744543403, 0.3645787877818484, 0.37530065366927434, 0.2071512052175737, 0.8060009485329181, 2.0, 7.0, 1.0, 0.026504485757869706, 0.014450250083180516, 0.3668797163471264, 0.1385174270184677], "features": ["SMA20_dist", "SMA50_dist", "sma_cross", "RSI14", "MACD", "MACD_sig", "MACD_hist", "BB_width", "BB_pos", "ATR14", "ret_1d", "ret_5d", "vol_10d", "vol_ratio", "obv_trend", "spy_ret_1d", "vix_level", "vix_change", "vix_regime", "asset_class", "ret_1m", "ret_3m", "ret_6m", "ret_12m", "high52w_dist", "low52w_dist", "day_of_week", "month", "is_options_expiry", "btc_ret_1d", "gold_ret_1d", "corr_spy_20d", "vwap_dist"]}