{"center": [0.019785506272216327, 0.03773388487024094, 1.0, 56.510173731771225, 8.841735025253456, 9.14001923377539, 0.837437472524563, 0.1403798756901107, 0.6498334636219177, 25.076624849619936, 0.0027562227055419886, 0.008468054011500081, 0.02392119417660206, 0.9422698220763517, 0.9681878403112292, 0.0014456352254532678, 17.479999542236328, -0.006626930447881874, 1.0, 0.0, 0.04699743753214203, 0.08823805482177072, 0.1363661130567433, 0.0, -0.17854455824193718, 0.339695463058513, 2.0, 6.0, 0.0, 0.00018283765004545316, 0.001677776649860796, 0.668470497421275, 0.02265960926341247], "scale": [0.06287409437357044, 0.13430041880358898, 1.0, 21.23800988879816, 39.1868416821207, 35.33928110406108, 9.63229748918253, 0.09793358928551144, 0.42313222121608696, 28.50051751388525, 0.03149112351548933, 0.0653025798400812, 0.012143573077354388, 0.4666378270443028, 0.2762219070304791, 0.00909435215316301, 4.210000038146973, 0.08358927389946269, 1.0, 1.0, 0.12573900017694173, 0.26408567430710356, 0.49874522592410986, 0.844348232021893, 0.2914970569325309, 1.043183091102584, 2.0, 6.5, 1.0, 0.02641705693740215, 0.014772146204450998, 0.27088543096761863, 0.0661462213303547], "features": ["SMA20_dist", "SMA50_dist", "sma_cross", "RSI14", "MACD", "MACD_sig", "MACD_hist", "BB_width", "BB_pos", "ATR14", "ret_1d", "ret_5d", "vol_10d", "vol_ratio", "obv_trend", "spy_ret_1d", "vix_level", "vix_change", "vix_regime", "asset_class", "ret_1m", "ret_3m", "ret_6m", "ret_12m", "high52w_dist", "low52w_dist", "day_of_week", "month", "is_options_expiry", "btc_ret_1d", "gold_ret_1d", "corr_spy_20d", "vwap_dist"]}