{"center": [0.0023345121241850147, -0.0010459498234625505, 0.0, 52.32775869050817, 0.025616615756177907, -0.0013607917024040551, 0.04434907788318696, 0.12530406891241846, 0.5231060069472374, 1.2365708801082747, -0.00033997727578594095, 0.004175697661283895, 0.018627151780771803, 0.8759578426166554, 0.9977641781792971, 0.0013579397972762752, 17.260000228881836, -0.005025144893802347, 1.0, 0.0, 0.00672837309488461, -0.015865457154640272, 0.0, 0.0, -0.20041787467120187, 0.19355357412764126, 2.0, 6.0, 0.0, -0.0018977187896134229, 0.0019715725978484144, 0.11498197819466006, 0.0033026712014912357], "scale": [0.061352295476939225, 0.08125631566615518, 1.0, 22.870851693374846, 1.1177425701991197, 0.9962632027272639, 0.39140480373180275, 0.059019078440528464, 0.5292486344762961, 0.4009325792671474, 0.023628390762721274, 0.06424945072715338, 0.00788283933928302, 0.4126875937960097, 0.3460874659055154, 0.008897792465710208, 3.9600000381469727, 0.07598845920163477, 1.0, 1.0, 0.11956807892560428, 0.19280305028611044, 0.16833560099225553, 0.13180803447363454, 0.09238756849289681, 0.21263025323647194, 2.0, 7.0, 1.0, 0.030865657118511858, 0.015047761157037765, 0.5104332809787245, 0.0656325970143635], "features": ["SMA20_dist", "SMA50_dist", "sma_cross", "RSI14", "MACD", "MACD_sig", "MACD_hist", "BB_width", "BB_pos", "ATR14", "ret_1d", "ret_5d", "vol_10d", "vol_ratio", "obv_trend", "spy_ret_1d", "vix_level", "vix_change", "vix_regime", "asset_class", "ret_1m", "ret_3m", "ret_6m", "ret_12m", "high52w_dist", "low52w_dist", "day_of_week", "month", "is_options_expiry", "btc_ret_1d", "gold_ret_1d", "corr_spy_20d", "vwap_dist"]}