{"center": [0.010236269172689305, 0.007410893069661039, 1.0, 51.94805480759086, 0.06433984433810025, 0.020081326754886247, 0.07401504477647736, 0.21045317392866328, 0.5525544667015169, 2.462142671857561, 0.0009270124773983479, 0.013079386665331594, 0.026972302881628243, 0.9019028313607533, 1.033381747002661, 0.000984565078659072, 17.399999618530273, -0.010067088749702191, 1.0, 0.0, 0.012192496615940795, 0.009600271453374276, 0.0, 0.0, -0.19415032613744218, 0.32083334307265454, 2.0, 6.0, 0.0, -0.00032588834829794244, 0.0010471549570203464, 0.3216260783730922, 0.01054757180840026], "scale": [0.10886961776409564, 0.15656073704202042, 1.0, 27.500499964065185, 2.401554404072108, 2.080866096803622, 0.8167707142613568, 0.11728847099969636, 0.5417291194603411, 0.7266785757882257, 0.034200431777604845, 0.09256223084040316, 0.010261898044211726, 0.41696129721863096, 0.34707872319621247, 0.008843936405854014, 4.034999847412109, 0.0791696681048728, 1.0, 1.0, 0.19258503779212494, 0.3150851457625623, 0.20005677686031692, 0.15448153560333167, 0.14433107923200034, 0.3383816569223447, 2.0, 7.0, 1.0, 0.02573650464357302, 0.01617169224637094, 0.2818153545634859, 0.10848406224124205], "features": ["SMA20_dist", "SMA50_dist", "sma_cross", "RSI14", "MACD", "MACD_sig", "MACD_hist", "BB_width", "BB_pos", "ATR14", "ret_1d", "ret_5d", "vol_10d", "vol_ratio", "obv_trend", "spy_ret_1d", "vix_level", "vix_change", "vix_regime", "asset_class", "ret_1m", "ret_3m", "ret_6m", "ret_12m", "high52w_dist", "low52w_dist", "day_of_week", "month", "is_options_expiry", "btc_ret_1d", "gold_ret_1d", "corr_spy_20d", "vwap_dist"]}