{"center": [0.005416525686994522, 0.009174110934237303, 1.0, 53.39805775583128, 0.4514708864413137, 0.3813228828479798, 0.023677659861437772, 0.06026972747371908, 0.5868977934188597, 1.7855875299233628, 0.00022959004428457774, 0.0026461162626083556, 0.009632928572841988, 0.8362440928703514, 0.9919379373288714, 0.001093923920310047, 17.510000228881836, -0.006626930447881874, 1.0, 0.0, 0.01068892186721837, 0.009708530067570775, 0.011230520713328085, 0.0, -0.03523441124023516, 0.11965716014062705, 2.0, 6.0, 0.0, -0.0003109860024155253, 0.0005168326664386491, 0.3382347001937426, 0.005785534278956147], "scale": [0.030772012598975048, 0.04090967977256242, 1.0, 21.97416577745085, 1.4649954096728806, 1.1939560060365528, 0.6072813403330322, 0.035574478773033644, 0.5139186646293055, 0.3713654623671965, 0.013757463115824986, 0.027835644118611114, 0.004022059767209912, 0.63399686624302, 0.29489795108618977, 0.009461030294894313, 3.9800004959106445, 0.08422477906039094, 1.0, 1.0, 0.05311559796343562, 0.056485607854055264, 0.04733573019815862, 0.0495348884168324, 0.04019889015374904, 0.05881835003312583, 2.0, 7.0, 1.0, 0.02785428114161137, 0.014573834941986274, 0.487797166641453, 0.031483920316018335], "features": ["SMA20_dist", "SMA50_dist", "sma_cross", "RSI14", "MACD", "MACD_sig", "MACD_hist", "BB_width", "BB_pos", "ATR14", "ret_1d", "ret_5d", "vol_10d", "vol_ratio", "obv_trend", "spy_ret_1d", "vix_level", "vix_change", "vix_regime", "asset_class", "ret_1m", "ret_3m", "ret_6m", "ret_12m", "high52w_dist", "low52w_dist", "day_of_week", "month", "is_options_expiry", "btc_ret_1d", "gold_ret_1d", "corr_spy_20d", "vwap_dist"]}