{"center": [0.003689333802876975, -0.001569309897947757, 0.0, 51.32845682448938, -0.12147472090861555, -0.26496155537772137, 0.02105329857301351, 0.12222319683604316, 0.5365275699729777, 1.9848271848652392, 0.0003697468934759085, 0.0023913746528619884, 0.017648453696287578, 0.891262213682189, 1.0086818104264268, 0.0008308332860781364, 17.625, -0.007992262749644596, 1.0, 0.0, 0.00437325115205589, -0.017044506848615137, 0.00379531743102679, 0.0, -0.1263742412409094, 0.27285577990603743, 2.0, 6.0, 0.0, -0.0015742310644737412, 0.0014761238845504288, 0.18389025924978325, 0.0035425024784889944], "scale": [0.07088576131157959, 0.10574183711883267, 1.0, 30.12692210068606, 2.269112662595276, 2.063225950902493, 0.7977889124342488, 0.09249934445009622, 0.5781957022142121, 0.4425385415117251, 0.02187062039151605, 0.05728666676505664, 0.008843489498722754, 0.5021688001192312, 0.3175931481198827, 0.00910938348839091, 4.1474995613098145, 0.08381474300897013, 1.0, 1.0, 0.13199589131135722, 0.18357573905776164, 0.16082707855144743, 0.14949915929891233, 0.10209011089447889, 0.2663761853016558, 2.0, 6.25, 1.0, 0.02741942806617051, 0.016473510580405804, 0.34455899197149165, 0.0711436983914972], "features": ["SMA20_dist", "SMA50_dist", "sma_cross", "RSI14", "MACD", "MACD_sig", "MACD_hist", "BB_width", "BB_pos", "ATR14", "ret_1d", "ret_5d", "vol_10d", "vol_ratio", "obv_trend", "spy_ret_1d", "vix_level", "vix_change", "vix_regime", "asset_class", "ret_1m", "ret_3m", "ret_6m", "ret_12m", "high52w_dist", "low52w_dist", "day_of_week", "month", "is_options_expiry", "btc_ret_1d", "gold_ret_1d", "corr_spy_20d", "vwap_dist"]}