{"center": [-0.017511052435775276, -0.04142563118002951, 0.0, 41.88662937914359, -4.191628991922812, -3.962885442867698, -0.01219185057581158, 0.12358912922484265, 0.351896980478073, 9.557137625558036, -0.00012392301119867888, -0.010012583748059356, 0.01756701036603026, 0.9700553929660047, 1.032767063463825, 0.0014768156945352828, 17.510000228881836, -0.007843129677328364, 1.0, 0.0, -0.027582441057477647, -0.10252314570427667, -0.19255219778373622, -0.2928101191977923, -0.3621057635812765, 0.05724563600454146, 2.0, 6.0, 0.0, 0.00198211052629782, 0.0020187288833615202, 0.34419536818254837, -0.015679729330102497], "scale": [0.07037471199405447, 0.08529566220416156, 1.0, 25.08702723593285, 10.015949229502581, 8.88743855713514, 3.458723402327939, 0.07004548891415502, 0.5307552526097642, 2.230712890625, 0.020348259589314188, 0.06081295739295156, 0.009650580436308774, 0.4501258373920535, 0.23688775756731395, 0.008826251881210667, 4.010000228881836, 0.08449877953774887, 1.0, 1.0, 0.11726598778849762, 0.09578386785318027, 0.15780958263637368, 0.35804802919728507, 0.1530538996538648, 0.07967701353861276, 2.0, 7.0, 1.0, 0.02784805215220365, 0.014963455992589969, 0.35619415907202223, 0.06768416933947402], "features": ["SMA20_dist", "SMA50_dist", "sma_cross", "RSI14", "MACD", "MACD_sig", "MACD_hist", "BB_width", "BB_pos", "ATR14", "ret_1d", "ret_5d", "vol_10d", "vol_ratio", "obv_trend", "spy_ret_1d", "vix_level", "vix_change", "vix_regime", "asset_class", "ret_1m", "ret_3m", "ret_6m", "ret_12m", "high52w_dist", "low52w_dist", "day_of_week", "month", "is_options_expiry", "btc_ret_1d", "gold_ret_1d", "corr_spy_20d", "vwap_dist"]}