{"center": [0.019022186311228068, 0.04374660511570479, 1.0, 54.11013348815879, 1.699104716719475, 1.4429200425903639, 0.03793452224347782, 0.16941752844444072, 0.6388821421654555, 4.034906838801344, 0.0013780267497209842, 0.008715428683147453, 0.022855854981787403, 0.9119666950817589, 1.0333146268327382, 0.0006324417623991829, 17.394999504089355, -0.0067012664712571834, 1.0, 0.0, 0.05044543212129626, 0.15535398786475396, 0.3562832836158254, 0.41071383572480646, -0.047853342329309004, 0.7026662986927067, 2.0, 6.0, 0.0, -0.0017258746687544568, 0.00195494092813997, 0.33072596558340717, 0.02044740724993426], "scale": [0.07968161222574288, 0.11429466665066895, 1.0, 26.14887992443319, 3.9850811529602552, 3.274841861214244, 1.1517852498030612, 0.08533658972337255, 0.4817749582725655, 4.054036813371108, 0.028468497074505827, 0.07341166370848703, 0.01057636312576592, 0.4511136006813352, 0.14774022826466815, 0.008944096457054795, 3.8299994468688965, 0.07432360686133022, 1.0, 1.0, 0.14832733324710853, 0.21125217766583948, 0.3907631874924097, 0.9883505721990491, 0.11139605441770242, 0.76967609192184, 2.0, 7.0, 1.0, 0.026521768760987524, 0.016366134541093147, 0.5778247751883258, 0.07957299350486922], "features": ["SMA20_dist", "SMA50_dist", "sma_cross", "RSI14", "MACD", "MACD_sig", "MACD_hist", "BB_width", "BB_pos", "ATR14", "ret_1d", "ret_5d", "vol_10d", "vol_ratio", "obv_trend", "spy_ret_1d", "vix_level", "vix_change", "vix_regime", "asset_class", "ret_1m", "ret_3m", "ret_6m", "ret_12m", "high52w_dist", "low52w_dist", "day_of_week", "month", "is_options_expiry", "btc_ret_1d", "gold_ret_1d", "corr_spy_20d", "vwap_dist"]}