{"center": [0.001752569675493892, 0.0035440990760442262, 1.0, 69.59279553175307, 0.10742813732038314, 0.10524960458803087, -0.0011075019639795874, 0.005871225551538966, 0.7982244089875159, 0.10799586063021849, 0.00018761725160221232, 0.0008501109573738619, 0.0005606336647470604, 0.8762123618606038, 1.0554617569527844, 0.0009428952347605435, 17.239999771118164, -0.005700987146387504, 1.0, 0.0, 0.003877157834890954, 0.007111429698001492, 0.014519952513328938, 0.03188213547424357, -0.0012323623613886203, 0.035626620341407886, 2.0, 6.0, 0.0, -0.0017258746687544568, 0.0017705517533963544, 0.048716380638060726, 0.0016919927245340684], "scale": [0.0026194717818941657, 0.005587173465156838, 1.0, 31.23762158013559, 0.16088892554516931, 0.16117022361635785, 0.03173325346380505, 0.0024921787481461694, 0.4570230715915485, 0.03801272255464966, 0.0007543534842715527, 0.001791024589182233, 0.00035215750856265913, 0.3572732816283166, 0.1162574164634741, 0.008742077143223503, 3.8674988746643066, 0.07939795107299141, 1.0, 1.0, 0.0058071444070306455, 0.010659869208910155, 0.010036987600191616, 0.03634374303817445, 0.003554655539308821, 0.012007873072574206, 2.0, 6.75, 1.0, 0.027492123741381852, 0.015750514105800972, 0.45010375621350174, 0.002838816060091714], "features": ["SMA20_dist", "SMA50_dist", "sma_cross", "RSI14", "MACD", "MACD_sig", "MACD_hist", "BB_width", "BB_pos", "ATR14", "ret_1d", "ret_5d", "vol_10d", "vol_ratio", "obv_trend", "spy_ret_1d", "vix_level", "vix_change", "vix_regime", "asset_class", "ret_1m", "ret_3m", "ret_6m", "ret_12m", "high52w_dist", "low52w_dist", "day_of_week", "month", "is_options_expiry", "btc_ret_1d", "gold_ret_1d", "corr_spy_20d", "vwap_dist"]}