{"center": [0.011353837236556943, 0.026228640487513173, 1.0, 56.37069967497175, 0.1871498243214873, 0.19627915435417514, 0.0019053614436291555, 0.05626805676851815, 0.6820282688236002, 0.25951658024059554, 0.0012999006949596659, 0.005716315475842171, 0.008063906727777492, 0.8555382285804687, 1.0377966636340201, 0.0014268092873082061, 17.440000534057617, -0.007843129677328364, 1.0, 0.0, 0.023437435996356504, 0.05811760306353264, 0.10062991962828405, 0.20147337639257112, -0.015847084312232973, 0.391819444435091, 2.0, 6.0, 0.0, 0.0008014800420892421, 0.0019763991077348386, 0.6099210847710576, 0.01187143828420623], "scale": [0.028637651863891604, 0.039942226554783786, 1.0, 26.48158510972479, 0.2725224067880365, 0.22015830339344067, 0.10155426813972399, 0.033036637199315114, 0.4548674159580097, 0.11402075739312983, 0.009303754108341555, 0.026840260535121674, 0.004127730170588883, 0.618584028870975, 0.08904602934040484, 0.009474212614953015, 4.285000801086426, 0.08223175344738237, 1.0, 1.0, 0.05177664770916224, 0.08412056647607513, 0.14545855950087616, 0.344051267738671, 0.031310590069558136, 0.22574315358265368, 2.0, 7.0, 1.0, 0.02774008396866645, 0.015140040303488533, 0.25267686014850405, 0.029167406863419943], "features": ["SMA20_dist", "SMA50_dist", "sma_cross", "RSI14", "MACD", "MACD_sig", "MACD_hist", "BB_width", "BB_pos", "ATR14", "ret_1d", "ret_5d", "vol_10d", "vol_ratio", "obv_trend", "spy_ret_1d", "vix_level", "vix_change", "vix_regime", "asset_class", "ret_1m", "ret_3m", "ret_6m", "ret_12m", "high52w_dist", "low52w_dist", "day_of_week", "month", "is_options_expiry", "btc_ret_1d", "gold_ret_1d", "corr_spy_20d", "vwap_dist"]}