{"center": [0.009416408322032676, 0.02691558902852069, 1.0, 54.26205013429974, 1.522230650172645, 1.5110026446685407, -0.0693366546021934, 0.07085197575990294, 0.6436601797203376, 3.0854947153415617, 0.00014927382830121072, 0.002830569113718484, 0.010575776221612678, 0.9001685515925364, 1.0420509623387408, 0.0006603605983214189, 17.460000038146973, -0.005118433089179364, 1.0, 0.0, 0.023328474584849657, 0.048625253329904194, 0.05758340232536796, 0.07181033143654236, -0.028045176212714892, 0.2923235080109775, 2.0, 6.0, 0.0, -0.0003300754485222601, 0.0015508527855015997, 0.8812564601391673, 0.008537994285855794], "scale": [0.03000637546806437, 0.050261896465302124, 1.0, 19.838366935253184, 2.8199950417329873, 2.711718048260246, 0.7309022003665657, 0.047362313697629645, 0.41313038509026995, 1.247950222435278, 0.013308648927249006, 0.029463309119524522, 0.00584153943884572, 0.5418011787379646, 0.2016972027802466, 0.009440941857571244, 3.885000705718994, 0.0790151010274957, 1.0, 1.0, 0.06351556144589154, 0.09898729357804192, 0.12867655136336847, 0.1753578593959343, 0.05583257601467771, 0.20306635956274585, 2.0, 7.0, 1.0, 0.026665936815676833, 0.015232456186946963, 0.09401098084112358, 0.02853027678497213], "features": ["SMA20_dist", "SMA50_dist", "sma_cross", "RSI14", "MACD", "MACD_sig", "MACD_hist", "BB_width", "BB_pos", "ATR14", "ret_1d", "ret_5d", "vol_10d", "vol_ratio", "obv_trend", "spy_ret_1d", "vix_level", "vix_change", "vix_regime", "asset_class", "ret_1m", "ret_3m", "ret_6m", "ret_12m", "high52w_dist", "low52w_dist", "day_of_week", "month", "is_options_expiry", "btc_ret_1d", "gold_ret_1d", "corr_spy_20d", "vwap_dist"]}