{"center": [0.0035046083154141572, 0.012479022694064744, 1.0, 52.77778554854631, 2.6906509083856918, 2.4442272863623518, -0.2038795533900437, 0.08921334935840035, 0.5467415758115597, 10.555210394309679, 0.0006887242609008304, 0.0011878578453503597, 0.01284159277797935, 0.9376884865662712, 1.0060256936009997, 0.0009529298360098082, 17.350000381469727, -0.006658632403358511, 1.0, 0.0, 0.014329988319675024, 0.033835485497301754, 0.08493432443717164, 0.13353799828098856, -0.07323309048958382, 0.2554088431993177, 2.0, 6.0, 0.0, 0.000799101589935125, 0.0019404068737312041, 0.06125488243369753, 0.0036076522133807833], "scale": [0.050300950001226336, 0.09731946129020466, 1.0, 24.825820558310326, 14.527616069809568, 14.205886579517557, 4.118864293402216, 0.06372055812295313, 0.5653865110654549, 5.177317963510998, 0.016740153804557012, 0.040704419799930724, 0.008290200090269926, 0.4049390371550028, 0.1882560190956748, 0.008672399550089693, 3.9100003242492676, 0.08086806468468044, 1.0, 1.0, 0.09352033366544465, 0.23526712289879487, 0.1897867691155728, 0.21288379390758283, 0.09748536598780407, 0.21600084657512153, 2.0, 7.0, 1.0, 0.02659570085565721, 0.014287616551434401, 0.46970528030965536, 0.051837307454469045], "features": ["SMA20_dist", "SMA50_dist", "sma_cross", "RSI14", "MACD", "MACD_sig", "MACD_hist", "BB_width", "BB_pos", "ATR14", "ret_1d", "ret_5d", "vol_10d", "vol_ratio", "obv_trend", "spy_ret_1d", "vix_level", "vix_change", "vix_regime", "asset_class", "ret_1m", "ret_3m", "ret_6m", "ret_12m", "high52w_dist", "low52w_dist", "day_of_week", "month", "is_options_expiry", "btc_ret_1d", "gold_ret_1d", "corr_spy_20d", "vwap_dist"]}