{"center": [0.01468461924383828, 0.03870328604513474, 1.0, 54.637870041347924, 2.1028262643903872, 2.1703765162891244, -0.06310426217446885, 0.10186694918098899, 0.6503612879412044, 5.147706301245819, 0.0, 0.004533657359526044, 0.01653536226338139, 0.935036127714186, 1.0599067680088394, 0.0005603844216792719, 17.479999542236328, -0.008114863341212808, 1.0, 0.0, 0.03261828389722354, 0.06296817951479383, 0.1060328934834438, 0.08422058134854105, -0.04470127588823759, 0.35419018262857804, 2.0, 6.0, 0.0, 0.00038358610925337544, 0.0019715725978484144, 0.39319953788750095, 0.01626356520121024], "scale": [0.04876574588725263, 0.06125576385160029, 1.0, 21.935588009002927, 3.6096248429823135, 3.3818991299902494, 1.5607343736249364, 0.07744136465845215, 0.46625841519113076, 2.8158447968685243, 0.02169528928940706, 0.04677501553552954, 0.009457294143207026, 0.3652080845514659, 0.31168467074084183, 0.008915343411644183, 4.045000076293945, 0.07515648754474202, 1.0, 1.0, 0.09530198096670373, 0.11232079952654506, 0.17989052071143785, 0.2978364802104786, 0.07353999424946352, 0.17528471410574203, 2.0, 7.0, 1.0, 0.027215233051998244, 0.014597321739418523, 0.2770877429406516, 0.049936460182383756], "features": ["SMA20_dist", "SMA50_dist", "sma_cross", "RSI14", "MACD", "MACD_sig", "MACD_hist", "BB_width", "BB_pos", "ATR14", "ret_1d", "ret_5d", "vol_10d", "vol_ratio", "obv_trend", "spy_ret_1d", "vix_level", "vix_change", "vix_regime", "asset_class", "ret_1m", "ret_3m", "ret_6m", "ret_12m", "high52w_dist", "low52w_dist", "day_of_week", "month", "is_options_expiry", "btc_ret_1d", "gold_ret_1d", "corr_spy_20d", "vwap_dist"]}