{"center": [0.013268301143925706, 0.03677567775072764, 1.0, 56.51802006172738, 1.762822559419817, 1.6659062621443628, 0.04585758174516741, 0.09483575774426913, 0.6656247126784125, 3.0838428122278185, 0.0010690495330709648, 0.005327886303442053, 0.013203025143063558, 0.9366063689751842, 0.9959753015324567, 0.001277977174232836, 17.479999542236328, -0.0067322198012426115, 1.0, 0.0, 0.02954500886056155, 0.06270629356368063, 0.058396777050636395, 0.0, -0.033945476240247005, 0.18822947188930156, 2.0, 6.0, 0.0, 0.0007548627203146641, 0.0020813110966888537, 0.45990321105100673, 0.013167446094649525], "scale": [0.04332746763422607, 0.07246102419611654, 1.0, 24.77644133630705, 3.714734743660159, 3.388039000057367, 0.9254742205445152, 0.07826343500969027, 0.4614954581038013, 1.0962274791973825, 0.01649160414727685, 0.038124657353111324, 0.006833594098246687, 0.4320279672789842, 0.3956355406024066, 0.009074642227549334, 4.324999809265137, 0.0869632053976016, 1.0, 1.0, 0.09455545023732109, 0.16561420648206282, 0.31522878847062086, 0.26668433474313114, 0.075385852355771, 0.4423406669150445, 2.0, 7.0, 1.0, 0.02637678589555803, 0.015262523048448828, 0.34432538302283994, 0.04225676667763479], "features": ["SMA20_dist", "SMA50_dist", "sma_cross", "RSI14", "MACD", "MACD_sig", "MACD_hist", "BB_width", "BB_pos", "ATR14", "ret_1d", "ret_5d", "vol_10d", "vol_ratio", "obv_trend", "spy_ret_1d", "vix_level", "vix_change", "vix_regime", "asset_class", "ret_1m", "ret_3m", "ret_6m", "ret_12m", "high52w_dist", "low52w_dist", "day_of_week", "month", "is_options_expiry", "btc_ret_1d", "gold_ret_1d", "corr_spy_20d", "vwap_dist"]}