{"center": [0.005501791146696999, 0.01481831758826585, 1.0, 52.843676423479124, 0.31697362616509395, 0.2532603597856706, 0.008276403056594439, 0.08415041275557367, 0.5734137168590534, 1.839642116001674, 0.0, 0.0016609897517182448, 0.013399965102133957, 0.930418546985432, 0.9417793277315816, 0.00043103714316305997, 17.414999961853027, -0.006606896521132111, 1.0, 0.0, 0.012538350190964498, 0.03246873208401635, 0.05286190554806047, 0.08208695977640357, -0.08884272632393721, 0.2185199453421649, 2.0, 6.0, 0.0, 0.0003404140829932345, 0.002412610600691978, 0.3728425131461252, 0.007150613558181883], "scale": [0.043606652271839894, 0.0581453103685345, 1.0, 21.037234184468467, 1.2970628066319776, 1.2032510241729775, 0.5004711720415039, 0.04693058356606426, 0.4867673624539568, 0.6069656099591934, 0.018382139846845724, 0.04124551839826107, 0.008221086092431561, 0.45350881618072414, 0.7140519579783343, 0.00893115116466589, 3.864999771118164, 0.08079970067243086, 1.0, 1.0, 0.06894091400839525, 0.09118368457044654, 0.09626980687000158, 0.1658358272152095, 0.14109789589823424, 0.0915706974923198, 2.0, 7.0, 1.0, 0.02604963803486557, 0.015582667849538295, 0.31063437030327157, 0.04254756062904098], "features": ["SMA20_dist", "SMA50_dist", "sma_cross", "RSI14", "MACD", "MACD_sig", "MACD_hist", "BB_width", "BB_pos", "ATR14", "ret_1d", "ret_5d", "vol_10d", "vol_ratio", "obv_trend", "spy_ret_1d", "vix_level", "vix_change", "vix_regime", "asset_class", "ret_1m", "ret_3m", "ret_6m", "ret_12m", "high52w_dist", "low52w_dist", "day_of_week", "month", "is_options_expiry", "btc_ret_1d", "gold_ret_1d", "corr_spy_20d", "vwap_dist"]}