{"center": [0.00876916750874914, 0.015197765457575422, 1.0, 53.850758160789155, 0.8438762812089635, 0.8660177913491705, 0.08769189826738533, 0.08415336896577273, 0.6154863614304379, 2.76490957866795, 0.0007379530412952029, 0.006340329002654466, 0.012196184313753987, 0.9283379109890403, 1.0463725529692125, 0.000731139787988333, 17.260000228881836, -0.005025144893802347, 1.0, 0.0, 0.02104411429696995, 0.023620832419931403, 0.05908529188035261, 0.00580783102182747, -0.06540330721405435, 0.17308916301695698, 2.0, 6.0, 0.0, -0.001682150134457161, 0.0014259144001700363, 0.09216416834092621, 0.008870811733840512], "scale": [0.040781177297666976, 0.0703906935920207, 1.0, 21.549026285589775, 2.4859144553209376, 2.408798286178124, 0.842029316217423, 0.05812318046687258, 0.47883782351655185, 1.0383358986234157, 0.016148184015789324, 0.0389649832192791, 0.004113022476132263, 0.37614997044362686, 0.1968622427164446, 0.008971901409024152, 4.440000534057617, 0.07583802681676688, 1.0, 1.0, 0.07473721548071899, 0.1340965239273859, 0.15771875078618192, 0.16858512060458963, 0.06630438415501673, 0.12740382437604633, 2.0, 7.0, 1.0, 0.027978058130078476, 0.015396628990925976, 0.5337796877055292, 0.040543419898901964], "features": ["SMA20_dist", "SMA50_dist", "sma_cross", "RSI14", "MACD", "MACD_sig", "MACD_hist", "BB_width", "BB_pos", "ATR14", "ret_1d", "ret_5d", "vol_10d", "vol_ratio", "obv_trend", "spy_ret_1d", "vix_level", "vix_change", "vix_regime", "asset_class", "ret_1m", "ret_3m", "ret_6m", "ret_12m", "high52w_dist", "low52w_dist", "day_of_week", "month", "is_options_expiry", "btc_ret_1d", "gold_ret_1d", "corr_spy_20d", "vwap_dist"]}