{"center": [0.011441504875806707, 0.036925591212700136, 1.0, 52.23380599448866, 0.531655054578227, 0.5692859906103156, -0.012081238816943313, 0.13869148827375516, 0.5968037782863893, 2.106678009033203, -6.010176866072525e-05, 0.008793815005440075, 0.02229858295819897, 0.9316383626600391, 1.020100459052141, 0.0006604118883939414, 17.270000457763672, -0.0045668489381236466, 1.0, 0.0, 0.02651695404466292, 0.07669043024931099, 0.061434079131862385, 0.20957694739959132, -0.1007781355880216, 0.5950186436587117, 2.0, 6.0, 0.0, -0.001789934462035292, 0.001865606425999089, 0.7967069588111422, 0.012901926645664533], "scale": [0.07070488445549183, 0.1226662002868962, 1.0, 21.42215339768427, 2.001632210799931, 1.9644980025670467, 0.6178611682862772, 0.10422372763877656, 0.4472535994955503, 0.6868231637137279, 0.029563359985724985, 0.05999527072728472, 0.011550786904531877, 0.4508992638111835, 0.19402892402508054, 0.00871501777663064, 3.667499542236328, 0.07766101377324841, 1.0, 1.0, 0.13734434854568095, 0.3258814783313083, 0.2616388159681958, 0.546631996513314, 0.14938590693830048, 0.517565481752621, 2.0, 7.0, 1.0, 0.027346834329794845, 0.014131970279536332, 0.19468374607735695, 0.0697704348841143], "features": ["SMA20_dist", "SMA50_dist", "sma_cross", "RSI14", "MACD", "MACD_sig", "MACD_hist", "BB_width", "BB_pos", "ATR14", "ret_1d", "ret_5d", "vol_10d", "vol_ratio", "obv_trend", "spy_ret_1d", "vix_level", "vix_change", "vix_regime", "asset_class", "ret_1m", "ret_3m", "ret_6m", "ret_12m", "high52w_dist", "low52w_dist", "day_of_week", "month", "is_options_expiry", "btc_ret_1d", "gold_ret_1d", "corr_spy_20d", "vwap_dist"]}