{"center": [0.019773253604935634, 0.051375906798925695, 1.0, 56.46266024961487, 2.866001967642916, 2.874899564349701, -0.09620339717278892, 0.1437442002205394, 0.6669462745539825, 6.032444414727971, 0.0016002715893226327, 0.009591316210484369, 0.02254734197212249, 0.9020588839084145, 0.993165754716979, 0.0009008441539046785, 17.420000076293945, -0.006642781425620192, 1.0, 0.0, 0.038736577030403674, 0.09474971134339771, 0.06582390874742794, 0.18045143163692134, -0.04251580100480751, 0.8514001058216472, 2.0, 6.0, 0.0, -0.00020332970930003746, 0.0010196658035974693, 0.9996052157020003, 0.02420704537843355], "scale": [0.06609693149258393, 0.11353407696104086, 1.0, 22.40428524611417, 4.650197053251119, 4.745996632747598, 1.522721548952482, 0.094415011784931, 0.46315317577847587, 3.128536546672996, 0.027316370352066688, 0.06797050642875696, 0.012748730043988375, 0.4378360921449951, 0.35904587555484757, 0.008835682938405393, 3.947499990463257, 0.07595571527117961, 1.0, 1.0, 0.12923184687295697, 0.2256736018475646, 0.27056568411147, 0.35128926789569276, 0.09752812208345032, 0.7440109205500532, 2.0, 7.0, 1.0, 0.027012418646187863, 0.014059264155563495, 0.0003743149390725842, 0.0677806755726536], "features": ["SMA20_dist", "SMA50_dist", "sma_cross", "RSI14", "MACD", "MACD_sig", "MACD_hist", "BB_width", "BB_pos", "ATR14", "ret_1d", "ret_5d", "vol_10d", "vol_ratio", "obv_trend", "spy_ret_1d", "vix_level", "vix_change", "vix_regime", "asset_class", "ret_1m", "ret_3m", "ret_6m", "ret_12m", "high52w_dist", "low52w_dist", "day_of_week", "month", "is_options_expiry", "btc_ret_1d", "gold_ret_1d", "corr_spy_20d", "vwap_dist"]}