{"center": [-0.005943842442578194, -0.010341915154641697, 0.0, 45.37824667310771, -0.050624329517258815, -0.04801832203260409, -0.00928413457324531, 0.06053695274290289, 0.38586859182101757, 0.23729641529042972, -0.0003297960402518507, -0.0031324455424639464, 0.008124450821813064, 0.7503179313268333, 1.0010531173985306, 0.0013579103629497435, 17.399999618530273, -0.006733946910202238, 1.0, 0.0, -0.0046260561818972645, -0.02630439324406675, -0.006295555899671346, 0.0, -0.08784430541868758, 0.08870968827347842, 2.0, 6.0, 0.0, -0.0008264678561502592, 0.0017929035935666526, 0.49677758198373895, -0.005595007496887533], "scale": [0.03217422789811666, 0.04637336813606456, 1.0, 26.590758373849724, 0.3402883035494, 0.31817814954834833, 0.1013632982831289, 0.03432021856466614, 0.5488726849432267, 0.07205848080769137, 0.0109906726202611, 0.027312009235431478, 0.004466531705258163, 0.5934824275843116, 0.22358255848632846, 0.008503881993508322, 4.310000419616699, 0.08005691878162091, 1.0, 1.0, 0.053808097291067114, 0.08770013936864307, 0.09183351441107251, 0.04575742588471021, 0.07113118415876342, 0.09172025125168812, 2.0, 7.0, 1.0, 0.02811812959869542, 0.014568552337474117, 0.3556518619013602, 0.03266056381804269], "features": ["SMA20_dist", "SMA50_dist", "sma_cross", "RSI14", "MACD", "MACD_sig", "MACD_hist", "BB_width", "BB_pos", "ATR14", "ret_1d", "ret_5d", "vol_10d", "vol_ratio", "obv_trend", "spy_ret_1d", "vix_level", "vix_change", "vix_regime", "asset_class", "ret_1m", "ret_3m", "ret_6m", "ret_12m", "high52w_dist", "low52w_dist", "day_of_week", "month", "is_options_expiry", "btc_ret_1d", "gold_ret_1d", "corr_spy_20d", "vwap_dist"]}