{"center": [0.002302464908466529, 0.007185721147999341, 1.0, 57.46285761913692, 0.07460947914815108, 0.07744944333765852, -0.00469971233880212, 0.01464513467608709, 0.6794882413585147, 0.10406635343606498, 0.0, 0.0008172560967860676, 0.002126433024510995, 0.8103057490878826, 1.0338044006149276, 0.0010938196429841618, 17.510000228881836, -0.009244158887228515, 1.0, 0.0, 0.005689836645961233, 0.016387303470054793, 0.032354537078894685, 0.0671485641884284, -0.0024408341197952126, 0.08755650823419964, 2.0, 6.0, 0.0, -0.00032588834829794244, 0.0007275678386380324, 0.7658667568854063, 0.0027090603118695945], "scale": [0.006463664202928531, 0.008568651791821149, 1.0, 20.408308972722025, 0.09626269767330342, 0.08716327055735291, 0.028221330923056127, 0.008708865990422364, 0.4202117431192666, 0.037608846187531755, 0.0029944265119151714, 0.005532000333203779, 0.0013826685157047156, 0.5660569513262383, 0.1798274357625872, 0.009383906417785748, 4.309999465942383, 0.08182019916728411, 1.0, 1.0, 0.013796032618183962, 0.01877828273129567, 0.032057932975682046, 0.079048617009426, 0.005773821979816041, 0.033927018792098085, 2.0, 7.0, 1.0, 0.02846881995705508, 0.013968898849882505, 0.18263387212971716, 0.006481910217991896], "features": ["SMA20_dist", "SMA50_dist", "sma_cross", "RSI14", "MACD", "MACD_sig", "MACD_hist", "BB_width", "BB_pos", "ATR14", "ret_1d", "ret_5d", "vol_10d", "vol_ratio", "obv_trend", "spy_ret_1d", "vix_level", "vix_change", "vix_regime", "asset_class", "ret_1m", "ret_3m", "ret_6m", "ret_12m", "high52w_dist", "low52w_dist", "day_of_week", "month", "is_options_expiry", "btc_ret_1d", "gold_ret_1d", "corr_spy_20d", "vwap_dist"]}