{"center": [0.00937553867325924, -0.019110048943072118, 0.0, 53.3009697336625, -1.148982276541517, -1.521135544512395, 0.16511524288170917, 0.1247592799102333, 0.583291673009115, 9.809093393757394, 0.0005856031265096817, 0.0018136654974436617, 0.017826843359954003, 0.8844031303309831, 0.9905370493143923, 0.0009528857307679051, 17.190000534057617, -0.005681812794001595, 1.0, 0.0, 0.017921525194332544, -0.04064073137367474, -0.05687742168230192, 0.0, -0.4172991342078127, 0.1905152934373182, 2.0, 6.0, 0.0, -0.0016352711961346023, 0.0020516615880092903, 0.17493365036291675, 0.010515300704810097], "scale": [0.07567716337437969, 0.1427008306242658, 1.0, 30.05474862755235, 15.285505587255045, 13.718164097309916, 3.841373078820752, 0.13404652259802446, 0.5576973539500245, 3.9224215556475794, 0.02294103851213236, 0.0611988580076695, 0.010720753084026462, 0.4666113412397057, 0.3582453653181681, 0.008618908791768132, 4.0, 0.07791878103828087, 1.0, 1.0, 0.14567696918369089, 0.25490206151368405, 0.3605901444313083, 0.4086268297693329, 0.3769060368888316, 0.36370780523049806, 2.0, 7.0, 1.0, 0.027574759653851977, 0.014841337051327286, 0.32050309495403473, 0.07486648895529056], "features": ["SMA20_dist", "SMA50_dist", "sma_cross", "RSI14", "MACD", "MACD_sig", "MACD_hist", "BB_width", "BB_pos", "ATR14", "ret_1d", "ret_5d", "vol_10d", "vol_ratio", "obv_trend", "spy_ret_1d", "vix_level", "vix_change", "vix_regime", "asset_class", "ret_1m", "ret_3m", "ret_6m", "ret_12m", "high52w_dist", "low52w_dist", "day_of_week", "month", "is_options_expiry", "btc_ret_1d", "gold_ret_1d", "corr_spy_20d", "vwap_dist"]}