{"center": [-0.008220685575986693, -0.02566262955927534, 0.0, 47.99150842874069, -1.2830245770031468, -0.5562024110705823, 0.14458845632621142, 0.28868350288137445, 0.4573487208870215, 13.97535651070731, -5.352737149133535e-05, -0.0068497061069, 0.04064450119150406, 0.9140165608232687, 0.9676777716184047, 0.0014013392615941367, 17.460000038146973, -0.005509084778692164, 1.0, 0.0, -0.0213699085026558, -0.06512783429492625, 0.0, 0.0, -0.32242906632534707, 0.6167557761673572, 2.0, 6.0, 0.0, 0.0019009898549881, 0.0015508527855015997, 0.5967711143816499, -0.01184423154168087], "scale": [0.1601696067044558, 0.24693336367444357, 1.0, 27.187984842804298, 13.991106952140242, 14.56314848718701, 5.276258156413343, 0.1724270932784774, 0.563270342365487, 6.884640284946988, 0.05366403946284906, 0.1239489291625448, 0.019185664792713206, 0.42487252767679173, 0.4554298306792681, 0.008770190695522762, 3.35499906539917, 0.0780542117926864, 1.0, 1.0, 0.3242328642891419, 0.5469671138999714, 0.5389171499102425, 0.10492340677572426, 0.2992003599489919, 0.7285281394185915, 2.0, 7.0, 1.0, 0.02870240133422025, 0.015045253539847064, 0.29330442842123006, 0.15549452654457638], "features": ["SMA20_dist", "SMA50_dist", "sma_cross", "RSI14", "MACD", "MACD_sig", "MACD_hist", "BB_width", "BB_pos", "ATR14", "ret_1d", "ret_5d", "vol_10d", "vol_ratio", "obv_trend", "spy_ret_1d", "vix_level", "vix_change", "vix_regime", "asset_class", "ret_1m", "ret_3m", "ret_6m", "ret_12m", "high52w_dist", "low52w_dist", "day_of_week", "month", "is_options_expiry", "btc_ret_1d", "gold_ret_1d", "corr_spy_20d", "vwap_dist"]}