{"center": [0.0020002333882330873, 0.00240650139893028, 1.0, 53.0543997333525, 0.07129569704007821, 0.056894709546658526, 0.0009221061353073476, 0.033913597853072526, 0.5627629675395058, 0.5660184372008703, 0.0002657204466539609, -0.00011623398539217789, 0.0052237222033256325, 0.9275390101790236, 1.0271430700155815, 0.0008308849458616985, 17.355000495910645, -0.0028149085248330707, 1.0, 0.0, 0.0032632288625719097, 0.00018042877596080586, 0.0, 0.0038382956981040106, -0.03292227124596135, 0.06742454472871451, 2.0, 6.0, 0.0, -0.0016587106652958816, 0.0019584029907330214, 0.3570867834122665, 0.002078451418580613], "scale": [0.015405394501438446, 0.0209808316099857, 1.0, 20.50953673892804, 0.4366439916038445, 0.42366843061598203, 0.18688507393394385, 0.020463817896578532, 0.45961020490477855, 0.1493264837656325, 0.007610170435066149, 0.015643632315955752, 0.002110771478464088, 0.6251323017756425, 0.18792762258924034, 0.009425710514955693, 3.9399993419647217, 0.08018680656153682, 1.0, 1.0, 0.026823700975926346, 0.03876471667429704, 0.050434947240334566, 0.054476261622351585, 0.03277489621544384, 0.058009534417543175, 2.0, 7.0, 1.0, 0.02885941246701418, 0.01577659560698849, 0.5271812925093472, 0.016587603819721682], "features": ["SMA20_dist", "SMA50_dist", "sma_cross", "RSI14", "MACD", "MACD_sig", "MACD_hist", "BB_width", "BB_pos", "ATR14", "ret_1d", "ret_5d", "vol_10d", "vol_ratio", "obv_trend", "spy_ret_1d", "vix_level", "vix_change", "vix_regime", "asset_class", "ret_1m", "ret_3m", "ret_6m", "ret_12m", "high52w_dist", "low52w_dist", "day_of_week", "month", "is_options_expiry", "btc_ret_1d", "gold_ret_1d", "corr_spy_20d", "vwap_dist"]}