{"center": [0.020578526744096538, 0.050691470709400395, 1.0, 60.116612319784664, 0.6138630656318398, 0.5567329509183195, 0.023179953373440337, 0.11616928048372654, 0.7054340511072571, 1.074027597813286, 0.0015730294366211872, 0.011035778927940165, 0.01720917005783449, 0.9813894273780076, 1.0457346976082706, 0.00046023057287225555, 17.460000038146973, -0.005649859110261113, 1.0, 0.0, 0.043942405174670296, 0.1186729533777604, 0.17196032508979897, 0.42923085103376224, -0.03657061407021022, 0.7008574808513754, 2.0, 6.0, 0.0, -0.0015742310644737412, 0.001674234105256911, 0.8136361937294323, 0.020416747421606915], "scale": [0.056708602022773245, 0.10816095686484385, 1.0, 23.264689804779536, 1.3420852707617072, 1.2219717059413093, 0.30853502892384865, 0.0861976424972987, 0.41220417175231644, 0.9571032416193379, 0.02425623511576608, 0.051155834489367225, 0.007986074074009518, 0.5432474109828561, 0.42725051958760685, 0.00892555593265551, 3.8174996376037598, 0.0763636990769207, 1.0, 1.0, 0.09658200525603505, 0.2502131040179378, 0.3027451700939685, 0.6661532329901134, 0.07471418988374044, 0.8311267463757834, 2.0, 7.0, 1.0, 0.029391346734590068, 0.014849105643970961, 0.09500816192427708, 0.05115683074482588], "features": ["SMA20_dist", "SMA50_dist", "sma_cross", "RSI14", "MACD", "MACD_sig", "MACD_hist", "BB_width", "BB_pos", "ATR14", "ret_1d", "ret_5d", "vol_10d", "vol_ratio", "obv_trend", "spy_ret_1d", "vix_level", "vix_change", "vix_regime", "asset_class", "ret_1m", "ret_3m", "ret_6m", "ret_12m", "high52w_dist", "low52w_dist", "day_of_week", "month", "is_options_expiry", "btc_ret_1d", "gold_ret_1d", "corr_spy_20d", "vwap_dist"]}