{"center": [0.01682599198300205, 0.06294700104231996, 1.0, 54.572561176940965, 2.4513813096587214, 2.6884004948952342, 0.1726077347852748, 0.2153393933480409, 0.6087308623254615, 7.557213919503348, 0.001481485878693345, 0.013094076723819903, 0.026815349482118722, 0.9147195792667446, 1.0320588625394476, 0.00083044900473217, 17.38499927520752, -0.005118433089179364, 1.0, 0.0, 0.0521199240778939, 0.1364439059873599, 0.2117427968472917, 0.2856101888173873, -0.08315424138100874, 0.944206918908997, 2.0, 6.0, 0.0, -0.0016587106652958816, 0.0012365346785951914, 0.5025785818594835, 0.014579959270823287], "scale": [0.09732586996918469, 0.14817602333768704, 1.0, 24.306133352949814, 6.3533588358636806, 5.377185939796362, 1.9598865428269825, 0.19086868514433736, 0.4720696716515209, 4.491605622427805, 0.0393228658659277, 0.0905250730883703, 0.012828459604702868, 0.4367971826383471, 0.15308348367283586, 0.008629335166659452, 4.042499542236328, 0.08220878330186038, 1.0, 1.0, 0.1668190212177184, 0.3264300634702102, 0.6335590069506339, 1.0067791923708416, 0.17974150706223524, 0.8813508427250598, 2.0, 7.0, 1.0, 0.028414779640321436, 0.014376396988262236, 0.3509567147165244, 0.09831344330345235], "features": ["SMA20_dist", "SMA50_dist", "sma_cross", "RSI14", "MACD", "MACD_sig", "MACD_hist", "BB_width", "BB_pos", "ATR14", "ret_1d", "ret_5d", "vol_10d", "vol_ratio", "obv_trend", "spy_ret_1d", "vix_level", "vix_change", "vix_regime", "asset_class", "ret_1m", "ret_3m", "ret_6m", "ret_12m", "high52w_dist", "low52w_dist", "day_of_week", "month", "is_options_expiry", "btc_ret_1d", "gold_ret_1d", "corr_spy_20d", "vwap_dist"]}