{"center": [0.008409988149011614, 0.0216470426706169, 1.0, 58.068477507026614, 2.0566482761496445, 2.017694871967448, -0.08318638510442256, 0.0499338924710309, 0.6836739263417437, 3.336799990108322, 0.0, 0.003311804698269194, 0.007625098651892966, 0.9683186998797876, 0.9835870566905578, 0.00048597745803413694, 17.479999542236328, -0.004522324550077617, 1.0, 0.0, 0.016178886062133246, 0.04986183753572626, 0.06537738231210843, 0.13456671478757265, -0.010386222059896538, 0.27481161343082994, 2.0, 6.0, 0.0, -0.0014864790528285043, 0.0016294519610446923, 0.9957899058557806, 0.008974234461134292], "scale": [0.0198476072739946, 0.03551804448410047, 1.0, 22.053618776004512, 2.816808332287735, 2.7980350276333485, 0.8264151226891163, 0.03197373008948766, 0.4019283404368164, 1.7368336001004465, 0.009423445517031781, 0.02268923789827626, 0.004235051670031644, 0.2979998536148001, 1.2585547019800898, 0.009035913740706059, 4.060000419616699, 0.0844307328734375, 1.0, 1.0, 0.04203356610022657, 0.07204261466506645, 0.11751274837050207, 0.18735112464651793, 0.024403536394664152, 0.18924829843881136, 2.0, 7.0, 1.0, 0.028641403961369827, 0.014004561877756838, 0.003657222987735187, 0.019608068823117258], "features": ["SMA20_dist", "SMA50_dist", "sma_cross", "RSI14", "MACD", "MACD_sig", "MACD_hist", "BB_width", "BB_pos", "ATR14", "ret_1d", "ret_5d", "vol_10d", "vol_ratio", "obv_trend", "spy_ret_1d", "vix_level", "vix_change", "vix_regime", "asset_class", "ret_1m", "ret_3m", "ret_6m", "ret_12m", "high52w_dist", "low52w_dist", "day_of_week", "month", "is_options_expiry", "btc_ret_1d", "gold_ret_1d", "corr_spy_20d", "vwap_dist"]}