{"center": [0.003971808256691702, 0.012190172262506684, 1.0, 52.54502911991255, 0.8635112240348235, 1.0757227632217548, 0.2716782665147832, 0.10083201388082708, 0.5540234356633372, 7.069584120118013, 0.0004758177340122849, 0.0021574239202368783, 0.014753861316380994, 0.9297662661124045, 1.0285107687878816, 0.000731139787988333, 17.440000534057617, -0.005720161498773413, 1.0, 0.0, 0.0034633523388531984, 0.0072271602914997235, 0.03187225285964801, 0.0, -0.09377503363766342, 0.190339684931191, 2.0, 6.0, 0.0, -0.0018977187896134229, 0.0006461951944911615, 0.26505376179756196, 0.00421669645078792], "scale": [0.05389125088608433, 0.08418578895354827, 1.0, 23.854838607942327, 7.203223965650068, 6.685229612116114, 1.850249940160468, 0.051784703826759176, 0.5341758841997853, 2.3685689651883326, 0.014750313489851397, 0.03788222890872217, 0.008620882801476056, 0.44512900078674456, 0.1696100480058429, 0.008891008422368896, 3.9499998092651367, 0.07498205687495552, 1.0, 1.0, 0.10487199343747305, 0.1838309902384423, 0.15920068145750915, 0.2367919457342691, 0.0816221075770621, 0.22604990462449448, 2.0, 7.0, 1.0, 0.027861861990782832, 0.01630105709681451, 0.3528930203815618, 0.053919391851480425], "features": ["SMA20_dist", "SMA50_dist", "sma_cross", "RSI14", "MACD", "MACD_sig", "MACD_hist", "BB_width", "BB_pos", "ATR14", "ret_1d", "ret_5d", "vol_10d", "vol_ratio", "obv_trend", "spy_ret_1d", "vix_level", "vix_change", "vix_regime", "asset_class", "ret_1m", "ret_3m", "ret_6m", "ret_12m", "high52w_dist", "low52w_dist", "day_of_week", "month", "is_options_expiry", "btc_ret_1d", "gold_ret_1d", "corr_spy_20d", "vwap_dist"]}