{"center": [0.022668293334054346, 0.048916766825412225, 1.0, 53.09094294570636, 0.9883551887486277, 0.9343635510813597, 0.1242431538002009, 0.27004961152953577, 0.590033419077671, 7.074050226360665, 0.0016434649988800176, 0.010062971905712259, 0.04582460141825541, 0.8858163505442149, 1.0220038026463356, 0.0009271093212540604, 17.260000228881836, -0.006134337694191971, 1.0, 0.0, 0.05276291177560688, 0.09336904772079302, 0.0, 0.0, -0.21389022844992345, 1.0753318252878987, 2.0, 6.0, 0.0, -0.0016587106652958816, 0.000686881516564597, 0.5864880830415762, 0.03111102343149428], "scale": [0.14159907383586762, 0.2636192127624597, 1.0, 21.02363448874867, 7.370532956521405, 7.071610961694898, 1.771646495221768, 0.1618120164401564, 0.49707322586483754, 7.254123906734737, 0.05963383942252726, 0.14192804647051144, 0.01624623951248918, 0.3878326974609445, 0.44542360199096653, 0.00854783364339326, 3.4099998474121094, 0.0825465026972882, 1.0, 1.0, 0.28076068884732247, 0.7433529409458215, 1.3227742754871175, 0.9051851560751674, 0.3669509655185961, 2.9390291906888635, 2.0, 6.0, 1.0, 0.02670301417479251, 0.014942036149361959, 0.20925708640891777, 0.13516261794656695], "features": ["SMA20_dist", "SMA50_dist", "sma_cross", "RSI14", "MACD", "MACD_sig", "MACD_hist", "BB_width", "BB_pos", "ATR14", "ret_1d", "ret_5d", "vol_10d", "vol_ratio", "obv_trend", "spy_ret_1d", "vix_level", "vix_change", "vix_regime", "asset_class", "ret_1m", "ret_3m", "ret_6m", "ret_12m", "high52w_dist", "low52w_dist", "day_of_week", "month", "is_options_expiry", "btc_ret_1d", "gold_ret_1d", "corr_spy_20d", "vwap_dist"]}