{"center": [0.0015899372830746805, 0.0032532342909244996, 1.0, 54.31754750062618, 0.11055521569053894, 0.08919789789283358, 0.003108239911294601, 0.014648185246218005, 0.6259061658146287, 0.34820549030308, 0.00037664128640035877, 0.00099950595647047, 0.002230261075941336, 0.9240085380837957, 1.029090897676571, 0.0013579397972762752, 17.479999542236328, -0.006586862594382348, 1.0, 0.0, 0.00357400013857867, 0.008895100597713368, 0.013569198599241439, 0.036434047364776845, -0.007686792432684059, 0.05203614331189114, 2.0, 6.0, 0.0, 0.00029724205673309356, 0.0019383092584315254, 0.16564125982373754, 0.0017620960841114865], "scale": [0.007182981506576522, 0.01057159449904177, 1.0, 20.39763004802188, 0.328922628031421, 0.2865058364196102, 0.09975232119243949, 0.009731872995467697, 0.49375521864953636, 0.13115766776674825, 0.003021674350253134, 0.0063491340660492, 0.0009870500189209034, 0.5250648731468306, 0.1370237858672002, 0.009340330171442646, 4.049999237060547, 0.08919132378225703, 1.0, 1.0, 0.012469726545504822, 0.019679499688270985, 0.024594709950675808, 0.05058557543492537, 0.010895096398191348, 0.020995657666778696, 2.0, 7.0, 1.0, 0.029375897876926294, 0.01579963240332316, 0.47651774158509197, 0.007210172467831071], "features": ["SMA20_dist", "SMA50_dist", "sma_cross", "RSI14", "MACD", "MACD_sig", "MACD_hist", "BB_width", "BB_pos", "ATR14", "ret_1d", "ret_5d", "vol_10d", "vol_ratio", "obv_trend", "spy_ret_1d", "vix_level", "vix_change", "vix_regime", "asset_class", "ret_1m", "ret_3m", "ret_6m", "ret_12m", "high52w_dist", "low52w_dist", "day_of_week", "month", "is_options_expiry", "btc_ret_1d", "gold_ret_1d", "corr_spy_20d", "vwap_dist"]}