{"center": [0.01221127660622548, 0.0335033310310294, 1.0, 55.860108305203276, 0.4040686726233673, 0.4021287558886164, -0.013677902446890947, 0.08953856093946197, 0.6760474178685183, 0.7554867390894222, 0.0010133189340673088, 0.004797795536729543, 0.013757305537847946, 0.9887018629418042, 1.010539058318609, 0.0009528857307679051, 17.3799991607666, -0.0067322198012426115, 1.0, 0.0, 0.02728558521970048, 0.08423350150915465, 0.10577440709935515, 0.24731299629128278, -0.028179303700646856, 0.42636941306365966, 2.0, 6.0, 0.0, -0.0007713643170961237, 0.0015263333689308212, 0.8946819230730273, 0.011787250037984545], "scale": [0.04476164661604663, 0.06979590697832214, 1.0, 24.703697876091027, 0.7715303490730534, 0.8015433673022015, 0.23523104062117936, 0.06836601549566632, 0.4519663006547659, 0.5955642230294426, 0.01806341863007288, 0.04171433011956116, 0.007780599195774547, 0.540409914344333, 0.7065631578580573, 0.008976522601454096, 3.8500003814697266, 0.07981674521513937, 1.0, 1.0, 0.08075609585266597, 0.1417075998758499, 0.20755709057055838, 0.35220186593647296, 0.05884568325452787, 0.34980698199597204, 2.0, 7.0, 1.0, 0.027414163734779562, 0.015278967798298293, 0.08693463547847158, 0.04169438644802582], "features": ["SMA20_dist", "SMA50_dist", "sma_cross", "RSI14", "MACD", "MACD_sig", "MACD_hist", "BB_width", "BB_pos", "ATR14", "ret_1d", "ret_5d", "vol_10d", "vol_ratio", "obv_trend", "spy_ret_1d", "vix_level", "vix_change", "vix_regime", "asset_class", "ret_1m", "ret_3m", "ret_6m", "ret_12m", "high52w_dist", "low52w_dist", "day_of_week", "month", "is_options_expiry", "btc_ret_1d", "gold_ret_1d", "corr_spy_20d", "vwap_dist"]}