{"center": [0.0024287991891767595, 0.004997747586537589, 1.0, 54.833634489754274, 0.13918393039425325, 0.11447901022665057, -0.006031039874894173, 0.017947215599069536, 0.650171020144754, 0.31262683389006746, 0.0, 0.000715176869454659, 0.0025768245934652072, 0.9241703885127023, 1.005873047594015, 0.0005046930393417526, 17.479999542236328, -0.0036643597696923713, 1.0, 0.0, 0.005284764968474631, 0.01272697243303389, 0.01679825978268701, 0.05468756334508762, -0.007736166132884581, 0.07193354808456076, 2.0, 6.0, 0.0, -0.0031485616380424464, 0.0015263333689308212, 0.32524481941906996, 0.0024241703897799885], "scale": [0.00851029089428715, 0.012592594073988453, 1.0, 22.973405105426103, 0.24615523357334723, 0.23704943106614085, 0.09966856650005465, 0.012491336954989838, 0.483403759315336, 0.09366383157527836, 0.0034866094267389514, 0.007657102194999821, 0.0011667740355368315, 0.4489058267620163, 0.26291188714470426, 0.009793166548992871, 4.320001602172852, 0.08041143770384473, 1.0, 1.0, 0.014249670280384819, 0.025740356599499137, 0.048339014274456193, 0.07159064759767642, 0.014408611799674858, 0.04049533524929109, 2.0, 7.0, 1.0, 0.027335562801539703, 0.014269317598534337, 0.5573791305063998, 0.008243838338646595], "features": ["SMA20_dist", "SMA50_dist", "sma_cross", "RSI14", "MACD", "MACD_sig", "MACD_hist", "BB_width", "BB_pos", "ATR14", "ret_1d", "ret_5d", "vol_10d", "vol_ratio", "obv_trend", "spy_ret_1d", "vix_level", "vix_change", "vix_regime", "asset_class", "ret_1m", "ret_3m", "ret_6m", "ret_12m", "high52w_dist", "low52w_dist", "day_of_week", "month", "is_options_expiry", "btc_ret_1d", "gold_ret_1d", "corr_spy_20d", "vwap_dist"]}