{"center": [0.007579326543408713, 0.025015034247179532, 1.0, 54.75281404197173, 1.4275949690340752, 1.507384519673846, -0.09474406164826858, 0.060328926826716964, 0.6307118142338025, 2.79546769753758, 0.0004761593361322092, 0.0012456971491748847, 0.009320825760080857, 0.9300069490579583, 1.0154936802885057, 0.0007457441398391884, 17.38499927520752, -0.006642781425620192, 1.0, 0.0, 0.021772127432817978, 0.03596754780831568, 0.05174816990167608, 0.038867308278952795, -0.032264854937469084, 0.24530454009881952, 2.0, 6.0, 0.0, -0.00017281542847996656, 0.0018666552336489284, 0.7577125988911151, 0.007893348655151098], "scale": [0.02749443184400604, 0.045095902834786775, 1.0, 20.532796152000152, 2.3649394906852663, 2.140545136179509, 0.6918613041136006, 0.04180911818788298, 0.45918143547101975, 0.6283437297108074, 0.011674066925799892, 0.025978845983722576, 0.0033865385094414367, 0.35943728065765723, 0.5193225604779607, 0.0087190503485291, 3.747499942779541, 0.07960417069676823, 1.0, 1.0, 0.05431150250068284, 0.08519689509419859, 0.11991074078095354, 0.13104372741086667, 0.05858615463828905, 0.1581047220402823, 2.0, 7.0, 1.0, 0.026638465272476597, 0.014828922958767726, 0.17935634390472222, 0.028008404514519383], "features": ["SMA20_dist", "SMA50_dist", "sma_cross", "RSI14", "MACD", "MACD_sig", "MACD_hist", "BB_width", "BB_pos", "ATR14", "ret_1d", "ret_5d", "vol_10d", "vol_ratio", "obv_trend", "spy_ret_1d", "vix_level", "vix_change", "vix_regime", "asset_class", "ret_1m", "ret_3m", "ret_6m", "ret_12m", "high52w_dist", "low52w_dist", "day_of_week", "month", "is_options_expiry", "btc_ret_1d", "gold_ret_1d", "corr_spy_20d", "vwap_dist"]}