{"center": [0.004650409043200861, 0.01614720968572461, 1.0, 54.367273253494304, 1.070251351001474, 1.1159158117236783, -0.073085251551958, 0.05210584077210353, 0.6188565919169416, 2.2991348055397065, 0.00039950359281348824, 0.0024939152943386222, 0.007651576340466058, 0.846606334841629, 0.9934643968812418, 0.0011227761343346465, 17.260000228881836, -0.007287674739285488, 1.0, 0.0, 0.011314100354011924, 0.03933194884753033, 0.05543867861875007, 0.09347512550742942, -0.01584737444298688, 0.19789079688036276, 2.0, 6.0, 0.0, -0.0003300754485222601, 0.0017353401217137243, 0.6665407344733787, 0.00446692917894672], "scale": [0.025512109862751958, 0.03292570195418861, 1.0, 22.722235951201725, 2.346965387978969, 2.1480438782334716, 0.8931465714643765, 0.043166659078072225, 0.47551196282622643, 0.9166191042635818, 0.010415901827597357, 0.023654589298042317, 0.003294629337992255, 0.5435222928515819, 0.4656697911673403, 0.00906775963218115, 3.9775004386901855, 0.08198010169982906, 1.0, 1.0, 0.04783988466312966, 0.058601149514474205, 0.08966183354764518, 0.14575468793098784, 0.029133786019294783, 0.0692571862610252, 2.0, 7.0, 1.0, 0.027091120172692967, 0.014861682911881308, 0.29990710108123286, 0.025309378624635892], "features": ["SMA20_dist", "SMA50_dist", "sma_cross", "RSI14", "MACD", "MACD_sig", "MACD_hist", "BB_width", "BB_pos", "ATR14", "ret_1d", "ret_5d", "vol_10d", "vol_ratio", "obv_trend", "spy_ret_1d", "vix_level", "vix_change", "vix_regime", "asset_class", "ret_1m", "ret_3m", "ret_6m", "ret_12m", "high52w_dist", "low52w_dist", "day_of_week", "month", "is_options_expiry", "btc_ret_1d", "gold_ret_1d", "corr_spy_20d", "vwap_dist"]}