{"center": [0.018135428489291977, 0.04696229980238724, 1.0, 56.65673411559019, 3.6629228325558643, 3.399893585617081, 0.024634718820720103, 0.12566966613424346, 0.6740334700771693, 7.4404200080597445, 0.002223977264328769, 0.009922615502023224, 0.018785379579283196, 0.9672658334643659, 1.0372766335988337, 0.0014361762526201582, 17.440000534057617, -0.006664472772315133, 1.0, 0.0, 0.033720343847145284, 0.1359576401002197, 0.19042992487489274, 0.24327631436520292, -0.05679725531336584, 0.6308140748944786, 2.0, 6.0, 0.0, -5.770796242327014e-05, 0.001423505566895189, 0.8060628878528108, 0.021656527280340183], "scale": [0.0633737347858418, 0.10567551410306589, 1.0, 21.50387342351496, 8.847435665379301, 8.410283948736716, 2.4536872187203302, 0.0763069812234127, 0.4811846634066202, 6.046870445803009, 0.025283344760818588, 0.06341238911770128, 0.009108699841532468, 0.46737546644810224, 0.2971829270965157, 0.009167429152749151, 3.9725003242492676, 0.0780566142012708, 1.0, 1.0, 0.11902547861308777, 0.20919563107820033, 0.394693829548807, 0.6244580853712982, 0.0910831989116378, 0.957124829482367, 2.0, 7.0, 1.0, 0.026821561759637874, 0.014950764048411891, 0.1186966040437285, 0.06367239242362752], "features": ["SMA20_dist", "SMA50_dist", "sma_cross", "RSI14", "MACD", "MACD_sig", "MACD_hist", "BB_width", "BB_pos", "ATR14", "ret_1d", "ret_5d", "vol_10d", "vol_ratio", "obv_trend", "spy_ret_1d", "vix_level", "vix_change", "vix_regime", "asset_class", "ret_1m", "ret_3m", "ret_6m", "ret_12m", "high52w_dist", "low52w_dist", "day_of_week", "month", "is_options_expiry", "btc_ret_1d", "gold_ret_1d", "corr_spy_20d", "vwap_dist"]}