{"center": [0.01916392682787349, 0.04775164692315204, 1.0, 56.73980311022998, 3.847181608347114, 3.502066849175666, 0.05796176795506547, 0.12256400973454087, 0.6829451745492008, 7.063020821257656, 0.002610084367583587, 0.012594941252513703, 0.01834761332907469, 0.9467938180630636, 1.0386184831602379, 0.0005685229860479257, 17.440000534057617, -0.006670313141271755, 1.0, 0.0, 0.03440106597856074, 0.14341614211694087, 0.202227374183938, 0.29408353123774544, -0.036793132856012926, 0.6463463439027252, 2.0, 6.0, 0.0, -0.001682150134457161, 0.000748780548875283, 0.8052209540500141, 0.022694661408717957], "scale": [0.061925375253478916, 0.10451806301372527, 1.0, 21.774707945181973, 8.330219325843672, 8.212671759947048, 2.2404214954822423, 0.0766838452940285, 0.4555111960590126, 6.283646770479985, 0.024602999006173243, 0.05801615749958444, 0.008357309828165812, 0.46960720429632574, 0.30793747263435134, 0.009094880555088114, 3.9149999618530273, 0.07952279596687617, 1.0, 1.0, 0.11586444919078209, 0.19041833383925222, 0.3964735804527789, 0.6189561445992801, 0.0672120512979958, 0.9377762097112177, 2.0, 6.0, 1.0, 0.028212735056413973, 0.014808589542418815, 0.12400666659575099, 0.05829289640047806], "features": ["SMA20_dist", "SMA50_dist", "sma_cross", "RSI14", "MACD", "MACD_sig", "MACD_hist", "BB_width", "BB_pos", "ATR14", "ret_1d", "ret_5d", "vol_10d", "vol_ratio", "obv_trend", "spy_ret_1d", "vix_level", "vix_change", "vix_regime", "asset_class", "ret_1m", "ret_3m", "ret_6m", "ret_12m", "high52w_dist", "low52w_dist", "day_of_week", "month", "is_options_expiry", "btc_ret_1d", "gold_ret_1d", "corr_spy_20d", "vwap_dist"]}