{"center": [0.007466161713377546, 0.025517919880801782, 1.0, 53.53749067173298, 0.4273532928177204, 0.4411607112189769, -0.0343192567746573, 0.08520037987517866, 0.591036104804968, 1.085171848018149, 0.0, 0.0005187929683805326, 0.012507892976887683, 0.9319277901126009, 1.051060241659986, 0.0015506920150269998, 17.3799991607666, -0.007843129677328364, 1.0, 0.0, 0.02752770796799786, 0.03871060074343413, 0.07208516838838475, 0.0649212370288943, -0.05220173819810276, 0.2762306247234182, 2.0, 6.0, 0.0, 0.00038358610925337544, 0.0019763991077348386, 0.5933336194166439, 0.007360562164657047], "scale": [0.04398274734669496, 0.05249739597337854, 1.0, 22.196503757889033, 0.9247733483700884, 0.8421565877677729, 0.37962372280343626, 0.056868686049711695, 0.4897081442077695, 0.21892601801522416, 0.016260755635178592, 0.037958262132358644, 0.004390490161549923, 0.507205625349294, 0.6893462888873714, 0.008658235493320676, 3.6499996185302734, 0.0817781983769782, 1.0, 1.0, 0.08466125856171436, 0.12801636807473327, 0.12973306298307996, 0.17671469836599507, 0.06894886688973348, 0.11390971157048499, 2.0, 7.0, 1.0, 0.02585992149544869, 0.01509778205042378, 0.2981106145755798, 0.04390231260858809], "features": ["SMA20_dist", "SMA50_dist", "sma_cross", "RSI14", "MACD", "MACD_sig", "MACD_hist", "BB_width", "BB_pos", "ATR14", "ret_1d", "ret_5d", "vol_10d", "vol_ratio", "obv_trend", "spy_ret_1d", "vix_level", "vix_change", "vix_regime", "asset_class", "ret_1m", "ret_3m", "ret_6m", "ret_12m", "high52w_dist", "low52w_dist", "day_of_week", "month", "is_options_expiry", "btc_ret_1d", "gold_ret_1d", "corr_spy_20d", "vwap_dist"]}