{"center": [0.004104150728587555, 0.01771305716974524, 1.0, 53.10076861471895, 0.1477467659641647, 0.1695518927034234, -0.004629011364016486, 0.07778556839815302, 0.5725258400170183, 0.4928641494594907, 0.0, 0.002434180154644583, 0.01198973425282922, 0.9499323421243618, 1.0215638240005647, 0.002277563042387465, 17.440000534057617, -0.011289396014196651, 1.0, 0.0, 0.008804028971817202, 0.06412480818165256, 0.0395671071696444, 0.0, -0.034262987664772974, 0.2599593912157798, 2.0, 6.0, 0.0, -0.00022924323774897726, 0.001670691560653026, -0.11712376843601605, 0.004639278732482123], "scale": [0.04173364885157026, 0.0913702403550133, 1.0, 22.48924403374354, 0.5585373551393182, 0.5079241152847833, 0.1220084152702513, 0.05270556155765892, 0.5240707654726786, 0.20270952971807055, 0.014589484941625264, 0.04006261730421201, 0.007486706334335428, 0.34089194249067223, 0.11280945465934411, 0.009061586817268319, 3.6800003051757812, 0.07472896978122268, 1.0, 1.0, 0.08511245711527748, 0.15499782582790778, 0.24439787198292073, 0.16378954850970984, 0.08564428566541013, 0.3262603929844409, 2.0, 6.0, 1.0, 0.025621251061468953, 0.015123181224606652, 0.36793181453501583, 0.04172204840285677], "features": ["SMA20_dist", "SMA50_dist", "sma_cross", "RSI14", "MACD", "MACD_sig", "MACD_hist", "BB_width", "BB_pos", "ATR14", "ret_1d", "ret_5d", "vol_10d", "vol_ratio", "obv_trend", "spy_ret_1d", "vix_level", "vix_change", "vix_regime", "asset_class", "ret_1m", "ret_3m", "ret_6m", "ret_12m", "high52w_dist", "low52w_dist", "day_of_week", "month", "is_options_expiry", "btc_ret_1d", "gold_ret_1d", "corr_spy_20d", "vwap_dist"]}