{"center": [0.015107071430906808, 0.03926979080062157, 1.0, 55.33258709350464, 0.5636426393835308, 0.5580474686829175, 0.0015384813939827713, 0.10524746598607607, 0.6595815924186983, 0.8556499371977121, 0.00042349316877932086, 0.010194623286380988, 0.01439023735805358, 0.850537814965824, 0.9514640467436654, 0.001854866488732787, 17.369999885559082, -0.007288538293765301, 1.0, 0.0, 0.035124141615793913, 0.11158304328779955, 0.15710786468441917, 0.3242887051258735, -0.03627538096221648, 0.38509044449042124, 2.0, 6.0, 0.0, -0.00016245832696676343, 0.002066486342349072, 0.5396294289297019, 0.017026103593024276], "scale": [0.04868138011644047, 0.07597559947645324, 1.0, 23.285369871602313, 0.9962575202318575, 0.9984479104394992, 0.3270474577562016, 0.05931841800248032, 0.4710810439827171, 0.8294168750129263, 0.019277960465099553, 0.04507513329305238, 0.00838103596274311, 0.750104864172356, 0.38075433115894175, 0.008921312431607598, 3.8150014877319336, 0.07387806105392464, 1.0, 1.0, 0.07777345575330213, 0.15885423908520796, 0.2887816817708254, 0.4801089008713134, 0.09418472153227117, 0.48906152333603026, 2.0, 7.0, 1.0, 0.0278217123798086, 0.01490910625000566, 0.41062064869819737, 0.04693627894035201], "features": ["SMA20_dist", "SMA50_dist", "sma_cross", "RSI14", "MACD", "MACD_sig", "MACD_hist", "BB_width", "BB_pos", "ATR14", "ret_1d", "ret_5d", "vol_10d", "vol_ratio", "obv_trend", "spy_ret_1d", "vix_level", "vix_change", "vix_regime", "asset_class", "ret_1m", "ret_3m", "ret_6m", "ret_12m", "high52w_dist", "low52w_dist", "day_of_week", "month", "is_options_expiry", "btc_ret_1d", "gold_ret_1d", "corr_spy_20d", "vwap_dist"]}