{"center": [0.0033560736762779995, 0.003520117972270976, 1.0, 52.09399298203376, 0.12095719992962017, 0.34036865542264944, 0.40198443927372596, 0.07883609770497657, 0.5503198423035943, 8.949077773607577, 0.00019876851531985817, 0.0004672344539063955, 0.011228162945415008, 0.9752662017065397, 1.033018276265652, 0.0010391608360230675, 17.61500072479248, -0.005438782390179864, 1.0, 0.0, 0.003384697913827006, -0.008673448798928729, 0.0, 0.0, -0.06460967367610426, 0.1649439322222335, 2.0, 6.5, 0.0, -0.0012285001885827818, 0.0020207561863795354, 0.43489643985579507, 0.004305243491342609], "scale": [0.03729655462418008, 0.063941973029891, 1.0, 24.10785184492341, 9.656657104607177, 9.177021026456124, 2.9911694711385888, 0.06251984236347921, 0.48310704877533706, 3.244732307539599, 0.015240732303258786, 0.035642964415371126, 0.008257164611554067, 0.4046580007875715, 0.3409462457900376, 0.008838594326894655, 4.3974995613098145, 0.08745309848182412, 1.0, 1.0, 0.07403010402243002, 0.13703141918133546, 0.08842750653928844, 0.03971250619786931, 0.11366635268086818, 0.08469903621870731, 2.0, 7.0, 1.0, 0.02732217424711117, 0.015358296647145914, 0.44364982664607905, 0.03770377805539797], "features": ["SMA20_dist", "SMA50_dist", "sma_cross", "RSI14", "MACD", "MACD_sig", "MACD_hist", "BB_width", "BB_pos", "ATR14", "ret_1d", "ret_5d", "vol_10d", "vol_ratio", "obv_trend", "spy_ret_1d", "vix_level", "vix_change", "vix_regime", "asset_class", "ret_1m", "ret_3m", "ret_6m", "ret_12m", "high52w_dist", "low52w_dist", "day_of_week", "month", "is_options_expiry", "btc_ret_1d", "gold_ret_1d", "corr_spy_20d", "vwap_dist"]}