{"center": [0.008031088160976276, 0.01515261539552966, 1.0, 51.63287289285263, 0.18738718709680668, 0.13900562415167378, 0.003049830631901118, 0.13050563366897744, 0.567688357776312, 1.0763982308383346, 0.000900760114215915, 0.004054673996390368, 0.018576076388643614, 0.937384247398964, 1.0095661995084535, 0.0017575576062994758, 17.22499942779541, -0.008142008332229278, 1.0, 0.0, 0.01195308539490847, 0.014625156652502636, 0.0, 0.0, -0.1546421258235567, 0.12630209887518845, 2.0, 6.0, 0.0, -0.0005528134329213508, 0.000978748110388561, 0.3367469819999706, 0.009394079755489025], "scale": [0.06316843509577028, 0.07961789909152102, 1.0, 24.932268806281087, 0.9288514623979935, 0.9136421751263186, 0.412309894568035, 0.06807536279774332, 0.5224268204389343, 0.46636478868751385, 0.021793756313078033, 0.05919122150667047, 0.007684118359400041, 0.3894566169512741, 0.24638766992291916, 0.0086619030100403, 4.010000228881836, 0.0723694079564926, 1.0, 1.0, 0.1097034775209264, 0.1785122649415645, 0.35498249702151685, 0.17377095243482027, 0.14062686562017873, 0.37474654517349504, 2.0, 7.0, 1.0, 0.0273223940132353, 0.01558878913866693, 0.3214217548980782, 0.06311915361476961], "features": ["SMA20_dist", "SMA50_dist", "sma_cross", "RSI14", "MACD", "MACD_sig", "MACD_hist", "BB_width", "BB_pos", "ATR14", "ret_1d", "ret_5d", "vol_10d", "vol_ratio", "obv_trend", "spy_ret_1d", "vix_level", "vix_change", "vix_regime", "asset_class", "ret_1m", "ret_3m", "ret_6m", "ret_12m", "high52w_dist", "low52w_dist", "day_of_week", "month", "is_options_expiry", "btc_ret_1d", "gold_ret_1d", "corr_spy_20d", "vwap_dist"]}