{"center": [0.03176650694336329, 0.05836724214042274, 1.0, 54.684510650154294, 0.08614675331913046, 0.08760076584645834, 0.022569977125362517, 0.3373178652682609, 0.6078910953122338, 0.580714225769043, 0.003623184962974646, 0.015105701301145968, 0.05514197033843076, 0.9363785800801968, 1.032500986003153, 0.0011517326256851312, 17.15999984741211, -0.004632673488730754, 1.0, 0.0, 0.0635909284411349, 0.15621562733303995, 0.31162203803735533, 0.0, -0.332858172856498, 1.6286921181027112, 2.0, 6.0, 0.0, -0.0008264678561502592, 0.001677776649860796, 0.3433340528939941, 0.01502469342349425], "scale": [0.18346720686430612, 0.27714748682972945, 1.0, 25.668314941448912, 0.5783567911411058, 0.5314404376596616, 0.18794724158733916, 0.24606203070507868, 0.5092011974242008, 0.3735714639936175, 0.059761327827522304, 0.15558476807789723, 0.023626673093997783, 0.6670661442367637, 0.545208081098607, 0.009075972672343391, 4.299999237060547, 0.07992835874993764, 1.0, 1.0, 0.327928882823071, 0.6011336619884211, 0.637362600654066, 0.9061372729837665, 0.251287561104119, 1.6101839044382529, 2.0, 7.0, 1.0, 0.026892652286483187, 0.014988860727412234, 0.2958757905640781, 0.16655855727246693], "features": ["SMA20_dist", "SMA50_dist", "sma_cross", "RSI14", "MACD", "MACD_sig", "MACD_hist", "BB_width", "BB_pos", "ATR14", "ret_1d", "ret_5d", "vol_10d", "vol_ratio", "obv_trend", "spy_ret_1d", "vix_level", "vix_change", "vix_regime", "asset_class", "ret_1m", "ret_3m", "ret_6m", "ret_12m", "high52w_dist", "low52w_dist", "day_of_week", "month", "is_options_expiry", "btc_ret_1d", "gold_ret_1d", "corr_spy_20d", "vwap_dist"]}