{"center": [0.002000529845183034, 0.004728490581447237, 1.0, 63.302851694547975, 0.033602449850235416, 0.0337738431224698, 0.0010788881937980957, 0.00791077642728789, 0.765105993440699, 0.03665349239811252, 0.00019103340666948299, 0.001146695555122923, 0.0009697892924177148, 0.6221776216758655, 1.0470521941255195, 0.0007606343957031747, 17.600000381469727, -0.005681812794001595, 1.0, 0.0, 0.004238153106288944, 0.012052028603814602, 0.02207750500568295, 0.04278828206179286, -0.0011931513843656543, 0.0515012780604433, 2.0, 6.0, 0.0, -0.00032588834829794244, 0.0016294519610446923, -0.009405956043108893, 0.002045723398541536], "scale": [0.0032622787734551285, 0.005834189961194878, 1.0, 21.602055865815487, 0.04214719779826126, 0.04196502451437145, 0.009099910311336968, 0.005155466597991857, 0.3505603990045858, 0.010360471489889278, 0.0011769559520065087, 0.002937896337030066, 0.00041635547919742185, 0.6837430561846922, 0.1979595553638409, 0.00918459026107099, 4.435000419616699, 0.08183106795368855, 1.0, 1.0, 0.007031181851902324, 0.010334978694914398, 0.015837374561890938, 0.0586648498050224, 0.002963746017173056, 0.02610142257025068, 2.0, 7.0, 1.0, 0.027921914255345792, 0.015629030631353458, 0.46327405307870756, 0.0035543274448677654], "features": ["SMA20_dist", "SMA50_dist", "sma_cross", "RSI14", "MACD", "MACD_sig", "MACD_hist", "BB_width", "BB_pos", "ATR14", "ret_1d", "ret_5d", "vol_10d", "vol_ratio", "obv_trend", "spy_ret_1d", "vix_level", "vix_change", "vix_regime", "asset_class", "ret_1m", "ret_3m", "ret_6m", "ret_12m", "high52w_dist", "low52w_dist", "day_of_week", "month", "is_options_expiry", "btc_ret_1d", "gold_ret_1d", "corr_spy_20d", "vwap_dist"]}