{"center": [-0.00335701034169397, -0.006879401643514749, 0.0, 47.500806863720726, -0.40684804740814684, -0.2721161727304333, -0.027000686772622018, 0.08422654453748728, 0.4629671956321879, 2.5229658030180815, -0.0008457252832576589, -0.003353219163244048, 0.011234239162840977, 0.9585696690261463, 0.9013446283350368, 0.0007044854938154099, 17.260000228881836, -0.005025144893802347, 1.0, 0.0, -0.011771793191809321, 0.0, 0.0, 0.0, -0.1114018847849956, 0.11615342713811516, 2.0, 7.0, 0.0, 0.00038358610925337544, 0.0020287362083613036, 0.0038362843075850877, -0.0026089889019388604], "scale": [0.04155368107331216, 0.060568077515545736, 1.0, 26.4445653577274, 2.6593197939324966, 2.436543549556311, 0.8830170066835361, 0.04501513327708148, 0.5188650948328606, 0.7228074528878579, 0.015592100562353828, 0.03444047432413866, 0.004754554227830611, 0.33597436068882247, 1.4312392500756066, 0.008652347875596544, 3.739999771118164, 0.07825962369412254, 1.0, 1.0, 0.07139554229021483, 0.14367672330576686, 0.15715531754321221, 0.08337513489790216, 0.10516242417893937, 0.1376501014964131, 2.0, 7.0, 1.0, 0.02777192954972152, 0.013977192622494194, 0.40479315923275605, 0.042431721224498786], "features": ["SMA20_dist", "SMA50_dist", "sma_cross", "RSI14", "MACD", "MACD_sig", "MACD_hist", "BB_width", "BB_pos", "ATR14", "ret_1d", "ret_5d", "vol_10d", "vol_ratio", "obv_trend", "spy_ret_1d", "vix_level", "vix_change", "vix_regime", "asset_class", "ret_1m", "ret_3m", "ret_6m", "ret_12m", "high52w_dist", "low52w_dist", "day_of_week", "month", "is_options_expiry", "btc_ret_1d", "gold_ret_1d", "corr_spy_20d", "vwap_dist"]}