{"center": [0.015927030303589548, 0.04215717958589284, 1.0, 55.50776860859215, 0.36809398355670453, 0.29667747028352254, -0.013977407687734367, 0.1774546716358976, 0.6072470650544227, 0.9448184825678422, 0.00031685763238997744, 0.003276548666696799, 0.026805765504227162, 0.947164503483436, 1.0363166777855906, 0.0009004595313388819, 17.479999542236328, -0.005681812794001595, 1.0, 0.0, 0.0379912813381893, 0.03168556210368756, 0.03389214850745681, 0.06260155280722457, -0.10864891422766447, 0.7027302847434973, 2.0, 6.0, 0.0, 0.0008420581944230676, 0.0008040912066364925, 0.6292151791925146, 0.016585467191536075], "scale": [0.09103705397608147, 0.16624766522266074, 1.0, 28.523317099026634, 1.1163051241400215, 1.0961481128167287, 0.3418920171549627, 0.10564808398454173, 0.5440054984641327, 0.3282792654361074, 0.0350599661551661, 0.07789197538813686, 0.013822994547786401, 0.4350959595946222, 0.37188971027827866, 0.009395535997627602, 4.204998970031738, 0.08260124472474684, 1.0, 1.0, 0.19436137556113126, 0.3694933945381131, 0.22472430216363015, 0.3276376707572618, 0.16087122002624357, 0.3778985183166566, 2.0, 7.0, 1.0, 0.025875768101235264, 0.014490377248509156, 0.31367555130712377, 0.09483483685019808], "features": ["SMA20_dist", "SMA50_dist", "sma_cross", "RSI14", "MACD", "MACD_sig", "MACD_hist", "BB_width", "BB_pos", "ATR14", "ret_1d", "ret_5d", "vol_10d", "vol_ratio", "obv_trend", "spy_ret_1d", "vix_level", "vix_change", "vix_regime", "asset_class", "ret_1m", "ret_3m", "ret_6m", "ret_12m", "high52w_dist", "low52w_dist", "day_of_week", "month", "is_options_expiry", "btc_ret_1d", "gold_ret_1d", "corr_spy_20d", "vwap_dist"]}