{"center": [0.0070566772040760155, 0.02815999058285817, 1.0, 53.21970532545165, 0.22033311729727245, 0.2272396799732887, -0.01502651606890816, 0.10034917611316581, 0.5705921807868942, 0.5616967750451768, 0.0015431901456730568, 0.0036844369087867257, 0.017067529005043748, 0.7909604519774012, 1.0298582023594514, 0.0012778715696883935, 17.600000381469727, -0.004632673488730754, 1.0, 0.0, 0.020945786825977697, 0.040753651711431305, 0.05535570303530557, 0.15350775043159937, -0.08300925165868006, 0.4276635303950168, 2.0, 6.0, 0.0, -0.0003342625487465778, 0.0017929035935666526, 0.7639787480628143, 0.006043845718014741], "scale": [0.05264131437485847, 0.08307691207602133, 1.0, 21.50982712304083, 0.6681053143765165, 0.6491934630146469, 0.19658683701343857, 0.05605919503171057, 0.5011636115251671, 0.2838663359653958, 0.02357000875850629, 0.05058745049434177, 0.007340415185953783, 0.762044069501111, 0.15555299531554978, 0.009250573094613357, 4.1150007247924805, 0.08253495821958678, 1.0, 1.0, 0.09244326145370801, 0.1505788957420921, 0.16488529336154645, 0.2939214094115905, 0.08272261799837893, 0.41541748704429843, 2.0, 7.0, 1.0, 0.02717331589481692, 0.013875549268737963, 0.17613869112039793, 0.05369025290318652], "features": ["SMA20_dist", "SMA50_dist", "sma_cross", "RSI14", "MACD", "MACD_sig", "MACD_hist", "BB_width", "BB_pos", "ATR14", "ret_1d", "ret_5d", "vol_10d", "vol_ratio", "obv_trend", "spy_ret_1d", "vix_level", "vix_change", "vix_regime", "asset_class", "ret_1m", "ret_3m", "ret_6m", "ret_12m", "high52w_dist", "low52w_dist", "day_of_week", "month", "is_options_expiry", "btc_ret_1d", "gold_ret_1d", "corr_spy_20d", "vwap_dist"]}