{"center": [0.007099651905076445, 0.011571158426459657, 1.0, 52.98751178991992, 0.12583640789335426, 0.1173263118258428, 0.008166105587948197, 0.11812969738205603, 0.566156089162088, 0.6155334802373709, 0.0013600307176091508, 0.004974216285138056, 0.01603766199937027, 0.7263307234075932, 0.9962532669227643, 0.0016705837326954631, 17.239999771118164, -0.008008568742242539, 1.0, 0.0, 0.016329661694615916, 0.02342001530133697, 0.0, 0.0, -0.0958699846630415, 0.26121874572887094, 2.0, 6.0, 0.0, -0.00032262427558105156, 0.0019559897357898093, 0.22826663690773552, 0.008610526761872652], "scale": [0.05688329345729265, 0.06582376771804332, 1.0, 24.075366116662074, 0.5613733510826728, 0.5216662882066532, 0.27434734355337, 0.05879263353506983, 0.5116290464119364, 0.20214496314671093, 0.02135667761117188, 0.0553261420484549, 0.005311475356472436, 0.6154805060670059, 0.8047351259309492, 0.008591126904703095, 3.8425002098083496, 0.07304077145066923, 1.0, 1.0, 0.11978436950932866, 0.1198690333263191, 0.17061650149842036, 0.034383536277783955, 0.062012539181401094, 0.2295432614650355, 2.0, 7.0, 1.0, 0.027353853696463787, 0.015345393355642722, 0.715023780531887, 0.06201927265522295], "features": ["SMA20_dist", "SMA50_dist", "sma_cross", "RSI14", "MACD", "MACD_sig", "MACD_hist", "BB_width", "BB_pos", "ATR14", "ret_1d", "ret_5d", "vol_10d", "vol_ratio", "obv_trend", "spy_ret_1d", "vix_level", "vix_change", "vix_regime", "asset_class", "ret_1m", "ret_3m", "ret_6m", "ret_12m", "high52w_dist", "low52w_dist", "day_of_week", "month", "is_options_expiry", "btc_ret_1d", "gold_ret_1d", "corr_spy_20d", "vwap_dist"]}