{"center": [0.0050328463734098765, 0.020582185329989858, 1.0, 51.79926081917085, 2.3788551421465627, 2.1896738694473354, -0.36419192170556425, 0.0999263553746925, 0.5697213353772308, 11.366600629995515, 0.0005103181390644362, 0.004174179936643707, 0.016120796138505863, 0.9284598000966912, 0.8726208771722426, 0.0012779544649297314, 17.479999542236328, -0.006733946910202238, 1.0, 0.0, 0.01108546001716837, 0.08001861759153206, 0.13543865521022358, 0.041629588663800066, -0.057235686037226036, 0.3230194320089516, 2.0, 5.0, 0.0, -0.0018977187896134229, 0.0019383092584315254, 0.3115012935116756, 0.00608715395017274], "scale": [0.05188510129805146, 0.07728870729314641, 1.0, 21.992504906362782, 9.84178113423036, 9.316729102069583, 3.405262511231739, 0.08382838409122788, 0.49671296910654583, 5.586155912104735, 0.01927559953650071, 0.05068624568100866, 0.010057380377927319, 0.4001899191090339, 0.8367609050204222, 0.00873814934606465, 4.229999542236328, 0.07658623628314853, 1.0, 1.0, 0.10358075425539903, 0.14171891802563352, 0.2262609929359649, 0.21759035035916963, 0.0860015018818293, 0.20811427736132726, 2.0, 7.0, 1.0, 0.027655679774555075, 0.014735914016986373, 0.3153024844046761, 0.05296734367890024], "features": ["SMA20_dist", "SMA50_dist", "sma_cross", "RSI14", "MACD", "MACD_sig", "MACD_hist", "BB_width", "BB_pos", "ATR14", "ret_1d", "ret_5d", "vol_10d", "vol_ratio", "obv_trend", "spy_ret_1d", "vix_level", "vix_change", "vix_regime", "asset_class", "ret_1m", "ret_3m", "ret_6m", "ret_12m", "high52w_dist", "low52w_dist", "day_of_week", "month", "is_options_expiry", "btc_ret_1d", "gold_ret_1d", "corr_spy_20d", "vwap_dist"]}