{"center": [0.008893791155017854, 0.024952023164922926, 1.0, 54.660618493011654, 2.105446735045831, 2.2586921750103155, -0.037171848322102685, 0.09221571490120561, 0.6011633746482323, 5.672628411875261, -3.354987216930283e-05, 0.003286676033360081, 0.013265309210719757, 0.9659315024122814, 1.02483222010907, 0.001842680303035693, 17.65000057220459, -0.009645927205693017, 1.0, 0.0, 0.019438697411843564, 0.04634517754481693, 0.10391887423906676, 0.17027483683140865, -0.04408882743681588, 0.3847308208609701, 2.0, 6.0, 0.0, 0.0009181073074115975, 0.0023348288697309094, 0.5684839624242606, 0.010461853747154996], "scale": [0.0472506561863126, 0.0660786842991081, 1.0, 26.092195949362207, 5.476089537290754, 4.644870761833764, 1.9740512226021958, 0.06366807875493255, 0.5086251302866645, 2.0453853222655134, 0.016534009451709686, 0.040033119162416975, 0.006345976065644823, 0.36141701304414753, 0.11501798671503338, 0.00959415672100472, 3.6349987983703613, 0.08272510171980804, 1.0, 1.0, 0.09705067848249382, 0.13395658988052545, 0.18462881990745328, 0.3597307788453589, 0.0640272915822875, 0.23291330531266324, 2.0, 7.0, 1.0, 0.02557796694276268, 0.01448486924520384, 0.3109741477095732, 0.04820974072797273], "features": ["SMA20_dist", "SMA50_dist", "sma_cross", "RSI14", "MACD", "MACD_sig", "MACD_hist", "BB_width", "BB_pos", "ATR14", "ret_1d", "ret_5d", "vol_10d", "vol_ratio", "obv_trend", "spy_ret_1d", "vix_level", "vix_change", "vix_regime", "asset_class", "ret_1m", "ret_3m", "ret_6m", "ret_12m", "high52w_dist", "low52w_dist", "day_of_week", "month", "is_options_expiry", "btc_ret_1d", "gold_ret_1d", "corr_spy_20d", "vwap_dist"]}