{"center": [0.005869132690606559, 0.013669509034149437, 1.0, 53.183036159689095, 5.667546936028998, 4.506579436647833, -0.32225605123100554, 0.09777317419881525, 0.5814634305058571, 21.762523214581538, 0.0001769834926917957, 0.004213889599453791, 0.013886461260878964, 0.9421816534508938, 1.0150870388824933, 0.0004926438106691577, 17.649999618530273, -0.0038564790423540884, 1.0, 0.0, 0.009569375448480022, 0.012942216094459114, 0.0, 0.015385543713181349, -0.08712590331477495, 0.24382808939825773, 2.0, 6.0, 0.0, 0.00035304210520692436, 0.0014761238845504288, 0.6377339332874765, 0.007161963188393405], "scale": [0.04476661537199592, 0.08059078197721303, 1.0, 23.532083246747376, 22.665345939937538, 21.447255181629146, 6.447281954481121, 0.059921515197275066, 0.45750719207714496, 7.7699552660018725, 0.015520693219554599, 0.0444098119855279, 0.007253369448805759, 0.4028913278347963, 0.2340631066270471, 0.010084944622403363, 4.157501697540283, 0.08525179686854156, 1.0, 1.0, 0.0871321326689489, 0.15942835824819238, 0.13542168664792573, 0.13074328423286324, 0.09261136488115526, 0.1677363398014482, 2.0, 7.0, 1.0, 0.027441896793321208, 0.01582709901597168, 0.33150346615003345, 0.04464912027021656], "features": ["SMA20_dist", "SMA50_dist", "sma_cross", "RSI14", "MACD", "MACD_sig", "MACD_hist", "BB_width", "BB_pos", "ATR14", "ret_1d", "ret_5d", "vol_10d", "vol_ratio", "obv_trend", "spy_ret_1d", "vix_level", "vix_change", "vix_regime", "asset_class", "ret_1m", "ret_3m", "ret_6m", "ret_12m", "high52w_dist", "low52w_dist", "day_of_week", "month", "is_options_expiry", "btc_ret_1d", "gold_ret_1d", "corr_spy_20d", "vwap_dist"]}