{"center": [0.006308654958039731, 0.016855256324456377, 1.0, 53.81604623628461, 0.2601393796701288, 0.2716145884052894, -0.006242806972711595, 0.05734987076810181, 0.6400715063006902, 0.6160711560930524, -0.00018769255129724716, 0.005568454785070065, 0.00922682925985167, 0.8041430691420092, 1.09557932938995, 0.000560282661534961, 17.510000228881836, -0.006733946910202238, 1.0, 1.0, 0.017688008614931583, 0.045463313760137014, 0.06344985165871209, 0.07518940820090969, -0.019574494057513298, 0.18720556650781914, 2.0, 6.0, 0.0, -0.00022924323774897726, 0.0022257895319868215, 0.47172284426578415, 0.008202723155437255], "scale": [0.028227972825294878, 0.03722456698602724, 1.0, 22.969871568222914, 0.5497260167579263, 0.557229566468445, 0.22532852047718976, 0.03776204134231825, 0.49168080344721227, 0.2471422467912947, 0.0119845360913573, 0.02993710233993535, 0.0038633376410511823, 0.7337672717692989, 1.086336796878969, 0.009479845835832279, 4.210000991821289, 0.08307490163805453, 1.0, 1.0, 0.052760104400923324, 0.061424936824739484, 0.14012313865843473, 0.17215881611704154, 0.02983486014500205, 0.17496901373386659, 2.0, 7.0, 1.0, 0.02869482355094921, 0.015268734410561646, 0.2321447761326491, 0.028401681136044795], "features": ["SMA20_dist", "SMA50_dist", "sma_cross", "RSI14", "MACD", "MACD_sig", "MACD_hist", "BB_width", "BB_pos", "ATR14", "ret_1d", "ret_5d", "vol_10d", "vol_ratio", "obv_trend", "spy_ret_1d", "vix_level", "vix_change", "vix_regime", "asset_class", "ret_1m", "ret_3m", "ret_6m", "ret_12m", "high52w_dist", "low52w_dist", "day_of_week", "month", "is_options_expiry", "btc_ret_1d", "gold_ret_1d", "corr_spy_20d", "vwap_dist"]}