{"center": [0.007977522475861898, 0.022756641938883257, 1.0, 53.06837505009584, 0.682685891772465, 0.6318650611682605, 0.0857285956750975, 0.10860629835837275, 0.5859759052575619, 2.797327137813295, 0.0009251353406393159, 0.00816092291570436, 0.018377881480252677, 0.8785506341199913, 0.9989443031352139, 0.0011313238613297472, 17.239999771118164, -0.004622023407450215, 1.0, 0.0, 0.021741060743074136, 0.06929227476911337, 0.10436286308773524, 0.0, -0.09087700642719149, 0.36179603304180474, 2.0, 6.0, 0.0, 0.00035304210520692436, 0.0018432545858287908, 0.2429298866301835, 0.01100409286383071], "scale": [0.0642291340872566, 0.1000729563720065, 1.0, 18.97270607400386, 3.009751865375595, 2.9913151554875723, 1.0277505074629851, 0.08690292768347802, 0.501502274745863, 1.0554561288050994, 0.021316950854182032, 0.05934190435652112, 0.007828869838027485, 0.5739801990103668, 0.4942835747038734, 0.008879290938948126, 3.6299996376037598, 0.07912547207904608, 1.0, 1.0, 0.10894482320071269, 0.2482071561683895, 0.33832023266564526, 0.4877562476986643, 0.16388288591482178, 0.5261585541303071, 2.0, 7.0, 1.0, 0.028046096333918913, 0.01480995878612823, 0.4264132764784992, 0.06405762635721884], "features": ["SMA20_dist", "SMA50_dist", "sma_cross", "RSI14", "MACD", "MACD_sig", "MACD_hist", "BB_width", "BB_pos", "ATR14", "ret_1d", "ret_5d", "vol_10d", "vol_ratio", "obv_trend", "spy_ret_1d", "vix_level", "vix_change", "vix_regime", "asset_class", "ret_1m", "ret_3m", "ret_6m", "ret_12m", "high52w_dist", "low52w_dist", "day_of_week", "month", "is_options_expiry", "btc_ret_1d", "gold_ret_1d", "corr_spy_20d", "vwap_dist"]}