{"center": [-0.010373940007862258, -0.05872732103116751, 0.0, 48.202291211705855, -0.8417338826980547, -0.9409651105045742, 0.15821910019366048, 0.18209955176427575, 0.4321751002021419, 1.8546033029133464, -0.0014089673783404533, -0.004017998728216454, 0.023739798122191035, 0.8788082244960889, 1.0188217069418006, 0.0013669450371407432, 17.479999542236328, -0.007318110526737254, 1.0, 0.0, -0.02317597905294927, -0.16077748928550328, -0.22756440349407547, -0.26230774291841263, -0.4700548260100864, 0.12035088470689342, 2.0, 6.0, 0.0, -0.0015729721933397944, 0.00195494092813997, 0.33488427326472386, -0.008429831868055675], "scale": [0.10100042862865943, 0.15200702532031923, 1.0, 29.62700652720453, 3.197678601514699, 3.353134233712925, 0.8485001704545978, 0.1293931219549804, 0.5655123328492379, 1.0282743529719172, 0.029876846373506766, 0.08461632657462317, 0.013717524457009089, 0.4239718252248914, 0.24853979533700077, 0.009002225637516847, 4.167500019073486, 0.08087309286225064, 1.0, 1.0, 0.20716135072008623, 0.2319657566982862, 0.290744393796746, 0.5022165458085852, 0.15251000236719825, 0.1948574068027841, 2.0, 7.0, 1.0, 0.026754726879330504, 0.014978896886958054, 0.38202384362479824, 0.09539128133222594], "features": ["SMA20_dist", "SMA50_dist", "sma_cross", "RSI14", "MACD", "MACD_sig", "MACD_hist", "BB_width", "BB_pos", "ATR14", "ret_1d", "ret_5d", "vol_10d", "vol_ratio", "obv_trend", "spy_ret_1d", "vix_level", "vix_change", "vix_regime", "asset_class", "ret_1m", "ret_3m", "ret_6m", "ret_12m", "high52w_dist", "low52w_dist", "day_of_week", "month", "is_options_expiry", "btc_ret_1d", "gold_ret_1d", "corr_spy_20d", "vwap_dist"]}