{"center": [0.0061684991484722606, 0.018310320270544578, 1.0, 56.29243096483676, 1.0709552234282569, 1.0801781645470514, -0.029641931254256182, 0.04612818753412107, 0.660500255045683, 1.9417642977148344, -0.00031365738890076766, 0.0024539017489382253, 0.0070516621671033826, 0.9743692312250914, 1.0366437576518872, 0.00048597745803413694, 17.610000610351562, -0.005025144893802347, 1.0, 0.0, 0.01834814623740688, 0.028246756759681135, 0.05183693594330108, 0.04786302582498303, -0.015074759453722579, 0.19560173502534725, 2.0, 6.0, 0.0, -0.0016352711961346023, 0.0020064107533963593, 0.8156965694954803, 0.006751070461129677], "scale": [0.021669503655520533, 0.033706161749525426, 1.0, 18.428205880471538, 1.6718107966065077, 1.5687653541431241, 0.4603149323886935, 0.028503551245493162, 0.49260382851057555, 0.6135744026763694, 0.009101289327670847, 0.021829635964742078, 0.0029336771330551173, 0.44259659360648673, 0.6691877863534532, 0.009567993088916316, 4.130001068115234, 0.08532225077523536, 1.0, 1.0, 0.037114350333826485, 0.06254077005886893, 0.090932483743833, 0.1282202805684156, 0.03304272689177466, 0.12799882757263514, 2.0, 7.0, 1.0, 0.02805252923618584, 0.015523160317993168, 0.15077255685493607, 0.019884556515776024], "features": ["SMA20_dist", "SMA50_dist", "sma_cross", "RSI14", "MACD", "MACD_sig", "MACD_hist", "BB_width", "BB_pos", "ATR14", "ret_1d", "ret_5d", "vol_10d", "vol_ratio", "obv_trend", "spy_ret_1d", "vix_level", "vix_change", "vix_regime", "asset_class", "ret_1m", "ret_3m", "ret_6m", "ret_12m", "high52w_dist", "low52w_dist", "day_of_week", "month", "is_options_expiry", "btc_ret_1d", "gold_ret_1d", "corr_spy_20d", "vwap_dist"]}