{"center": [0.00471451701010429, 0.009514984517067405, 1.0, 52.290269732285054, 0.4814028227864924, 0.44001403046999676, -0.05565949679732357, 0.07094222564315436, 0.5537609119790606, 2.624308360075927, 0.0005169994198581662, 0.0019140172201810302, 0.012046415064062474, 0.9802370990722967, 1.023564116525788, 0.0014456352254532678, 17.649999618530273, -0.008169153323245748, 1.0, 0.0, 0.010819201400563472, 0.0, 0.0, 0.0, -0.05563259813401769, 0.2387073849475863, 2.0, 6.0, 0.0, -0.0008217291810309613, 0.002599431669397134, 0.6048344206556541, 0.005300053787985908], "scale": [0.03559827563656518, 0.06347262420370682, 1.0, 18.11418015248867, 2.3131294879487996, 2.1828874195519736, 0.6491688991879725, 0.04319767348589205, 0.4714812099455817, 1.1245588456087745, 0.016459389783390788, 0.03401152572235844, 0.004574318584117715, 0.5053100264652068, 0.4382097489957112, 0.009359029433215982, 3.8500003814697266, 0.08459762940994986, 1.0, 1.0, 0.06493417942626234, 0.16660725955667044, 0.22141348082632606, 0.2686490377700008, 0.07543257571496778, 0.42309166508288326, 2.0, 7.0, 1.0, 0.028953221245066274, 0.015278967798298293, 0.24241789690195287, 0.03667149774931476], "features": ["SMA20_dist", "SMA50_dist", "sma_cross", "RSI14", "MACD", "MACD_sig", "MACD_hist", "BB_width", "BB_pos", "ATR14", "ret_1d", "ret_5d", "vol_10d", "vol_ratio", "obv_trend", "spy_ret_1d", "vix_level", "vix_change", "vix_regime", "asset_class", "ret_1m", "ret_3m", "ret_6m", "ret_12m", "high52w_dist", "low52w_dist", "day_of_week", "month", "is_options_expiry", "btc_ret_1d", "gold_ret_1d", "corr_spy_20d", "vwap_dist"]}