{"center": [0.0001729590596052704, 0.011542324194986842, 1.0, 51.026680839897864, 0.3216518251927667, 0.3987566722271423, -0.03190241043617714, 0.07403284355655196, 0.5027161078554002, 1.6259606994700064, 0.0005235502076794685, -0.0002789287878836033, 0.011304718527787354, 0.9754277502448515, 0.99689588563259, 0.0011228088139311199, 17.6850004196167, -0.0067012664712571834, 1.0, 0.0, 0.004722375156307024, 0.02365540988090109, 0.02373225539321233, 0.0, -0.056251313289247026, 0.17226530983718172, 2.0, 6.0, 0.0, -0.0003184371753567339, 0.001674234105256911, 0.2446934780841175, 0.0018149560051007414], "scale": [0.04089329859523031, 0.08227479373212446, 1.0, 23.669991490154494, 1.8352653033853343, 1.8501781298517417, 0.5263321177077471, 0.04910539018787646, 0.5615614186622628, 0.4402207211920277, 0.015255717340362684, 0.03641313958326356, 0.00587978912501437, 0.39246916073669613, 0.182544377229646, 0.008964235224926453, 4.309999942779541, 0.08451014059393425, 1.0, 1.0, 0.07634823884286515, 0.16276233479530702, 0.10298713175469054, 0.11685001359854441, 0.09190479797516249, 0.10044475960328911, 2.0, 6.0, 1.0, 0.02714930789683012, 0.015019217696406323, 0.418331121336482, 0.04207429456298327], "features": ["SMA20_dist", "SMA50_dist", "sma_cross", "RSI14", "MACD", "MACD_sig", "MACD_hist", "BB_width", "BB_pos", "ATR14", "ret_1d", "ret_5d", "vol_10d", "vol_ratio", "obv_trend", "spy_ret_1d", "vix_level", "vix_change", "vix_regime", "asset_class", "ret_1m", "ret_3m", "ret_6m", "ret_12m", "high52w_dist", "low52w_dist", "day_of_week", "month", "is_options_expiry", "btc_ret_1d", "gold_ret_1d", "corr_spy_20d", "vwap_dist"]}