{"center": [0.02982866885821931, 0.05773791181616257, 1.0, 57.27010989705278, 1.9268274117494286, 1.7233277113452674, 0.08620669883606524, 0.23238104122840506, 0.6499942111615942, 6.602713448660714, -0.0008895022112859197, 0.014201906682614007, 0.03357907713525786, 0.899592900012195, 1.0153880339256147, 0.000560282661534961, 17.399999618530273, -0.004632673488730754, 1.0, 0.0, 0.06741300675291462, 0.20507369562189437, 0.460473258063814, 0.14888793652190158, -0.10078643003667215, 1.9881500175119133, 2.0, 6.0, 0.0, -0.00032588834829794244, 0.001992014086009908, 0.4798079641613032, 0.03364139154227372], "scale": [0.10789989534534286, 0.20573907436776162, 1.0, 26.953979468089358, 5.804771310735731, 5.498478942564116, 1.8706150537024722, 0.11151014093459127, 0.5229891554066187, 2.2575386592320035, 0.038968839179682135, 0.10297790015562275, 0.019069383188819133, 0.3819796929167798, 0.06317389030440768, 0.009290240610426215, 4.154999732971191, 0.08530471872754536, 1.0, 1.0, 0.21172640565633682, 0.5662048406916892, 1.1627256660926533, 1.588845759028011, 0.2466808823682245, 2.631458053714892, 2.0, 7.0, 1.0, 0.02831268401945536, 0.015381474837691145, 0.351475704043659, 0.11453429457673296], "features": ["SMA20_dist", "SMA50_dist", "sma_cross", "RSI14", "MACD", "MACD_sig", "MACD_hist", "BB_width", "BB_pos", "ATR14", "ret_1d", "ret_5d", "vol_10d", "vol_ratio", "obv_trend", "spy_ret_1d", "vix_level", "vix_change", "vix_regime", "asset_class", "ret_1m", "ret_3m", "ret_6m", "ret_12m", "high52w_dist", "low52w_dist", "day_of_week", "month", "is_options_expiry", "btc_ret_1d", "gold_ret_1d", "corr_spy_20d", "vwap_dist"]}