{"center": [0.003477022904390091, 0.005839148446039686, 1.0, 53.04130683165431, 2.002347539472453, 2.163198600263956, -0.0276388145455293, 0.07168381328508752, 0.5613818157239565, 16.755614157281034, 0.00013047595690651725, 0.002522983187609462, 0.011396047943638384, 0.9495007460117066, 0.965507902028995, 0.001376057202634895, 17.350000381469727, -0.006733946910202238, 1.0, 0.0, 0.00382154387732192, 0.02158694673829653, 0.01976206766200872, 0.0, -0.0753400203602117, 0.1590636015049776, 2.0, 6.0, 0.0, 0.001045771070669721, 0.0017929035935666526, 0.17400624329174827, 0.0038591016139644264], "scale": [0.03684612009188712, 0.061650759618375704, 1.0, 21.47221518029034, 16.565858274392212, 16.66402664221711, 4.691458584470835, 0.04083320524571482, 0.4792037629255314, 4.5012532530720115, 0.0143772598214843, 0.03563759387102272, 0.004023153097512134, 0.31295759837997306, 0.506929807835942, 0.008875457770462836, 3.8599987030029297, 0.07857448574550097, 1.0, 1.0, 0.06978346920605527, 0.10832866892173676, 0.1050021338168543, 0.050046958906858174, 0.08334415705933573, 0.10326982331247578, 2.0, 7.0, 1.0, 0.026228910297139252, 0.0153075522055367, 0.47084816431702553, 0.03797375863585428], "features": ["SMA20_dist", "SMA50_dist", "sma_cross", "RSI14", "MACD", "MACD_sig", "MACD_hist", "BB_width", "BB_pos", "ATR14", "ret_1d", "ret_5d", "vol_10d", "vol_ratio", "obv_trend", "spy_ret_1d", "vix_level", "vix_change", "vix_regime", "asset_class", "ret_1m", "ret_3m", "ret_6m", "ret_12m", "high52w_dist", "low52w_dist", "day_of_week", "month", "is_options_expiry", "btc_ret_1d", "gold_ret_1d", "corr_spy_20d", "vwap_dist"]}