{"center": [0.002658924348882401, 0.007205476765816219, 1.0, 51.50504511284776, 0.22868413990946124, 0.2654254155040301, -0.022589458187824596, 0.04825342978908744, 0.5582344989560218, 1.1622229635643504, 0.0005511850303423493, 0.0006508055244363042, 0.00872300458433816, 0.9526519558507313, 1.0298956122451668, 0.0014456352254532678, 17.280000686645508, -0.00900898630432001, 1.0, 0.0, 0.006839341536669208, 0.015411007330576432, 0.015136766926909795, 0.0, -0.041384353552839384, 0.13651120110680123, 2.0, 6.0, 0.0, -0.0006866332556169086, 0.0020187288833615202, 0.3805943734473603, 0.0028837196041443776], "scale": [0.0227022502041951, 0.026640592584656668, 1.0, 16.706825551564464, 0.6743653601153028, 0.5912476336661383, 0.2455926256771262, 0.020762140229559738, 0.47660631011447996, 0.2906125370929584, 0.010738145276742661, 0.023470254203881824, 0.003683701128834054, 0.37504667445983086, 0.36355676858923247, 0.009169697328040516, 4.020000457763672, 0.0782797119027202, 1.0, 1.0, 0.036232250928039944, 0.05198064009515968, 0.05388464212093691, 0.05099193328859619, 0.03986089253211862, 0.057683278663340914, 2.0, 6.0, 1.0, 0.028621353559674545, 0.014899310382288644, 0.3397226852073321, 0.023763631677598436], "features": ["SMA20_dist", "SMA50_dist", "sma_cross", "RSI14", "MACD", "MACD_sig", "MACD_hist", "BB_width", "BB_pos", "ATR14", "ret_1d", "ret_5d", "vol_10d", "vol_ratio", "obv_trend", "spy_ret_1d", "vix_level", "vix_change", "vix_regime", "asset_class", "ret_1m", "ret_3m", "ret_6m", "ret_12m", "high52w_dist", "low52w_dist", "day_of_week", "month", "is_options_expiry", "btc_ret_1d", "gold_ret_1d", "corr_spy_20d", "vwap_dist"]}