{"center": [-0.00040989653451133806, 0.01506642947765848, 1.0, 49.36910083255465, 0.07925373510740741, 0.10413190665732264, -0.002820096636324987, 0.08338183305440451, 0.4907206354719335, 0.3187205297884737, 0.00017974449361646272, 0.0029184018102437204, 0.011716033718785334, 0.764163372859025, 0.9959550561797753, 0.0013579397972762752, 17.280000686645508, -0.006586862594382348, 1.0, 0.0, 0.0023674710997589887, 0.06372769246686194, 0.09779376858103017, 0.0, -0.05565071602318052, 0.36648871199556615, 2.0, 6.0, 0.0, 0.0003224981011604733, 0.0010471549570203464, 0.6286085285848327, 0.00011613097309495207], "scale": [0.048027798628319865, 0.09842014454958845, 1.0, 28.343754472632796, 0.5928936395051352, 0.569825337798668, 0.12196956149949745, 0.059365986913408365, 0.5631154564369598, 0.11574977600696207, 0.015265088311629538, 0.039437101072132275, 0.005202037811586065, 0.7751880626464422, 0.46549278931719884, 0.009038348473001001, 3.989999771118164, 0.08038611650018879, 1.0, 1.0, 0.09880251427976527, 0.2066579770988375, 0.3091831498703149, 0.29057992982583647, 0.1358262854305066, 0.4160946570985461, 2.0, 7.0, 1.0, 0.026236419930251165, 0.015447457780658036, 0.2092128204856003, 0.04872765201521671], "features": ["SMA20_dist", "SMA50_dist", "sma_cross", "RSI14", "MACD", "MACD_sig", "MACD_hist", "BB_width", "BB_pos", "ATR14", "ret_1d", "ret_5d", "vol_10d", "vol_ratio", "obv_trend", "spy_ret_1d", "vix_level", "vix_change", "vix_regime", "asset_class", "ret_1m", "ret_3m", "ret_6m", "ret_12m", "high52w_dist", "low52w_dist", "day_of_week", "month", "is_options_expiry", "btc_ret_1d", "gold_ret_1d", "corr_spy_20d", "vwap_dist"]}