{"center": [0.016932869678113006, 0.04104474687623506, 1.0, 56.19519534568712, 2.9078215686697604, 2.973657887577791, 0.05197067828653701, 0.1258481228218606, 0.6597566729417648, 7.414787845247171, 0.0021361498702181514, 0.008648945989465195, 0.01879754348025571, 0.9730817466226336, 1.038782791355013, 0.0010938140906693317, 17.479999542236328, -0.006658632403358511, 1.0, 0.0, 0.03149980667295993, 0.12328704463058582, 0.15817598630907792, 0.1858554206010936, -0.07081845414031426, 0.6057794157011611, 2.0, 6.0, 0.0, 0.00038358610925337544, 0.0014259144001700363, 0.8171315288315856, 0.021331515301877726], "scale": [0.06417964562185893, 0.1047817428635974, 1.0, 21.756989576562866, 8.880242400065072, 8.439267127521534, 2.4069528616390508, 0.07801239940092547, 0.48159244651551103, 5.162507033823487, 0.025083054369676283, 0.0626957880733735, 0.008802741249001253, 0.4702103576539839, 0.2898318225151503, 0.009033243552562631, 4.249999046325684, 0.07816047332336173, 1.0, 1.0, 0.11407289226485229, 0.1988895539416622, 0.38610801589007426, 0.5333412655952199, 0.11267461933116336, 0.9383736186680176, 2.0, 7.0, 1.0, 0.027364956769871274, 0.01433052338926133, 0.1286773898971374, 0.06228392473587258], "features": ["SMA20_dist", "SMA50_dist", "sma_cross", "RSI14", "MACD", "MACD_sig", "MACD_hist", "BB_width", "BB_pos", "ATR14", "ret_1d", "ret_5d", "vol_10d", "vol_ratio", "obv_trend", "spy_ret_1d", "vix_level", "vix_change", "vix_regime", "asset_class", "ret_1m", "ret_3m", "ret_6m", "ret_12m", "high52w_dist", "low52w_dist", "day_of_week", "month", "is_options_expiry", "btc_ret_1d", "gold_ret_1d", "corr_spy_20d", "vwap_dist"]}