{"center": [0.0032951929864465136, 0.006227623492393792, 0.0, 51.47519125409174, 0.11388473983874547, 0.08135925979978348, 0.10590745195233454, 0.18028964528378127, 0.5322064583576489, 3.981072834559849, 0.0017283447847201705, 0.0034446385460444873, 0.02712649198495072, 0.8817838696713578, 1.0196475739214217, 0.002278103659434816, 17.38499927520752, -0.008215431912692972, 1.0, 0.0, -0.0037982163231471966, 0.017847937515081624, 0.029221155245937047, 0.04479798229440446, -0.21814469263373426, 0.25907272755041066, 2.0, 6.0, 0.0, 0.00035304210520692436, 0.0016024120815585352, 0.423981084901648, -0.0001724022015777907], "scale": [0.09236271685498296, 0.11639972156436365, 1.0, 25.592723143963646, 3.0943615800353754, 2.910118777338009, 1.3032615059425146, 0.10654763770429146, 0.5131924419783116, 2.1650000980922157, 0.029969141647255282, 0.08134134386733335, 0.013815142142045034, 0.5396962294994527, 0.13132123861839762, 0.00898715075334744, 3.6150002479553223, 0.0769490089051375, 1.0, 1.0, 0.16584453510263208, 0.15671316902643967, 0.2283820907797115, 0.37905154199092206, 0.10194295995500105, 0.4353113411773747, 2.0, 6.75, 1.0, 0.026612099123129035, 0.015110391598244094, 0.43193706294136847, 0.0902907767022724], "features": ["SMA20_dist", "SMA50_dist", "sma_cross", "RSI14", "MACD", "MACD_sig", "MACD_hist", "BB_width", "BB_pos", "ATR14", "ret_1d", "ret_5d", "vol_10d", "vol_ratio", "obv_trend", "spy_ret_1d", "vix_level", "vix_change", "vix_regime", "asset_class", "ret_1m", "ret_3m", "ret_6m", "ret_12m", "high52w_dist", "low52w_dist", "day_of_week", "month", "is_options_expiry", "btc_ret_1d", "gold_ret_1d", "corr_spy_20d", "vwap_dist"]}