{"center": [0.0028832123328412194, 0.01025733552592281, 1.0, 52.097945318845376, 0.08935438400568074, 0.10306928942168975, -0.002916962155567804, 0.056777720622686725, 0.5641568883435112, 0.30558159722198724, 0.00035605284675299664, 0.0015168530859936968, 0.009425623458553516, 0.9575080158553474, 1.00014767058952, 0.0005685787823312971, 17.3799991607666, -0.005579556721748813, 1.0, 0.0, 0.011177294156501594, 0.02466792673054785, 0.034448967940943875, 0.04975834974015414, -0.03392986996564485, 0.2526780940270405, 2.0, 6.0, 0.0, -0.0003109860024155253, 0.0020064107533963593, 0.6826240051129829, 0.0037050384196495247], "scale": [0.028721459692714276, 0.044256932856962125, 1.0, 19.08475747301045, 0.3355571536029629, 0.3221244147176998, 0.10414553467937471, 0.044286533879977774, 0.4624827476519387, 0.1146433762054776, 0.011851126975463533, 0.027160658765870593, 0.004382904742898205, 0.5113103064724884, 0.2849830713578989, 0.009121299043977404, 4.270000457763672, 0.08223205320230165, 1.0, 1.0, 0.05754193100575111, 0.08699772349247914, 0.10260382987947159, 0.1261175297835806, 0.04776342425346547, 0.19284273600183405, 2.0, 7.0, 1.0, 0.02656757450045255, 0.014057585666618744, 0.21442004555109195, 0.02745337029848835], "features": ["SMA20_dist", "SMA50_dist", "sma_cross", "RSI14", "MACD", "MACD_sig", "MACD_hist", "BB_width", "BB_pos", "ATR14", "ret_1d", "ret_5d", "vol_10d", "vol_ratio", "obv_trend", "spy_ret_1d", "vix_level", "vix_change", "vix_regime", "asset_class", "ret_1m", "ret_3m", "ret_6m", "ret_12m", "high52w_dist", "low52w_dist", "day_of_week", "month", "is_options_expiry", "btc_ret_1d", "gold_ret_1d", "corr_spy_20d", "vwap_dist"]}