{"center": [0.008431189797177836, 0.021063125451124126, 1.0, 58.08958939780412, 3.9978906183745835, 3.8633530804752394, -0.18180195368863394, 0.05044943003971515, 0.69565977151023, 6.727679079367915, 0.00039572989517322466, 0.003911336659260467, 0.0076081380506733045, 0.9693730496042987, 1.0461451961293022, 0.0014519110554643833, 17.460000038146973, -0.005649859110261113, 1.0, 0.0, 0.01930034358728694, 0.04436824999458788, 0.06486828613771023, 0.13908250937192346, -0.009512734572603952, 0.2702906410142826, 2.0, 6.0, 0.0, -0.0002701146200822513, 0.0005354645225811305, 0.9999999999472484, 0.010043988337627173], "scale": [0.022041603361781043, 0.037824255951647276, 1.0, 22.63857158424723, 5.275073895408269, 4.905614791504752, 1.7075149497305278, 0.03203045316005895, 0.4214264771546207, 2.7608840040673055, 0.009054889053722925, 0.022919531548539568, 0.004231773434495679, 0.3274795356459246, 0.2221583263118323, 0.009346717325257436, 3.914999485015869, 0.08001988247360942, 1.0, 1.0, 0.041922400054847875, 0.07349799304226745, 0.11756412763646712, 0.18495355597719887, 0.024644088459160985, 0.19377148974855418, 2.0, 7.0, 1.0, 0.02706644924322868, 0.014454728245602483, 1.269615523824541e-10, 0.020572317831922225], "features": ["SMA20_dist", "SMA50_dist", "sma_cross", "RSI14", "MACD", "MACD_sig", "MACD_hist", "BB_width", "BB_pos", "ATR14", "ret_1d", "ret_5d", "vol_10d", "vol_ratio", "obv_trend", "spy_ret_1d", "vix_level", "vix_change", "vix_regime", "asset_class", "ret_1m", "ret_3m", "ret_6m", "ret_12m", "high52w_dist", "low52w_dist", "day_of_week", "month", "is_options_expiry", "btc_ret_1d", "gold_ret_1d", "corr_spy_20d", "vwap_dist"]}