{"center": [0.013679848622151573, 0.044462719968051165, 1.0, 55.813954983261425, 0.5656969538752108, 0.5768849053836937, -0.027289170173509847, 0.09984418025545784, 0.6393442217764604, 1.3292536369573829, 0.0030283433315509978, 0.008092303093932607, 0.014498394607597668, 0.9671593391333068, 1.0303256653291186, 0.0017922238140926083, 17.239999771118164, -0.009244158887228515, 1.0, 0.0, 0.025832531501369438, 0.11104224404963325, 0.15351172941618163, 0.0017255866661305408, -0.03622579039858932, 0.4516265158606379, 2.0, 6.0, 0.0, 0.00029724205673309356, 0.0017929035935666526, 0.2602080593089039, 0.014498021564329718], "scale": [0.04768383912162765, 0.0581797086973463, 1.0, 24.984389123162956, 0.8831924162658886, 0.7970483806525048, 0.45413839553310403, 0.0880198721806242, 0.4852178312394221, 0.4643788691340285, 0.017341484341177327, 0.044161846149706474, 0.010027777020091621, 0.5449921657708867, 0.16084387189863936, 0.008886533141236108, 3.390000343322754, 0.07870274765978819, 1.0, 1.0, 0.08632243182702914, 0.1629481507738405, 0.27942807828074745, 0.45233393015189494, 0.0915718853061108, 0.24625430349665423, 2.0, 7.0, 1.0, 0.02432945874577863, 0.015307772657775387, 0.4498915638831285, 0.047658716171278134], "features": ["SMA20_dist", "SMA50_dist", "sma_cross", "RSI14", "MACD", "MACD_sig", "MACD_hist", "BB_width", "BB_pos", "ATR14", "ret_1d", "ret_5d", "vol_10d", "vol_ratio", "obv_trend", "spy_ret_1d", "vix_level", "vix_change", "vix_regime", "asset_class", "ret_1m", "ret_3m", "ret_6m", "ret_12m", "high52w_dist", "low52w_dist", "day_of_week", "month", "is_options_expiry", "btc_ret_1d", "gold_ret_1d", "corr_spy_20d", "vwap_dist"]}