{"center": [0.004943665620728696, 0.016189775252283496, 1.0, 50.28766476005008, 0.9483952750481421, 0.5123407357768249, -0.0481091303801211, 0.13256800387774925, 0.5352177006063729, 5.631072998046875, 0.0008923269980978255, 0.00356882364438893, 0.018304303003277848, 0.8855803102305388, 1.004309680145754, 0.0008024793172289879, 17.5600004196167, -0.0048289091912665505, 1.0, 0.0, 0.004183658863490924, 0.02118350859629492, 0.04716135949586697, 0.07723255371216031, -0.09498956141950604, 0.3915733924425704, 2.0, 6.0, 0.0, -0.0015742310644737412, 0.0017309682584434327, 0.35647801793490885, 0.002097705373188297], "scale": [0.07073889270307976, 0.11235983976696295, 1.0, 29.26276127830142, 6.060547883492177, 6.12405764990198, 2.1179283950208214, 0.10631224335365472, 0.5364151781380417, 1.8044670649937213, 0.024041456168777564, 0.06149126734800289, 0.008587955897078291, 0.4651566067834205, 0.2321881320282735, 0.00956409541009623, 4.090000152587891, 0.08049715104246385, 1.0, 1.0, 0.12859385296598858, 0.20794834545716093, 0.2056640396041482, 0.323318970197826, 0.10910583830508454, 0.3615819213995176, 2.0, 7.0, 1.0, 0.028239492494223722, 0.01564220581997519, 0.42578527996158344, 0.07171499515511506], "features": ["SMA20_dist", "SMA50_dist", "sma_cross", "RSI14", "MACD", "MACD_sig", "MACD_hist", "BB_width", "BB_pos", "ATR14", "ret_1d", "ret_5d", "vol_10d", "vol_ratio", "obv_trend", "spy_ret_1d", "vix_level", "vix_change", "vix_regime", "asset_class", "ret_1m", "ret_3m", "ret_6m", "ret_12m", "high52w_dist", "low52w_dist", "day_of_week", "month", "is_options_expiry", "btc_ret_1d", "gold_ret_1d", "corr_spy_20d", "vwap_dist"]}