{"center": [-0.00014808004555886842, -0.002317757317924507, 0.0, 49.63511483150891, -0.0037535617025490353, -0.005888620509050663, -0.00020094448611378268, 0.04023721205075926, 0.4959583960465188, 0.2295912854453628, 0.00036377178086222095, -0.0006433645545623756, 0.006131886000034416, 0.9159847881155533, 1.0259409275634004, 0.0014769270312444682, 17.649999618530273, -0.00900898630432001, 1.0, 0.0, -0.0006638277494298572, -8.451337697445993e-07, 0.0, 0.0, -0.06244494855101502, 0.06407328287098607, 2.0, 6.0, 0.0, 0.0010508749979196708, 0.0019383092584315254, 0.13383134496332053, -5.69145460346026e-05], "scale": [0.020132732119237037, 0.029346996478054194, 1.0, 22.446936078454605, 0.20525263158099705, 0.18740315358910625, 0.07553981716147773, 0.022967458388264965, 0.5111202339741581, 0.08342058268366057, 0.009101138612302773, 0.01633645101581238, 0.0023286824691045767, 0.5236733013559358, 0.357538709420406, 0.00918637502955788, 4.150001525878906, 0.08356258677953943, 1.0, 1.0, 0.036486225010788575, 0.046824620185103805, 0.05404753787585115, 0.02734174405273926, 0.06194007715554593, 0.04164912578126688, 2.0, 7.0, 1.0, 0.027139405455071874, 0.014534761151643316, 0.5653589040465409, 0.019962031134867553], "features": ["SMA20_dist", "SMA50_dist", "sma_cross", "RSI14", "MACD", "MACD_sig", "MACD_hist", "BB_width", "BB_pos", "ATR14", "ret_1d", "ret_5d", "vol_10d", "vol_ratio", "obv_trend", "spy_ret_1d", "vix_level", "vix_change", "vix_regime", "asset_class", "ret_1m", "ret_3m", "ret_6m", "ret_12m", "high52w_dist", "low52w_dist", "day_of_week", "month", "is_options_expiry", "btc_ret_1d", "gold_ret_1d", "corr_spy_20d", "vwap_dist"]}