{"center": [0.01683169667040261, 0.02303702182712413, 1.0, 57.724570770189644, 0.48783674724752757, 0.36898891697934155, 0.013133853701897596, 0.12942187823564963, 0.6737299575246064, 1.8326245236105483, 0.0014702758910931646, 0.00632357988204002, 0.017689762620399167, 0.9223782137087364, 1.0403117106549167, 0.0016705837326954631, 17.289999961853027, -0.010090417175121658, 1.0, 0.0, 0.03389667673713481, 0.037798209601921595, 0.13314557299713337, 0.14329351417293512, -0.054014089782406176, 0.4990847608147514, 2.0, 6.0, 0.0, 0.00024003985338927336, 0.0018622833703786368, 0.09403441264141718, 0.017105443131968875], "scale": [0.06629367901848522, 0.10699990382490258, 1.0, 26.384078409644246, 2.090095316739326, 1.881451474871344, 0.6416378557962109, 0.08860588656507692, 0.504582456992003, 0.5898827499136625, 0.020742354613635217, 0.05832504516464923, 0.008219487692380432, 0.41886637438590046, 0.14182831282267494, 0.00928236092109952, 3.9300007820129395, 0.07963263942747423, 1.0, 1.0, 0.13269538406659168, 0.1783309338338893, 0.22386710241691643, 0.3572683905442031, 0.08684513770885388, 0.4122934537395208, 2.0, 6.0, 1.0, 0.026251155375962426, 0.01514899221061558, 0.35759228119277164, 0.06332862052400576], "features": ["SMA20_dist", "SMA50_dist", "sma_cross", "RSI14", "MACD", "MACD_sig", "MACD_hist", "BB_width", "BB_pos", "ATR14", "ret_1d", "ret_5d", "vol_10d", "vol_ratio", "obv_trend", "spy_ret_1d", "vix_level", "vix_change", "vix_regime", "asset_class", "ret_1m", "ret_3m", "ret_6m", "ret_12m", "high52w_dist", "low52w_dist", "day_of_week", "month", "is_options_expiry", "btc_ret_1d", "gold_ret_1d", "corr_spy_20d", "vwap_dist"]}