{"center": [0.015007533762272826, 0.03757435053457252, 1.0, 60.837090985626716, 1.191040857049316, 1.1486631335871573, 0.019147717482202786, 0.06959975249319503, 0.7276139709468742, 1.49261557538631, 0.00048029723527986956, 0.007190396034106872, 0.009065828508119083, 0.7989284336041056, 1.0491731134674036, 0.0007457891330568955, 17.460000038146973, -0.006606896521132111, 1.0, 0.0, 0.03761955298583253, 0.09022677034145932, 0.11231926594705555, 0.15362632101264806, -0.016348903874599093, 0.27375018308876975, 2.0, 6.0, 0.0, 0.00024003985338927336, 0.0016024120815585352, 0.8070778580392368, 0.014988722997683411], "scale": [0.03141146327122375, 0.0479838170838255, 1.0, 21.564534037518392, 1.6774507651782393, 1.4435893417933334, 0.52457813173416, 0.040011982317579756, 0.40416935405549603, 1.1076299211555032, 0.013114391367921197, 0.03142994160670701, 0.0043640777724285144, 0.6231550261447529, 0.49773559373058796, 0.00887229716387189, 3.7599997520446777, 0.07865266505626123, 1.0, 1.0, 0.05969246521650759, 0.11511529819734712, 0.2658656810047074, 0.3701643043931527, 0.040149895665547525, 0.4476666212403252, 2.0, 7.0, 1.0, 0.0272772785776281, 0.01567193464550873, 0.14555055291632646, 0.030017622984493432], "features": ["SMA20_dist", "SMA50_dist", "sma_cross", "RSI14", "MACD", "MACD_sig", "MACD_hist", "BB_width", "BB_pos", "ATR14", "ret_1d", "ret_5d", "vol_10d", "vol_ratio", "obv_trend", "spy_ret_1d", "vix_level", "vix_change", "vix_regime", "asset_class", "ret_1m", "ret_3m", "ret_6m", "ret_12m", "high52w_dist", "low52w_dist", "day_of_week", "month", "is_options_expiry", "btc_ret_1d", "gold_ret_1d", "corr_spy_20d", "vwap_dist"]}