{"center": [0.01939659149803745, 0.03408653894642551, 1.0, 56.53423545920017, 0.5070693760975331, 0.4389059648902953, 0.07962002831422577, 0.15568531567240318, 0.647935564510381, 1.190167650672401, 0.0033012136544370296, 0.013526312098173121, 0.02082042886486179, 0.0011227628468546413, 17.53499984741211, -0.007288538293765301], "scale": [0.07950845239286614, 0.12534312979820764, 1.0, 25.48245162051154, 1.6920574278484803, 1.5047802282740568, 0.5434953598302577, 0.09818611828402735, 0.5268245640408815, 1.0542981434732912, 0.028304673799249114, 0.06936793316655379, 0.013257535175845306, 0.009187597426113803, 4.362500190734863, 0.08228684297034922], "features": ["SMA20_dist", "SMA50_dist", "sma_cross", "RSI14", "MACD", "MACD_sig", "MACD_hist", "BB_width", "BB_pos", "ATR14", "ret_1d", "ret_5d", "vol_10d", "spy_ret_1d", "vix_level", "vix_change"]}