{"center": [0.019485167660005423, 0.050796867903067214, 1.0, 58.44543234351022, 1.1912755043772307, 1.1523463327862153, 0.017303282150275212, 0.11663693028804743, 0.6744945675546781, 2.092262347201068, 0.002228019009012261, 0.008278480491968443, 0.01603072680407379, 0.945569858204952, 1.0264020917172352, 0.0013758227325151307, 17.3799991607666, -0.0067322198012426115, 1.0, 0.0, 0.038166166181967, 0.12563620034722756, 0.2255463938356066, 0.4541825165752629, -0.04006252081105907, 0.6808614456360186, 2.0, 6.0, 0.0, -0.0003342625487465778, 0.001992014086009908, 0.674113405160937, 0.021380777621869185], "scale": [0.059197386981247616, 0.0848382518788679, 1.0, 25.231555457121118, 2.0111819189968188, 1.830716863949854, 0.6724554339436498, 0.08645985577112239, 0.46645722422234526, 1.4515353412329586, 0.019962553553673157, 0.05164921873370476, 0.008127706521023362, 0.4217036424159767, 0.16354818476634725, 0.008504835085040463, 4.249999523162842, 0.08120813349020983, 1.0, 1.0, 0.11520295740524783, 0.20152435868534513, 0.24399129669934494, 0.6355590914530852, 0.06898028368020709, 0.5835774349277554, 2.0, 7.0, 1.0, 0.027035607372506487, 0.014400900601120703, 0.2209961733465473, 0.05744238353822383], "features": ["SMA20_dist", "SMA50_dist", "sma_cross", "RSI14", "MACD", "MACD_sig", "MACD_hist", "BB_width", "BB_pos", "ATR14", "ret_1d", "ret_5d", "vol_10d", "vol_ratio", "obv_trend", "spy_ret_1d", "vix_level", "vix_change", "vix_regime", "asset_class", "ret_1m", "ret_3m", "ret_6m", "ret_12m", "high52w_dist", "low52w_dist", "day_of_week", "month", "is_options_expiry", "btc_ret_1d", "gold_ret_1d", "corr_spy_20d", "vwap_dist"]}