{"center": [0.005027698877368158, 0.013315552283783097, 1.0, 53.39836136448126, 5.544036585317826, 4.689906613811675, -0.5395576737081234, 0.09334409110846283, 0.5708911504806002, 20.983770771403638, 9.598510473729505e-05, 0.002993488039787273, 0.013422535872845944, 0.970295102068353, 1.0331782065528998, 0.0015604554806610826, 17.289999961853027, -0.006606896521132111, 1.0, 0.0, 0.013478304173197952, 0.020952470603341933, 0.015386811084107777, 0.017576706390477148, -0.07937204399771108, 0.2531523425053644, 2.0, 6.0, 0.0, -0.0005803652024484185, 0.00195494092813997, 0.6639484486088579, 0.004947043096160033], "scale": [0.0452392705585483, 0.08169264225729543, 1.0, 22.555339715904545, 22.21526331773518, 20.90873688824238, 6.424214399071765, 0.052374095246710856, 0.5001464183201667, 6.610382858460714, 0.014324883498592011, 0.04411837800809443, 0.007145840638661248, 0.40973855843025087, 0.2399552831813816, 0.008853426695827699, 4.319999933242798, 0.08081702954728714, 1.0, 1.0, 0.08421916775752128, 0.16939491471580634, 0.16140216256371515, 0.1387074949324944, 0.0928399917961079, 0.16771930071931074, 2.0, 7.0, 1.0, 0.02562734622461474, 0.014039924606280785, 0.3304660921688342, 0.045375063659135705], "features": ["SMA20_dist", "SMA50_dist", "sma_cross", "RSI14", "MACD", "MACD_sig", "MACD_hist", "BB_width", "BB_pos", "ATR14", "ret_1d", "ret_5d", "vol_10d", "vol_ratio", "obv_trend", "spy_ret_1d", "vix_level", "vix_change", "vix_regime", "asset_class", "ret_1m", "ret_3m", "ret_6m", "ret_12m", "high52w_dist", "low52w_dist", "day_of_week", "month", "is_options_expiry", "btc_ret_1d", "gold_ret_1d", "corr_spy_20d", "vwap_dist"]}