{"center": [0.00878843866398192, 0.022009446345880465, 1.0, 57.524965814444954, 0.4924503307747585, 0.500401899417212, -0.023831662170825996, 0.04752728169862849, 0.6867593178001683, 0.7977986717089516, 0.0005984331081556604, 0.004048117039238797, 0.007558590545969237, 0.8889889439191555, 1.0675127527825925, 0.0007605411933127026, 17.479999542236328, -0.006626930447881874, 1.0, 0.0, 0.016662666005663018, 0.04551535580383392, 0.05676766002301137, 0.12579510497878132, -0.010723051912455076, 0.2649298831740215, 2.0, 6.0, 0.0, -0.0007713643170961237, 0.000748780548875283, 0.9976372857481586, 0.009472756879021969], "scale": [0.02155220279688476, 0.038661351943353295, 1.0, 21.619075214645036, 0.641035547470878, 0.629570942091583, 0.1967822768430843, 0.033470447592108626, 0.42313250098821364, 0.374306398391403, 0.008838205706959035, 0.023078301987208283, 0.004277394524881906, 0.5111543774400766, 0.3920398369920095, 0.008784065205752645, 3.859999656677246, 0.07795913300467316, 1.0, 1.0, 0.04323453012014794, 0.074876112375451, 0.11090875958492441, 0.18046876022713854, 0.025668676189836804, 0.19013908463867743, 2.0, 7.0, 1.0, 0.027320023838776242, 0.01464043268028542, 0.0022375878375230362, 0.021191721700388827], "features": ["SMA20_dist", "SMA50_dist", "sma_cross", "RSI14", "MACD", "MACD_sig", "MACD_hist", "BB_width", "BB_pos", "ATR14", "ret_1d", "ret_5d", "vol_10d", "vol_ratio", "obv_trend", "spy_ret_1d", "vix_level", "vix_change", "vix_regime", "asset_class", "ret_1m", "ret_3m", "ret_6m", "ret_12m", "high52w_dist", "low52w_dist", "day_of_week", "month", "is_options_expiry", "btc_ret_1d", "gold_ret_1d", "corr_spy_20d", "vwap_dist"]}