{"center": [0.02086593241318631, 0.04038077316084688, 1.0, 57.12460444171453, 2.0225597077919133, 2.266958924127505, 0.06463484182560486, 0.13640031306824782, 0.6432836117337238, 4.445544420632234, 0.0021251305503153795, 0.007608515432146801, 0.01898805718143402, 0.9275677166362515, 1.0178386678095472, 0.001375843498309326, 17.389999389648438, -0.006626930447881874, 1.0, 0.0, 0.03922952967471138, 0.09271991172307947, 0.1500131675643861, 0.0, -0.10214661894457969, 0.3941905836317607, 2.0, 6.0, 0.0, -0.0017695992030517527, 0.001677776649860796, 0.1497383423148303, 0.021542939502237197], "scale": [0.07483655985507404, 0.08911293123220759, 1.0, 24.44938400719567, 4.341516856809932, 4.084954719379332, 1.5467085661992588, 0.05307834400710615, 0.518609711998449, 2.540785425092728, 0.025878430392085372, 0.0593623147412371, 0.009755535236507809, 0.37486224402531443, 0.9820987029005228, 0.009244442566665567, 3.910000801086426, 0.08048012737075527, 1.0, 1.0, 0.1399787646845887, 0.25457173686735934, 0.3964989755812953, 0.4378783499133967, 0.13197308509371997, 0.6753744823546641, 2.0, 7.0, 1.0, 0.02942490104388662, 0.015064597090659104, 0.4834528633495427, 0.07238875703090278], "features": ["SMA20_dist", "SMA50_dist", "sma_cross", "RSI14", "MACD", "MACD_sig", "MACD_hist", "BB_width", "BB_pos", "ATR14", "ret_1d", "ret_5d", "vol_10d", "vol_ratio", "obv_trend", "spy_ret_1d", "vix_level", "vix_change", "vix_regime", "asset_class", "ret_1m", "ret_3m", "ret_6m", "ret_12m", "high52w_dist", "low52w_dist", "day_of_week", "month", "is_options_expiry", "btc_ret_1d", "gold_ret_1d", "corr_spy_20d", "vwap_dist"]}