{"center": [-0.0007157656993881181, 0.0003446647181480601, 1.0, 47.701104066366746, 0.0205086849395002, 0.018751296676496585, -0.005155499639336258, 0.03169934089903396, 0.4695130944316337, 0.35214315141950336, -0.0002401133928856547, -0.0007731085834694618, 0.00517444243193906, 0.635970169970599, 0.9969491689655958, 0.0007605411933127026, 17.440000534057617, -0.005298008058610915, 1.0, 0.0, 0.0012113142741392302, 0.0, 0.001903793741039772, 0.0, -0.027680911722371686, 0.0839796754528637, 2.0, 6.0, 0.0, -0.00151319093281288, 0.001670691560653026, 0.2324774273392602, -0.0007351481340155592], "scale": [0.014400814741140654, 0.022920982059572437, 1.0, 21.396890805595902, 0.23162231921334353, 0.22072906003828097, 0.08168016137322125, 0.015438474250010745, 0.47788264179644435, 0.07724104172726903, 0.006175801583196194, 0.014083841383085605, 0.0024133573433705747, 0.7716603714886536, 0.1753140030992817, 0.009596986746831737, 4.200000762939453, 0.08116395488833139, 1.0, 1.0, 0.02810711659472831, 0.03549391459957629, 0.051754389666163525, 0.05344066710498385, 0.03010666640256734, 0.09115123541454298, 2.0, 7.0, 1.0, 0.027998897748236717, 0.015750702293596763, 0.6228690249096744, 0.014850526189483015], "features": ["SMA20_dist", "SMA50_dist", "sma_cross", "RSI14", "MACD", "MACD_sig", "MACD_hist", "BB_width", "BB_pos", "ATR14", "ret_1d", "ret_5d", "vol_10d", "vol_ratio", "obv_trend", "spy_ret_1d", "vix_level", "vix_change", "vix_regime", "asset_class", "ret_1m", "ret_3m", "ret_6m", "ret_12m", "high52w_dist", "low52w_dist", "day_of_week", "month", "is_options_expiry", "btc_ret_1d", "gold_ret_1d", "corr_spy_20d", "vwap_dist"]}