{"center": [0.01823899855291098, 0.04704348186508642, 1.0, 57.777771498446924, 0.17180386925572932, 0.16499840269035673, 0.0052469293163766514, 0.1033314247739513, 0.7065756170664899, 0.3040351520156121, 0.002097902953832609, 0.011063834365233394, 0.01598575526958432, 0.9566858714825258, 1.0179288122316927, 0.0009528857307679051, 17.520000457763672, -0.007843129677328364, 1.0, 0.0, 0.04642057956732404, 0.10812777602799062, 0.18137186486295898, 0.2806486088291891, -0.03962258967807673, 0.4930491814000805, 2.0, 6.0, 0.0, -0.0006866332556169086, 0.0015263333689308212, 0.44173689149150247, 0.018226226849052393], "scale": [0.04936775702830247, 0.06558488315843827, 1.0, 18.774516409217185, 0.2641691590261317, 0.24994106162168223, 0.09593922662507412, 0.07759965063171037, 0.41203929817887724, 0.14833928442593824, 0.02118447724420147, 0.04973456868552362, 0.006856499517285527, 0.470961813478314, 0.11923421365762765, 0.009121349391015221, 4.139999866485596, 0.08454820447384936, 1.0, 1.0, 0.08434901049394872, 0.14678592204778373, 0.1455891451915292, 0.4704343312273048, 0.055808953828473, 0.19596508195600687, 2.0, 7.0, 1.0, 0.029701317166213492, 0.01571615779385266, 0.24798697526216562, 0.04744372619358597], "features": ["SMA20_dist", "SMA50_dist", "sma_cross", "RSI14", "MACD", "MACD_sig", "MACD_hist", "BB_width", "BB_pos", "ATR14", "ret_1d", "ret_5d", "vol_10d", "vol_ratio", "obv_trend", "spy_ret_1d", "vix_level", "vix_change", "vix_regime", "asset_class", "ret_1m", "ret_3m", "ret_6m", "ret_12m", "high52w_dist", "low52w_dist", "day_of_week", "month", "is_options_expiry", "btc_ret_1d", "gold_ret_1d", "corr_spy_20d", "vwap_dist"]}