{"center": [0.013362677823858977, 0.021228585696744066, 1.0, 57.20879940186377, 0.4750703033994981, 0.3065354355489892, -0.016145628580367728, 0.1304946048313521, 0.6439475991473718, 1.8285924307772166, 0.0034407237999112272, 0.008242722759825738, 0.017612508657360634, 0.9196340423205648, 1.0511189349666503, 0.0011228222198350624, 17.369999885559082, -0.0066285878678270516, 1.0, 0.0, 0.03259018402802649, 0.03779808665506057, 0.13374068399299477, 0.11880090512361619, -0.05441557334290314, 0.4912792602309445, 2.0, 6.0, 0.0, -0.0016587106652958816, 0.002023732545861412, 0.11694222154711642, 0.013302134282004191], "scale": [0.06640004553242046, 0.11333380084503727, 1.0, 25.97060511447266, 2.069939267418203, 1.876825629008803, 0.6155616728929163, 0.09452291262242071, 0.5381560287957545, 0.5320368387248395, 0.020619218794605376, 0.05549992228314968, 0.009220787751855909, 0.46976394722787973, 0.1476428247120345, 0.008594049874203175, 4.177500486373901, 0.07506130487661627, 1.0, 1.0, 0.1329195672006503, 0.18820200624757907, 0.21980194345279763, 0.3548263788632941, 0.08935129569898287, 0.3998685691840334, 2.0, 7.0, 1.0, 0.027041458705724164, 0.015265381226426206, 0.35957603657392423, 0.06436433125640481], "features": ["SMA20_dist", "SMA50_dist", "sma_cross", "RSI14", "MACD", "MACD_sig", "MACD_hist", "BB_width", "BB_pos", "ATR14", "ret_1d", "ret_5d", "vol_10d", "vol_ratio", "obv_trend", "spy_ret_1d", "vix_level", "vix_change", "vix_regime", "asset_class", "ret_1m", "ret_3m", "ret_6m", "ret_12m", "high52w_dist", "low52w_dist", "day_of_week", "month", "is_options_expiry", "btc_ret_1d", "gold_ret_1d", "corr_spy_20d", "vwap_dist"]}