{"center": [0.003614008508624046, 0.013946858103181293, 1.0, 50.53850697704374, 0.07974245126340485, 0.09569267882078349, -0.011214134452066787, 0.09235863636314495, 0.5617862096095445, 0.3155704909339907, -0.00030761058343409253, 0.002697124506992443, 0.011609224869476539, 0.7826697404546145, 1.0295651884500119, 0.001777890469783605, 17.369999885559082, -0.008408002149435212, 1.0, 0.0, 0.013224619774218849, 0.02577481958278416, 0.0, 0.0, -0.07230484958225965, 0.21068201272379145, 2.0, 6.0, 0.0, 0.00024003985338927336, 0.0019393580660813647, 0.6191228706100684, 0.0036782439221197585], "scale": [0.05204852236346739, 0.0755909811311124, 1.0, 28.888749899049138, 0.46150182627217173, 0.4045341464947257, 0.13414627687198485, 0.06149557738427127, 0.5683445169676833, 0.11131574925117627, 0.014580149760173772, 0.03525574670829615, 0.00625423872638119, 0.6768864744720109, 0.46081303239105864, 0.008668498980034217, 3.780000686645508, 0.07602986330034878, 1.0, 1.0, 0.09928021704784587, 0.16219542652020616, 0.17870397041633285, 0.0948597829312236, 0.1732480874504873, 0.16516541272776866, 2.0, 7.0, 1.0, 0.027146921018303405, 0.014119681656055955, 0.22768532162407207, 0.05045284323654644], "features": ["SMA20_dist", "SMA50_dist", "sma_cross", "RSI14", "MACD", "MACD_sig", "MACD_hist", "BB_width", "BB_pos", "ATR14", "ret_1d", "ret_5d", "vol_10d", "vol_ratio", "obv_trend", "spy_ret_1d", "vix_level", "vix_change", "vix_regime", "asset_class", "ret_1m", "ret_3m", "ret_6m", "ret_12m", "high52w_dist", "low52w_dist", "day_of_week", "month", "is_options_expiry", "btc_ret_1d", "gold_ret_1d", "corr_spy_20d", "vwap_dist"]}