{"center": [0.0008624160131240139, 0.0034249877589559987, 1.0, 51.43735945157909, 100.03449158425792, 116.02702548376273, 8.0069458631433, 0.12643234707389348, 0.5125718840885027, 2739.5223214285716, -0.0012908122468182626, 0.0014655219484722704, 0.019551139288445478, 0.9999965811397649, 0.983924254092365, 0.00046394547237316175, 17.280000686645508, -0.0027562976153725494, 1.0, 2.0, -0.0036082558541770116, 0.006954836536157583, 0.0, 0.0, -0.11426142827102034, 0.4451537006251274, 3.0, 6.0, 0.0, -1.9742508661990676e-05, 0.0017929035935666526, 0.3591103824752711, 0.0002072819992004428], "scale": [0.06701421754094736, 0.11697992906691576, 1.0, 24.024282225097593, 2812.3908431244927, 2734.1873876864192, 974.6316286379521, 0.07583304734665519, 0.5328045682067348, 1232.8215680803569, 0.024074392839608383, 0.057611301757023725, 0.009354906011850916, 0.4831769609980603, 0.34900809058217097, 0.009276545719481555, 4.015000343322754, 0.08552103805912115, 1.0, 1.0, 0.11849972374956769, 0.2678592696998477, 0.3564626601057048, 0.28629319948699433, 0.2573418925540715, 0.47598815103037784, 4.0, 6.5, 1.0, 0.022415893279862986, 0.014212145144099797, 0.2778129284541633, 0.06810313135664281], "features": ["SMA20_dist", "SMA50_dist", "sma_cross", "RSI14", "MACD", "MACD_sig", "MACD_hist", "BB_width", "BB_pos", "ATR14", "ret_1d", "ret_5d", "vol_10d", "vol_ratio", "obv_trend", "spy_ret_1d", "vix_level", "vix_change", "vix_regime", "asset_class", "ret_1m", "ret_3m", "ret_6m", "ret_12m", "high52w_dist", "low52w_dist", "day_of_week", "month", "is_options_expiry", "btc_ret_1d", "gold_ret_1d", "corr_spy_20d", "vwap_dist"]}