{"center": [0.0008807832227402029, 0.005296250495355435, 1.0, 49.94583670905664, 0.03015882307749962, 0.016343026254478504, 0.0006937768006226586, 0.15875659387069238, 0.5050268650870604, 0.4207282283098124, -0.0004935098095152357, 0.002814069448584089, 0.025352700316623258, 1.0623809271023186, 1.1020046492882927, 0.0013579397972762752, 17.610000610351562, -0.004632673488730754, 1.0, 0.0, 0.007312771011203756, 0.0, 0.0, 0.0, -0.13005076577748337, 0.5057961710225177, 2.0, 6.0, 0.0, -9.567341618454961e-05, 0.0020187288833615202, 0.46167876720056295, 0.0002727262623710737], "scale": [0.08809982178545035, 0.16848882392359732, 1.0, 22.7156662169032, 0.523932022681211, 0.5174210761808592, 0.17039713025799275, 0.0860886549214901, 0.5448610044216164, 0.21658799460637013, 0.03388041890938964, 0.08043836140822336, 0.011139202409400212, 0.47333438593422583, 0.8658701393974149, 0.008972750403767271, 4.25, 0.08078727682289416, 1.0, 1.0, 0.160531531194598, 0.32091075832532967, 0.45772730358642194, 0.1412280558678597, 0.2718406002674681, 0.695378460756589, 2.0, 6.0, 1.0, 0.02628909405973684, 0.015202964469522018, 0.2627382370132938, 0.08713608709636082], "features": ["SMA20_dist", "SMA50_dist", "sma_cross", "RSI14", "MACD", "MACD_sig", "MACD_hist", "BB_width", "BB_pos", "ATR14", "ret_1d", "ret_5d", "vol_10d", "vol_ratio", "obv_trend", "spy_ret_1d", "vix_level", "vix_change", "vix_regime", "asset_class", "ret_1m", "ret_3m", "ret_6m", "ret_12m", "high52w_dist", "low52w_dist", "day_of_week", "month", "is_options_expiry", "btc_ret_1d", "gold_ret_1d", "corr_spy_20d", "vwap_dist"]}