{"center": [0.009649471478223183, 0.03007081556876795, 1.0, 54.13978759014739, 0.20087294834201153, 0.18595775747326437, -0.003531059766844147, 0.09759392878243736, 0.5963509958361584, 0.525258006927692, -9.057119280703185e-05, 0.006719600416316918, 0.015838465769720523, 0.7133415760120261, 0.9870360171600423, 0.0006303996578278515, 17.494999885559082, -0.005649859110261113, 1.0, 0.0, 0.02182869048993219, 0.061185497517094456, 0.13969640658617166, 0.323483367424259, -0.07380820481846392, 0.43584587485172066, 2.0, 6.0, 0.0, -0.0016587106652958816, 0.001423505566895189, 0.4897368008374827, 0.007534107017442107], "scale": [0.05147874503546668, 0.08793578828777016, 1.0, 24.48812194768074, 0.5734615567967394, 0.6036377493923937, 0.15597817943028902, 0.07184671821983138, 0.4683064990256026, 0.317085793263982, 0.021281484380957588, 0.04843215479053947, 0.006369513743755814, 0.861356935832485, 0.2037851522818519, 0.009208736586058142, 3.840000629425049, 0.07731589164987074, 1.0, 1.0, 0.09465594710273237, 0.18261991410250922, 0.24985713816377048, 0.46604696571138965, 0.11496314347482484, 0.5109689611015096, 2.0, 6.0, 1.0, 0.028959893672299064, 0.014639814802321433, 0.4501438783767735, 0.04662532755012795], "features": ["SMA20_dist", "SMA50_dist", "sma_cross", "RSI14", "MACD", "MACD_sig", "MACD_hist", "BB_width", "BB_pos", "ATR14", "ret_1d", "ret_5d", "vol_10d", "vol_ratio", "obv_trend", "spy_ret_1d", "vix_level", "vix_change", "vix_regime", "asset_class", "ret_1m", "ret_3m", "ret_6m", "ret_12m", "high52w_dist", "low52w_dist", "day_of_week", "month", "is_options_expiry", "btc_ret_1d", "gold_ret_1d", "corr_spy_20d", "vwap_dist"]}