{"center": [0.005936805354775582, 0.016558527219195162, 1.0, 53.16196108621021, 1.4011759116328335, 1.2245215828734795, -0.08675068705203588, 0.06972348876756983, 0.5920247310973129, 5.301048615163527, 0.0007771630740692759, 0.003104599140897002, 0.011029226796796566, 0.952483485766686, 1.0049105306553245, 0.0005366602739044213, 17.479999542236328, -0.005161576476206631, 1.0, 0.0, 0.01608758854244574, 0.03734299408641295, 0.017228817844173516, 0.07428332485535372, -0.047840285372889944, 0.2350810623796274, 2.0, 6.0, 0.0, -0.0019731664656665315, 0.001712988281543426, 0.3807796774061324, 0.0065036370722257215], "scale": [0.03144186628558408, 0.05314372632514809, 1.0, 20.6285950710321, 4.1759010623759, 3.5580236715948974, 1.3195190089924664, 0.04868830570150261, 0.4795557520626128, 2.071290486931664, 0.014072566247140539, 0.03293847396843497, 0.005564521019633251, 0.40891024954285393, 0.31142943750154084, 0.009021478678088307, 3.7124996185302734, 0.07736956331123129, 1.0, 1.0, 0.05552091645555721, 0.10889085528666048, 0.2160313815607837, 0.24681657230795734, 0.106833412015305, 0.32918933882381046, 2.0, 7.0, 1.0, 0.028015069135219756, 0.014241667041374917, 0.2712043209655838, 0.029747173047906868], "features": ["SMA20_dist", "SMA50_dist", "sma_cross", "RSI14", "MACD", "MACD_sig", "MACD_hist", "BB_width", "BB_pos", "ATR14", "ret_1d", "ret_5d", "vol_10d", "vol_ratio", "obv_trend", "spy_ret_1d", "vix_level", "vix_change", "vix_regime", "asset_class", "ret_1m", "ret_3m", "ret_6m", "ret_12m", "high52w_dist", "low52w_dist", "day_of_week", "month", "is_options_expiry", "btc_ret_1d", "gold_ret_1d", "corr_spy_20d", "vwap_dist"]}