{"center": [-0.005984926722084008, -0.010443872957807184, 0.0, 47.56756394513848, -0.02294130171657338, -0.009305684959474628, 0.0012630638791495841, 0.16084538411285854, 0.46093577407463804, 0.17999993051801408, 0.0, 0.0, 0.023409974471402993, 0.9739581344346184, 0.9821019460981443, 0.0012778715696883935, 17.440000534057617, -0.005579556721748813, 1.0, 0.0, -0.014373654305780859, 0.012422348597782795, 0.0, 0.0, -0.1569664646402125, 0.46153849680748343, 2.0, 6.0, 0.0, 0.0008014800420892421, 0.0020569789010425055, 0.41315916359763394, -0.005922666585567109], "scale": [0.08468511793777952, 0.14658350206563564, 1.0, 25.09685445525281, 0.1917990478788285, 0.17729205832702255, 0.05030366753107594, 0.09166849864178064, 0.5371144261419116, 0.07900006430489678, 0.03188516886586701, 0.07033683328237783, 0.011110483659660702, 0.5171840323285234, 0.2611789521160055, 0.008555227595492099, 3.6599998474121094, 0.07641435137597274, 1.0, 1.0, 0.17141541583100173, 0.33739132212061873, 0.3179020618337267, 0.05916803784756042, 0.24375533587294823, 0.4067243782843639, 2.0, 7.0, 1.0, 0.028627314660010783, 0.013703951070689335, 0.4539949139470356, 0.08300916417660625], "features": ["SMA20_dist", "SMA50_dist", "sma_cross", "RSI14", "MACD", "MACD_sig", "MACD_hist", "BB_width", "BB_pos", "ATR14", "ret_1d", "ret_5d", "vol_10d", "vol_ratio", "obv_trend", "spy_ret_1d", "vix_level", "vix_change", "vix_regime", "asset_class", "ret_1m", "ret_3m", "ret_6m", "ret_12m", "high52w_dist", "low52w_dist", "day_of_week", "month", "is_options_expiry", "btc_ret_1d", "gold_ret_1d", "corr_spy_20d", "vwap_dist"]}