{"center": [0.03578395027727884, 0.08985408093151842, 1.0, 54.22763175251363, 0.5579911893821983, 0.5479610120493555, 0.0623402250479998, 0.4050194135300031, 0.6177618869598018, 2.6105591229022354, 0.006033051054799676, 0.034012282773069114, 0.06059850873889383, 0.9210764864056671, 1.0317746745793892, 0.001122874301524579, 17.38499927520752, -0.005254864671583648, 1.0, 0.0, 0.05402240749924181, 0.285688926666672, 0.16435525979559285, 0.0, -0.3568452562953902, 2.345694136217334, 2.0, 6.0, 0.0, -0.0007965467490635425, 0.0014761238845504288, 0.789350540876119, 0.04696005716782783], "scale": [0.20147773513434036, 0.3589361942656252, 1.0, 22.10093319903514, 3.330620443123289, 3.2689579377528784, 0.8564494745700992, 0.2516166927559556, 0.5184910405354799, 3.184221721836259, 0.08007961538600716, 0.19361090280791673, 0.030731008707717528, 0.3738942121232719, 0.2780173105665342, 0.008646358409904048, 3.774998664855957, 0.08047298701321809, 1.0, 1.0, 0.4184053796045727, 0.7607171950999452, 1.5146266691420271, 1.1698919412491917, 0.47355058004499095, 5.2617562792719115, 2.0, 7.0, 1.0, 0.028233914188619286, 0.015059459446836732, 0.1423426591476854, 0.20667164387424766], "features": ["SMA20_dist", "SMA50_dist", "sma_cross", "RSI14", "MACD", "MACD_sig", "MACD_hist", "BB_width", "BB_pos", "ATR14", "ret_1d", "ret_5d", "vol_10d", "vol_ratio", "obv_trend", "spy_ret_1d", "vix_level", "vix_change", "vix_regime", "asset_class", "ret_1m", "ret_3m", "ret_6m", "ret_12m", "high52w_dist", "low52w_dist", "day_of_week", "month", "is_options_expiry", "btc_ret_1d", "gold_ret_1d", "corr_spy_20d", "vwap_dist"]}