{"center": [0.010166322700490064, 0.027537872342015, 1.0, 58.521976190285315, 0.36834865638000025, 0.37038821339347017, -0.009242466675153507, 0.0516835495535604, 0.7089696019424915, 0.5046163254812324, 0.00156716210714547, 0.0052891912285715215, 0.007841260255013471, 0.9011838157845333, 1.0792282298029423, 0.00045187684396086336, 17.479999542236328, -0.005118433089179364, 1.0, 0.0, 0.024444271770933224, 0.06848389588854109, 0.12529814271918405, 0.2341277447075989, -0.011367908660079324, 0.29890773740391263, 2.0, 6.0, 0.0, -0.0023115390398338875, 0.001650071760848859, 0.7073390913318194, 0.01148579188658349], "scale": [0.024132749343195887, 0.03682790340861143, 1.0, 17.165186939332514, 0.48983297594004327, 0.445731954639856, 0.1528488455407001, 0.03317119143938841, 0.4176207582076189, 0.2491182997525666, 0.01113625347392383, 0.024511595666689007, 0.004138721325015839, 0.5843257144882177, 0.4766526897382214, 0.008382044374803416, 4.252500057220459, 0.07988796454476751, 1.0, 1.0, 0.04239119716002715, 0.07681659836038535, 0.1414710091098273, 0.3191849068371318, 0.026501465938935043, 0.2513662683374397, 2.0, 7.0, 1.0, 0.027998027731548164, 0.014866795961686607, 0.24493500855317285, 0.02451978564247864], "features": ["SMA20_dist", "SMA50_dist", "sma_cross", "RSI14", "MACD", "MACD_sig", "MACD_hist", "BB_width", "BB_pos", "ATR14", "ret_1d", "ret_5d", "vol_10d", "vol_ratio", "obv_trend", "spy_ret_1d", "vix_level", "vix_change", "vix_regime", "asset_class", "ret_1m", "ret_3m", "ret_6m", "ret_12m", "high52w_dist", "low52w_dist", "day_of_week", "month", "is_options_expiry", "btc_ret_1d", "gold_ret_1d", "corr_spy_20d", "vwap_dist"]}