{"center": [0.0036501338412872984, 0.010913268258010986, 1.0, 53.1441093305123, 0.06696999202035592, 0.07273825467444325, -0.006265881671086604, 0.04619461220541056, 0.5753227254524484, 0.2713113661333852, 0.0, 0.0017220021972246258, 0.007610773204110359, 0.8983946751309376, 0.9825539415133995, 0.0015056905610760785, 17.670000076293945, -0.009126572595774263, 1.0, 0.0, 0.006539867253384513, 0.024668692051579177, 0.03207908224816303, 0.013992739291015521, -0.034438676142085296, 0.1645513251082267, 2.0, 6.0, 0.0, 0.00024003985338927336, 0.002040198898185297, 0.4812873026077693, 0.0030114231061818485], "scale": [0.02131650161909416, 0.032490293251510385, 1.0, 18.155380506777547, 0.21184078192218525, 0.2024152250459278, 0.07522998419843785, 0.028523982309886835, 0.47800342299455717, 0.06623159543427032, 0.009474105166296126, 0.022672021061157094, 0.0028857992281124956, 0.5762371457630691, 0.4341686357333241, 0.008692864870857492, 4.282500743865967, 0.07605447424984918, 1.0, 1.0, 0.042165883848755165, 0.048590549860000665, 0.06897896533727926, 0.09624098574865064, 0.04480076037803776, 0.062109333908591996, 2.0, 6.75, 1.0, 0.0286365301705708, 0.015285426474038188, 0.3429194169079514, 0.022163772739631903], "features": ["SMA20_dist", "SMA50_dist", "sma_cross", "RSI14", "MACD", "MACD_sig", "MACD_hist", "BB_width", "BB_pos", "ATR14", "ret_1d", "ret_5d", "vol_10d", "vol_ratio", "obv_trend", "spy_ret_1d", "vix_level", "vix_change", "vix_regime", "asset_class", "ret_1m", "ret_3m", "ret_6m", "ret_12m", "high52w_dist", "low52w_dist", "day_of_week", "month", "is_options_expiry", "btc_ret_1d", "gold_ret_1d", "corr_spy_20d", "vwap_dist"]}