{"center": [0.02343048279307985, 0.04586798792599268, 1.0, 58.61602710547828, 2.2380641374914916, 2.181712206846809, 0.20547440558095253, 0.1387139264878252, 0.6890922908120475, 4.567343745520766, 0.0024785961311615257, 0.01091612788957641, 0.01966404351646482, 0.929340553654668, 1.023272677792013, 0.0005583873940218087, 17.605000495910645, -0.005438782390179864, 1.0, 0.0, 0.045179686744667436, 0.09124903525134842, 0.16141642387299115, 0.009425219188529232, -0.10172258361880102, 0.40482678624715807, 2.0, 6.0, 0.0, -0.0018336589963325878, 0.0018598862555372353, 0.15971082142158807, 0.024335404195690875], "scale": [0.07404736594365131, 0.09474069213787074, 1.0, 22.659613439373516, 4.292650599899471, 3.973253516388578, 1.495796188239526, 0.05723040031990084, 0.5103874517240989, 2.84077193741498, 0.02382384987440489, 0.060461162830598075, 0.010132914095165688, 0.36890089581657726, 0.7326642458864241, 0.009077829457073416, 4.22499942779541, 0.08191792839557249, 1.0, 1.0, 0.12963059619344006, 0.2356834012817393, 0.43205886963175444, 0.5162192734063258, 0.1333986761390192, 0.7378779175354058, 2.0, 7.0, 1.0, 0.025134045237003383, 0.016159758218090625, 0.4737450899324176, 0.06827161682962099], "features": ["SMA20_dist", "SMA50_dist", "sma_cross", "RSI14", "MACD", "MACD_sig", "MACD_hist", "BB_width", "BB_pos", "ATR14", "ret_1d", "ret_5d", "vol_10d", "vol_ratio", "obv_trend", "spy_ret_1d", "vix_level", "vix_change", "vix_regime", "asset_class", "ret_1m", "ret_3m", "ret_6m", "ret_12m", "high52w_dist", "low52w_dist", "day_of_week", "month", "is_options_expiry", "btc_ret_1d", "gold_ret_1d", "corr_spy_20d", "vwap_dist"]}