{"center": [-0.006784246659810222, -0.021428441569769634, 0.0, 45.80351236016841, -0.39474316016240607, -0.4154752702907208, 0.031219269964244623, 0.08787792930559812, 0.40885423699254775, 1.3985020961380212, -0.00025700580780030347, -0.0016895842715064502, 0.014128965282144168, 0.9688762216357059, 0.9778057854767331, 0.0005563903162315587, 17.479999542236328, -0.004632673488730754, 1.0, 0.0, -0.015210603135558443, -0.038402170508849975, -0.047743641437691275, -0.0560355991155852, -0.15499138171319796, 0.07424258369491145, 2.0, 6.0, 0.0, -0.0016352711961346023, 0.0017929035935666526, -0.04706159422059275, -0.006933169056068465], "scale": [0.041115613267533296, 0.06131983930498132, 1.0, 20.99092583695119, 1.236882632436199, 1.0831215411890103, 0.4719847240022714, 0.059912412246350105, 0.4718929204692629, 0.4246140391353699, 0.020723579740809905, 0.04007666353061329, 0.006126645771677094, 0.46231938543425155, 0.5043853422903641, 0.008372210220813636, 4.335000038146973, 0.08008232917654845, 1.0, 1.0, 0.0812311193465764, 0.09161066729895617, 0.13513913645355924, 0.16078845293841648, 0.13351191333146092, 0.09926534016651396, 2.0, 7.0, 1.0, 0.0273968059673087, 0.015662912055427247, 0.367070478051304, 0.04266746896381974], "features": ["SMA20_dist", "SMA50_dist", "sma_cross", "RSI14", "MACD", "MACD_sig", "MACD_hist", "BB_width", "BB_pos", "ATR14", "ret_1d", "ret_5d", "vol_10d", "vol_ratio", "obv_trend", "spy_ret_1d", "vix_level", "vix_change", "vix_regime", "asset_class", "ret_1m", "ret_3m", "ret_6m", "ret_12m", "high52w_dist", "low52w_dist", "day_of_week", "month", "is_options_expiry", "btc_ret_1d", "gold_ret_1d", "corr_spy_20d", "vwap_dist"]}