{"center": [0.012875722628223849, 0.03806062043233067, 1.0, 55.73132340033923, 2.745620141949871, 2.9487787452176533, 0.11483740766570172, 0.11165344895337255, 0.6409330802015094, 6.360134344323955, 0.0011459689536357232, 0.006859146731417853, 0.01564960967640498, 0.9384472604214085, 0.9658766223977305, 0.0014265991987447713, 17.510000228881836, -0.00790227414327227, 1.0, 0.0, 0.03559122420881233, 0.0816452429562502, 0.09577891112040726, 0.012802132864249804, -0.06392451399942792, 0.3212645291838617, 2.0, 6.0, 0.0, 0.000799101589935125, 0.0008040912066364925, 0.613077455101751, 0.01379549625737553], "scale": [0.054714056921610896, 0.08302424345391435, 1.0, 26.544634436094306, 6.27138707539217, 6.024591943008493, 2.0312646244854395, 0.08224525694857336, 0.5059205256912029, 3.154557383070869, 0.01955146456600787, 0.048012739777308466, 0.005985036524739588, 0.4082594667565661, 0.7264414093153061, 0.009112408386619308, 4.369998931884766, 0.07844142134323484, 1.0, 1.0, 0.10304945422730016, 0.15738054501844478, 0.2310815480825077, 0.1923258071687206, 0.1007673675037764, 0.2216816378964666, 2.0, 7.0, 1.0, 0.02660591811836588, 0.01440361294665593, 0.41642315314434625, 0.05611490822442126], "features": ["SMA20_dist", "SMA50_dist", "sma_cross", "RSI14", "MACD", "MACD_sig", "MACD_hist", "BB_width", "BB_pos", "ATR14", "ret_1d", "ret_5d", "vol_10d", "vol_ratio", "obv_trend", "spy_ret_1d", "vix_level", "vix_change", "vix_regime", "asset_class", "ret_1m", "ret_3m", "ret_6m", "ret_12m", "high52w_dist", "low52w_dist", "day_of_week", "month", "is_options_expiry", "btc_ret_1d", "gold_ret_1d", "corr_spy_20d", "vwap_dist"]}