{"center": [-0.001238229941611645, 0.0019899963422315204, 0.5, 49.63730280646976, 0.07123722009312417, 0.010876902518741755, 0.07346171436322824, 0.112195974901837, 0.4871750826969391, 4.3339304242815295, 0.00044260520328986974, 0.0004463985632834344, 0.017191980192339952, 0.9306619034591009, 0.996287767397432, 0.001670546082423452, 17.369999885559082, -0.007318110526737254, 1.0, 0.0, -0.0040688784163099845, 0.0, 0.0, 0.0, -0.23189831117004336, 0.17040042479134737, 2.0, 6.0, 0.0, -0.0002701146200822513, 0.002023732545861412, 0.24593033349864513, -0.0008860712814751971], "scale": [0.052317306889598986, 0.10246346807910141, 1.0, 22.67422564777074, 4.699298539307868, 4.897532485179417, 1.2450705667077588, 0.04398536328469152, 0.504642084853788, 1.3782157897949219, 0.021431448472454706, 0.05051387198557308, 0.008010525358006245, 0.41099404645263715, 0.24033705067900057, 0.008654554673796444, 3.950000286102295, 0.07189716310957614, 1.0, 1.0, 0.09818349353788242, 0.25358823727346713, 0.4233750514987137, 0.1760157992269058, 0.31566032645103576, 0.5097334915185314, 2.0, 7.0, 1.0, 0.02888359460249318, 0.014124439619941503, 0.3885292180351313, 0.05214117186402162], "features": ["SMA20_dist", "SMA50_dist", "sma_cross", "RSI14", "MACD", "MACD_sig", "MACD_hist", "BB_width", "BB_pos", "ATR14", "ret_1d", "ret_5d", "vol_10d", "vol_ratio", "obv_trend", "spy_ret_1d", "vix_level", "vix_change", "vix_regime", "asset_class", "ret_1m", "ret_3m", "ret_6m", "ret_12m", "high52w_dist", "low52w_dist", "day_of_week", "month", "is_options_expiry", "btc_ret_1d", "gold_ret_1d", "corr_spy_20d", "vwap_dist"]}