{"center": [0.00526610344388523, 0.023547092329087888, 1.0, 53.08303829604305, 0.6138346190258517, 0.833533291532304, 0.00017066334331183874, 0.13123911899057913, 0.565389410722335, 2.5113552638462613, 0.0008825353525432345, 0.005109111653308185, 0.01559333226287809, 0.8974973689545173, 0.9756752762687547, 0.0022785132820093423, 17.479999542236328, -0.011289396014196651, 1.0, 0.0, 0.020897509504436806, 0.07161117634143466, 0.0, 0.0, -0.08345713516744639, 0.45785653334866305, 2.0, 6.0, 0.0, 0.001045771070669721, 0.0019763991077348386, 0.31578653242749344, 0.0070756266199688], "scale": [0.07156088752729267, 0.13871736258236594, 1.0, 28.694408772294736, 4.060289221076431, 3.706344170389005, 0.7322370494593385, 0.08044207163744128, 0.5739491223401925, 0.8969996316092352, 0.023252518358303775, 0.05101979671384699, 0.006844339186030102, 0.4229427170513159, 0.3118510925485807, 0.009227485820079984, 4.210000038146973, 0.08166303773497774, 1.0, 1.0, 0.14395897671909463, 0.27028842106738726, 0.4797022107335392, 0.18285762743838996, 0.2076348410182366, 0.5388829840699273, 2.0, 6.0, 1.0, 0.027744842995273356, 0.01388528547347162, 0.4797089388328529, 0.07554668615430107], "features": ["SMA20_dist", "SMA50_dist", "sma_cross", "RSI14", "MACD", "MACD_sig", "MACD_hist", "BB_width", "BB_pos", "ATR14", "ret_1d", "ret_5d", "vol_10d", "vol_ratio", "obv_trend", "spy_ret_1d", "vix_level", "vix_change", "vix_regime", "asset_class", "ret_1m", "ret_3m", "ret_6m", "ret_12m", "high52w_dist", "low52w_dist", "day_of_week", "month", "is_options_expiry", "btc_ret_1d", "gold_ret_1d", "corr_spy_20d", "vwap_dist"]}