{"center": [0.008716622659381175, 0.018011736560479143, 1.0, 53.92069669874346, 0.6223971553687733, 0.5074712924277153, 0.08399787003983605, 0.08819654769268516, 0.6271829312885101, 1.9277545957129232, -0.00012906963454573095, 0.005719973547192225, 0.012474037082224469, 0.949626660074519, 1.0053460310215034, 0.0016183796278272933, 17.6200008392334, -0.00790227414327227, 1.0, 0.0, 0.013838620001569657, 0.06560069449162786, 0.14166625150237588, 0.10329737411984286, -0.05029362873039004, 0.3141625633612265, 2.0, 6.0, 0.0, -0.00151319093281288, 0.001677776649860796, 0.21039982388597742, 0.00915982584618099], "scale": [0.04630062733636854, 0.0736116536798124, 1.0, 26.617434270841763, 2.343926011268003, 2.018113083052699, 0.6583468865539404, 0.03797866841779747, 0.5219323760879186, 1.001867269044261, 0.015704065659165878, 0.03727062062729247, 0.00590075912180596, 0.4490401009060607, 0.1807218418307961, 0.008890255220707466, 3.924999237060547, 0.0796544837734604, 1.0, 1.0, 0.09311955973741337, 0.11659853486033744, 0.21555428847293223, 0.3479775972206789, 0.07400570620735256, 0.2703225363349715, 2.0, 7.0, 1.0, 0.027014444768043322, 0.015350211068376474, 0.40903451955538733, 0.044700568842156556], "features": ["SMA20_dist", "SMA50_dist", "sma_cross", "RSI14", "MACD", "MACD_sig", "MACD_hist", "BB_width", "BB_pos", "ATR14", "ret_1d", "ret_5d", "vol_10d", "vol_ratio", "obv_trend", "spy_ret_1d", "vix_level", "vix_change", "vix_regime", "asset_class", "ret_1m", "ret_3m", "ret_6m", "ret_12m", "high52w_dist", "low52w_dist", "day_of_week", "month", "is_options_expiry", "btc_ret_1d", "gold_ret_1d", "corr_spy_20d", "vwap_dist"]}