{"center": [0.006995123860359061, 0.024318371937555566, 1.0, 55.2188786545298, 0.23492307240116972, 0.2229088372216584, -0.01129012963228826, 0.0703936170151117, 0.6205233168321853, 0.49600287367558593, -0.0003246830032158643, 0.0012562866579739485, 0.0107801337424926, 0.9348752796184527, 1.0096004847614906, 0.0009013320810069558, 17.510000228881836, -0.006658632403358511, 1.0, 0.0, 0.020072473648613975, 0.04461689555345161, 0.04970222620151277, 0.0, -0.045622045392216086, 0.27527637908963026, 2.0, 6.0, 0.0, 0.00018283765004545316, 0.0020813110966888537, 0.7119747496563967, 0.008740492692939805], "scale": [0.0328628507263168, 0.056891767981297234, 1.0, 21.90014803422028, 0.5008410808216297, 0.45903082106830595, 0.14077256047167908, 0.04910568501095567, 0.4476334836495052, 0.11324240776991745, 0.013210146132039191, 0.027103304498619973, 0.003986521565607781, 0.40390893368637215, 0.19550891584280317, 0.00920950111679164, 4.010000228881836, 0.08157822900769618, 1.0, 1.0, 0.06646528343866265, 0.10324992876827466, 0.1552056453015298, 0.12549601874669802, 0.07502426732188541, 0.2479350714328035, 2.0, 7.0, 1.0, 0.027109190103816516, 0.016349887685129683, 0.19638923288261734, 0.03081813637143394], "features": ["SMA20_dist", "SMA50_dist", "sma_cross", "RSI14", "MACD", "MACD_sig", "MACD_hist", "BB_width", "BB_pos", "ATR14", "ret_1d", "ret_5d", "vol_10d", "vol_ratio", "obv_trend", "spy_ret_1d", "vix_level", "vix_change", "vix_regime", "asset_class", "ret_1m", "ret_3m", "ret_6m", "ret_12m", "high52w_dist", "low52w_dist", "day_of_week", "month", "is_options_expiry", "btc_ret_1d", "gold_ret_1d", "corr_spy_20d", "vwap_dist"]}