{"center": [0.004806408685324936, 0.020828339184248507, 1.0, 51.86462299125418, 0.1457901346909054, 0.176768561205259, 0.0016547215684473704, 0.10106861021279388, 0.5691609287949603, 0.49389022588074283, 0.00033912371189748214, 0.002052175126697975, 0.013641928644764302, 0.8989414713939817, 1.0093418786800987, 0.00039470812889552676, 17.399999618530273, -0.004632673488730754, 1.0, 0.0, 0.009740262682820022, 0.06181252121937186, 0.12497063012703524, 0.07643638571112987, -0.07021329609979965, 0.32332575357289484, 2.0, 6.0, 0.0, -1.9742508661990676e-05, 0.002012776164397767, 0.4567954906945962, 0.004789852282273497], "scale": [0.06014309431677971, 0.08827488188917193, 1.0, 31.074236605802774, 0.6920403140746885, 0.6028439786370472, 0.23473119199242698, 0.05489837452115026, 0.5780021344348643, 0.23425734187912822, 0.017407823341487605, 0.04316869475272489, 0.006255211914607867, 0.4036996480922397, 0.2933291314862647, 0.009031196815002418, 4.0, 0.08386974095890398, 1.0, 1.0, 0.1105289135237113, 0.16676504851182938, 0.22795860654002675, 0.38207226378255044, 0.11068583428023607, 0.355431152576443, 2.0, 7.0, 1.0, 0.026991769458779014, 0.015855250498498008, 0.2920384688555962, 0.0581942468668091], "features": ["SMA20_dist", "SMA50_dist", "sma_cross", "RSI14", "MACD", "MACD_sig", "MACD_hist", "BB_width", "BB_pos", "ATR14", "ret_1d", "ret_5d", "vol_10d", "vol_ratio", "obv_trend", "spy_ret_1d", "vix_level", "vix_change", "vix_regime", "asset_class", "ret_1m", "ret_3m", "ret_6m", "ret_12m", "high52w_dist", "low52w_dist", "day_of_week", "month", "is_options_expiry", "btc_ret_1d", "gold_ret_1d", "corr_spy_20d", "vwap_dist"]}