{"center": [0.004262654364448118, 0.011624415943758435, 1.0, 54.07674407424034, 0.31517849243672913, 0.30684541561467643, -0.002152112273949791, 0.0507483832628888, 0.6030475338677052, 1.040944615833499, 0.0013558577954708717, 0.0032214496136515614, 0.00887092796177479, 0.4454769062585406, 1.0415456130156886, 0.0009004595313388819, 17.68000030517578, -0.006670313141271755, 1.0, 0.0, 0.006839637106174301, 0.023053461400764697, 0.018173330509028585, 0.0, -0.044516592813301205, 0.15758480673842354, 2.0, 6.0, 0.0, -0.0018977187896134229, 0.0014210967336203417, 0.4049004462610637, 0.005220092507370669], "scale": [0.025107730919416107, 0.033278231898687324, 1.0, 17.84734389941461, 0.7914698466511823, 0.7006354442770945, 0.32924226945284585, 0.02626039031245822, 0.49267348120083115, 0.27588074693259, 0.011450962688946298, 0.02473128063220409, 0.003920140552529279, 0.522553945779042, 0.24746709611684947, 0.009136946237343624, 4.210000991821289, 0.07880237329295758, 1.0, 1.0, 0.04013584157927308, 0.06945974967491686, 0.06764166553458972, 0.05773039443687167, 0.054408356358677634, 0.05135705745945593, 2.0, 6.0, 1.0, 0.029151104999290856, 0.015940281927406375, 0.37005343798308155, 0.027755607227525285], "features": ["SMA20_dist", "SMA50_dist", "sma_cross", "RSI14", "MACD", "MACD_sig", "MACD_hist", "BB_width", "BB_pos", "ATR14", "ret_1d", "ret_5d", "vol_10d", "vol_ratio", "obv_trend", "spy_ret_1d", "vix_level", "vix_change", "vix_regime", "asset_class", "ret_1m", "ret_3m", "ret_6m", "ret_12m", "high52w_dist", "low52w_dist", "day_of_week", "month", "is_options_expiry", "btc_ret_1d", "gold_ret_1d", "corr_spy_20d", "vwap_dist"]}