{"center": [0.007520023150033188, 0.02122062434817004, 1.0, 57.50952044153847, 3.1240826811886677, 3.1672073572400725, -0.11922236951540865, 0.05016867182603576, 0.665786595229383, 4.870078105738197, 0.00016721065172675686, 0.0012969916473140053, 0.007204128252713005, 0.9434308153951545, 1.0595723861001216, 0.0004220737216988901, 17.610000610351562, -0.005298008058610915, 1.0, 0.0, 0.018200445180846847, 0.04530501553595245, 0.05154117615583176, 0.08661519394279926, -0.013074204925386926, 0.19968065958887443, 2.0, 6.0, 0.0, -0.0017695992030517527, 0.0019383092584315254, 0.856772880348325, 0.008074241132218985], "scale": [0.024933085889387287, 0.031896998164082216, 1.0, 21.01393383574814, 3.811136549168282, 3.2090563062699755, 1.3439415859613897, 0.03704823097425353, 0.49901136144471, 1.726773657236131, 0.010362314652995086, 0.022126028033321532, 0.0032319840350803278, 0.40946023963767164, 0.15676473689238557, 0.00913634175154332, 4.220001220703125, 0.08909468464842762, 1.0, 1.0, 0.043414119101442994, 0.07203598714560155, 0.10807197287321979, 0.14022957547689008, 0.033121143616415355, 0.12437935367783032, 2.0, 7.0, 1.0, 0.028098429624781818, 0.014369196627084357, 0.09742214124766346, 0.02352909043811821], "features": ["SMA20_dist", "SMA50_dist", "sma_cross", "RSI14", "MACD", "MACD_sig", "MACD_hist", "BB_width", "BB_pos", "ATR14", "ret_1d", "ret_5d", "vol_10d", "vol_ratio", "obv_trend", "spy_ret_1d", "vix_level", "vix_change", "vix_regime", "asset_class", "ret_1m", "ret_3m", "ret_6m", "ret_12m", "high52w_dist", "low52w_dist", "day_of_week", "month", "is_options_expiry", "btc_ret_1d", "gold_ret_1d", "corr_spy_20d", "vwap_dist"]}