{"center": [0.012026543949761881, 0.032365210346990164, 1.0, 55.53513983332563, 0.2298715902131736, 0.21259013762388115, 0.0021062834305866987, 0.09993651797496186, 0.6401110380551993, 0.4664473134904673, 0.0018969958406985787, 0.00579035923533433, 0.01404169852980877, 0.8197327713548836, 1.0350471461880926, 0.0004153489228978513, 17.494999885559082, -0.0032689396019929817, 1.0, 0.0, 0.0218219945589313, 0.0714080247804153, 0.09109977016863802, 0.19454114471823614, -0.05944869806152876, 0.4505506482030664, 2.0, 6.0, 0.0, -0.0003184371753567339, 0.001234125845320344, 0.8076641313825299, 0.012092036253228888], "scale": [0.044334101582743896, 0.07165801324858125, 1.0, 20.541999875049612, 0.47401541559695737, 0.4712825691159509, 0.1484664860261723, 0.06760221360447424, 0.4349450116968743, 0.3123379239618651, 0.01993688525836601, 0.04798842862164135, 0.006443347208022886, 0.5622182996223978, 0.148876670792218, 0.009073773207455144, 4.1474995613098145, 0.08012455645450267, 1.0, 1.0, 0.07997123136483442, 0.1604652892948733, 0.2980696757222593, 0.35393801199528985, 0.07987769294422765, 0.5837084239370083, 2.0, 7.0, 1.0, 0.028208499257345726, 0.014999858363002161, 0.1760696077897118, 0.04566265765199744], "features": ["SMA20_dist", "SMA50_dist", "sma_cross", "RSI14", "MACD", "MACD_sig", "MACD_hist", "BB_width", "BB_pos", "ATR14", "ret_1d", "ret_5d", "vol_10d", "vol_ratio", "obv_trend", "spy_ret_1d", "vix_level", "vix_change", "vix_regime", "asset_class", "ret_1m", "ret_3m", "ret_6m", "ret_12m", "high52w_dist", "low52w_dist", "day_of_week", "month", "is_options_expiry", "btc_ret_1d", "gold_ret_1d", "corr_spy_20d", "vwap_dist"]}